  0
SECTION
  2
HEADER
  9
$ACADVER
  1
AC1027
  9
$ACADMAINTVER
 70
105
  9
$DWGCODEPAGE
  3
ANSI_1252
  9
$LASTSAVEDBY
  1
ezdxf
  9
$REQUIREDVERSIONS
160
0
  9
$INSBASE
 10
0.0
 20
0.0
 30
0.0
  9
$EXTMIN
 10
1e+20
 20
1e+20
 30
1e+20
  9
$EXTMAX
 10
-1e+20
 20
-1e+20
 30
-1e+20
  9
$LIMMIN
 10
0.0
 20
0.0
  9
$LIMMAX
 10
420.0
 20
297.0
  9
$ORTHOMODE
 70
0
  9
$REGENMODE
 70
1
  9
$FILLMODE
 70
1
  9
$QTEXTMODE
 70
0
  9
$MIRRTEXT
 70
1
  9
$LTSCALE
 40
1.0
  9
$ATTMODE
 70
1
  9
$TEXTSIZE
 40
2.5
  9
$TRACEWID
 40
1.0
  9
$TEXTSTYLE
  7
Standard
  9
$CLAYER
  8
0
  9
$CELTYPE
  6
ByLayer
  9
$CECOLOR
 62
256
  9
$CELTSCALE
 40
1.0
  9
$DISPSILH
 70
0
  9
$DIMSCALE
 40
1.0
  9
$DIMASZ
 40
2.5
  9
$DIMEXO
 40
0.625
  9
$DIMDLI
 40
3.75
  9
$DIMRND
 40
0.0
  9
$DIMDLE
 40
0.0
  9
$DIMEXE
 40
1.25
  9
$DIMTP
 40
0.0
  9
$DIMTM
 40
0.0
  9
$DIMTXT
 40
2.5
  9
$DIMCEN
 40
2.5
  9
$DIMTSZ
 40
0.0
  9
$DIMTOL
 70
0
  9
$DIMLIM
 70
0
  9
$DIMTIH
 70
0
  9
$DIMTOH
 70
0
  9
$DIMSE1
 70
0
  9
$DIMSE2
 70
0
  9
$DIMTAD
 70
1
  9
$DIMZIN
 70
8
  9
$DIMBLK
  1

  9
$DIMASO
 70
1
  9
$DIMSHO
 70
1
  9
$DIMPOST
  1

  9
$DIMAPOST
  1

  9
$DIMALT
 70
0
  9
$DIMALTD
 70
3
  9
$DIMALTF
 40
0.03937007874
  9
$DIMLFAC
 40
1.0
  9
$DIMTOFL
 70
1
  9
$DIMTVP
 40
0.0
  9
$DIMTIX
 70
0
  9
$DIMSOXD
 70
0
  9
$DIMSAH
 70
0
  9
$DIMBLK1
  1

  9
$DIMBLK2
  1

  9
$DIMSTYLE
  2
ISO-25
  9
$DIMCLRD
 70
0
  9
$DIMCLRE
 70
0
  9
$DIMCLRT
 70
0
  9
$DIMTFAC
 40
1.0
  9
$DIMGAP
 40
0.625
  9
$DIMJUST
 70
0
  9
$DIMSD1
 70
0
  9
$DIMSD2
 70
0
  9
$DIMTOLJ
 70
0
  9
$DIMTZIN
 70
8
  9
$DIMALTZ
 70
0
  9
$DIMALTTZ
 70
0
  9
$DIMUPT
 70
0
  9
$DIMDEC
 70
2
  9
$DIMTDEC
 70
2
  9
$DIMALTU
 70
2
  9
$DIMALTTD
 70
3
  9
$DIMTXSTY
  7
Standard
  9
$DIMAUNIT
 70
0
  9
$DIMADEC
 70
0
  9
$DIMALTRND
 40
0.0
  9
$DIMAZIN
 70
0
  9
$DIMDSEP
 70
44
  9
$DIMATFIT
 70
3
  9
$DIMFRAC
 70
0
  9
$DIMLDRBLK
  1

  9
$DIMLUNIT
 70
2
  9
$DIMLWD
 70
-2
  9
$DIMLWE
 70
-2
  9
$DIMTMOVE
 70
0
  9
$DIMFXL
 40
1.0
  9
$DIMFXLON
 70
0
  9
$DIMJOGANG
 40
0.785398163397
  9
$DIMTFILL
 70
0
  9
$DIMTFILLCLR
 70
0
  9
$DIMARCSYM
 70
0
  9
$DIMLTYPE
  6

  9
$DIMLTEX1
  6

  9
$DIMLTEX2
  6

  9
$DIMTXTDIRECTION
 70
0
  9
$LUNITS
 70
2
  9
$LUPREC
 70
4
  9
$SKETCHINC
 40
1.0
  9
$FILLETRAD
 40
10.0
  9
$AUNITS
 70
0
  9
$AUPREC
 70
2
  9
$MENU
  1
.
  9
$ELEVATION
 40
0.0
  9
$PELEVATION
 40
0.0
  9
$THICKNESS
 40
0.0
  9
$LIMCHECK
 70
0
  9
$CHAMFERA
 40
0.0
  9
$CHAMFERB
 40
0.0
  9
$CHAMFERC
 40
0.0
  9
$CHAMFERD
 40
0.0
  9
$SKPOLY
 70
0
  9
$TDCREATE
 40
2460948.5290046297
  9
$TDUCREATE
 40
2458532.153996898
  9
$TDUPDATE
 40
2460948.5290046297
  9
$TDUUPDATE
 40
2458532.1544311
  9
$TDINDWG
 40
0.0
  9
$TDUSRTIMER
 40
0.0
  9
$USRTIMER
 70
1
  9
$ANGBASE
 50
0.0
  9
$ANGDIR
 70
0
  9
$PDMODE
 70
0
  9
$PDSIZE
 40
0.0
  9
$PLINEWID
 40
0.0
  9
$SPLFRAME
 70
0
  9
$SPLINETYPE
 70
6
  9
$SPLINESEGS
 70
8
  9
$HANDSEED
  5
6AA
  9
$SURFTAB1
 70
6
  9
$SURFTAB2
 70
6
  9
$SURFTYPE
 70
6
  9
$SURFU
 70
6
  9
$SURFV
 70
6
  9
$UCSBASE
  2

  9
$UCSNAME
  2

  9
$UCSORG
 10
0.0
 20
0.0
 30
0.0
  9
$UCSXDIR
 10
1.0
 20
0.0
 30
0.0
  9
$UCSYDIR
 10
0.0
 20
1.0
 30
0.0
  9
$UCSORTHOREF
  2

  9
$UCSORTHOVIEW
 70
0
  9
$UCSORGTOP
 10
0.0
 20
0.0
 30
0.0
  9
$UCSORGBOTTOM
 10
0.0
 20
0.0
 30
0.0
  9
$UCSORGLEFT
 10
0.0
 20
0.0
 30
0.0
  9
$UCSORGRIGHT
 10
0.0
 20
0.0
 30
0.0
  9
$UCSORGFRONT
 10
0.0
 20
0.0
 30
0.0
  9
$UCSORGBACK
 10
0.0
 20
0.0
 30
0.0
  9
$PUCSBASE
  2

  9
$PUCSNAME
  2

  9
$PUCSORG
 10
0.0
 20
0.0
 30
0.0
  9
$PUCSXDIR
 10
1.0
 20
0.0
 30
0.0
  9
$PUCSYDIR
 10
0.0
 20
1.0
 30
0.0
  9
$PUCSORTHOREF
  2

  9
$PUCSORTHOVIEW
 70
0
  9
$PUCSORGTOP
 10
0.0
 20
0.0
 30
0.0
  9
$PUCSORGBOTTOM
 10
0.0
 20
0.0
 30
0.0
  9
$PUCSORGLEFT
 10
0.0
 20
0.0
 30
0.0
  9
$PUCSORGRIGHT
 10
0.0
 20
0.0
 30
0.0
  9
$PUCSORGFRONT
 10
0.0
 20
0.0
 30
0.0
  9
$PUCSORGBACK
 10
0.0
 20
0.0
 30
0.0
  9
$USERI1
 70
0
  9
$USERI2
 70
0
  9
$USERI3
 70
0
  9
$USERI4
 70
0
  9
$USERI5
 70
0
  9
$USERR1
 40
0.0
  9
$USERR2
 40
0.0
  9
$USERR3
 40
0.0
  9
$USERR4
 40
0.0
  9
$USERR5
 40
0.0
  9
$WORLDVIEW
 70
1
  9
$SHADEDGE
 70
3
  9
$SHADEDIF
 70
70
  9
$TILEMODE
 70
1
  9
$MAXACTVP
 70
64
  9
$PINSBASE
 10
0.0
 20
0.0
 30
0.0
  9
$PLIMCHECK
 70
0
  9
$PEXTMIN
 10
1e+20
 20
1e+20
 30
1e+20
  9
$PEXTMAX
 10
-1e+20
 20
-1e+20
 30
-1e+20
  9
$PLIMMIN
 10
0.0
 20
0.0
  9
$PLIMMAX
 10
420.0
 20
297.0
  9
$UNITMODE
 70
0
  9
$VISRETAIN
 70
1
  9
$PLINEGEN
 70
0
  9
$PSLTSCALE
 70
1
  9
$TREEDEPTH
 70
3020
  9
$CMLSTYLE
  2
Standard
  9
$CMLJUST
 70
0
  9
$CMLSCALE
 40
20.0
  9
$PROXYGRAPHICS
 70
1
  9
$MEASUREMENT
 70
1
  9
$CELWEIGHT
370
-1
  9
$ENDCAPS
280
0
  9
$JOINSTYLE
280
0
  9
$LWDISPLAY
290
0
  9
$INSUNITS
 70
6
  9
$HYPERLINKBASE
  1

  9
$STYLESHEET
  1

  9
$XEDIT
290
1
  9
$CEPSNTYPE
380
0
  9
$PSTYLEMODE
290
1
  9
$FINGERPRINTGUID
  2
{2C0777DB-0476-4ED8-B1BD-EA7E24ECE8C0}
  9
$VERSIONGUID
  2
{37E95061-5F8F-4BDC-B071-29C6974000C9}
  9
$EXTNAMES
290
1
  9
$PSVPSCALE
 40
0.0
  9
$OLESTARTUP
290
0
  9
$SORTENTS
280
127
  9
$INDEXCTL
280
0
  9
$HIDETEXT
280
1
  9
$XCLIPFRAME
280
1
  9
$HALOGAP
280
0
  9
$OBSCOLOR
 70
257
  9
$OBSLTYPE
280
0
  9
$INTERSECTIONDISPLAY
280
0
  9
$INTERSECTIONCOLOR
 70
257
  9
$DIMASSOC
280
2
  9
$PROJECTNAME
  1

  9
$CAMERADISPLAY
290
0
  9
$LENSLENGTH
 40
50.0
  9
$CAMERAHEIGHT
 40
0.0
  9
$STEPSPERSEC
 40
24.0
  9
$STEPSIZE
 40
100.0
  9
$3DDWFPREC
 40
2.0
  9
$PSOLWIDTH
 40
0.005
  9
$PSOLHEIGHT
 40
0.08
  9
$LOFTANG1
 40
1.570796326795
  9
$LOFTANG2
 40
1.570796326795
  9
$LOFTMAG1
 40
0.0
  9
$LOFTMAG2
 40
0.0
  9
$LOFTPARAM
 70
7
  9
$LOFTNORMALS
280
1
  9
$LATITUDE
 40
37.795
  9
$LONGITUDE
 40
-122.394
  9
$NORTHDIRECTION
 40
0.0
  9
$TIMEZONE
 70
-8000
  9
$LIGHTGLYPHDISPLAY
280
1
  9
$TILEMODELIGHTSYNCH
280
1
  9
$CMATERIAL
347
20
  9
$SOLIDHIST
280
0
  9
$SHOWHIST
280
1
  9
$DWFFRAME
280
2
  9
$DGNFRAME
280
2
  9
$REALWORLDSCALE
290
1
  9
$INTERFERECOLOR
 62
256
  9
$CSHADOW
280
0
  9
$SHADOWPLANELOCATION
 40
0.0
  0
ENDSEC
  0
SECTION
  2
CLASSES
  0
CLASS
  1
ACDBDICTIONARYWDFLT
  2
AcDbDictionaryWithDefault
  3
ObjectDBX Classes
 90
0
 91
0
280
0
281
0
  0
CLASS
  1
SUN
  2
AcDbSun
  3
SCENEOE
 90
1153
 91
0
280
0
281
0
  0
CLASS
  1
VISUALSTYLE
  2
AcDbVisualStyle
  3
ObjectDBX Classes
 90
4095
 91
0
280
0
281
0
  0
CLASS
  1
MATERIAL
  2
AcDbMaterial
  3
ObjectDBX Classes
 90
1153
 91
0
280
0
281
0
  0
CLASS
  1
SCALE
  2
AcDbScale
  3
ObjectDBX Classes
 90
1153
 91
0
280
0
281
0
  0
CLASS
  1
TABLESTYLE
  2
AcDbTableStyle
  3
ObjectDBX Classes
 90
4095
 91
0
280
0
281
0
  0
CLASS
  1
MLEADERSTYLE
  2
AcDbMLeaderStyle
  3
ACDB_MLEADERSTYLE_CLASS
 90
4095
 91
0
280
0
281
0
  0
CLASS
  1
DICTIONARYVAR
  2
AcDbDictionaryVar
  3
ObjectDBX Classes
 90
0
 91
0
280
0
281
0
  0
CLASS
  1
CELLSTYLEMAP
  2
AcDbCellStyleMap
  3
ObjectDBX Classes
 90
1152
 91
0
280
0
281
0
  0
CLASS
  1
MENTALRAYRENDERSETTINGS
  2
AcDbMentalRayRenderSettings
  3
SCENEOE
 90
1024
 91
0
280
0
281
0
  0
CLASS
  1
ACDBDETAILVIEWSTYLE
  2
AcDbDetailViewStyle
  3
ObjectDBX Classes
 90
1025
 91
0
280
0
281
0
  0
CLASS
  1
ACDBSECTIONVIEWSTYLE
  2
AcDbSectionViewStyle
  3
ObjectDBX Classes
 90
1025
 91
0
280
0
281
0
  0
CLASS
  1
RASTERVARIABLES
  2
AcDbRasterVariables
  3
ISM
 90
0
 91
0
280
0
281
0
  0
CLASS
  1
LAYOUT
  2
AcDbLayout
  3
ObjectDBX Classes
 90
0
 91
0
280
0
281
0
  0
CLASS
  1
ACDBPLACEHOLDER
  2
AcDbPlaceHolder
  3
ObjectDBX Classes
 90
0
 91
0
280
0
281
0
  0
ENDSEC
  0
SECTION
  2
TABLES
  0
TABLE
  2
VPORT
  5
8
330
0
100
AcDbSymbolTable
 70
1
  0
VPORT
  5
23
330
8
100
AcDbSymbolTableRecord
100
AcDbViewportTableRecord
  2
*Active
 70
0
 10
0.0
 20
0.0
 11
1.0
 21
1.0
 12
0.0
 22
0.0
 13
0.0
 23
0.0
 14
0.5
 24
0.5
 15
0.5
 25
0.5
 16
0.0
 26
0.0
 36
1.0
 17
0.0
 27
0.0
 37
0.0
 40
1000.0
 41
1.34
 42
50.0
 43
0.0
 44
0.0
 50
0.0
 51
0.0
 71
0
 72
1000
 73
1
 74
3
 75
0
 76
0
 77
0
 78
0
281
0
 65
0
146
0.0
  0
ENDTAB
  0
TABLE
  2
LTYPE
  5
2
330
0
100
AcDbSymbolTable
 70
8
  0
LTYPE
  5
24
330
2
100
AcDbSymbolTableRecord
100
AcDbLinetypeTableRecord
  2
ByBlock
 70
0
  3

 72
65
 73
0
 40
0.0
  0
LTYPE
  5
25
330
2
100
AcDbSymbolTableRecord
100
AcDbLinetypeTableRecord
  2
ByLayer
 70
0
  3

 72
65
 73
0
 40
0.0
  0
LTYPE
  5
26
330
2
100
AcDbSymbolTableRecord
100
AcDbLinetypeTableRecord
  2
Continuous
 70
0
  3

 72
65
 73
0
 40
0.0
  0
LTYPE
  5
38
330
2
100
AcDbSymbolTableRecord
100
AcDbLinetypeTableRecord
  2
HIDDEN
 70
0
  3
Hidden __ __ __ __ __ __ __ __ __ __ __ __ __ _
 72
65
 73
2
 40
9.525
 49
6.349999999999997
 74
0
 49
-3.174999999999998
 74
0
  0
LTYPE
  5
39
330
2
100
AcDbSymbolTableRecord
100
AcDbLinetypeTableRecord
  2
a_p6_plan_L18$0$HIDDEN
 70
0
  3
Hidden __ __ __ __ __ __ __ __ __ __ __ __ __ _
 72
65
 73
2
 40
0.375
 49
0.25
 74
0
 49
-0.125
 74
0
  0
LTYPE
  5
3A
330
2
100
AcDbSymbolTableRecord
100
AcDbLinetypeTableRecord
  2
ACAD_ISO03W100
 70
0
  3
ISO dash space __    __    __    __    __    __
 72
65
 73
2
 40
30.0
 49
12.0
 74
0
 49
-18.0
 74
0
  0
LTYPE
  5
48A
330
2
100
AcDbSymbolTableRecord
100
AcDbLinetypeTableRecord
  2
HIDDENX2
 70
0
  3
Hidden (2x) ____ ____ ____ ____ ____ ____ ____
 72
65
 73
2
 40
0.75
 49
0.5
 74
0
 49
-0.25
 74
0
  0
LTYPE
  5
5A2
330
2
100
AcDbSymbolTableRecord
100
AcDbLinetypeTableRecord
  2
DASHDOT2
 70
0
  3
Dash dot (.5x) _._._._._._._._._._._._._._._.
 72
65
 73
4
 40
0.5
 49
0.25
 74
0
 49
-0.125
 74
0
 49
0.0
 74
0
 49
-0.125
 74
0
  0
ENDTAB
  0
TABLE
  2
LAYER
  5
1
330
0
100
AcDbSymbolTable
 70
20
  0
LAYER
  5
27
330
1
100
AcDbSymbolTableRecord
100
AcDbLayerTableRecord
  2
0
 70
0
 62
7
  6
Continuous
370
-3
390
13
347
21
  0
LAYER
  5
28
330
1
100
AcDbSymbolTableRecord
100
AcDbLayerTableRecord
  2
Defpoints
 70
0
 62
7
  6
Continuous
290
0
370
-3
390
13
347
21
  0
LAYER
  5
2F
330
1
100
AcDbSymbolTableRecord
100
AcDbLayerTableRecord
  2
FloorPlan
 70
0
 62
1
  6
Continuous
370
-3
390
13
347
21
  0
LAYER
  5
30
330
1
100
AcDbSymbolTableRecord
100
AcDbLayerTableRecord
  2
Fixtures
 70
0
 62
3
  6
Continuous
370
-3
390
13
347
21
  0
LAYER
  5
31
330
1
100
AcDbSymbolTableRecord
100
AcDbLayerTableRecord
  2
FixtureLabels
 70
0
 62
2
  6
Continuous
370
-3
390
13
347
21
  0
LAYER
  5
3B
330
1
100
AcDbSymbolTableRecord
100
AcDbLayerTableRecord
  2
I-LK PARTITION
 70
0
 62
21
  6
Continuous
370
25
390
13
347
21
348
0
  0
LAYER
  5
3C
330
1
100
AcDbSymbolTableRecord
100
AcDbLayerTableRecord
  2
I-LK CURTAIN
 70
0
 62
5
  6
a_p6_plan_L18$0$HIDDEN
370
9
390
13
347
21
348
0
  0
LAYER
  5
3D
330
1
100
AcDbSymbolTableRecord
100
AcDbLayerTableRecord
  2
I-LK IT
 70
0
 62
3
  6
Continuous
370
18
390
13
347
21
348
0
  0
LAYER
  5
3E
330
1
100
AcDbSymbolTableRecord
100
AcDbLayerTableRecord
  2
LN-ELEVATION-3
 70
0
 62
125
  6
a_p6_plan_L18$0$HIDDEN
370
18
390
13
347
21
348
0
  0
LAYER
  5
3F
330
1
100
AcDbSymbolTableRecord
100
AcDbLayerTableRecord
  2
I-LK FF&E
 70
0
 62
1
  6
Continuous
370
9
390
13
347
21
348
0
  0
LAYER
  5
40
330
1
100
AcDbSymbolTableRecord
100
AcDbLayerTableRecord
  2
I-LK TEXT
 70
0
 62
31
  6
Continuous
370
5
390
13
347
21
348
0
  0
LAYER
  5
41
330
1
100
AcDbSymbolTableRecord
100
AcDbLayerTableRecord
  2
LN-ELEVATION-4
 70
0
 62
145
  6
Continuous
370
13
390
13
347
21
348
0
  0
LAYER
  5
42
330
1
100
AcDbSymbolTableRecord
100
AcDbLayerTableRecord
  2
I-LK DIM
 70
0
 62
252
  6
Continuous
370
5
390
13
347
21
348
0
  0
LAYER
  5
43
330
1
100
AcDbSymbolTableRecord
100
AcDbLayerTableRecord
  2
LN-ELEVATION-2
 70
0
 62
103
  6
Continuous
370
20
390
13
347
21
348
0
  0
LAYER
  5
44
330
1
100
AcDbSymbolTableRecord
100
AcDbLayerTableRecord
  2
I-LK FURNITURE
 70
0
 62
13
  6
Continuous
370
9
390
13
347
21
348
0
  0
LAYER
  5
45
330
1
100
AcDbSymbolTableRecord
100
AcDbLayerTableRecord
  2
I-LK EQPMT
 70
0
 62
3
  6
Continuous
370
18
390
13
347
21
348
0
  0
LAYER
  5
46
330
1
100
AcDbSymbolTableRecord
100
AcDbLayerTableRecord
  2
Door
 70
0
 62
2
  6
Continuous
370
13
390
13
347
21
348
0
  0
LAYER
  5
251
330
1
100
AcDbSymbolTableRecord
100
AcDbLayerTableRecord
  2
LN-ELEVATION-1
 70
0
 62
81
  6
Continuous
370
13
390
13
347
21
348
0
  0
LAYER
  5
252
330
1
100
AcDbSymbolTableRecord
100
AcDbLayerTableRecord
  2
LN-HATCH
 70
0
 62
251
  6
Continuous
370
0
390
13
347
21
348
0
  0
LAYER
  5
2C8
330
1
100
AcDbSymbolTableRecord
100
AcDbLayerTableRecord
  2
LN-ELEVATION-5
 70
0
 62
167
  6
Continuous
370
5
390
13
347
21
348
0
  0
ENDTAB
  0
TABLE
  2
STYLE
  5
5
330
0
100
AcDbSymbolTable
 70
2
  0
STYLE
  5
29
330
5
100
AcDbSymbolTableRecord
100
AcDbTextStyleTableRecord
  2
Standard
 70
0
 40
0.0
 41
1.0
 50
0.0
 71
0
 42
2.5
  3
txt
  4

  0
STYLE
  5
47
330
5
100
AcDbSymbolTableRecord
100
AcDbTextStyleTableRecord
  2
LK TXT
 70
0
 40
0.0
 41
1.0
 50
0.0
 71
0
 42
250.0
  3
Arial Narrow.ttf
  4

  0
ENDTAB
  0
TABLE
  2
VIEW
  5
7
330
0
100
AcDbSymbolTable
 70
0
  0
ENDTAB
  0
TABLE
  2
UCS
  5
6
330
0
100
AcDbSymbolTable
 70
0
  0
ENDTAB
  0
TABLE
  2
APPID
  5
3
330
0
100
AcDbSymbolTable
 70
3
  0
APPID
  5
2A
330
3
100
AcDbSymbolTableRecord
100
AcDbRegAppTableRecord
  2
ACAD
 70
0
  0
APPID
  5
6A7
330
3
100
AcDbSymbolTableRecord
100
AcDbRegAppTableRecord
  2
HATCHBACKGROUNDCOLOR
 70
0
  0
APPID
  5
6A8
330
3
100
AcDbSymbolTableRecord
100
AcDbRegAppTableRecord
  2
EZDXF
 70
0
  0
ENDTAB
  0
TABLE
  2
DIMSTYLE
  5
4
330
0
100
AcDbSymbolTable
 70
3
100
AcDbDimStyleTable
  0
DIMSTYLE
105
2B
330
4
100
AcDbSymbolTableRecord
100
AcDbDimStyleTableRecord
  2
Standard
 70
0
 40
1.0
 41
2.5
 42
0.625
 43
3.75
 44
1.25
 45
0.0
 46
0.0
 47
0.0
 48
0.0
 49
2.5
140
2.5
141
2.5
142
0.0
143
0.03937007874
144
1.0
145
0.0
146
1.0
147
0.625
148
0.0
 69
0
 70
0
 71
0
 72
0
 73
0
 74
0
 75
0
 76
0
 77
1
 78
8
 79
3
170
0
171
3
172
1
173
0
174
0
175
0
176
0
177
0
178
0
179
2
271
2
272
2
273
2
274
3
275
0
276
0
277
2
278
44
279
0
280
0
281
0
282
0
283
0
284
8
285
0
286
0
288
0
289
3
290
0
371
-2
372
-2
  0
DIMSTYLE
105
48
330
4
100
AcDbSymbolTableRecord
100
AcDbDimStyleTableRecord
  2
LK-MM 100
 70
0
 40
0.8
 41
50.0
 42
50.0
 43
50.0
 44
50.0
 45
0.0
 46
50.0
 47
0.0
 48
0.0
 49
3.0
140
100.0
141
0.0
142
0.0
143
0.03937
144
1.0
145
0.0
146
1.0
147
25.0
148
0.0
 69
0
 70
0
 71
0
 72
0
 73
0
 74
0
 75
0
 76
0
 77
1
 78
8
 79
3
170
0
171
1
172
1
173
0
174
0
175
0
176
8
177
8
178
256
179
2
271
0
272
0
273
6
274
1
275
0
276
0
277
2
278
44
279
1
280
0
281
0
282
0
283
0
284
8
285
8
286
8
288
0
289
3
290
0
340
47
342
4A
343
4A
344
4A
345
25
346
38
347
38
371
5
372
0
  0
DIMSTYLE
105
49
330
4
100
AcDbSymbolTableRecord
100
AcDbDimStyleTableRecord
  2
LK-MM 75
 70
0
 40
0.8
 41
32.5
 42
32.0
 43
32.0
 44
32.0
 45
0.0
 46
32.0
 47
0.0
 48
0.0
 49
3.0
140
75.0
141
0.0
142
0.0
143
0.03937
144
1.0
145
0.0
146
1.0
147
25.0
148
0.0
 69
0
 70
0
 71
0
 72
0
 73
0
 74
0
 75
0
 76
0
 77
1
 78
8
 79
3
170
0
171
1
172
1
173
0
174
0
175
0
176
8
177
8
178
256
179
2
271
0
272
0
273
6
274
1
275
0
276
0
277
2
278
44
279
1
280
0
281
0
282
0
283
0
284
8
285
8
286
8
288
0
289
3
290
0
340
47
342
4A
343
4A
344
4A
345
25
346
38
347
38
371
5
372
0
  0
ENDTAB
  0
TABLE
  2
BLOCK_RECORD
  5
9
330
0
100
AcDbSymbolTable
 70
72
  0
BLOCK_RECORD
  5
17
330
9
100
AcDbSymbolTableRecord
100
AcDbBlockTableRecord
  2
*Model_Space
340
1A
 70
0
280
1
281
0
  0
BLOCK_RECORD
  5
1B
330
9
100
AcDbSymbolTableRecord
100
AcDbBlockTableRecord
  2
*Paper_Space
340
1E
 70
0
280
1
281
0
  0
BLOCK_RECORD
  5
33
330
9
100
AcDbSymbolTableRecord
100
AcDbBlockTableRecord
  2
ROC_CLINIC_1
340
0
 70
0
280
1
281
0
  0
BLOCK_RECORD
  5
4A
330
9
100
AcDbSymbolTableRecord
100
AcDbBlockTableRecord
  2
_archtick
340
0
 70
0
280
1
281
0
  0
BLOCK_RECORD
  5
4E
330
9
100
AcDbSymbolTableRecord
100
AcDbBlockTableRecord
  2
clinic screen
340
0
 70
0
280
1
281
0
  0
BLOCK_RECORD
  5
65
330
9
100
AcDbSymbolTableRecord
100
AcDbBlockTableRecord
  2
clinic chair
340
0
 70
0
280
1
281
0
  0
BLOCK_RECORD
  5
CF
330
9
100
AcDbSymbolTableRecord
100
AcDbBlockTableRecord
  2
it keyboard
340
0
 70
0
280
1
281
0
  0
BLOCK_RECORD
  5
D7
330
9
100
AcDbSymbolTableRecord
100
AcDbBlockTableRecord
  2
it mic
340
0
 70
0
280
1
281
0
  0
BLOCK_RECORD
  5
DD
330
9
100
AcDbSymbolTableRecord
100
AcDbBlockTableRecord
  2
a$c18799085
340
0
 70
0
280
1
281
0
  0
BLOCK_RECORD
  5
F4
330
9
100
AcDbSymbolTableRecord
100
AcDbBlockTableRecord
  2
clinic pc50s
340
0
 70
0
280
1
281
0
  0
BLOCK_RECORD
  5
10B
330
9
100
AcDbSymbolTableRecord
100
AcDbBlockTableRecord
  2
clinic chair trial set
340
0
 70
0
280
1
281
0
  0
BLOCK_RECORD
  5
121
330
9
100
AcDbSymbolTableRecord
100
AcDbBlockTableRecord
  2
a$c4fdbbfdd
340
0
 70
0
280
1
281
0
  0
BLOCK_RECORD
  5
13C
330
9
100
AcDbSymbolTableRecord
100
AcDbBlockTableRecord
  2
doctors stool
340
0
 70
0
280
1
281
0
  0
BLOCK_RECORD
  5
141
330
9
100
AcDbSymbolTableRecord
100
AcDbBlockTableRecord
  2
*u10
340
0
 70
0
280
1
281
0
  0
BLOCK_RECORD
  5
145
330
9
100
AcDbSymbolTableRecord
100
AcDbBlockTableRecord
  2
*u11
340
0
 70
0
280
1
281
0
  0
BLOCK_RECORD
  5
166
330
9
100
AcDbSymbolTableRecord
100
AcDbBlockTableRecord
  2
*u12
340
0
 70
0
280
1
281
0
  0
BLOCK_RECORD
  5
16A
330
9
100
AcDbSymbolTableRecord
100
AcDbBlockTableRecord
  2
*u13
340
0
 70
0
280
1
281
0
  0
BLOCK_RECORD
  5
22B
330
9
100
AcDbSymbolTableRecord
100
AcDbBlockTableRecord
  2
*d14
340
0
 70
0
280
1
281
0
  0
BLOCK_RECORD
  5
23A
330
9
100
AcDbSymbolTableRecord
100
AcDbBlockTableRecord
  2
roc_clinic
340
0
 70
0
280
1
281
0
  0
BLOCK_RECORD
  5
24C
330
9
100
AcDbSymbolTableRecord
100
AcDbBlockTableRecord
  2
CLINIC_WITH_SINK_1
340
0
 70
0
280
1
281
0
  0
BLOCK_RECORD
  5
253
330
9
100
AcDbSymbolTableRecord
100
AcDbBlockTableRecord
  2
rtf
340
0
 70
0
280
1
281
0
  0
BLOCK_RECORD
  5
25E
330
9
100
AcDbSymbolTableRecord
100
AcDbBlockTableRecord
  2
clinic sink
340
0
 70
0
280
1
281
0
  0
BLOCK_RECORD
  5
267
330
9
100
AcDbSymbolTableRecord
100
AcDbBlockTableRecord
  2
clinic - mop closet
340
0
 70
0
280
1
281
0
  0
BLOCK_RECORD
  5
278
330
9
100
AcDbSymbolTableRecord
100
AcDbBlockTableRecord
  2
clinic trial
340
0
 70
0
280
1
281
0
  0
BLOCK_RECORD
  5
28A
330
9
100
AcDbSymbolTableRecord
100
AcDbBlockTableRecord
  2
clinic - cabinet sink
340
0
 70
0
280
1
281
0
  0
BLOCK_RECORD
  5
298
330
9
100
AcDbSymbolTableRecord
100
AcDbBlockTableRecord
  2
clinic_with_sink
340
0
 70
0
280
1
281
0
  0
BLOCK_RECORD
  5
2B2
330
9
100
AcDbSymbolTableRecord
100
AcDbBlockTableRecord
  2
PICKUP_STORAGE_1200_1
340
0
 70
0
280
1
281
0
  0
BLOCK_RECORD
  5
2BC
330
9
100
AcDbSymbolTableRecord
100
AcDbBlockTableRecord
  2
PICKUP_TABLE_1
340
0
 70
0
280
1
281
0
  0
BLOCK_RECORD
  5
2C9
330
9
100
AcDbSymbolTableRecord
100
AcDbBlockTableRecord
  2
dfghthrtwe
340
0
 70
0
280
1
281
0
  0
BLOCK_RECORD
  5
2E7
330
9
100
AcDbSymbolTableRecord
100
AcDbBlockTableRecord
  2
it desktop
340
0
 70
0
280
1
281
0
  0
BLOCK_RECORD
  5
2EC
330
9
100
AcDbSymbolTableRecord
100
AcDbBlockTableRecord
  2
*u4
340
0
 70
0
280
1
281
0
  0
BLOCK_RECORD
  5
2F0
330
9
100
AcDbSymbolTableRecord
100
AcDbBlockTableRecord
  2
*u5
340
0
 70
0
280
1
281
0
  0
BLOCK_RECORD
  5
311
330
9
100
AcDbSymbolTableRecord
100
AcDbBlockTableRecord
  2
*u6
340
0
 70
0
280
1
281
0
  0
BLOCK_RECORD
  5
315
330
9
100
AcDbSymbolTableRecord
100
AcDbBlockTableRecord
  2
*u7
340
0
 70
0
280
1
281
0
  0
BLOCK_RECORD
  5
3D8
330
9
100
AcDbSymbolTableRecord
100
AcDbBlockTableRecord
  2
UPS_RACK_1
340
0
 70
0
280
1
281
0
  0
BLOCK_RECORD
  5
3E0
330
9
100
AcDbSymbolTableRecord
100
AcDbBlockTableRecord
  2
JJ_SUPER_HYBRID_SMALL_1
340
0
 70
0
280
1
281
0
  0
BLOCK_RECORD
  5
3E5
330
9
100
AcDbSymbolTableRecord
100
AcDbBlockTableRecord
  2
jj superhybrid 900
340
0
 70
0
280
1
281
0
  0
BLOCK_RECORD
  5
413
330
9
100
AcDbSymbolTableRecord
100
AcDbBlockTableRecord
  2
JJ_FIXTURE_LARGE_1
340
0
 70
0
280
1
281
0
  0
BLOCK_RECORD
  5
418
330
9
100
AcDbSymbolTableRecord
100
AcDbBlockTableRecord
  2
jj 1200
340
0
 70
0
280
1
281
0
  0
BLOCK_RECORD
  5
427
330
9
100
AcDbSymbolTableRecord
100
AcDbBlockTableRecord
  2
VC_FIXTURE_LARGE_1
340
0
 70
0
280
1
281
0
  0
BLOCK_RECORD
  5
42C
330
9
100
AcDbSymbolTableRecord
100
AcDbBlockTableRecord
  2
12mm vc plan
340
0
 70
0
280
1
281
0
  0
BLOCK_RECORD
  5
450
330
9
100
AcDbSymbolTableRecord
100
AcDbBlockTableRecord
  2
JJ_FIXTURE_MEDIUM_1
340
0
 70
0
280
1
281
0
  0
BLOCK_RECORD
  5
455
330
9
100
AcDbSymbolTableRecord
100
AcDbBlockTableRecord
  2
jj 900
340
0
 70
0
280
1
281
0
  0
BLOCK_RECORD
  5
468
330
9
100
AcDbSymbolTableRecord
100
AcDbBlockTableRecord
  2
VC_FIXTURE_LARGE_2
340
0
 70
0
280
1
281
0
  0
BLOCK_RECORD
  5
46F
330
9
100
AcDbSymbolTableRecord
100
AcDbBlockTableRecord
  2
JJ_SUPER_HYBRID_SMALL_2
340
0
 70
0
280
1
281
0
  0
BLOCK_RECORD
  5
476
330
9
100
AcDbSymbolTableRecord
100
AcDbBlockTableRecord
  2
JJ_SUPER_HYBRID_SMALL_3
340
0
 70
0
280
1
281
0
  0
BLOCK_RECORD
  5
483
330
9
100
AcDbSymbolTableRecord
100
AcDbBlockTableRecord
  2
LENSBAR_1
340
0
 70
0
280
1
281
0
  0
BLOCK_RECORD
  5
48B
330
9
100
AcDbSymbolTableRecord
100
AcDbBlockTableRecord
  2
ipad
340
0
 70
0
280
1
281
0
  0
BLOCK_RECORD
  5
490
330
9
100
AcDbSymbolTableRecord
100
AcDbBlockTableRecord
  2
lensbar
340
0
 70
0
280
1
281
0
  0
BLOCK_RECORD
  5
4A8
330
9
100
AcDbSymbolTableRecord
100
AcDbBlockTableRecord
  2
EURO_CENTRE_1
340
0
 70
0
280
1
281
0
  0
BLOCK_RECORD
  5
4AD
330
9
100
AcDbSymbolTableRecord
100
AcDbBlockTableRecord
  2
euro mirror
340
0
 70
0
280
1
281
0
  0
BLOCK_RECORD
  5
4FD
330
9
100
AcDbSymbolTableRecord
100
AcDbBlockTableRecord
  2
eurocenter 1040
340
0
 70
0
280
1
281
0
  0
BLOCK_RECORD
  5
591
330
9
100
AcDbSymbolTableRecord
100
AcDbBlockTableRecord
  2
SCREEN_55_1
340
0
 70
0
280
1
281
0
  0
BLOCK_RECORD
  5
5A3
330
9
100
AcDbSymbolTableRecord
100
AcDbBlockTableRecord
  2
it 55inch tv
340
0
 70
0
280
1
281
0
  0
BLOCK_RECORD
  5
5BB
330
9
100
AcDbSymbolTableRecord
100
AcDbBlockTableRecord
  2
EURO_CENTRE_2
340
0
 70
0
280
1
281
0
  0
BLOCK_RECORD
  5
5C8
330
9
100
AcDbSymbolTableRecord
100
AcDbBlockTableRecord
  2
SOFA_1
340
0
 70
0
280
1
281
0
  0
BLOCK_RECORD
  5
5CD
330
9
100
AcDbSymbolTableRecord
100
AcDbBlockTableRecord
  2
nesting tables
340
0
 70
0
280
1
281
0
  0
BLOCK_RECORD
  5
5EC
330
9
100
AcDbSymbolTableRecord
100
AcDbBlockTableRecord
  2
VC_FIXTURE_LARGE_3
340
0
 70
0
280
1
281
0
  0
BLOCK_RECORD
  5
5F3
330
9
100
AcDbSymbolTableRecord
100
AcDbBlockTableRecord
  2
VC_FIXTURE_LARGE_4
340
0
 70
0
280
1
281
0
  0
BLOCK_RECORD
  5
5FA
330
9
100
AcDbSymbolTableRecord
100
AcDbBlockTableRecord
  2
VC_FIXTURE_MEDIUM_1
340
0
 70
0
280
1
281
0
  0
BLOCK_RECORD
  5
5FF
330
9
100
AcDbSymbolTableRecord
100
AcDbBlockTableRecord
  2
1010mm vc plan
340
0
 70
0
280
1
281
0
  0
BLOCK_RECORD
  5
620
330
9
100
AcDbSymbolTableRecord
100
AcDbBlockTableRecord
  2
VC_FIXTURE_LARGE_5
340
0
 70
0
280
1
281
0
  0
BLOCK_RECORD
  5
627
330
9
100
AcDbSymbolTableRecord
100
AcDbBlockTableRecord
  2
VC_FIXTURE_LARGE_6
340
0
 70
0
280
1
281
0
  0
BLOCK_RECORD
  5
62E
330
9
100
AcDbSymbolTableRecord
100
AcDbBlockTableRecord
  2
JJ_SUPER_HYBRID_LARGE_1
340
0
 70
0
280
1
281
0
  0
BLOCK_RECORD
  5
633
330
9
100
AcDbSymbolTableRecord
100
AcDbBlockTableRecord
  2
jj superhybrid 1200
340
0
 70
0
280
1
281
0
  0
BLOCK_RECORD
  5
662
330
9
100
AcDbSymbolTableRecord
100
AcDbBlockTableRecord
  2
SCREEN_65_1
340
0
 70
0
280
1
281
0
  0
BLOCK_RECORD
  5
67D
330
9
100
AcDbSymbolTableRecord
100
AcDbBlockTableRecord
  2
VC_FIXTURE_MEDIUM_2
340
0
 70
0
280
1
281
0
  0
BLOCK_RECORD
  5
684
330
9
100
AcDbSymbolTableRecord
100
AcDbBlockTableRecord
  2
VC_FIXTURE_MEDIUM_3
340
0
 70
0
280
1
281
0
  0
BLOCK_RECORD
  5
68B
330
9
100
AcDbSymbolTableRecord
100
AcDbBlockTableRecord
  2
VC_FIXTURE_MEDIUM_4
340
0
 70
0
280
1
281
0
  0
BLOCK_RECORD
  5
692
330
9
100
AcDbSymbolTableRecord
100
AcDbBlockTableRecord
  2
VC_FIXTURE_MEDIUM_5
340
0
 70
0
280
1
281
0
  0
BLOCK_RECORD
  5
699
330
9
100
AcDbSymbolTableRecord
100
AcDbBlockTableRecord
  2
VC_FIXTURE_MEDIUM_6
340
0
 70
0
280
1
281
0
  0
BLOCK_RECORD
  5
6A0
330
9
100
AcDbSymbolTableRecord
100
AcDbBlockTableRecord
  2
VC_FIXTURE_MEDIUM_7
340
0
 70
0
280
1
281
0
  0
ENDTAB
  0
ENDSEC
  0
SECTION
  2
BLOCKS
  0
BLOCK
  5
18
330
17
100
AcDbEntity
  8
0
100
AcDbBlockBegin
  2
*Model_Space
 70
0
 10
0.0
 20
0.0
 30
0.0
  3
*Model_Space
  1

  0
ENDBLK
  5
19
330
17
100
AcDbEntity
  8
0
100
AcDbBlockEnd
  0
BLOCK
  5
1C
330
1B
100
AcDbEntity
  8
0
100
AcDbBlockBegin
  2
*Paper_Space
 70
0
 10
0.0
 20
0.0
 30
0.0
  3
*Paper_Space
  1

  0
ENDBLK
  5
1D
330
1B
100
AcDbEntity
  8
0
100
AcDbBlockEnd
  0
BLOCK
  5
34
330
33
100
AcDbEntity
  8
0
100
AcDbBlockBegin
  2
ROC_CLINIC_1
 70
0
 10
0.0
 20
0.0
 30
0.0
  3
ROC_CLINIC_1
  1

  0
INSERT
  5
36
330
33
100
AcDbEntity
  8
0
100
AcDbBlockReference
  2
ROC_clinic
 10
3.589530676092181
 20
1.761127815153485
 30
0.0
  0
ENDBLK
  5
35
330
33
100
AcDbEntity
  8
0
100
AcDbBlockEnd
  0
BLOCK
  5
4B
330
4A
100
AcDbEntity
  8
0
100
AcDbBlockBegin
  2
_archtick
 70
0
 10
0.0
 20
0.0
 30
0.0
  3
_archtick
  1

  0
LWPOLYLINE
  5
4D
330
4A
100
AcDbEntity
  8
0
100
AcDbPolyline
 90
2
 70
0
 43
0.15
 10
-0.5
 20
-0.5
 10
0.5
 20
0.5
  0
ENDBLK
  5
4C
330
4A
100
AcDbEntity
  8
0
100
AcDbBlockEnd
  0
BLOCK
  5
4F
330
4E
100
AcDbEntity
  8
0
100
AcDbBlockBegin
  2
clinic screen
 70
0
 10
0.0
 20
0.0
 30
0.0
  3
clinic screen
  1

  0
LWPOLYLINE
  5
51
330
4E
100
AcDbEntity
  8
I-LK EQPMT
100
AcDbPolyline
 90
4
 70
1
 10
130.0454854713244
 20
15.51421661919449
 10
99.66748210433435
 20
15.51421661919449
 10
99.66748210433435
 20
45.89221998606814
 10
130.0454854713244
 20
45.89221998606814
  0
LWPOLYLINE
  5
52
330
4E
100
AcDbEntity
  8
I-LK EQPMT
100
AcDbPolyline
 90
4
 70
1
 10
127.007685134602
 20
18.55201695591666
 10
102.7052824410566
 20
18.55201695591666
 10
102.7052824410566
 20
42.85441964946222
 10
127.007685134602
 20
42.85441964946222
  0
LWPOLYLINE
  5
53
330
4E
100
AcDbEntity
  8
I-LK EQPMT
100
AcDbPolyline
 90
4
 70
1
 10
-130.4492315140169
 20
15.51421661919449
 10
-100.0712281470269
 20
15.51421661919449
 10
-100.0712281470269
 20
45.89221998606814
 10
-130.4492315140169
 20
45.89221998606814
  0
LWPOLYLINE
  5
54
330
4E
100
AcDbEntity
  8
I-LK EQPMT
100
AcDbPolyline
 90
4
 70
1
 10
-127.4114311772946
 20
18.55201695591666
 10
-103.1090284836337
 20
18.55201695591666
 10
-103.1090284836337
 20
42.85441964946222
 10
-127.4114311772946
 20
42.85441964946222
  0
LINE
  5
55
330
4E
100
AcDbEntity
  8
I-LK EQPMT
100
AcDbLine
 10
102.7052824410566
 20
42.85441964946222
 30
0.0
 11
127.007685134602
 21
18.55201695591666
 31
0.0
  0
LINE
  5
56
330
4E
100
AcDbEntity
  8
I-LK EQPMT
100
AcDbLine
 10
-103.1090284836337
 20
42.85441964946222
 30
0.0
 11
-127.4114311772946
 21
18.55201695591666
 31
0.0
  0
LINE
  5
57
330
4E
100
AcDbEntity
  8
I-LK EQPMT
100
AcDbLine
 10
-127.4114311772946
 20
42.85441964946222
 30
0.0
 11
-103.1090284836337
 21
18.55201695591666
 31
0.0
  0
LINE
  5
58
330
4E
100
AcDbEntity
  8
I-LK EQPMT
 48
12.0
100
AcDbLine
 10
91.98892031610741
 20
15.51420700864401
 30
0.0
 11
91.98892031610741
 21
0.0
 31
0.0
  0
LINE
  5
59
330
4E
100
AcDbEntity
  8
I-LK EQPMT
 48
12.0
100
AcDbLine
 10
91.98892031610741
 20
15.51420700864401
 30
0.0
 11
138.5315413423596
 21
15.51420700864401
 31
0.0
  0
LINE
  5
5A
330
4E
100
AcDbEntity
  8
I-LK EQPMT
 48
12.0
100
AcDbLine
 10
-138.5315413423605
 20
0.0
 30
0.0
 11
-138.5315413423605
 21
15.51420700864401
 31
0.0
  0
LINE
  5
5B
330
4E
100
AcDbEntity
  8
I-LK EQPMT
 48
12.0
100
AcDbLine
 10
-91.98892031613741
 20
15.51420700864401
 30
0.0
 11
-91.98892031613741
 21
0.0
 31
0.0
  0
LINE
  5
5C
330
4E
100
AcDbEntity
  8
I-LK EQPMT
 48
12.0
100
AcDbLine
 10
200.5883693773148
 20
0.0
 30
0.0
 11
-200.5883693773148
 21
0.0
 31
0.0
  0
LWPOLYLINE
  5
5D
330
4E
100
AcDbEntity
  8
I-LK EQPMT
 48
12.0
100
AcDbPolyline
 90
4
 70
1
 10
-220.0000000000082
 20
-51.71278328332107
 10
-220.0000000000082
 20
-38.82326124538668
 10
219.9999999999918
 20
-38.82326124538668
 10
219.9999999999918
 20
-51.71278328332107
  0
LINE
  5
5E
330
4E
100
AcDbEntity
  8
I-LK EQPMT
 48
12.0
100
AcDbLine
 10
-220.0000000000082
 20
-38.82326124538668
 30
0.0
 11
-220.0000000000082
 21
-19.41163062257681
 31
0.0
  0
LINE
  5
5F
330
4E
100
AcDbEntity
  8
I-LK EQPMT
 48
12.0
100
AcDbLine
 10
219.9999999999918
 20
-38.82326124538668
 30
0.0
 11
219.9999999999918
 21
-19.41163062257681
 31
0.0
  0
LINE
  5
60
330
4E
100
AcDbEntity
  8
I-LK EQPMT
 48
12.0
100
AcDbLine
 10
-220.0000000000082
 20
-19.41163062257681
 30
0.0
 11
-200.5883693773148
 21
0.0
 31
0.0
  0
LINE
  5
61
330
4E
100
AcDbEntity
  8
I-LK EQPMT
 48
12.0
100
AcDbLine
 10
219.9999999999918
 20
-19.41163062257681
 30
0.0
 11
200.5883693773148
 21
0.0
 31
0.0
  0
LINE
  5
62
330
4E
100
AcDbEntity
  8
I-LK EQPMT
 48
12.0
100
AcDbLine
 10
138.5315413423596
 20
0.0
 30
0.0
 11
138.5315413423596
 21
15.51420700864401
 31
0.0
  0
LINE
  5
63
330
4E
100
AcDbEntity
  8
I-LK EQPMT
 48
12.0
100
AcDbLine
 10
-138.5315413423605
 20
15.51420700864401
 30
0.0
 11
-91.98892031613741
 21
15.51420700864401
 31
0.0
  0
MTEXT
  5
64
330
4E
100
AcDbEntity
  8
I-LK EQPMT
 48
12.0
100
AcDbMText
 10
5.199680584678389
 20
-100.4085774972336
 30
0.0
 40
50.0
 41
466.4796511627907
 46
0.0
 71
1
 72
5
  1
LG SCREEN
1001
ACAD
1000
ACAD_MTEXT_COLUMN_INFO_BEGIN
1070
75
1070
2
1070
79
1070
0
1070
76
1070
1
1070
78
1070
0
1070
48
1040
466.4796511627907
1070
49
1040
12.5
1070
50
1070
1
1040
0.0
1000
ACAD_MTEXT_COLUMN_INFO_END
1000
ACAD_MTEXT_COLUMNS_BEGIN
1070
47
1070
1
1000
ACAD_MTEXT_COLUMNS_END
  0
ENDBLK
  5
50
330
4E
100
AcDbEntity
  8
0
100
AcDbBlockEnd
  0
BLOCK
  5
66
330
65
100
AcDbEntity
  8
0
100
AcDbBlockBegin
  2
clinic chair
 70
0
 10
0.0
 20
0.0
 30
0.0
  3
clinic chair
  1

  0
LWPOLYLINE
  5
68
330
65
100
AcDbEntity
  8
I-LK FURNITURE
100
AcDbPolyline
 90
23
 70
0
 10
-214.8703261986375
 20
189.3640050691611
 10
-208.0771623300388
 20
190.3592400808701
 10
-187.3689696602523
 20
193.2901615410519
 10
-166.6242546243593
 20
195.919773319445
 10
-145.8430172204971
 20
198.2389448168105
 10
-125.0252572111785
 20
200.2476760368445
 10
-104.1709748348221
 20
201.9459669739881
 10
-83.30756180733442
 20
203.3429482312058
 10
-62.41675754077733
 20
204.4203586137155
 10
-41.51682190690189
 20
205.1964593107114
 10
-20.59862544760107
 20
205.652989134891
 10
0.3195710116997361
 20
205.8082092735567
 10
21.22863681986928
 20
205.6438585375145
 10
42.1468332791701
 20
205.178198117821
 10
63.04676843620836
 20
204.3929668253113
 10
83.93757317960262
 20
203.3064258454251
 10
104.8009862070903
 20
201.9094445900701
 10
125.6461376938969
 20
200.1928924563108
 10
146.4638977032155
 20
198.1750306425965
 10
167.2451351061463
 20
195.846728546021
 10
187.9898503813893
 20
193.2171167694905
 10
208.6980430502445
 20
190.2679341164185
 10
214.9342405218631
 20
189.3640050691611
  0
LWPOLYLINE
  5
69
330
65
100
AcDbEntity
  8
I-LK FURNITURE
100
AcDbPolyline
 90
54
 70
0
 10
214.9342405218631
 20
189.3640050691611
 10
228.018385052681
 20
189.3640050691611
 10
228.2649112101644
 20
189.3640050691611
 10
228.5023067155853
 20
189.3731356646749
 10
228.7397024594247
 20
189.3913968575653
 10
228.9862283784896
 20
189.4096580504556
 10
229.4610193902627
 20
189.464441627264
 10
229.6984148956835
 20
189.5009640130738
 10
229.9358104020357
 20
189.5466169980936
 10
230.6479969192296
 20
189.7109677341068
 10
230.8762620110065
 20
189.7748819083208
 10
231.1136572789401
 20
189.8479266780196
 10
231.3419223716483
 20
189.9301020469575
 10
231.5610565748066
 20
190.0122774140618
 10
231.7893214290962
 20
190.1035833803762
 10
232.0084558706731
 20
190.1948893429944
 10
232.2367207240313
 20
190.2953259048227
 10
232.446724514477
 20
190.3957624666509
 10
232.6658587176353
 20
190.5053296240221
 10
233.0858660591766
 20
190.7427251316258
 10
233.2958698496222
 20
190.8705534818581
 10
233.4967429880053
 20
190.9983818321198
 10
233.8984892647713
 20
191.2722997255041
 10
234.2819744776934
 20
191.5644788117788
 10
234.6471983874217
 20
191.8749190909439
 10
234.8298102235422
 20
192.039269826986
 10
235.0032914076
 20
192.2036205630284
 10
235.1767725925893
 20
192.3771018964471
 10
235.3411236014217
 20
192.5505832279741
 10
235.5054743736982
 20
192.7331951569067
 10
235.8159146141261
 20
193.0984190147719
 10
236.1080937888473
 20
193.4819040654984
 10
236.3820116622373
 20
193.8836503110069
 10
236.5098398281261
 20
194.0845234328299
 10
236.6376682324335
 20
194.2945271501376
 10
236.8750637378544
 20
194.7145345885365
 10
236.9846310783178
 20
194.9336689013871
 10
237.0850675273687
 20
195.1436726205866
 10
237.1855039782822
 20
195.3719375308136
 10
237.2768100146204
 20
195.5910718473896
 10
237.3681158144027
 20
195.8193367576168
 10
237.4502914380282
 20
196.0384710723301
 10
237.5324665848166
 20
196.2758665799046
 10
237.6055113198236
 20
196.5041314919945
 10
237.6694256402552
 20
196.7323964022216
 10
237.8337764125317
 20
197.4445829250617
 10
237.8794291922823
 20
197.6819784344989
 10
237.9159517977387
 20
197.9193739402399
 10
237.9707352295518
 20
198.3941649573098
 10
237.9889965318143
 20
198.6406910604273
 10
238.0072578350082
 20
198.878086568031
 10
238.0163882486522
 20
199.1154820756346
 10
238.0163882486522
 20
199.3620081787521
 10
238.0163882486522
 20
199.4624447406095
  0
LWPOLYLINE
  5
6A
330
65
100
AcDbEntity
  8
I-LK FURNITURE
100
AcDbPolyline
 90
54
 70
0
 10
-237.9707354661077
 20
199.4624447406095
 10
-237.9707354661077
 20
199.3620081787521
 10
-237.9707354661077
 20
199.1154820756346
 10
-237.9524741638452
 20
198.6406910604273
 10
-237.9250824470073
 20
198.3941649573098
 10
-237.870298538357
 20
197.9193739402399
 10
-237.8337764106691
 20
197.6819784344989
 10
-237.7424703733996
 20
197.2071874174289
 10
-237.6876867031679
 20
196.969791911717
 10
-237.6237726202235
 20
196.7323964022216
 10
-237.5598585372791
 20
196.5041314919945
 10
-237.4868138032034
 20
196.2758665799046
 10
-237.4046381786466
 20
196.0384710723301
 10
-237.3224630318582
 20
195.8193367576168
 10
-237.2402876457199
 20
195.5910718473896
 10
-237.1398509573191
 20
195.3719375308136
 10
-237.0394142689183
 20
195.1436726205866
 10
-236.9389778189361
 20
194.9336689013871
 10
-236.8294107168913
 20
194.7145345885365
 10
-236.4733174592257
 20
194.0845234328299
 10
-236.336358403787
 20
193.8836503110069
 10
-236.2085299994797
 20
193.682777189184
 10
-236.062440530397
 20
193.4819040654984
 10
-235.770261593163
 20
193.0984190147719
 10
-235.4598211143166
 20
192.7331951569067
 10
-235.29547058139
 20
192.5505832279741
 10
-235.1311198100448
 20
192.3771018964471
 10
-234.957638386637
 20
192.2036205630284
 10
-234.7841572025791
 20
192.039269826986
 10
-234.6015451289714
 20
191.8749190909439
 10
-234.2363212183118
 20
191.5644788117788
 10
-233.8528362438083
 20
191.2722997255041
 10
-233.4510899670422
 20
190.9983818321198
 10
-233.2502168286592
 20
190.8705534818581
 10
-233.0402132775635
 20
190.7427251316258
 10
-232.6202059350908
 20
190.5053296240221
 10
-232.4102019071579
 20
190.3957624666509
 10
-231.9719335008413
 20
190.1948893429944
 10
-231.7436686465517
 20
190.1035833803762
 10
-231.5245339665562
 20
190.0122774140618
 10
-231.0680044963956
 20
189.8479266780196
 10
-230.8306087525561
 20
189.7748819083208
 10
-230.6023438982666
 20
189.7109677341068
 10
-230.3649483919144
 20
189.6561841535731
 10
-230.1366833001375
 20
189.601400574902
 10
-229.8992880322039
 20
189.5466169980936
 10
-229.661892526783
 20
189.5009640130738
 10
-229.4153663692996
 20
189.464441627264
 10
-228.9405753575265
 20
189.4096580504556
 10
-228.7031796136871
 20
189.3913968575653
 10
-228.4566536955535
 20
189.3731356646749
 10
-228.2192584276199
 20
189.3640050691611
 10
-227.9727320317179
 20
189.3640050691611
 10
-214.8703261986375
 20
189.3640050691611
  0
LWPOLYLINE
  5
6B
330
65
100
AcDbEntity
  8
I-LK FURNITURE
100
AcDbPolyline
 90
88
 70
0
 10
-316.4938646722585
 20
290.6953644652967
 10
-318.4934651684017
 20
290.6953644652967
 10
-318.7856443449855
 20
290.2753570306231
 10
-319.0686928685755
 20
289.8553495922242
 10
-319.3426107419655
 20
289.435342155688
 10
-319.8904467262328
 20
288.5770660897541
 10
-320.1461032964289
 20
288.1387974603276
 10
-320.4108905177563
 20
287.700528830901
 10
-320.9039425933734
 20
286.8239915720769
 10
-321.1504689883441
 20
286.3765923452738
 10
-321.3878642562777
 20
285.9291931203334
 10
-321.6161293489859
 20
285.4817938935303
 10
-321.8443942032754
 20
285.0252640693507
 10
-322.2826628480107
 20
284.1122044266085
 10
-322.492666637525
 20
283.6465440087486
 10
-322.702670189552
 20
283.1900141845981
 10
-322.9035435663536
 20
282.7243537649047
 10
-323.0952860536054
 20
282.2495627496973
 10
-323.2870283024386
 20
281.7839023318666
 10
-323.4696403760463
 20
281.3091113166593
 10
-323.816602983512
 20
280.3595292862447
 10
-323.9900844059885
 20
279.8756076736609
 10
-324.1453045271336
 20
279.4008166584536
 10
-324.4557447666302
 20
278.432973433286
 10
-324.6018342357129
 20
277.9490518225648
 10
-324.7387932911515
 20
277.4559996144671
 10
-324.8757523465902
 20
276.9720780018833
 10
-325.0035805124789
 20
276.4790257937857
 10
-325.2409762572497
 20
275.4929213775904
 10
-325.4601104594767
 20
274.5068169613951
 10
-325.5514162583277
 20
274.0046341559209
 10
-325.6518529467285
 20
273.5115819478233
 10
-325.8983791042119
 20
272.0050335332635
 10
-326.0901215914637
 20
270.4984851205372
 10
-326.1449052607641
 20
269.9963023150631
 10
-326.1905582789332
 20
269.4941195114516
 10
-326.2270804084837
 20
268.9828061086009
 10
-326.2636030139402
 20
268.4806233049894
 10
-326.2909947298467
 20
267.9693099040014
 10
-326.318386444822
 20
267.4671270985273
 10
-326.3366477480158
 20
266.9649442930531
 10
-326.3457781616598
 20
266.453630892036
 10
-326.3549090512097
 20
265.951448086591
 10
-326.3549090512097
 20
265.4401346855739
 10
-326.3457781616598
 20
264.9288212845859
 10
-326.3366477480158
 20
264.4266384791117
 10
-326.318386444822
 20
263.9153250781237
 10
-326.2636030139402
 20
262.9109594709007
 10
-326.2270804084837
 20
262.3996460699127
 10
-326.1905582789332
 20
261.8974632644386
 10
-326.1449052607641
 20
261.3952804589644
 10
-326.0901215914637
 20
260.8839670579764
 10
-325.8983791042119
 20
259.3774186433875
 10
-325.8162034796551
 20
258.8752358379134
 10
-325.7340283319354
 20
258.3821836316783
 10
-325.6518529467285
 20
257.8800008262042
 10
-325.5514162583277
 20
257.3778180225927
 10
-325.4601104594767
 20
256.8847658126324
 10
-325.3505431190133
 20
256.3825830090209
 10
-325.2409762572497
 20
255.8895307990606
 10
-325.0035805124789
 20
254.9034263828653
 10
-324.8757523465902
 20
254.4195047721441
 10
-324.7387932911515
 20
253.9264525640465
 10
-324.6018342357129
 20
253.4425309514626
 10
-324.4557447666302
 20
252.9586093388789
 10
-323.9900844059885
 20
251.5068445048529
 10
-323.816602983512
 20
251.0320534896455
 10
-323.6431217994541
 20
250.5481318770617
 10
-323.4696403760463
 20
250.0824714592309
 10
-323.2870283024386
 20
249.6076804421609
 10
-323.0952860536054
 20
249.1328894269536
 10
-322.9035435663536
 20
248.6672290072602
 10
-322.702670189552
 20
248.2015685894294
 10
-322.492666637525
 20
247.7359081697359
 10
-322.2826628480107
 20
247.279378347419
 10
-321.8443942032754
 20
246.3663187028142
 10
-321.6161293489859
 20
245.9097888804972
 10
-321.3878642562777
 20
245.4623896555568
 10
-321.1504689883441
 20
245.0149904287537
 10
-320.6574166752399
 20
244.1201919770101
 10
-320.4108905177563
 20
243.6819233475835
 10
-320.1461032964289
 20
243.2436547163234
 10
-319.8904467262328
 20
242.8145166842733
 10
-319.3426107419655
 20
241.9562406183104
 10
-319.0686928685755
 20
241.5362331817742
 10
-318.7856443449855
 20
241.1070951478905
 10
-318.4934651684017
 20
240.6962183068681
 10
-316.4938646722585
 20
240.6962183068681
  0
LWPOLYLINE
  5
6C
330
65
100
AcDbEntity
  8
I-LK FURNITURE
100
AcDbPolyline
 90
87
 70
0
 10
316.493864913471
 20
240.8879608331772
 10
318.4934654096141
 20
240.8879608331772
 10
318.7856445852667
 20
241.2988376741996
 10
319.0686931088567
 20
241.7188451107068
 10
319.6165286172182
 20
242.5771211766696
 10
320.1461032982916
 20
243.4353972426034
 10
320.6574166771023
 20
244.3119345014566
 10
320.9039428345858
 20
244.7593337282597
 10
321.150468991138
 20
245.1976023576863
 10
321.3878644965589
 20
245.6450015844894
 10
321.6161293517798
 20
246.1015314068063
 10
321.8443944435567
 20
246.5489306317177
 10
322.063528646715
 20
247.0054604558973
 10
322.2826630882919
 20
247.4711208718654
 10
322.4926666393876
 20
247.927650696045
 10
322.7026704298332
 20
248.3933111157385
 10
322.9035433297977
 20
248.8589715354319
 10
323.095286055468
 20
249.3246319532627
 10
323.2870285427198
 20
249.79942296847
 10
323.4696406163275
 20
250.2650833881635
 10
323.8166032247245
 20
251.214665418549
 10
323.9900844087824
 20
251.6985870292992
 10
324.1453045289963
 20
252.1733780463692
 10
324.4557447684929
 20
253.1412212678115
 10
324.6018344759941
 20
253.6342734777718
 10
324.8757521100342
 20
254.6021167010767
 10
325.0035807527603
 20
255.0951689073117
 10
325.2409760206938
 20
256.0812733253697
 10
325.3505433602259
 20
256.5743255334673
 10
325.4509798102081
 20
257.0765083389415
 10
325.5514164986089
 20
257.5695605470391
 10
325.6518529485911
 20
258.0717433525133
 10
325.7340283347294
 20
258.564795560611
 10
325.8162037208677
 20
259.0669783642225
 10
325.962293189019
 20
260.0713439733081
 10
326.0901215933263
 20
261.0757095842564
 10
326.1357746114954
 20
261.5778923878679
 10
326.1905580433086
 20
262.0892057888559
 10
326.2636027773841
 20
263.0935713998333
 10
326.2909949701279
 20
263.6048848008213
 10
326.3183866860345
 20
264.1070676062955
 10
326.3366477508098
 20
264.6183810072835
 10
326.3457784019411
 20
265.1205638090323
 10
326.3549088146538
 20
265.631877211883
 10
326.3549088146538
 20
266.1340600154945
 10
326.3457784019411
 20
266.6453734164825
 10
326.3366477508098
 20
267.1475562219566
 10
326.3183866860345
 20
267.6588696229737
 10
326.2909949701279
 20
268.1610524284188
 10
326.2636027773841
 20
268.6723658294359
 10
326.1905580433086
 20
269.6767314403842
 10
326.1357746114954
 20
270.1880448413722
 10
326.0901215933263
 20
270.6902276449837
 10
325.962293189019
 20
271.6945932540693
 10
325.8162037208677
 20
272.698958863155
 10
325.7340283347294
 20
273.2011416686291
 10
325.6518529485911
 20
273.6941938767559
 10
325.4509798102081
 20
274.6985594877042
 10
325.3505433602259
 20
275.1916116958018
 10
325.2409760206938
 20
275.6846639020368
 10
325.0035807527603
 20
276.6707683200948
 10
324.8757521100342
 20
277.1638205281924
 10
324.7387935314327
 20
277.6477421407762
 10
324.6018344759941
 20
278.1407943488739
 10
324.4557447684929
 20
278.6247159614577
 10
324.1453045289963
 20
279.5925591829
 10
323.9900844087824
 20
280.06735019997
 10
323.8166032247245
 20
280.5512718106911
 10
323.4696406163275
 20
281.5008538411057
 10
323.2870285427198
 20
281.975644856313
 10
322.9035433297977
 20
282.9069656938082
 10
322.7026704298332
 20
283.3726261135016
 10
322.2826630882919
 20
284.3039469510259
 10
321.8443944435567
 20
285.2170065975224
 10
321.6161293517798
 20
285.6644058224629
 10
321.3878644965589
 20
286.1209356447798
 10
321.150468991138
 20
286.5683348697203
 10
320.9039428345858
 20
287.0157340965234
 10
320.6574166771023
 20
287.4540027277835
 10
320.1461032982916
 20
288.3305399866367
 10
319.8813160769641
 20
288.7596780186868
 10
319.6165286172182
 20
289.1979466499762
 10
319.3426109822467
 20
289.6179540846206
 10
319.0686931088567
 20
290.0470921166707
 10
318.7856445852667
 20
290.4670995550696
 10
318.4934654096141
 20
290.8871069916058
 10
316.493864913471
 20
290.8871069916058
  0
LWPOLYLINE
  5
6D
330
65
100
AcDbEntity
  8
I-LK FURNITURE
100
AcDbPolyline
 90
6
 70
0
 10
-261.5002822503448
 20
290.2023122571991
 10
-261.5002822503448
 20
303.1951510048821
 10
-316.4938646722585
 20
303.1951510048821
 10
-316.4938646722585
 20
290.2023122571991
 10
-261.5002822503448
 20
290.2023122571991
 10
-261.5002822503448
 20
187.0174417796661
  0
LWPOLYLINE
  5
6E
330
65
100
AcDbEntity
  8
I-LK FURNITURE
100
AcDbPolyline
 90
6
 70
0
 10
316.493864913471
 20
290.3940547816455
 10
316.493864913471
 20
303.3868935330538
 10
261.500282490626
 20
303.3868935330538
 10
261.500282490626
 20
290.3940547816455
 10
316.493864913471
 20
290.3940547816455
 10
316.493864913471
 20
187.2091843059752
  0
LWPOLYLINE
  5
6F
330
65
100
AcDbEntity
  8
I-LK FURNITURE
100
AcDbPolyline
 90
3
 70
0
 10
-261.5002822503448
 20
234.6974164407293
 10
-249.5026785582304
 20
234.6974164407293
 10
-248.4983128663152
 20
235.6926514524384
  0
LWPOLYLINE
  5
70
330
65
100
AcDbEntity
  8
I-LK FURNITURE
100
AcDbPolyline
 90
3
 70
0
 10
-248.4983128663152
 20
265.6957913879305
 10
-249.5026785582304
 20
266.6910264015314
 10
-261.5002822503448
 20
266.6910264015314
  0
LWPOLYLINE
  5
71
330
65
100
AcDbEntity
  8
I-LK FURNITURE
100
AcDbPolyline
 90
3
 70
0
 10
261.500282490626
 20
266.8827689259488
 10
249.4935479089618
 20
266.8827689259488
 10
248.4983131065965
 20
265.887533912377
  0
LWPOLYLINE
  5
72
330
65
100
AcDbEntity
  8
I-LK FURNITURE
100
AcDbPolyline
 90
3
 70
0
 10
248.4983131065965
 20
235.8843939806102
 10
249.4935479089618
 20
234.8800283696619
 10
261.500282490626
 20
234.8800283696619
  0
LWPOLYLINE
  5
73
330
65
100
AcDbEntity
  8
I-LK FURNITURE
100
AcDbPolyline
 90
6
 70
0
 10
-248.4983128663152
 20
215.3679437555838
 10
-248.4983128663152
 20
209.633929185482
 10
-242.4995111394674
 20
209.633929185482
 10
-242.4995111394674
 20
215.3679437555838
 10
-248.4983128663152
 20
215.3679437555838
 10
-248.4983128663152
 20
235.9391775574186
  0
LWPOLYLINE
  5
74
330
65
100
AcDbEntity
  8
I-LK FURNITURE
100
AcDbPolyline
 90
6
 70
0
 10
242.49951114133
 20
214.3087945678271
 10
242.49951114133
 20
209.7617575375771
 10
248.4983131065965
 20
209.7617575375771
 10
248.4983131065965
 20
214.3087945678271
 10
242.49951114133
 20
214.3087945678271
 10
242.49951114133
 20
235.9026551716379
  0
LWPOLYLINE
  5
75
330
65
100
AcDbEntity
  8
I-LK FURNITURE
100
AcDbPolyline
 90
2
 70
0
 10
261.500282490626
 20
193.9840868709725
 10
248.4983131065965
 20
193.9840868709725
  0
LWPOLYLINE
  5
76
330
65
100
AcDbEntity
  8
I-LK FURNITURE
100
AcDbPolyline
 90
12
 70
0
 10
-199.0013494417071
 20
-205.7260339055792
 10
-199.0470024608076
 20
-205.7260339055792
 10
-205.8219052646309
 20
-205.2603734877484
 10
-212.3685427363962
 20
-203.8999146163405
 10
-218.3308223336935
 20
-201.8363998194691
 10
-224.0100534074008
 20
-199.0150455166586
 10
-228.6575268339366
 20
-195.974556897243
 10
-232.9671685425565
 20
-192.4044936858118
 10
-236.8568024337292
 20
-188.3779006520635
 10
-240.8833953794092
 20
-183.0273711326881
 10
-240.8651343155652
 20
-183.0547629211214
 10
-240.8576738061383
 20
-183.0615499132546
  0
LWPOLYLINE
  5
77
330
65
100
AcDbEntity
  8
I-LK FURNITURE
100
AcDbPolyline
 90
53
 70
0
 10
249.0004958333448
 20
-155.7268877471797
 10
248.9913651822135
 20
-156.2564623410581
 10
248.9822345301509
 20
-156.7951675323129
 10
248.9731041174382
 20
-157.3247421280539
 10
248.9457121640444
 20
-157.8634473174461
 10
248.9274510992691
 20
-158.4021525068674
 10
248.8544063642621
 20
-159.4613016964868
 10
248.8087533470243
 20
-160.000006885879
 10
248.7631003279239
 20
-160.5295814797864
 10
248.7083168961108
 20
-161.0591560736648
 10
248.6535329874605
 20
-161.5978612649195
 10
248.5804882533848
 20
-162.127435858798
 10
248.5165741704404
 20
-162.6570104526763
 10
248.3522233990952
 20
-163.7161596423248
 10
248.2609173618257
 20
-164.2366036388266
 10
248.1696115639061
 20
-164.766178232705
 10
248.0691748745739
 20
-165.295752828446
 10
247.968738425523
 20
-165.8161968249478
 10
247.8591713234782
 20
-166.3366408233414
 10
247.7404735703021
 20
-166.8662154172198
 10
247.621775817126
 20
-167.3866594137216
 10
247.4939474128187
 20
-167.8979728165723
 10
247.2200293019414
 20
-168.9388608114386
 10
246.9278503647074
 20
-169.9614876134438
 10
246.7726302444935
 20
-170.4728010144318
 10
246.4439289402217
 20
-171.4954278145451
 10
246.2704472793266
 20
-172.0067412173958
 10
246.0969660952687
 20
-172.5089240210073
 10
245.9143542591482
 20
-173.0111068264814
 10
245.7226117718965
 20
-173.5132896319556
 10
245.5308690462261
 20
-174.0063418400532
 10
245.3299961462616
 20
-174.5085246455274
 10
245.1291230078787
 20
-175.001576853625
 10
244.7091154269874
 20
-175.9876812679577
 10
244.4899809863418
 20
-176.4716028805415
 10
244.0334512777627
 20
-177.4394461057091
 10
243.796056009829
 20
-177.9233677182929
 10
243.5586602659896
 20
-178.3981587316375
 10
243.0656081903726
 20
-179.3477407639148
 10
242.8099513817579
 20
-179.8134011836081
 10
242.0155897168443
 20
-181.2103824389633
 10
241.7416716050357
 20
-181.6669122612801
 10
241.1755745569244
 20
-182.5799719077768
 10
240.8833956196904
 20
-183.0273711326881
 10
236.8568024355918
 20
-188.3779006520635
 10
232.9671683069319
 20
-192.4044936858118
 10
228.6575268357992
 20
-195.974556897243
 10
224.0100531708449
 20
-199.0150455166586
 10
218.3308223355561
 20
-201.8363998194691
 10
212.3594123255461
 20
-203.8999146163405
 10
205.821905028075
 20
-205.2603734877484
 10
199.0378718115389
 20
-205.7260339055792
 10
198.9922192692757
 20
-205.7260339055792
  0
LWPOLYLINE
  5
78
330
65
100
AcDbEntity
  8
I-LK FURNITURE
100
AcDbPolyline
 90
2
 70
0
 10
198.9922192692757
 20
-205.7260339055792
 10
-199.0013494417071
 20
-205.7260339055792
  0
LWPOLYLINE
  5
79
330
65
100
AcDbEntity
  8
I-LK FURNITURE
100
AcDbPolyline
 90
40
 70
0
 10
-249.0004958314821
 20
-155.7268877471797
 10
-248.9913651794195
 20
-156.2564623410581
 10
-248.9822345282882
 20
-156.7951675323129
 10
-248.973103877157
 20
-157.3247421280539
 10
-248.954842813313
 20
-157.8634473174461
 10
-248.9274508580565
 20
-158.4021525068674
 10
-248.8544061239809
 20
-159.4613016964868
 10
-248.8178839962929
 20
-160.000006885879
 10
-248.7083166558295
 20
-161.0591560736648
 10
-248.6535332240164
 20
-161.5978612649195
 10
-248.5896189026535
 20
-162.127435858798
 10
-248.5165741685778
 20
-162.6570104526763
 10
-248.3522233972326
 20
-163.7161596423248
 10
-248.2700480110943
 20
-164.2366036388266
 10
-248.0691748727113
 20
-165.295752828446
 10
-247.9687384227291
 20
-165.8161968249478
 10
-247.859171083197
 20
-166.3366408233414
 10
-247.7404733300209
 20
-166.8662154172198
 10
-247.6217755768448
 20
-167.3866594137216
 10
-247.493947410956
 20
-167.8979728165723
 10
-247.2200295384973
 20
-168.9388608114386
 10
-246.9278503628448
 20
-169.9614876134438
 10
-246.7726300042123
 20
-170.4728010144318
 10
-246.4439286999404
 20
-171.4954278145451
 10
-246.2704475149512
 20
-172.0067412173958
 10
-246.0969660924748
 20
-172.5089240210073
 10
-245.914354018867
 20
-173.0111068264814
 10
-245.7226115316153
 20
-173.5132896319556
 10
-245.5308690443635
 20
-174.0063418400532
 10
-245.3391267955303
 20
-174.5085246455274
 10
-244.7091154251248
 20
-175.9876812679577
 10
-244.4899812228978
 20
-176.4716028805415
 10
-243.8051861822605
 20
-177.9233677182929
 10
-243.0656079500914
 20
-179.3477407639148
 10
-242.5542945712805
 20
-180.2790615995764
 10
-242.2895073499531
 20
-180.7447220192698
 10
-242.015589476563
 20
-181.2103824389633
 10
-241.741671603173
 20
-181.6669122612801
 10
-241.1755745550618
 20
-182.5799719077768
 10
-240.8833953794092
 20
-183.0273711326881
  0
LWPOLYLINE
  5
7A
330
65
100
AcDbEntity
  8
I-LK FURNITURE
100
AcDbPolyline
 90
11
 70
0
 10
248.4983131065965
 20
75.66981807732373
 10
248.6900555938482
 20
75.17676586922606
 10
248.7357086120173
 20
75.00328453583644
 10
248.7904920428991
 20
74.83893379979419
 10
248.8270146492869
 20
74.66545246637544
 10
248.8726674299687
 20
74.49197113484844
 10
248.9548428151757
 20
73.97152713645481
 10
248.9731041174382
 20
73.7980458049278
 10
248.9913651822135
 20
73.45108313995297
 10
249.0004958333448
 20
73.26847121102037
 10
249.0004958333448
 20
-155.7268877471797
  0
LWPOLYLINE
  5
7B
330
65
100
AcDbEntity
  8
I-LK FURNITURE
100
AcDbPolyline
 90
30
 70
0
 10
-249.0004958314821
 20
-155.7268877471797
 10
-249.0004958314821
 20
48.26889812995796
 10
-248.9913651794195
 20
48.46064065812971
 10
-248.9822345282882
 20
48.64325258706231
 10
-248.973103877157
 20
48.83499511150876
 10
-248.954842813313
 20
49.01760704041225
 10
-248.9274508580565
 20
49.20021896934486
 10
-248.8909287303686
 20
49.39196149379132
 10
-248.8544061239809
 20
49.57457342272392
 10
-248.8087531058118
 20
49.75718535162741
 10
-248.7631000876427
 20
49.93066668504615
 10
-248.7083166558295
 20
50.11327861397876
 10
-248.5804882515222
 20
50.46024127892451
 10
-248.4343987833709
 20
50.80720394389937
 10
-248.3522233972326
 20
50.98068527728901
 10
-248.2700480110943
 20
51.14503601333126
 10
-248.1787419747561
 20
51.30938674937352
 10
-247.9778688363731
 20
51.61982702853857
 10
-247.8683017343283
 20
51.77504716906697
 10
-247.7587346322834
 20
51.92113671218976
 10
-247.6400368800387
 20
52.07635684899287
 10
-247.5213391268626
 20
52.21331579663092
 10
-247.2656825575978
 20
52.48723369184881
 10
-247.1287235012278
 20
52.62419263762422
 10
-246.9917644457892
 20
52.74289039050927
 10
-246.8548056278379
 20
52.87071874074172
 10
-246.7087161596864
 20
52.98941649548942
 10
-246.5626264531165
 20
53.09898365283153
 10
-246.2704475149512
 20
52.92550231941277
 10
-245.4578243102878
 20
52.29549116556881
  0
LWPOLYLINE
  5
7C
330
65
100
AcDbEntity
  8
I-LK FURNITURE
100
AcDbPolyline
 90
18
 70
0
 10
-235.998526209034
 20
193.4910346647375
 10
-236.5372317805886
 20
193.4910346647375
 10
-237.0850672870874
 20
193.5001652602513
 10
-238.1624777149409
 20
193.4819040654984
 10
-238.7103134598583
 20
193.4727734699845
 10
-239.2490187939256
 20
193.454512277094
 10
-239.796854538843
 20
193.4271204868273
 10
-240.3355598719791
 20
193.399728698423
 10
-241.4129700604826
 20
193.3266839268326
 10
-241.9608060447499
 20
193.2810309436754
 10
-242.4995111394674
 20
193.2353779623809
 10
-242.4995111394674
 20
58.99734895897564
 10
-242.1799402479082
 20
56.97035654791398
 10
-241.2486192891374
 20
54.76075220605708
 10
-239.7512015206739
 20
52.45984190161107
 10
-237.6968173552305
 20
50.04936443979386
 10
-235.998526209034
 20
48.35107349889586
 10
-235.998526209034
 20
193.3905981029093
  0
LWPOLYLINE
  5
7D
330
65
100
AcDbEntity
  8
I-LK FURNITURE
100
AcDbPolyline
 90
37
 70
0
 10
-248.9927867855877
 20
48.27711475553225
 42
-0.0044596891030791
 10
-235.998526209034
 20
48.35107349889586
 10
-236.0259184017777
 20
48.36020409630146
 10
-236.4276644401252
 20
48.4789018491574
 10
-238.0803023288026
 20
48.98108465276891
 10
-240.6825224794447
 20
49.86675251086126
 10
-242.8099511414766
 20
50.72502857679499
 10
-244.4169364878908
 20
51.54678225511453
 10
-245.4578243102878
 20
52.29549116556881
 10
-245.2934737764299
 20
52.4507113060681
 10
-245.1291230050847
 20
52.61506204211037
 10
-244.8186825271696
 20
52.94376351230312
 10
-244.5265033505857
 20
53.29072617727796
 10
-244.3804138824344
 20
53.47333810621058
 10
-244.2434548269957
 20
53.65595003697672
 10
-244.1156266611069
 20
53.83856196590932
 10
-243.9877982567996
 20
54.03030449035577
 10
-243.8691005036235
 20
54.22204701666487
 10
-243.6317049982026
 20
54.62379326028166
 10
-243.5312685482204
 20
54.8246663821046
 10
-243.4217014461756
 20
55.02553950206493
 10
-243.3303954098374
 20
55.23554322312702
 10
-243.2390893725678
 20
55.43641634494998
 10
-243.1477833352983
 20
55.65555065780063
 10
-243.0656079500914
 20
55.86555437697096
 10
-242.9925632150844
 20
56.08468869357603
 10
-242.9195184810087
 20
56.29469241088372
 10
-242.7916903151199
 20
56.73296103844768
 10
-242.736906407401
 20
56.96122595240013
 10
-242.6912536267191
 20
57.18036026525077
 10
-242.6456006076187
 20
57.40862517734058
 10
-242.6090782415122
 20
57.62775949019124
 10
-242.572555873543
 20
57.85602440414367
 10
-242.5451641585678
 20
58.08428931437084
 10
-242.5086415521801
 20
58.54081913665868
 10
-242.4995111394674
 20
58.76908404874846
 10
-242.4995111394674
 20
58.99734895897564
  0
LWPOLYLINE
  5
7E
330
65
100
AcDbEntity
  8
I-LK FURNITURE
100
AcDbPolyline
 90
48
 70
0
 10
238.0163882486522
 20
246.0558784236201
 10
238.5277016274631
 20
245.4076060768566
 10
240.2442538365722
 20
242.3762480548467
 10
241.5042763389647
 20
239.0527109465329
 10
242.2438545711339
 20
235.6378678737674
 10
242.49951114133
 20
232.0769352578791
 10
242.49951114133
 20
193.2353779623809
 10
242.49951114133
 20
83.9969220382045
 10
242.1708095986396
 20
81.9151460484427
 10
241.24861953035
 20
79.76032528525684
 10
239.7146791554987
 20
77.4046314021107
 10
237.6968173570931
 20
75.04893751713098
 10
235.9985264493152
 20
73.35064657812472
 10
236.0259181652218
 20
73.35977717363856
 10
236.4276644419879
 20
73.47847492835717
 10
238.071171679534
 20
73.9806577338313
 10
240.6825224813074
 20
74.86632558819838
 10
242.8099513817579
 20
75.72460165416123
 10
244.4169362522662
 20
76.54635533617694
 10
245.4578243121505
 20
77.29506424476858
 10
245.293473539874
 20
77.45028438343434
 10
245.1291230078787
 20
77.61463511944748
 10
244.8186827674508
 20
77.94333659339462
 10
244.5265035917981
 20
78.29029925834038
 10
244.3804141227156
 20
78.47291118727298
 10
244.243455067277
 20
78.6555231162056
 10
244.1156266629696
 20
78.83813504513819
 10
243.8599698543549
 20
79.22162009400198
 10
243.7504029916599
 20
79.42249321582494
 10
243.6317050000653
 20
79.62336633951053
 10
243.5221378989518
 20
79.82423946133349
 10
243.4217012096196
 20
80.02511258312734
 10
243.3303954117
 20
80.23511630046414
 10
243.2299587223679
 20
80.4359894222871
 10
243.1477835755795
 20
80.65512373886305
 10
243.0656081903726
 20
80.86512745619984
 10
242.9925634562969
 20
81.08426177091314
 10
242.9195187212899
 20
81.29426548822084
 10
242.791690078564
 20
81.73253411951009
 10
242.7369066476822
 20
81.96079902973727
 10
242.6912536285818
 20
82.17993334445055
 10
242.6456006094813
 20
82.40819825654035
 10
242.6090782433748
 20
82.62733257125365
 10
242.5725558754057
 20
82.85559748148079
 10
242.5451641604304
 20
83.0838623935706
 10
242.5086417924613
 20
83.54039221588754
 10
242.49951114133
 20
83.76865712797735
 10
242.49951114133
 20
83.9969220382045
  0
LWPOLYLINE
  5
7F
330
65
100
AcDbEntity
  8
I-LK FURNITURE
100
AcDbPolyline
 90
41
 70
0
 10
-237.9707354661077
 20
201.772485642432
 10
-238.1807390172035
 20
201.6081349064189
 10
-238.3724815044552
 20
201.4529147677531
 10
-238.5733546428382
 20
201.2885640317108
 10
-238.76509713009
 20
201.1150827001547
 10
-238.9477092046291
 20
200.9416013667651
 10
-239.1394516918808
 20
200.7681200333463
 10
-239.31293287687
 20
200.5855081044137
 10
-239.4864142984152
 20
200.3937655781338
 10
-239.6598954834044
 20
200.2111536492012
 10
-239.8333769068122
 20
200.0102805273782
 10
-239.9885972645134
 20
199.8185380029316
 10
-240.1529477983713
 20
199.6176648811088
 10
-240.3081679176539
 20
199.407661163772
 10
-240.4542576242238
 20
199.2067880419781
 10
-240.6003470933065
 20
198.996784320916
 10
-240.8742649666965
 20
198.5585156933521
 10
-241.1299215368927
 20
198.1202470620628
 10
-241.2486192891374
 20
197.8919821518356
 10
-241.3581866286695
 20
197.6637172416085
 10
-241.4677534922957
 20
197.4263217321422
 10
-241.5773208327591
 20
197.1980568219151
 10
-241.6777575202285
 20
196.9606613143114
 10
-241.7690633200109
 20
196.7232658067369
 10
-241.8512387052178
 20
196.4858702991041
 10
-241.942544741556
 20
196.239344194124
 10
-242.015589476563
 20
196.0019486865494
 10
-242.0886342106387
 20
195.7554225834319
 10
-242.1525482935831
 20
195.5088964784518
 10
-242.2164626149461
 20
195.2532397779285
 10
-242.2712460467592
 20
195.0067136729485
 10
-242.3168990649283
 20
194.760187569831
 10
-242.3625520840287
 20
194.5045308674744
 10
-242.4355968181044
 20
193.9932174664864
 10
-242.4629885340109
 20
193.7466913633689
 10
-242.4995111394674
 20
193.2353779623809
 10
-242.4995111394674
 20
232.0769352578791
 10
-242.170809596777
 20
236.1035282934608
 10
-241.1573134902865
 20
240.1301213272091
 10
-239.5046756025404
 20
243.8280128888728
 10
-237.9707354661077
 20
246.0376172307296
  0
SPLINE
  5
80
330
65
100
AcDbEntity
  8
I-LK FURNITURE
100
AcDbSpline
 70
8
 71
3
 72
8
 73
4
 74
0
 42
1e-09
 40
0.0
 40
0.0
 40
0.0
 40
0.0
 40
1.0
 40
1.0
 40
1.0
 40
1.0
 10
-147.185214869678
 20
331.1256455461554
 30
0.0
 10
-173.1104475129396
 20
331.1268626547827
 30
0.0
 10
-194.7351094987243
 20
327.3390411077708
 30
0.0
 10
-196.9946135012433
 20
322.4022024771257
 30
0.0
  0
LWPOLYLINE
  5
81
330
65
100
AcDbEntity
  8
I-LK FURNITURE
100
AcDbPolyline
 90
30
 70
0
 10
-246.5626264531165
 20
53.09898365283153
 10
-246.179141478613
 20
53.39116273910621
 10
-245.8139175679535
 20
53.70160301827127
 10
-245.4669549614191
 20
54.03030449035577
 10
-245.1382534187287
 20
54.37726715716419
 10
-244.9739026464522
 20
54.55987908609677
 10
-244.6634624069557
 20
54.92510294209933
 10
-244.517372937873
 20
55.11684546840843
 10
-244.3804138824344
 20
55.30858799282579
 10
-244.2434548269957
 20
55.50946111464871
 10
-244.1064960099757
 20
55.70120364095783
 10
-243.9786678440869
 20
55.91120736015728
 10
-243.8599700909108
 20
56.11208048195111
 10
-243.62257434614
 20
56.53208791848738
 10
-243.5130072459579
 20
56.75122223133803
 10
-243.4125705566257
 20
56.96122595240013
 10
-243.3121341066435
 20
57.18036026525077
 10
-243.220828069374
 20
57.39949457996408
 10
-243.0564775364473
 20
57.85602440414367
 10
-242.9103880673647
 20
58.31255422459799
 10
-242.7825594246387
 20
58.76908404874846
 10
-242.7277759937569
 20
59.00647955451859
 10
-242.6821229755878
 20
59.24387506395579
 10
-242.6364699564874
 20
59.47213997418294
 10
-242.5999475894496
 20
59.70953548364922
 10
-242.572555873543
 20
59.94693098939023
 10
-242.5451641585678
 20
60.1934570943704
 10
-242.5086415521801
 20
60.66824810957768
 10
-242.4995111394674
 20
60.90564361718134
 10
-242.4995111394674
 20
61.14303912478499
  0
LWPOLYLINE
  5
82
330
65
100
AcDbEntity
  8
I-LK FURNITURE
100
AcDbPolyline
 90
2
 70
0
 10
147.2308676522225
 20
331.1256455461554
 10
-147.1943452823906
 20
331.1256455461554
  0
SPLINE
  5
83
330
65
100
AcDbEntity
  8
I-LK FURNITURE
100
AcDbSpline
 70
8
 71
3
 72
8
 73
4
 74
0
 42
1e-09
 40
0.0
 40
0.0
 40
0.0
 40
0.0
 40
1.0
 40
1.0
 40
1.0
 40
1.0
 10
197.0474022049457
 20
322.4059259353089
 30
0.0
 10
194.7886019721627
 20
327.3390411077708
 30
0.0
 10
173.1639402247965
 20
331.1268626547827
 30
0.0
 10
147.2390387244523
 20
331.1268626547827
 30
0.0
  0
LWPOLYLINE
  5
84
330
65
100
AcDbEntity
  8
I-LK FURNITURE
100
AcDbPolyline
 90
20
 70
0
 10
-147.1943452823906
 20
331.1256455461554
 10
-147.1943452823906
 20
380.5769559177861
 10
-151.5496397707611
 20
380.5495641275193
 10
-155.868411893025
 20
380.4491275675247
 10
-160.1324005834758
 20
380.2847768315114
 10
-164.2868219334632
 20
380.0565119194216
 10
-168.3225455321372
 20
379.7643328331469
 10
-172.1939183576033
 20
379.4173701681722
 10
-175.8644182831049
 20
379.0064933290123
 10
-179.324914181605
 20
378.5499635048618
 10
-182.5480148121715
 20
378.0386501038447
 10
-185.4880669172853
 20
377.4725531241857
 10
-188.1450704988092
 20
376.8790643542598
 10
-190.491633602418
 20
376.2399226048728
 10
-192.5003649890423
 20
375.5642584659798
 10
-194.1712641799822
 20
374.8612025405455
 10
-195.4860701132566
 20
374.1398854184954
 10
-196.4265212463215
 20
373.4003071072802
 10
-197.001748945564
 20
372.6515981986886
 10
-197.001748945564
 20
322.3967953379323
  0
LWPOLYLINE
  5
85
330
65
100
AcDbEntity
  8
I-LK FURNITURE
100
AcDbPolyline
 90
11
 70
0
 10
-237.9707354661077
 20
230.1686405996735
 10
-237.9707354661077
 20
230.4151667065162
 10
-237.9707354661077
 20
290.9418905702769
 10
-237.9707354661077
 20
291.0423271302425
 10
-237.9616045765579
 20
291.1427636920707
 10
-237.943343273364
 20
291.2432002520654
 10
-237.9250824470073
 20
291.3345062183798
 10
-237.8976904936135
 20
291.425812180998
 10
-237.8611681256443
 20
291.5262487428263
 10
-237.8246457595378
 20
291.6175547091407
 10
-237.7881233915687
 20
291.699730076245
  0
LWPOLYLINE
  5
86
330
65
100
AcDbEntity
  8
I-LK FURNITURE
100
AcDbPolyline
 90
3
 70
0
 10
196.9560961686075
 20
321.200687206263
 10
197.0108795994893
 20
321.6754782196076
 10
197.0291409026831
 20
321.9220043245878
  0
LWPOLYLINE
  5
87
330
65
100
AcDbEntity
  8
I-LK FURNITURE
100
AcDbPolyline
 90
20
 70
0
 10
197.0474022049457
 20
322.3967953379323
 10
197.0474022049457
 20
372.6515981986886
 10
196.4721745047718
 20
373.4003071072802
 10
195.5317228958011
 20
374.1398854184954
 10
194.2169169615954
 20
374.8612025405455
 10
192.546018009074
 20
375.5642584659798
 10
190.5372868617997
 20
376.2399226048728
 10
188.1907232813537
 20
376.8790643542598
 10
185.5337199382484
 20
377.4725531241857
 10
182.5936678322032
 20
378.0386501038447
 10
179.3705674409866
 20
378.5499635048618
 10
175.910071304068
 20
379.0064933290123
 10
172.2304407265037
 20
379.4173701681722
 10
168.3681985521689
 20
379.7643328331469
 10
164.3324747160077
 20
380.0565119194216
 10
160.1780536044389
 20
380.2847768315114
 10
155.9140649139881
 20
380.4491275675247
 10
151.5952930301428
 20
380.5495641275193
 10
147.2308676522225
 20
380.5769559177861
 10
147.2308676522225
 20
331.1256455461554
  0
LWPOLYLINE
  5
88
330
65
100
AcDbEntity
  8
I-LK FURNITURE
100
AcDbPolyline
 90
2
 70
0
 10
-147.1943452823906
 20
380.5769559177861
 10
147.2308676522225
 20
380.5769559177861
  0
LWPOLYLINE
  5
89
330
65
100
AcDbEntity
  8
I-LK FURNITURE
100
AcDbPolyline
 90
2
 70
0
 10
-237.7881233915687
 20
231.2460509821831
 10
-197.001748945564
 20
322.3967953379323
  0
LWPOLYLINE
  5
8A
330
65
100
AcDbEntity
  8
I-LK FURNITURE
100
AcDbPolyline
 90
2
 70
0
 10
197.0474022049457
 20
322.3967953379323
 10
237.8246457614005
 20
231.2460509821831
  0
LWPOLYLINE
  5
8B
330
65
100
AcDbEntity
  8
I-LK FURNITURE
100
AcDbPolyline
 90
6
 70
0
 10
238.0163882486522
 20
199.407661163772
 10
238.0163882486522
 20
199.4624447406095
 10
238.0255186613649
 20
230.4151667065162
 42
0.1070548578999295
 10
237.8246457614005
 20
231.2460509821831
 10
237.8246457614005
 20
291.699730076245
 10
197.0474022049457
 20
372.6515981986886
  0
LWPOLYLINE
  5
8C
330
65
100
AcDbEntity
  8
I-LK FURNITURE
100
AcDbPolyline
 90
6
 70
0
 10
-197.001748945564
 20
372.6515981986886
 10
-237.7881233915687
 20
291.699730076245
 10
-237.7881233915687
 20
231.2460509821831
 42
0.1104337528806687
 10
-237.9707354661077
 20
230.4151667065162
 10
-237.9707354661077
 20
199.4624447406095
 10
-237.9707354661077
 20
199.407661163772
  0
LWPOLYLINE
  5
8D
330
65
100
AcDbEntity
  8
I-LK FURNITURE
100
AcDbPolyline
 90
11
 70
0
 10
238.0163882486522
 20
230.1686405996735
 10
238.0163882486522
 20
230.4151667065162
 10
238.0163882486522
 20
290.9418905702769
 10
238.0163882486522
 20
291.0423271302425
 10
238.0072578350082
 20
291.1427636920707
 10
237.9889965318143
 20
291.2432002520654
 10
237.9707352295518
 20
291.3345062183798
 10
237.9433435136452
 20
291.425812180998
 10
237.9068211466074
 20
291.5262487428263
 10
237.8702987795696
 20
291.6175547091407
 10
237.8246457614005
 20
291.699730076245
  0
LWPOLYLINE
  5
8E
330
65
100
AcDbEntity
  8
I-LK FURNITURE
100
AcDbPolyline
 90
2
 70
0
 10
-318.4934651684017
 20
240.6962183068681
 10
-318.4934651684017
 20
290.6953644652967
  0
LWPOLYLINE
  5
8F
330
65
100
AcDbEntity
  8
I-LK FURNITURE
100
AcDbPolyline
 90
2
 70
0
 10
318.4934654096141
 20
290.8871069916058
 10
318.4934654096141
 20
240.8879608331772
  0
LWPOLYLINE
  5
90
330
65
100
AcDbEntity
  8
I-LK FURNITURE
100
AcDbPolyline
 90
81
 70
0
 10
-316.4938646722585
 20
-111.799588228314
 10
-316.4938646722585
 20
155.188182556798
 10
-311.4994284007698
 20
155.188182556798
 10
-311.4994284007698
 20
-91.80358200351475
 10
-311.4902977496386
 20
-91.967932739557
 10
-311.4902977496386
 20
-92.14141407297576
 10
-311.4720366857946
 20
-92.31489540453184
 10
-311.4537753826007
 20
-92.479246140545
 10
-311.4263836666942
 20
-92.65272747396375
 10
-311.3533389326185
 20
-92.98142894601914
 10
-311.3076859135181
 20
-93.15491027757523
 10
-311.262032895349
 20
-93.31013041810363
 10
-311.1524655558169
 20
-93.63883189015905
 10
-311.0794208208099
 20
-93.79405203068745
 10
-311.0155069762841
 20
-93.94927216932408
 10
-310.9333313517272
 20
-94.10449230798986
 10
-310.8602866176517
 20
-94.25058185114176
 10
-310.5863687451929
 20
-94.6888504824019
 10
-310.4859322952107
 20
-94.82580942817731
 10
-310.3763651940972
 20
-94.95363777840976
 10
-310.2667978536338
 20
-95.0905967260478
 10
-310.1481001004577
 20
-95.21842507630934
 10
-309.9107045950368
 20
-95.455820583913
 10
-309.7828761907294
 20
-95.5745183367689
 10
-309.6550480248407
 20
-95.68408549414013
 10
-309.244171096012
 20
-95.98539517779135
 10
-309.0980816278606
 20
-96.07670114224312
 10
-308.9519921597093
 20
-96.15887650934746
 10
-308.7967720385641
 20
-96.24105187828535
 10
-308.486331560649
 20
-96.38714141957462
 10
-308.1758913211524
 20
-96.51496977166971
 10
-308.0115405488759
 20
-96.56975335034076
 10
-307.6828392446041
 20
-96.66105931482159
 10
-307.5184884732589
 20
-96.69758170060234
 10
-307.3450070507823
 20
-96.72497348900652
 10
-307.1806562785059
 20
-96.75236527927338
 10
-307.0071750953794
 20
-96.7797570695402
 10
-306.8428240846843
 20
-96.78888766505405
 10
-306.6693429006264
 20
-96.79801826243057
 10
-306.4958614781499
 20
-96.79801826243057
 10
-271.4982854453847
 20
-96.79801826243057
 10
-271.3248040229081
 20
-96.79801826243057
 10
-271.1604532506317
 20
-96.78888766505405
 10
-270.9869720665738
 20
-96.7797570695402
 10
-270.8134906440973
 20
-96.75236527927338
 10
-270.4847891014069
 20
-96.69758170060234
 10
-270.3113079164177
 20
-96.66105931482159
 10
-269.9826063737273
 20
-96.56975335034076
 10
-269.8273862535134
 20
-96.51496977166971
 10
-269.6630357205868
 20
-96.4510555974848
 10
-269.5078153628856
 20
-96.38714141957462
 10
-269.1973748840392
 20
-96.24105187828535
 10
-269.0512854149565
 20
-96.15887650934746
 10
-268.8960652947426
 20
-96.07670114224312
 10
-268.7591064777225
 20
-95.98539517779135
 10
-268.6130167711526
 20
-95.88495861779666
 10
-268.3390988977626
 20
-95.68408549414013
 10
-268.2112707318738
 20
-95.5745183367689
 10
-268.0834423284978
 20
-95.455820583913
 10
-267.8460468221456
 20
-95.21842507630934
 10
-267.7273490689695
 20
-95.0905967260478
 10
-267.6177817294374
 20
-94.95363777840976
 10
-267.5173452794552
 20
-94.82580942817731
 10
-267.4169088285416
 20
-94.6888504824019
 10
-267.3164721410722
 20
-94.5427609392791
 10
-267.2251661028713
 20
-94.3966713961272
 10
-267.060815570876
 20
-94.10449230798986
 10
-266.9786401847377
 20
-93.94927216932408
 10
-266.8508117804304
 20
-93.63883189015905
 10
-266.7868974590674
 20
-93.4744811541168
 10
-266.7321140281856
 20
-93.31013041810363
 10
-266.6864610090852
 20
-93.15491027757523
 10
-266.6408079899848
 20
-92.98142894601914
 10
-266.5677632559091
 20
-92.65272747396375
 10
-266.5403715409338
 20
-92.479246140545
 10
-266.52211023774
 20
-92.31489540453184
 10
-266.5038491729647
 20
-91.967932739557
 10
-266.4947185218334
 20
-91.80358200351475
 10
-266.4947185218334
 20
155.188182556798
 10
-261.5002822503448
 20
155.188182556798
 10
-261.5002822503448
 20
-111.799588228314
  0
LWPOLYLINE
  5
91
330
65
100
AcDbEntity
  8
I-LK FURNITURE
100
AcDbPolyline
 90
4
 70
0
 10
-316.4938646722585
 20
155.188182556798
 10
-316.4938646722585
 20
187.0174417796661
 10
-311.4994284007698
 20
187.0174417796661
 10
-311.4994284007698
 20
155.188182556798
  0
LWPOLYLINE
  5
92
330
65
100
AcDbEntity
  8
I-LK FURNITURE
100
AcDbPolyline
 90
4
 70
1
 10
-261.5002822503448
 20
-111.799588228314
 10
-316.4938646722585
 20
-111.799588228314
 10
-316.4938646722585
 20
-121.7975913397968
 10
-261.5002822503448
 20
-121.7975913397968
  0
LWPOLYLINE
  5
93
330
65
100
AcDbEntity
  8
I-LK FURNITURE
100
AcDbPolyline
 90
4
 70
0
 10
-266.4947185218334
 20
155.188182556798
 10
-266.4947185218334
 20
187.0174417796661
 10
-261.5002822503448
 20
187.0174417796661
 10
-261.5002822503448
 20
155.188182556798
  0
LWPOLYLINE
  5
94
330
65
100
AcDbEntity
  8
I-LK FURNITURE
100
AcDbPolyline
 90
4
 70
0
 10
-266.4947185218334
 20
187.0174417796661
 10
-266.4947185218334
 20
241.6549309346592
 10
-311.4994284007698
 20
241.6549309346592
 10
-311.4994284007698
 20
187.0174417796661
  0
LWPOLYLINE
  5
95
330
65
100
AcDbEntity
  8
I-LK FURNITURE
100
AcDbPolyline
 90
2
 70
0
 10
-316.4938646722585
 20
290.2023122571991
 10
-316.4938646722585
 20
187.0174417796661
  0
LWPOLYLINE
  5
96
330
65
100
AcDbEntity
  8
I-LK FURNITURE
100
AcDbPolyline
 90
2
 70
0
 10
-266.4947185218334
 20
115.2692148787901
 10
-311.4994284007698
 20
115.2692148787901
  0
LWPOLYLINE
  5
97
330
65
100
AcDbEntity
  8
I-LK FURNITURE
100
AcDbPolyline
 90
2
 70
0
 10
-266.4947185218334
 20
152.7046603233903
 10
-311.4994284007698
 20
152.7046603233903
  0
LWPOLYLINE
  5
98
330
65
100
AcDbEntity
  8
I-LK FURNITURE
100
AcDbPolyline
 90
2
 70
0
 10
-266.4947185218334
 20
219.8419360179978
 10
-311.4994284007698
 20
219.8419360179978
  0
LWPOLYLINE
  5
99
330
65
100
AcDbEntity
  8
I-LK FURNITURE
100
AcDbPolyline
 90
2
 70
0
 10
-266.4947185218334
 20
233.8208791819052
 10
-311.4994284007698
 20
233.8208791819052
  0
LWPOLYLINE
  5
9A
330
65
100
AcDbEntity
  8
I-LK FURNITURE
100
AcDbPolyline
 90
4
 70
1
 10
316.493864913471
 20
187.2091843059752
 10
311.4994284026325
 20
187.2091843059752
 10
311.4994284026325
 20
155.3799250812444
 10
316.493864913471
 20
155.3799250812444
  0
LWPOLYLINE
  5
9B
330
65
100
AcDbEntity
  8
I-LK FURNITURE
100
AcDbPolyline
 90
6
 70
0
 10
316.493864913471
 20
155.3799250812444
 10
316.493864913471
 20
-111.6078457020049
 10
261.500282490626
 20
-111.6078457020049
 10
261.500282490626
 20
-121.6149794108642
 10
316.493864913471
 20
-121.6149794108642
 10
316.493864913471
 20
-111.6078457020049
  0
LWPOLYLINE
  5
9C
330
65
100
AcDbEntity
  8
I-LK FURNITURE
100
AcDbPolyline
 90
83
 70
0
 10
261.500282490626
 20
-111.6078457020049
 10
261.500282490626
 20
155.3799250812444
 10
266.4947185236961
 20
155.3799250812444
 10
266.4947185236961
 20
-91.61183947909738
 10
266.5038491748273
 20
-91.7853208106244
 10
266.5129798268899
 20
-91.94967154666664
 10
266.5221104780212
 20
-92.12315288008541
 10
266.5403715427965
 20
-92.29663421161241
 10
266.5677634961903
 20
-92.46098494765465
 10
266.6042856257409
 20
-92.6253356836969
 10
266.6408082311973
 20
-92.79881701711562
 10
266.7321142684668
 20
-93.12751848917105
 10
266.78689770028
 20
-93.28273862969942
 10
266.8416811311617
 20
-93.44708936571259
 10
266.9147258661687
 20
-93.60230950251572
 10
266.9786401875317
 20
-93.75752964304412
 10
267.0608155727386
 20
-93.91274978354342
 10
267.1429909579456
 20
-94.0588393266953
 10
267.2251663440838
 20
-94.2140594671946
 10
267.3164723813534
 20
-94.35101841297
 10
267.4077784176916
 20
-94.49710795612192
 10
267.5173452813178
 20
-94.6340669018682
 10
267.6177819697186
 20
-94.77102584950626
 10
267.7273493092506
 20
-94.89885419973871
 10
267.8460470624268
 20
-95.02668255186293
 10
268.0834423303604
 20
-95.2640780576039
 10
268.2112707346679
 20
-95.3827758123225
 10
268.3390991389751
 20
-95.49234296783106
 10
268.6130170114338
 20
-95.69321608965402
 10
268.7591064795852
 20
-95.79365265148226
 10
268.8960655350238
 20
-95.88495861779666
 10
269.0421550041065
 20
-95.967133984901
 10
269.3525954829529
 20
-96.13148472091417
 10
269.8182558426633
 20
-96.32322724536058
 10
269.9826063755899
 20
-96.37801082403166
 10
270.3113079182804
 20
-96.46931678851251
 10
270.4756586905569
 20
-96.50583917429321
 10
270.6491401130334
 20
-96.54236156007391
 10
270.8134908843786
 20
-96.56062275482692
 10
270.9869720693678
 20
-96.58801454323113
 10
271.1513226013631
 20
-96.5971451406076
 10
271.4982854472473
 20
-96.61540633352708
 10
306.4958617184311
 20
-96.61540633352708
 10
306.6693431409076
 20
-96.60627573612146
 10
306.8336939122528
 20
-96.5971451406076
 10
307.007175097242
 20
-96.58801454323113
 10
307.1806565197185
 20
-96.56062275482692
 10
307.3450072910637
 20
-96.54236156007391
 10
307.5093578239903
 20
-96.50583917429321
 10
307.6828390080482
 20
-96.46931678851251
 10
308.0115405507386
 20
-96.37801082403166
 10
308.1667606718838
 20
-96.32322724536058
 10
308.3311114422977
 20
-96.25931307117573
 10
308.6415519211441
 20
-96.13148472091417
 10
308.7967718029395
 20
-96.04930935383892
 10
308.9428615104406
 20
-95.967133984901
 10
309.0980816297233
 20
-95.88495861779666
 10
309.2350404467434
 20
-95.79365265148226
 10
309.3811301542446
 20
-95.69321608965402
 10
309.6550480276346
 20
-95.49234296783106
 10
309.782876431942
 20
-95.3827758123225
 10
309.9107045978308
 20
-95.2640780576039
 10
310.1481003407389
 20
-95.02668255186293
 10
310.266798093915
 20
-94.89885419973871
 10
310.3763651959598
 20
-94.77102584950626
 10
310.5772380959243
 20
-94.49710795612192
 10
310.6776750227436
 20
-94.35101841297
 10
310.7689808215946
 20
-94.2140594671946
 10
310.8511562068015
 20
-94.0588393266953
 10
310.9333315929398
 20
-93.91274978354342
 10
311.0155067406595
 20
-93.75752964304412
 10
311.1433353833854
 20
-93.44708936571259
 10
311.2072492279112
 20
-93.28273862969942
 10
311.2620331356302
 20
-93.12751848917105
 10
311.3533389344811
 20
-92.79881701711562
 10
311.389861301519
 20
-92.6253356836969
 10
311.4263836685568
 20
-92.46098494765465
 10
311.4537756228819
 20
-92.29663421161241
 10
311.4720366876572
 20
-92.12315288008541
 10
311.4811673387885
 20
-91.94967154666664
 10
311.4902979899198
 20
-91.7853208106244
 10
311.4994284026325
 20
-91.61183947909738
 10
311.4994284026325
 20
155.3799250812444
  0
LWPOLYLINE
  5
9D
330
65
100
AcDbEntity
  8
I-LK FURNITURE
100
AcDbPolyline
 90
4
 70
0
 10
261.500282490626
 20
155.3799250812444
 10
261.500282490626
 20
187.2091843059752
 10
266.4947185236961
 20
187.2091843059752
 10
266.4947185236961
 20
155.3799250812444
  0
LWPOLYLINE
  5
9E
330
65
100
AcDbEntity
  8
I-LK FURNITURE
100
AcDbPolyline
 90
4
 70
0
 10
311.4994284026325
 20
187.2091843059752
 10
311.4994284026325
 20
241.8466734609683
 10
266.4947185236961
 20
241.8466734609683
 10
266.4947185236961
 20
187.2091843059752
  0
LWPOLYLINE
  5
9F
330
65
100
AcDbEntity
  8
I-LK FURNITURE
100
AcDbPolyline
 90
2
 70
0
 10
261.500282490626
 20
290.3940547816455
 10
261.500282490626
 20
187.2091843059752
  0
LWPOLYLINE
  5
A0
330
65
100
AcDbEntity
  8
I-LK FURNITURE
100
AcDbPolyline
 90
2
 70
0
 10
311.4994284026325
 20
152.8964028478367
 10
266.4947185236961
 20
152.8964028478367
  0
LWPOLYLINE
  5
A1
330
65
100
AcDbEntity
  8
I-LK FURNITURE
100
AcDbPolyline
 90
2
 70
0
 10
311.4994284026325
 20
115.4518268077227
 10
266.4947185236961
 20
115.4518268077227
  0
LWPOLYLINE
  5
A2
330
65
100
AcDbEntity
  8
I-LK FURNITURE
100
AcDbPolyline
 90
2
 70
0
 10
311.4994284026325
 20
220.0336785424442
 10
266.4947185236961
 20
220.0336785424442
  0
LWPOLYLINE
  5
A3
330
65
100
AcDbEntity
  8
I-LK FURNITURE
100
AcDbPolyline
 90
2
 70
0
 10
311.4994284026325
 20
234.0126217063516
 10
266.4947185236961
 20
234.0126217063516
  0
LWPOLYLINE
  5
A4
330
65
100
AcDbEntity
  8
I-LK FURNITURE
100
AcDbPolyline
 90
2
 70
0
 10
-249.5026785582304
 20
234.6974164407293
 10
-249.5026785582304
 20
266.6910264015314
  0
LWPOLYLINE
  5
A5
330
65
100
AcDbEntity
  8
I-LK FURNITURE
100
AcDbPolyline
 90
2
 70
0
 10
249.4935479089618
 20
266.8827689259488
 10
249.4935479089618
 20
234.8800283696619
  0
LWPOLYLINE
  5
A6
330
65
100
AcDbEntity
  8
I-LK FURNITURE
100
AcDbPolyline
 90
4
 70
1
 10
248.4983131065965
 20
257.6517359141144
 10
242.49951114133
 20
257.6517359141144
 10
242.49951114133
 20
235.9026551716379
 10
248.4983131065965
 20
235.9026551716379
  0
LWPOLYLINE
  5
A7
330
65
100
AcDbEntity
  8
I-LK FURNITURE
100
AcDbPolyline
 90
4
 70
1
 10
-248.4983128663152
 20
235.9391775574186
 10
-242.4995111394674
 20
235.9391775574186
 10
-242.4995111394674
 20
257.6517359141144
 10
-248.4983128663152
 20
257.6517359141144
  0
LWPOLYLINE
  5
A8
330
65
100
AcDbEntity
  8
I-LK FURNITURE
100
AcDbPolyline
 90
4
 70
0
 10
242.49951114133
 20
257.6517359141144
 10
242.49951114133
 20
276.6798989156086
 10
248.4983131065965
 20
276.6798989156086
 10
248.4983131065965
 20
257.6517359141144
  0
LWPOLYLINE
  5
A9
330
65
100
AcDbEntity
  8
I-LK FURNITURE
100
AcDbPolyline
 90
4
 70
0
 10
-242.4995111394674
 20
257.6517359141144
 10
-242.4995111394674
 20
276.6798989156086
 10
-248.4983128663152
 20
276.6798989156086
 10
-248.4983128663152
 20
257.6517359141144
  0
LWPOLYLINE
  5
AA
330
65
100
AcDbEntity
  8
I-LK FURNITURE
100
AcDbPolyline
 90
21
 70
0
 10
242.49951114133
 20
249.2972401629959
 10
242.4355970583856
 20
249.461590899009
 10
242.3990744529292
 20
249.5072438821662
 10
242.3808131497353
 20
249.5163744777092
 10
242.3808131497353
 20
249.5255050731939
 10
242.2073319656774
 20
249.6076804421609
 10
241.9973284136504
 20
249.6076804421609
 10
241.9973284136504
 20
277.1729511237063
 10
242.0521118454635
 20
277.1729511237063
 10
242.0977648645639
 20
277.1638205281924
 10
242.1525485347956
 20
277.1455593353021
 10
242.2438545711339
 20
277.1090369495214
 10
242.2895075902343
 20
277.0816451610881
 10
242.3260297188535
 20
277.0451227734447
 10
242.3716827370226
 20
277.008600387664
 10
242.3990744529292
 20
276.9720780018833
 10
242.4538583606482
 20
276.8807720374316
 10
242.4721191879362
 20
276.8351190561079
 10
242.481250077486
 20
276.7803354774369
 10
242.4903804901987
 20
276.7346824961423
 10
242.49951114133
 20
276.6798989156086
  0
LWPOLYLINE
  5
AB
330
65
100
AcDbEntity
  8
I-LK FURNITURE
100
AcDbPolyline
 90
45
 70
0
 10
248.4983131065965
 20
276.6798989156086
 10
248.4709211522713
 20
277.2551264926442
 10
248.4435294363648
 20
277.4468690189534
 10
248.4161377204582
 20
277.6294809478859
 10
248.3887460045516
 20
277.8212234723032
 10
248.3522233990952
 20
278.0038354012358
 10
248.3065703809261
 20
278.1955779275449
 10
248.1422196086496
 20
278.743413712451
 10
248.0783055257052
 20
278.9260256413836
 10
247.9322160575539
 20
279.2729883082211
 10
247.8500406723469
 20
279.4464696397481
 10
247.758734873496
 20
279.6199509731669
 10
247.6674288362265
 20
279.7843017092091
 10
247.5761227989569
 20
279.9577830407361
 10
247.4756861105561
 20
280.1130031812645
 10
247.3661192469299
 20
280.2773539173068
 10
247.1469845678657
 20
280.5877941964718
 10
247.0282870531082
 20
280.7338837396237
 10
246.9004586488008
 20
280.8799732846092
 10
246.7726302444935
 20
281.0169322285219
 10
246.6448020786047
 20
281.1630217716447
 10
246.5078430231661
 20
281.2908501237689
 10
246.0695743784308
 20
281.6743351744954
 10
245.9234846718609
 20
281.7839023318666
 10
245.7682647900656
 20
281.9026000847225
 10
245.6130444314331
 20
282.0121672420937
 10
245.2843431271613
 20
282.2130403639167
 10
245.119992355816
 20
282.3043463302311
 10
244.9465109333396
 20
282.3956522928202
 10
244.7730297483504
 20
282.4778276617871
 10
244.426067141816
 20
282.62391720491
 10
244.243455067277
 20
282.6969619765005
 10
244.0699736438692
 20
282.7608761506854
 10
243.8873615702614
 20
282.8156597312191
 10
243.6956193214282
 20
282.8704433080275
 10
243.5130072478205
 20
282.9160962912138
 10
243.3303954117
 20
282.9526186751318
 10
243.1386529244483
 20
282.9891410627752
 10
242.9469104371965
 20
283.016532853042
 10
242.7642983626574
 20
283.0439246414462
 10
242.5725558754057
 20
283.0621858343366
 10
242.1890709009022
 20
283.0804470272269
 10
241.9973284136504
 20
283.0804470272269
 10
241.9973284136504
 20
277.1729511237063
 10
238.0163882486522
 20
277.1729511237063
  0
LWPOLYLINE
  5
AC
330
65
100
AcDbEntity
  8
I-LK FURNITURE
100
AcDbPolyline
 90
48
 70
0
 10
-237.9707354661077
 20
277.1729511237063
 10
-241.9973281733692
 20
277.1729511237063
 10
-241.9973281733692
 20
283.0804470272269
 10
-242.1890708990395
 20
283.0804470272269
 10
-242.572555873543
 20
283.0621858343366
 10
-242.7642983607948
 20
283.0439246414462
 10
-242.9560410864651
 20
283.016532853042
 10
-243.1386529225856
 20
282.9891410627752
 10
-243.3303954098374
 20
282.9526186751318
 10
-243.5130072459579
 20
282.9160962912138
 10
-243.7047497322783
 20
282.8704433080275
 10
-244.0699736420065
 20
282.7608761506854
 10
-244.2434548269957
 20
282.6969619765005
 10
-244.4260669015348
 20
282.62391720491
 10
-244.7730295080692
 20
282.4778276617871
 10
-244.946510931477
 20
282.3956522928202
 10
-245.1199921155348
 20
282.3043463302311
 10
-245.28434288688
 20
282.2130403639167
 10
-245.6130444295704
 20
282.0121672420937
 10
-245.7682645497844
 20
281.9026000847225
 10
-245.9234849084169
 20
281.7839023318666
 10
-246.0695743765682
 20
281.6743351744954
 10
-246.2247944967821
 20
281.5465068224003
 10
-246.3617535531521
 20
281.4186784740014
 10
-246.5078430213034
 20
281.2908501237689
 10
-246.6448018383236
 20
281.1630217716447
 10
-246.7726300042123
 20
281.0169322285219
 10
-246.9004586469382
 20
280.8799732846092
 10
-247.028286812827
 20
280.7338837396237
 10
-247.1469848044217
 20
280.5877941964718
 10
-247.3661190066487
 20
280.2773539173068
 10
-247.4756861086935
 20
280.1130031812645
 10
-247.5761225586757
 20
279.9577830407361
 10
-247.6765592470765
 20
279.7843017092091
 10
-247.7678650459275
 20
279.6199509731669
 10
-247.9322160556912
 20
279.2729883082211
 10
-248.0783055238426
 20
278.9260256413836
 10
-248.2061336897314
 20
278.5608017835184
 10
-248.2609175983816
 20
278.3781898564775
 10
-248.3065706174821
 20
278.1955779275449
 10
-248.3522233972326
 20
278.0038354012358
 10
-248.3887457642704
 20
277.8212234723032
 10
-248.416137480177
 20
277.6294809478859
 10
-248.4435294345021
 20
277.4468690189534
 10
-248.4709211494774
 20
277.2551264926442
 10
-248.48005180154
 20
277.0633839663351
 10
-248.4983128663152
 20
276.871641440026
 10
-248.4983128663152
 20
276.6798989156086
  0
LWPOLYLINE
  5
AD
330
65
100
AcDbEntity
  8
I-LK FURNITURE
100
AcDbPolyline
 90
19
 70
0
 10
-242.4995111394674
 20
249.288109567482
 10
-242.4629885340109
 20
249.4341991106048
 10
-242.353421671316
 20
249.5528968653525
 10
-242.1890708990395
 20
249.6076804421609
 10
-241.9973281733692
 20
249.6076804421609
 10
-241.9973281733692
 20
277.1729511237063
 10
-242.0521118436009
 20
277.1729511237063
 10
-242.0977648627013
 20
277.1638205281924
 10
-242.1525482935831
 20
277.1455593353021
 10
-242.2438543308526
 20
277.1090369495214
 10
-242.2895073499531
 20
277.0816451610881
 10
-242.3351603681222
 20
277.0451227734447
 10
-242.3716824967414
 20
277.008600387664
 10
-242.3990746894851
 20
276.9720780018833
 10
-242.4538581203669
 20
276.8807720374316
 10
-242.4721194235608
 20
276.8351190561079
 10
-242.4903804883361
 20
276.7803354774369
 10
-242.4995111394674
 20
276.7346824961423
 10
-242.4995111394674
 20
276.6798989156086
  0
LWPOLYLINE
  5
AE
330
65
100
AcDbEntity
  8
I-LK FURNITURE
100
AcDbPolyline
 90
4
 70
0
 10
-241.9973281733692
 20
249.6076804421609
 10
-240.6551305251196
 20
249.5711580582429
 10
-239.31293287687
 20
249.5528968653525
 10
-237.9707354661077
 20
249.5255050731939
  0
LWPOLYLINE
  5
AF
330
65
100
AcDbEntity
  8
I-LK FURNITURE
100
AcDbPolyline
 90
3
 70
0
 10
238.0163882486522
 20
249.5346356705995
 10
239.3494554832578
 20
249.5528968653525
 10
241.9973284136504
 20
249.6076804421609
  0
LWPOLYLINE
  5
B0
330
65
100
AcDbEntity
  8
I-LK FURNITURE
100
AcDbPolyline
 90
2
 70
0
 10
241.9973284136504
 20
283.0804470272269
 10
238.0163882486522
 20
283.0804470272269
  0
LWPOLYLINE
  5
B1
330
65
100
AcDbEntity
  8
I-LK FURNITURE
100
AcDbPolyline
 90
2
 70
0
 10
-237.9707354661077
 20
283.0804470272269
 10
-241.9973281733692
 20
283.0804470272269
  0
LWPOLYLINE
  5
B2
330
65
100
AcDbEntity
  8
I-LK FURNITURE
100
AcDbPolyline
 90
2
 70
0
 10
248.4983131065965
 20
214.3087945678271
 10
248.4983131065965
 20
235.9026551716379
  0
LWPOLYLINE
  5
B3
330
65
100
AcDbEntity
  8
I-LK FURNITURE
100
AcDbPolyline
 90
2
 70
0
 10
-242.4995111394674
 20
235.9391775574186
 10
-242.4995111394674
 20
215.3679437555838
  0
LWPOLYLINE
  5
B4
330
65
100
AcDbEntity
  8
I-LK FURNITURE
100
AcDbPolyline
 90
4
 70
0
 10
248.4983131065965
 20
75.64242628705688
 10
248.4983131065965
 20
149.4724291795574
 10
242.49951114133
 20
149.4724291795574
 10
242.49951114133
 20
83.8234407066484
  0
LWPOLYLINE
  5
B5
330
65
100
AcDbEntity
  8
I-LK FURNITURE
100
AcDbPolyline
 90
5
 70
0
 10
-248.4983128663152
 20
50.67024499626132
 10
-248.4983128663152
 20
52.78854337180383
 10
-248.4983128663152
 20
149.3902538124821
 10
-242.4995111394674
 20
149.3902538124821
 10
-242.4995111394674
 20
61.32565105371759
  0
LWPOLYLINE
  5
B6
330
65
100
AcDbEntity
  8
I-LK FURNITURE
100
AcDbPolyline
 90
2
 70
0
 10
242.49951114133
 20
149.4724291795574
 10
242.49951114133
 20
209.7617575375771
  0
LWPOLYLINE
  5
B7
330
65
100
AcDbEntity
  8
I-LK FURNITURE
100
AcDbPolyline
 90
2
 70
0
 10
248.4983131065965
 20
149.4724291795574
 10
248.4983131065965
 20
209.7617575375771
  0
LWPOLYLINE
  5
B8
330
65
100
AcDbEntity
  8
I-LK FURNITURE
100
AcDbPolyline
 90
2
 70
0
 10
-248.4983128663152
 20
209.633929185482
 10
-248.4983128663152
 20
149.3902538124821
  0
LWPOLYLINE
  5
B9
330
65
100
AcDbEntity
  8
I-LK FURNITURE
100
AcDbPolyline
 90
2
 70
0
 10
-242.4995111394674
 20
209.633929185482
 10
-242.4995111394674
 20
149.3902538124821
  0
LWPOLYLINE
  5
BA
330
65
100
AcDbEntity
  8
I-LK FURNITURE
100
AcDbPolyline
 90
5
 70
0
 10
241.9973284136504
 20
223.7041783138411
 10
242.1890709009022
 20
223.4485216152098
 10
242.3534214347601
 20
223.2019955102296
 10
242.4629887742922
 20
222.9554694071121
 10
242.49951114133
 20
222.6998127047555
  0
LWPOLYLINE
  5
BB
330
65
100
AcDbEntity
  8
I-LK FURNITURE
100
AcDbPolyline
 90
7
 70
0
 10
-242.4995111394674
 20
222.6085067421373
 10
-242.4355968181044
 20
222.9919917910302
 10
-242.3990746894851
 20
223.0924283528584
 10
-242.389943799004
 20
223.1198201431544
 10
-242.3808133862913
 20
223.1380813360447
 10
-242.2073319638148
 20
223.3663462462719
 10
-241.9973281733692
 20
223.612872351252
  0
LWPOLYLINE
  5
BC
330
65
100
AcDbEntity
  8
I-LK FURNITURE
100
AcDbPolyline
 90
3
 70
0
 10
249.0004958333448
 20
73.27760180656333
 42
0.0042774242368321
 10
235.9985264493152
 20
73.35064657812472
 10
235.9985264493152
 20
193.3358145242091
  0
LWPOLYLINE
  5
BD
330
65
100
AcDbEntity
  8
I-LK FURNITURE
100
AcDbPolyline
 90
3
 70
0
 10
246.5352347390726
 20
78.08942613651745
 10
246.1791414804757
 20
77.8702918199706
 10
245.4578243121505
 20
77.29506424476858
  0
LWPOLYLINE
  5
BE
330
65
100
AcDbEntity
  8
I-LK FURNITURE
100
AcDbPolyline
 90
33
 70
0
 10
235.9985264493152
 20
193.4910346647375
 42
-0.0268683223407803
 10
242.49951114133
 20
193.2353779623809
 10
242.481250077486
 20
193.4910346647375
 10
242.4629887742922
 20
193.737560767855
 10
242.4082053434104
 20
194.248874168843
 10
242.3716827370226
 20
194.4954002719605
 10
242.3260297188535
 20
194.7510569743172
 10
242.2803767006844
 20
194.9975830774347
 10
242.2255932688713
 20
195.2441091824148
 10
242.1708095986396
 20
195.4997658810462
 10
242.1068955156952
 20
195.7371613905125
 10
242.033850543201
 20
195.98368749363
 10
241.9516753954813
 20
196.2302135967475
 10
241.8786306614056
 20
196.4676091062138
 10
241.6960185877979
 20
196.9424001195584
 10
241.4951454484835
 20
197.4171911366284
 10
241.2760112453252
 20
197.8737209589453
 10
241.1573134921491
 20
198.1019858691725
 10
240.901656921953
 20
198.5402545004617
 10
240.7646978665143
 20
198.759388815175
 10
240.6277388110757
 20
198.9693925325118
 10
240.3355596354231
 20
199.3893999708816
 10
240.1894701663405
 20
199.5902730927046
 10
240.0251196343452
 20
199.7911462126649
 10
239.8698992757127
 20
199.982888738974
 10
239.6964180916548
 20
200.1837618607969
 10
239.5320670809597
 20
200.3663737897296
 10
239.3585858969018
 20
200.5581163141469
 10
239.1759740617126
 20
200.7315976475656
 10
238.9933619871736
 20
200.9142095764983
 10
238.8016194999218
 20
201.0876909080544
 10
238.4181345254183
 20
201.4163923801098
 10
238.0163882486522
 20
201.7268326611375
  0
LWPOLYLINE
  5
BF
330
65
100
AcDbEntity
  8
I-LK FURNITURE
100
AcDbPolyline
 90
2
 70
0
 10
-248.4983128663152
 20
52.78854337180383
 10
-246.9461116660386
 20
52.78854337180383
  0
LWPOLYLINE
  5
C0
330
65
100
AcDbEntity
  8
I-LK FURNITURE
100
AcDbPolyline
 90
47
 70
0
 10
-187.4967980645596
 20
-205.7077727126889
 10
-187.4967980645596
 20
-262.7192169455811
 10
-187.3598392475394
 20
-264.5909892161144
 10
-186.9215706037357
 20
-266.4536308930255
 10
-186.2367755640298
 20
-268.1793136222987
 10
-185.341977449134
 20
-269.7589068065863
 10
-184.2554363701493
 20
-271.2015410469612
 10
-182.9862834559754
 20
-272.5163469352119
 10
-181.5071267522871
 20
-273.7398468590109
 10
-179.7449217615649
 20
-274.9176938015153
 10
-177.5992315579206
 20
-276.0772795511293
 10
-174.9878809954971
 20
-277.2003429131
 10
-172.0386982373893
 20
-278.2229697169387
 10
-168.9799483790994
 20
-279.0903763783863
 10
-165.8298924826086
 20
-279.8208240940876
 10
-162.5702697243541
 20
-280.4508352498233
 10
-159.2010796256363
 20
-280.9804098437016
 10
-155.7223224248737
 20
-281.4278090705047
 10
-152.1613896004856
 20
-281.783902332827
 10
-148.5182818667963
 20
-282.0669508217252
 10
-144.8112595733254
 20
-282.2678239454108
 10
-141.0677151512355
 20
-282.3865216964332
 10
-137.497651675716
 20
-282.4230440822138
 10
137.4976519159973
 20
-282.4230440822138
 10
139.478991586715
 20
-282.4047828893235
 10
143.2316666599363
 20
-282.3226075222483
 10
146.9386887140571
 20
-282.158256786206
 10
150.6000579893589
 20
-281.9208612786024
 10
154.1701212264596
 20
-281.5921598065179
 10
157.6488784272224
 20
-281.1904135629011
 10
161.0180682875216
 20
-280.7064919521799
 10
164.259429981932
 20
-280.1403949706582
 10
167.3638328593224
 20
-279.482992028381
 10
170.340407570824
 20
-278.7251525205502
 10
173.1891536395997
 20
-277.848615261697
 10
175.9283323688433
 20
-276.825988459721
 10
178.6035970151424
 20
-275.5659661501413
 10
180.7218955019489
 20
-274.2968132413225
 10
182.4293172992766
 20
-273.0093991433096
 10
183.8445596825331
 20
-271.6580708692782
 10
185.0406676242128
 20
-270.1971754378756
 10
186.0176413627341
 20
-268.6267128491018
 10
186.7572195958345
 20
-266.9284219082328
 10
187.2594025619328
 20
-265.1388250047749
 10
187.4876676537096
 20
-263.2853139252402
 10
187.4967980673537
 20
-262.7192169455811
 10
187.4967980673537
 20
-205.7077727126889
  0
LWPOLYLINE
  5
C1
330
65
100
AcDbEntity
  8
I-LK FURNITURE
100
AcDbPolyline
 90
15
 70
0
 10
167.5007919147611
 20
-258.6469709286757
 10
166.8068664623424
 20
-258.8934970336559
 10
165.3551019504666
 20
-259.3500268541102
 10
163.5928964838386
 20
-259.8156872738036
 10
161.5385125558823
 20
-260.281347693468
 10
159.2193409297615
 20
-260.7287469184084
 10
156.6536433845758
 20
-261.1396237575682
 10
153.8688113987446
 20
-261.504847617296
 10
150.9104982288554
 20
-261.8152878964611
 10
147.8152257651091
 20
-262.0709445969551
 10
144.6012560240924
 20
-262.2535565258877
 10
141.3051106594503
 20
-262.3722542806063
 10
138.1459243502468
 20
-262.4179072619008
 10
137.4976519159973
 20
-262.4179072619008
 10
-137.497651675716
 20
-262.4179072619008
  0
LWPOLYLINE
  5
C2
330
65
100
AcDbEntity
  8
I-LK FURNITURE
100
AcDbPolyline
 90
54
 70
0
 10
177.4987951107323
 20
-272.4159103752463
 10
177.2613993659616
 20
-272.4250409707602
 10
176.7866085935384
 20
-272.4067797797325
 10
176.3118175817654
 20
-272.37025739206
 10
176.0744218379259
 20
-272.3428656017932
 10
175.8370265699923
 20
-272.3063432178751
 10
175.5996310645714
 20
-272.2606902347179
 10
175.3713659718633
 20
-272.2241678507999
 10
175.1339707039296
 20
-272.1693842702662
 10
174.9057056121528
 20
-272.114600691595
 10
174.4491756642237
 20
-271.9867723413336
 10
174.2209108099341
 20
-271.9137275697722
 10
173.9926459556445
 20
-271.8315522008052
 10
173.7735117524862
 20
-271.7493768337299
 10
173.335243107751
 20
-271.5667649047973
 10
173.1161089055239
 20
-271.4663283429691
 10
172.9061048775911
 20
-271.3567611874605
 10
172.6869706735015
 20
-271.2471940301184
 10
172.4860975351185
 20
-271.1376268708846
 10
172.2760937456042
 20
-271.0189291180286
 10
171.8743477072567
 20
-270.7632724175346
 10
171.6826052200049
 20
-270.6263134698966
 10
171.4817318432033
 20
-270.4893545241503
 10
171.2991200070828
 20
-270.3432649809984
 10
171.1073775198311
 20
-270.1971754378756
 10
170.9247656837106
 20
-270.0419552973472
 10
170.7512840228155
 20
-269.8867351586814
 10
170.4043214153498
 20
-269.5580336847634
 10
169.9112693397328
 20
-269.0375896882615
 10
169.7651798706502
 20
-268.8549777593289
 10
169.609959512949
 20
-268.6723658303963
 10
169.4638700438663
 20
-268.4806233040872
 10
169.3269112268463
 20
-268.2888807796699
 10
169.1899521704763
 20
-268.0880076578469
 10
169.0621240045875
 20
-267.8962651334004
 10
168.9342956002802
 20
-267.6953920097149
 10
168.6969000957906
 20
-267.2753845732077
 10
168.4777656532824
 20
-266.8553771385341
 10
168.3773292042315
 20
-266.6362428219581
 10
168.276892753318
 20
-266.4262391027587
 10
168.1947171296924
 20
-266.1979741925315
 10
168.1034113308415
 20
-265.9788398759556
 10
168.0303665958345
 20
-265.7597055631049
 10
167.948190972209
 20
-265.5314406510151
 10
167.8203628063202
 20
-265.0749108286982
 10
167.7655793745071
 20
-264.8375153210945
 10
167.7107954667881
 20
-264.6092504108675
 10
167.6651426870376
 20
-264.3718549014302
 10
167.6194896679372
 20
-264.143589991203
 10
167.5829673008993
 20
-263.9061944817076
 10
167.5555755849928
 20
-263.6687989759957
 10
167.5007919147611
 20
-262.9566124531848
 10
167.5007919147611
 20
-262.7192169455811
 10
167.5007919147611
 20
-205.7260339055792
  0
ARC
  5
C3
330
65
100
AcDbEntity
  8
I-LK FURNITURE
100
AcDbCircle
 10
-140.3767430530861
 20
-164.0809483822668
 30
0.0
 40
98.37909659551364
100
AcDbArc
 50
253.9957013946063
 51
271.6770160365166
  0
LWPOLYLINE
  5
C4
330
65
100
AcDbEntity
  8
I-LK FURNITURE
100
AcDbPolyline
 90
48
 70
0
 10
-187.4967980645596
 20
-262.7192169455811
 10
-187.4785370007156
 20
-263.1940079589258
 10
-187.4420143952593
 20
-263.6687989759957
 10
-187.3689696602523
 20
-264.143589991203
 10
-187.3324475325644
 20
-264.3718549014302
 10
-187.286794513464
 20
-264.6092504108675
 10
-187.2320106048137
 20
-264.8375153210945
 10
-187.1772271730006
 20
-265.0749108286982
 10
-187.1133128516376
 20
-265.303175740788
 10
-186.9672233834863
 20
-265.7597055631049
 10
-186.8941786494105
 20
-265.9788398759556
 10
-186.8028728505595
 20
-266.1979741925315
 10
-186.7115668132901
 20
-266.4262391027587
 10
-186.6202607769519
 20
-266.6362428219581
 10
-186.5198243260384
 20
-266.8553771385341
 10
-186.3006898853928
 20
-267.2753845732077
 10
-186.0632943790406
 20
-267.6953920097149
 10
-185.9354659747332
 20
-267.8962651334004
 10
-185.8076378088444
 20
-268.0880076578469
 10
-185.6706787534058
 20
-268.2888807796699
 10
-185.5245892852545
 20
-268.4806233040872
 10
-185.3876304682344
 20
-268.6723658303963
 10
-185.077189989388
 20
-269.0375896882615
 10
-184.921969869174
 20
-269.2110710198176
 10
-184.5932683255523
 20
-269.5580336847634
 10
-184.246305719018
 20
-269.8867351586814
 10
-183.881082046777
 20
-270.1971754378756
 10
-183.6984699731693
 20
-270.3432649809984
 10
-183.5067274859175
 20
-270.4893545241503
 10
-183.1232422739267
 20
-270.7632724175346
 10
-182.7214962346479
 20
-271.0189291180286
 10
-182.5114924442023
 20
-271.1376268708846
 10
-181.8814810747281
 20
-271.4663283429691
 10
-181.6623468715698
 20
-271.5667649047973
 10
-181.2240782268345
 20
-271.7493768337299
 10
-181.0049440246075
 20
-271.8315522008052
 10
-180.7766791693866
 20
-271.9137275697722
 10
-180.5484143160284
 20
-271.9867723413336
 10
-180.0918843690306
 20
-272.114600691595
 10
-179.863619275391
 20
-272.1693842702662
 10
-179.6262240083888
 20
-272.2241678507999
 10
-179.3979589156806
 20
-272.2606902347179
 10
-179.160563647747
 20
-272.3063432178751
 10
-178.9231681432575
 20
-272.3428656017932
 10
-178.6857723984867
 20
-272.37025739206
 10
-178.210981387645
 20
-272.4067797797325
 10
-177.7361903749406
 20
-272.4250409707602
 10
-177.4987948704511
 20
-272.4159103752463
  0
LWPOLYLINE
  5
C5
330
65
100
AcDbEntity
  8
I-LK FURNITURE
100
AcDbPolyline
 90
50
 70
0
 10
-177.4987948704511
 20
-272.4159103752463
 10
-177.2613993640988
 20
-272.4250409707602
 10
-176.7866083532572
 20
-272.4067797797325
 10
-176.3118173405528
 20
-272.37025739206
 10
-176.0744220735505
 20
-272.3428656017932
 10
-175.837026329711
 20
-272.3063432178751
 10
-175.5996308233589
 20
-272.2606902347179
 10
-175.3713659700006
 20
-272.2241678507999
 10
-175.1339704636484
 20
-272.1693842702662
 10
-174.9057056093588
 20
-272.114600691595
 10
-174.4491759007797
 20
-271.9867723413336
 10
-174.2209108080715
 20
-271.9137275697722
 10
-173.9926459537819
 20
-271.8315522008052
 10
-173.773511512205
 20
-271.7493768337299
 10
-173.3352428674698
 20
-271.5667649047973
 10
-173.1161086652428
 20
-271.4663283429691
 10
-172.4860975332558
 20
-271.1376268708846
 10
-172.2760937437415
 20
-271.0189291180286
 10
-171.8743474669755
 20
-270.7632724175346
 10
-171.4908624924719
 20
-270.4893545241503
 10
-171.1073772795498
 20
-270.1971754378756
 10
-170.9247654434294
 20
-270.0419552973472
 10
-170.7512842584401
 20
-269.8867351586814
 10
-170.4043214134872
 20
-269.5580336847634
 10
-170.0756201092154
 20
-269.2110710198176
 10
-169.9203999890015
 20
-269.0375896882615
 10
-169.6099597495049
 20
-268.6723658303963
 10
-169.4638700420037
 20
-268.4806233040872
 10
-169.3269109856337
 20
-268.2888807796699
 10
-169.1899524070323
 20
-268.0880076578469
 10
-169.0621237643063
 20
-267.8962651334004
 10
-168.9342953599989
 20
-267.6953920097149
 10
-168.6968998545781
 20
-267.2753845732077
 10
-168.4777656514198
 20
-266.8553771385341
 10
-168.377328963019
 20
-266.6362428219581
 10
-168.2860229257494
 20
-266.4262391027587
 10
-168.1947173662484
 20
-266.1979741925315
 10
-168.1034113280475
 20
-265.9788398759556
 10
-168.0303663555533
 20
-265.7597055631049
 10
-167.8842768874019
 20
-265.303175740788
 10
-167.820362566039
 20
-265.0749108286982
 10
-167.7655791342258
 20
-264.8375153210945
 10
-167.7107957024126
 20
-264.6092504108675
 10
-167.6651426842436
 20
-264.3718549014302
 10
-167.6194896660745
 20
-264.143589991203
 10
-167.592097950168
 20
-263.9061944817076
 10
-167.5555753447115
 20
-263.6687989759957
 10
-167.5007919128984
 20
-262.9566124531848
 10
-167.5007919128984
 20
-262.7192169455811
 10
-167.5007919128984
 20
-205.7260339055792
  0
LWPOLYLINE
  5
C6
330
65
100
AcDbEntity
  8
I-LK FURNITURE
100
AcDbPolyline
 90
50
 70
0
 10
177.4987951107323
 20
-272.4159103752463
 10
177.7361906161532
 20
-272.4250409707602
 10
178.2109813895077
 20
-272.4067797797325
 10
178.685772638768
 20
-272.37025739206
 10
178.9231679067016
 20
-272.3428656017932
 10
179.1605634121224
 20
-272.3063432178751
 10
179.3888285048306
 20
-272.2606902347179
 10
179.6262240111828
 20
-272.2241678507999
 10
179.8544888645411
 20
-272.1693842702662
 10
180.0918843708932
 20
-272.114600691595
 10
180.5484140794724
 20
-271.9867723413336
 10
180.7766791721806
 20
-271.9137275697722
 10
180.9958136137575
 20
-271.8315522008052
 10
181.2240784680471
 20
-271.7493768337299
 10
181.6623468734324
 20
-271.5667649047973
 10
181.8814813150093
 20
-271.4663283429691
 10
182.5114924460649
 20
-271.1376268708846
 10
182.7123655853793
 20
-271.0189291180286
 10
182.9223693758249
 20
-270.8911007677671
 10
183.1141118621454
 20
-270.7632724175346
 10
183.3149850014597
 20
-270.6263134698966
 10
183.5067274887115
 20
-270.4893545241503
 10
183.6984699759631
 20
-270.3432649809984
 10
183.8810818111524
 20
-270.1971754378756
 10
184.2463057208805
 20
-269.8867351586814
 10
184.5932685667649
 20
-269.5580336847634
 10
184.9219698710367
 20
-269.2110710198176
 10
185.0771899912506
 20
-269.0375896882615
 10
185.2324103489518
 20
-268.8549777593289
 10
185.3784998189658
 20
-268.6723658303963
 10
185.6706787552685
 20
-268.2888807796699
 10
185.8076375722885
 20
-268.0880076578469
 10
185.9354662150145
 20
-267.8962651334004
 10
186.0632943809032
 20
-267.6953920097149
 10
186.300690125674
 20
-267.2753845732077
 10
186.519824327901
 20
-266.8553771385341
 10
186.6202607788146
 20
-266.6362428219581
 10
186.7115668151528
 20
-266.4262391027587
 10
186.802872614935
 20
-266.1979741925315
 10
186.9672233853489
 20
-265.7597055631049
 10
187.11331309285
 20
-265.303175740788
 10
187.1772274142131
 20
-265.0749108286982
 10
187.2320108450949
 20
-264.8375153210945
 10
187.286794276908
 20
-264.6092504108675
 10
187.3324472960085
 20
-264.3718549014302
 10
187.3689699014649
 20
-264.143589991203
 10
187.405492030084
 20
-263.9061944817076
 10
187.4602757003158
 20
-263.431403468363
 10
187.4785370025784
 20
-263.1940079589258
 10
187.4967980673537
 20
-262.7192169455811
  0
ARC
  5
C7
330
65
100
AcDbEntity
  8
I-LK FURNITURE
100
AcDbCircle
 10
-247.3072351841256
 20
203.6344618745788
 30
0.0
 40
414.6255135707222
100
AcDbArc
 50
358.9237746430342
 51
17.90773847784086
  0
ARC
  5
C8
330
65
100
AcDbEntity
  8
I-LK FURNITURE
100
AcDbCircle
 10
247.3437575539574
 20
203.6344618745788
 30
0.0
 40
414.6255135707222
100
AcDbArc
 50
162.0922615221592
 51
181.0762253569659
  0
ARC
  5
C9
330
65
100
AcDbEntity
  8
I-LK FURNITURE
100
AcDbCircle
 10
4674.921226616947
 20
-167.4734586097475
 30
0.0
 40
4755.890170314926
100
AcDbArc
 50
173.9821536600702
 51
175.5168892674016
  0
ARC
  5
CA
330
65
100
AcDbEntity
  8
I-LK FURNITURE
100
AcDbCircle
 10
-4674.884704247117
 20
-167.4734586097475
 30
0.0
 40
4755.890170314926
100
AcDbArc
 50
4.48311073259838
 51
6.017846339929847
  0
LWPOLYLINE
  5
CB
330
65
100
AcDbEntity
  8
I-LK FURNITURE
100
AcDbPolyline
 90
2
 70
0
 10
54.79712917841972
 20
331.1256455461554
 10
54.79712917841972
 20
380.5769559177861
  0
LWPOLYLINE
  5
CC
330
65
100
AcDbEntity
  8
I-LK FURNITURE
100
AcDbPolyline
 90
2
 70
0
 10
-54.7606068085879
 20
331.1256455461554
 10
-54.7606068085879
 20
380.5769559177861
  0
LINE
  5
CD
330
65
100
AcDbEntity
  8
Defpoints
  6
HIDDEN
100
AcDbLine
 10
0.0
 20
205.7260339055501
 30
0.0
 11
0.0
 21
-205.7260339055792
 31
0.0
  0
LINE
  5
CE
330
65
100
AcDbEntity
  8
Defpoints
  6
HIDDEN
100
AcDbLine
 10
-249.0004958324134
 20
-2.91038e-11
 30
0.0
 11
249.0004958324134
 21
-2.91038e-11
 31
0.0
  0
ENDBLK
  5
67
330
65
100
AcDbEntity
  8
0
100
AcDbBlockEnd
  0
BLOCK
  5
D0
330
CF
100
AcDbEntity
  8
0
100
AcDbBlockBegin
  2
it keyboard
 70
0
 10
0.0
 20
0.0
 30
0.0
  3
it keyboard
  1

  0
LWPOLYLINE
  5
D2
330
CF
100
AcDbEntity
  8
0
 48
12.0
100
AcDbPolyline
 90
4
 70
1
 10
8.040144996717572
 20
2.91038e-11
 10
8.040144996717572
 20
129.0940371821052
 10
448.0401449967176
 20
129.0940371821052
 10
448.0401449967176
 20
2.91038e-11
  0
INSERT
  5
D3
330
CF
100
AcDbEntity
  8
0
100
AcDbBlockReference
  2
*U13
 10
35.16895717114949
 20
101.6202952143818
 30
0.0
  0
INSERT
  5
D5
330
CF
100
AcDbEntity
  8
0
100
AcDbBlockReference
  2
*U11
 10
386.6121428576973
 20
101.6202952143818
 30
0.0
  0
ENDBLK
  5
D1
330
CF
100
AcDbEntity
  8
0
100
AcDbBlockEnd
  0
BLOCK
  5
D8
330
D7
100
AcDbEntity
  8
0
100
AcDbBlockBegin
  2
it mic
 70
0
 10
0.0
 20
0.0
 30
0.0
  3
it mic
  1

  0
MTEXT
  5
DA
330
D7
100
AcDbEntity
  8
I-LK EQPMT
 48
12.0
100
AcDbMText
 10
233.2398255821317
 20
64.46170233917655
 30
0.0
 40
50.0
 41
466.4796511627907
 46
0.0
 71
1
 72
5
  1
MIC
1001
ACAD
1000
ACAD_MTEXT_COLUMN_INFO_BEGIN
1070
75
1070
2
1070
79
1070
0
1070
76
1070
1
1070
78
1070
0
1070
48
1040
466.4796511627907
1070
49
1040
12.5
1070
50
1070
1
1040
0.0
1000
ACAD_MTEXT_COLUMN_INFO_END
1000
ACAD_MTEXT_COLUMNS_BEGIN
1070
47
1070
1
1000
ACAD_MTEXT_COLUMNS_END
  0
CIRCLE
  5
DB
330
D7
100
AcDbEntity
  8
I-LK EQPMT
 48
12.0
100
AcDbCircle
 10
234.5401449967176
 20
64.54701859102352
 30
0.0
 40
64.54701859105262
  0
CIRCLE
  5
DC
330
D7
100
AcDbEntity
  8
I-LK EQPMT
 48
12.0
100
AcDbCircle
 10
234.5401449967176
 20
64.54701859102352
 30
0.0
 40
47.40596281792385
  0
ENDBLK
  5
D9
330
D7
100
AcDbEntity
  8
0
100
AcDbBlockEnd
  0
BLOCK
  5
DE
330
DD
100
AcDbEntity
  8
0
100
AcDbBlockBegin
  2
a$c18799085
 70
0
 10
0.0
 20
0.0
 30
0.0
  3
a$c18799085
  1

  0
LWPOLYLINE
  5
E0
330
DD
100
AcDbEntity
  8
I-LK EQPMT
100
AcDbPolyline
 90
4
 70
1
 10
655.045485470444
 20
125.2269999025448
 10
624.6674821041522
 20
125.2269999025448
 10
624.6674821041522
 20
155.6050032694184
 10
655.045485470444
 20
155.6050032694184
  0
LWPOLYLINE
  5
E1
330
DD
100
AcDbEntity
  8
I-LK EQPMT
100
AcDbPolyline
 90
4
 70
1
 10
652.0076851341872
 20
128.2648002392671
 10
627.7052824404091
 20
128.2648002392671
 10
627.7052824404091
 20
152.5672029328125
 10
652.0076851341872
 20
152.5672029328125
  0
LWPOLYLINE
  5
E2
330
DD
100
AcDbEntity
  8
I-LK EQPMT
100
AcDbPolyline
 90
4
 70
1
 10
89.55076848529278
 20
125.2269999025448
 10
119.928771853447
 20
125.2269999025448
 10
119.928771853447
 20
155.6050032694184
 10
89.55076848529278
 20
155.6050032694184
  0
LWPOLYLINE
  5
E3
330
DD
100
AcDbEntity
  8
I-LK EQPMT
100
AcDbPolyline
 90
4
 70
1
 10
92.58856882341206
 20
128.2648002392671
 10
116.8909715171903
 20
128.2648002392671
 10
116.8909715171903
 20
152.5672029328125
 10
92.58856882341206
 20
152.5672029328125
  0
LINE
  5
E4
330
DD
100
AcDbEntity
  8
I-LK EQPMT
100
AcDbLine
 10
627.7052824404091
 20
152.5672029328125
 30
0.0
 11
652.0076851341872
 21
128.2648002392671
 31
0.0
  0
LINE
  5
E5
330
DD
100
AcDbEntity
  8
I-LK EQPMT
100
AcDbLine
 10
116.8909715171903
 20
152.5672029328125
 30
0.0
 11
92.58856882341206
 21
128.2648002392671
 31
0.0
  0
LINE
  5
E6
330
DD
100
AcDbEntity
  8
I-LK EQPMT
100
AcDbLine
 10
92.58856882341206
 20
152.5672029328125
 30
0.0
 11
116.8909715171903
 21
128.2648002392671
 31
0.0
  0
LINE
  5
E7
330
DD
100
AcDbEntity
  8
I-LK EQPMT
 48
12.0
100
AcDbLine
 10
616.9889203161001
 20
125.2269902919943
 30
0.0
 11
616.9889203161001
 21
109.7127832833503
 31
0.0
  0
LINE
  5
E8
330
DD
100
AcDbEntity
  8
I-LK EQPMT
 48
12.0
100
AcDbLine
 10
616.9889203161001
 20
125.2269902919943
 30
0.0
 11
663.5315413419156
 21
125.2269902919943
 31
0.0
  0
LINE
  5
E9
330
DD
100
AcDbEntity
  8
I-LK EQPMT
 48
12.0
100
AcDbLine
 10
81.46845865808427
 20
109.7127832833503
 30
0.0
 11
81.46845865808427
 21
125.2269902919943
 31
0.0
  0
LINE
  5
EA
330
DD
100
AcDbEntity
  8
I-LK EQPMT
 48
12.0
100
AcDbLine
 10
128.0110796838999
 20
125.2269902919943
 30
0.0
 11
128.0110796838999
 21
109.7127832833503
 31
0.0
  0
LINE
  5
EB
330
DD
100
AcDbEntity
  8
I-LK EQPMT
 48
12.0
100
AcDbLine
 10
725.5883693769574
 20
109.7127832833503
 30
0.0
 11
19.41163062304258
 21
109.7127832833503
 31
0.0
  0
LWPOLYLINE
  5
EC
330
DD
100
AcDbEntity
  8
I-LK EQPMT
 48
12.0
100
AcDbPolyline
 90
4
 70
1
 10
0.0
 20
58.0000000000291
 10
0.0
 20
70.88952203796363
 10
745.0
 20
70.88952203796363
 10
745.0
 20
58.0000000000291
  0
LINE
  5
ED
330
DD
100
AcDbEntity
  8
I-LK EQPMT
 48
12.0
100
AcDbLine
 10
0.0
 20
70.88952203796363
 30
0.0
 11
0.0
 21
90.30115266077335
 31
0.0
  0
LINE
  5
EE
330
DD
100
AcDbEntity
  8
I-LK EQPMT
 48
12.0
100
AcDbLine
 10
745.0
 20
70.88952203796363
 30
0.0
 11
745.0
 21
90.30115266077335
 31
0.0
  0
LINE
  5
EF
330
DD
100
AcDbEntity
  8
I-LK EQPMT
 48
12.0
100
AcDbLine
 10
0.0
 20
90.30115266077335
 30
0.0
 11
19.41163062304258
 21
109.7127832833503
 31
0.0
  0
LINE
  5
F0
330
DD
100
AcDbEntity
  8
I-LK EQPMT
 48
12.0
100
AcDbLine
 10
745.0
 20
90.30115266077335
 30
0.0
 11
725.5883693769574
 21
109.7127832833503
 31
0.0
  0
LINE
  5
F1
330
DD
100
AcDbEntity
  8
I-LK EQPMT
 48
12.0
100
AcDbLine
 10
663.5315413419156
 20
109.7127832833503
 30
0.0
 11
663.5315413419156
 21
125.2269902919943
 31
0.0
  0
LINE
  5
F2
330
DD
100
AcDbEntity
  8
I-LK EQPMT
 48
12.0
100
AcDbLine
 10
81.46845865808427
 20
125.2269902919943
 30
0.0
 11
128.0110796838999
 21
125.2269902919943
 31
0.0
  0
MTEXT
  5
F3
330
DD
100
AcDbEntity
  8
I-LK TEXT
 62
0
 48
2.0
100
AcDbMText
 10
391.1996805854142
 20
25.6359011628374
 30
0.0
 40
50.0
 41
466.4796511627907
 46
0.0
 71
1
 72
5
  1
32" TV SCREEN -VC
1001
ACAD
1000
ACAD_MTEXT_COLUMN_INFO_BEGIN
1070
75
1070
2
1070
79
1070
0
1070
76
1070
1
1070
78
1070
0
1070
48
1040
466.4796511627907
1070
49
1040
12.5
1070
50
1070
1
1040
0.0
1000
ACAD_MTEXT_COLUMN_INFO_END
1000
ACAD_MTEXT_COLUMNS_BEGIN
1070
47
1070
1
1000
ACAD_MTEXT_COLUMNS_END
  0
ENDBLK
  5
DF
330
DD
100
AcDbEntity
  8
0
100
AcDbBlockEnd
  0
BLOCK
  5
F5
330
F4
100
AcDbEntity
  8
0
100
AcDbBlockBegin
  2
clinic pc50s
 70
0
 10
0.0
 20
0.0
 30
0.0
  3
clinic pc50s
  1

  0
LWPOLYLINE
  5
F7
330
F4
100
AcDbEntity
  8
I-LK EQPMT
100
AcDbPolyline
 90
4
 70
1
 10
358.0856304671615
 20
141.5586952792073
 10
327.70762710087
 20
141.5586952792073
 10
327.70762710087
 20
171.9366986460809
 10
358.0856304671615
 20
171.9366986460809
  0
LWPOLYLINE
  5
F8
330
F4
100
AcDbEntity
  8
I-LK EQPMT
100
AcDbPolyline
 90
4
 70
1
 10
355.0478301309049
 20
144.5964956159296
 10
330.7454274371266
 20
144.5964956159296
 10
330.7454274371266
 20
168.898898309475
 10
355.0478301309049
 20
168.898898309475
  0
LWPOLYLINE
  5
F9
330
F4
100
AcDbEntity
  8
I-LK EQPMT
100
AcDbPolyline
 90
4
 70
1
 10
97.59091348201036
 20
141.5586952792073
 10
127.9689168501645
 20
141.5586952792073
 10
127.9689168501645
 20
171.9366986460809
 10
97.59091348201036
 20
171.9366986460809
  0
LWPOLYLINE
  5
FA
330
F4
100
AcDbEntity
  8
I-LK EQPMT
100
AcDbPolyline
 90
4
 70
1
 10
100.6287138201296
 20
144.5964956159296
 10
124.9311165139079
 20
144.5964956159296
 10
124.9311165139079
 20
168.898898309475
 10
100.6287138201296
 20
168.898898309475
  0
LINE
  5
FB
330
F4
100
AcDbEntity
  8
I-LK EQPMT
100
AcDbLine
 10
330.7454274371266
 20
168.898898309475
 30
0.0
 11
355.0478301309049
 21
144.5964956159296
 31
0.0
  0
LINE
  5
FC
330
F4
100
AcDbEntity
  8
I-LK EQPMT
100
AcDbLine
 10
124.9311165139079
 20
168.898898309475
 30
0.0
 11
100.6287138201296
 21
144.5964956159296
 31
0.0
  0
LINE
  5
FD
330
F4
100
AcDbEntity
  8
I-LK EQPMT
100
AcDbLine
 10
100.6287138201296
 20
168.898898309475
 30
0.0
 11
124.9311165139079
 21
144.5964956159296
 31
0.0
  0
LINE
  5
FE
330
F4
100
AcDbEntity
  8
I-LK EQPMT
 48
12.0
100
AcDbLine
 10
320.0290653128177
 20
141.5586856686568
 30
0.0
 11
320.0290653128177
 21
126.0444786600128
 31
0.0
  0
LINE
  5
FF
330
F4
100
AcDbEntity
  8
I-LK EQPMT
 48
12.0
100
AcDbLine
 10
320.0290653128177
 20
141.5586856686568
 30
0.0
 11
366.5716863386334
 21
141.5586856686568
 31
0.0
  0
LINE
  5
100
330
F4
100
AcDbEntity
  8
I-LK EQPMT
 48
12.0
100
AcDbLine
 10
89.50860365480185
 20
126.0444786600128
 30
0.0
 11
89.50860365480185
 21
141.5586856686568
 31
0.0
  0
LINE
  5
101
330
F4
100
AcDbEntity
  8
I-LK EQPMT
 48
12.0
100
AcDbLine
 10
136.0512246806175
 20
141.5586856686568
 30
0.0
 11
136.0512246806175
 21
126.0444786600128
 31
0.0
  0
LINE
  5
102
330
F4
100
AcDbEntity
  8
I-LK EQPMT
 48
12.0
100
AcDbLine
 10
428.6285143736749
 20
126.0444786600128
 30
0.0
 11
27.45177561976016
 21
126.0444786600128
 31
0.0
  0
LWPOLYLINE
  5
103
330
F4
100
AcDbEntity
  8
I-LK EQPMT
 48
12.0
100
AcDbPolyline
 90
4
 70
1
 10
8.040144996717572
 20
74.33169537669164
 10
8.040144996717572
 20
87.22121741462615
 10
448.0401449967176
 20
87.22121741462615
 10
448.0401449967176
 20
74.33169537669164
  0
LINE
  5
104
330
F4
100
AcDbEntity
  8
I-LK EQPMT
 48
12.0
100
AcDbLine
 10
8.040144996717572
 20
87.22121741462615
 30
0.0
 11
8.040144996717572
 21
106.6328480374359
 31
0.0
  0
LINE
  5
105
330
F4
100
AcDbEntity
  8
I-LK EQPMT
 48
12.0
100
AcDbLine
 10
448.0401449967176
 20
87.22121741462615
 30
0.0
 11
448.0401449967176
 21
106.6328480374359
 31
0.0
  0
LINE
  5
106
330
F4
100
AcDbEntity
  8
I-LK EQPMT
 48
12.0
100
AcDbLine
 10
8.040144996717572
 20
106.6328480374359
 30
0.0
 11
27.45177561976016
 21
126.0444786600128
 31
0.0
  0
LINE
  5
107
330
F4
100
AcDbEntity
  8
I-LK EQPMT
 48
12.0
100
AcDbLine
 10
448.0401449967176
 20
106.6328480374359
 30
0.0
 11
428.6285143736749
 21
126.0444786600128
 31
0.0
  0
LINE
  5
108
330
F4
100
AcDbEntity
  8
I-LK EQPMT
 48
12.0
100
AcDbLine
 10
366.5716863386334
 20
126.0444786600128
 30
0.0
 11
366.5716863386334
 21
141.5586856686568
 31
0.0
  0
LINE
  5
109
330
F4
100
AcDbEntity
  8
I-LK EQPMT
 48
12.0
100
AcDbLine
 10
89.50860365480185
 20
141.5586856686568
 30
0.0
 11
136.0512246806175
 21
141.5586856686568
 31
0.0
  0
MTEXT
  5
10A
330
F4
100
AcDbEntity
  8
I-LK EQPMT
 48
12.0
100
AcDbMText
 10
233.2398255821317
 20
25.63590116277919
 30
0.0
 40
50.0
 41
466.4796511627907
 46
0.0
 71
1
 72
5
  1
PC 50S
1001
ACAD
1000
ACAD_MTEXT_COLUMN_INFO_BEGIN
1070
75
1070
2
1070
79
1070
0
1070
76
1070
1
1070
78
1070
0
1070
48
1040
466.4796511627907
1070
49
1040
12.5
1070
50
1070
1
1040
0.0
1000
ACAD_MTEXT_COLUMN_INFO_END
1000
ACAD_MTEXT_COLUMNS_BEGIN
1070
47
1070
1
1000
ACAD_MTEXT_COLUMNS_END
  0
ENDBLK
  5
F6
330
F4
100
AcDbEntity
  8
0
100
AcDbBlockEnd
  0
BLOCK
  5
10C
330
10B
100
AcDbEntity
  8
0
100
AcDbBlockBegin
  2
clinic chair trial set
 70
0
 10
0.0
 20
0.0
 30
0.0
  3
clinic chair trial set
  1

  0
LWPOLYLINE
  5
10E
330
10B
100
AcDbEntity
  8
I-LK FURNITURE
100
AcDbPolyline
 90
4
 70
1
 10
500.0000000004948
 20
633.0000000011931
 10
500.0000000004948
 20
1.193257e-09
 10
4.947651e-10
 20
1.193257e-09
 10
4.947651e-10
 20
633.0000000011931
  0
LWPOLYLINE
  5
10F
330
10B
100
AcDbEntity
  8
I-LK FURNITURE
 62
146
370
0
420
1070729
440
33554536
100
AcDbPolyline
 90
4
 70
1
 10
98.00000000049477
 20
603.0000000011931
 10
98.00000000049477
 20
591.0000000011931
 10
500.0000000004948
 20
591.0000000011931
 10
500.0000000004948
 20
603.0000000011931
  0
LWPOLYLINE
  5
110
330
10B
100
AcDbEntity
  8
I-LK FURNITURE
 62
146
370
0
420
1070729
440
33554536
100
AcDbPolyline
 90
4
 70
1
 10
98.00000000049477
 20
30.00000000119326
 10
98.00000000049477
 20
42.00000000119326
 10
500.0000000004948
 20
42.00000000119326
 10
500.0000000004948
 20
30.00000000119326
  0
LWPOLYLINE
  5
111
330
10B
100
AcDbEntity
  8
I-LK FURNITURE
 62
146
370
0
420
1070729
440
33554536
100
AcDbPolyline
 90
4
 70
1
 10
98.00000000049477
 20
591.0000000011931
 10
98.00000000049477
 20
42.00000000119326
 10
110.0000000004948
 20
42.00000000119326
 10
110.0000000004948
 20
591.0000000011931
  0
LWPOLYLINE
  5
112
330
10B
100
AcDbEntity
  8
I-LK FURNITURE
 62
146
420
1070729
100
AcDbPolyline
 90
4
 70
1
 10
500.0000000004948
 20
633.0000000011931
 10
500.0000000004948
 20
1.193257e-09
 10
518.0000000004948
 20
1.193257e-09
 10
518.0000000004948
 20
633.0000000011931
  0
INSERT
  5
113
330
10B
100
AcDbEntity
  8
I-LK PARTITION
100
AcDbBlockReference
  2
CLINIC CHAIR
 10
380.5769559177861
 20
985.4817388172087
 30
0.0
 50
90.00000000000006
  0
LWPOLYLINE
  5
115
330
10B
100
AcDbEntity
  8
LN-ELEVATION-2
100
AcDbPolyline
 90
4
 70
1
 10
4.947651e-10
 20
1.1933707e-09
 10
4.947651e-10
 20
18.00000000119337
 10
498.0000000004948
 20
18.00000000119331
 10
498.0000000004948
 20
1.1933139e-09
  0
LWPOLYLINE
  5
116
330
10B
100
AcDbEntity
  8
LN-ELEVATION-2
100
AcDbPolyline
 90
4
 70
1
 10
4.947651e-10
 20
633.0000000011931
 10
4.947651e-10
 20
615.0000000011933
 10
498.0000000004948
 20
615.0000000011933
 10
498.0000000004948
 20
633.0000000011931
  0
LWPOLYLINE
  5
117
330
10B
100
AcDbEntity
  8
LN-ELEVATION-2
100
AcDbPolyline
 90
4
 70
1
 10
4.947651e-10
 20
18.00000000119326
 10
4.947651e-10
 20
615.0000000011933
 10
18.00000000049477
 20
615.0000000011933
 10
18.00000000049477
 20
18.00000000119326
  0
LWPOLYLINE
  5
118
330
10B
100
AcDbEntity
  8
LN-ELEVATION-2
100
AcDbPolyline
 90
4
 70
1
 10
500.0000000004948
 20
318.0000000011933
 10
500.0000000004948
 20
633.0000000011931
 10
518.0000000004948
 20
633.0000000011931
 10
518.0000000004948
 20
318.0000000011933
  0
LWPOLYLINE
  5
119
330
10B
100
AcDbEntity
  8
LN-ELEVATION-2
100
AcDbPolyline
 90
4
 70
1
 10
518.0000000004948
 20
1.1933139e-09
 10
518.0000000004948
 20
315.0000000011933
 10
500.0000000004948
 20
315.0000000011933
 10
500.0000000004948
 20
1.1933139e-09
  0
LWPOLYLINE
  5
11A
330
10B
100
AcDbEntity
  8
LN-ELEVATION-2
100
AcDbPolyline
 90
4
 70
1
 10
18.00000000049477
 20
307.5000000011933
 10
18.00000000049477
 20
325.5000000011933
 10
500.0000000004948
 20
325.5000000011933
 10
500.0000000004948
 20
307.5000000011933
  0
LWPOLYLINE
  5
11B
330
10B
100
AcDbEntity
  8
LN-ELEVATION-3
  6
ACAD_ISO03W100
 62
20
 48
0.05
420
16720932
100
AcDbPolyline
 90
4
 70
1
 10
617.2337672342837
 20
333.4976470221591
 10
501.264255785878
 20
626.3731707756233
 10
518.0000000004948
 20
633.0000000011931
 10
633.9695114489002
 20
340.124476247729
  0
LWPOLYLINE
  5
11C
330
10B
100
AcDbEntity
  8
LN-ELEVATION-3
  6
ACAD_ISO03W100
 62
20
 48
0.05
420
16720932
100
AcDbPolyline
 90
4
 70
1
 10
617.2337672342837
 20
299.5023529802273
 10
501.264255785878
 20
6.626829226763277
 10
518.0000000004948
 20
1.1933139e-09
 10
633.9695114489002
 20
292.8755237546575
  0
ARC
  5
11D
330
10B
100
AcDbEntity
  8
LN-ELEVATION-3
  6
ACAD_ISO03W100
 62
20
 48
0.05
420
16720932
100
AcDbCircle
 10
516.2795804065536
 20
654.4693054270756
 30
0.0
 40
336.4737037828586
100
AcDbArc
 50
270.2929596276738
 51
287.4597587178951
  0
ARC
  5
11E
330
10B
100
AcDbEntity
  8
LN-ELEVATION-3
  6
ACAD_ISO03W100
 62
20
 48
0.05
420
16720932
100
AcDbCircle
 10
518.0000000004948
 20
1.1933139e-09
 30
0.0
 40
314.9999999991236
100
AcDbArc
 50
71.67381838442049
 51
90.0
  0
LWPOLYLINE
  5
11F
330
10B
100
AcDbEntity
  8
LN-ELEVATION-4
  6
ACAD_ISO03W100
 62
20
 48
0.001
420
16720932
100
AcDbPolyline
 90
4
 70
1
 10
264.808818476653
 20
277.5000000011934
 10
264.808818476653
 20
37.50000000119332
 10
419.8088184766529
 20
37.50000000119332
 10
419.8088184766529
 20
277.5000000011933
  0
LWPOLYLINE
  5
120
330
10B
100
AcDbEntity
  8
LN-ELEVATION-4
  6
ACAD_ISO03W100
 62
20
 48
0.001
420
16720932
100
AcDbPolyline
 90
4
 70
1
 10
171.2247772531118
 20
398.0000000011934
 10
471.2247772531118
 20
398.0000000011933
 10
471.2247772531118
 20
553.0000000011931
 10
171.2247772531118
 20
553.0000000011931
  0
ENDBLK
  5
10D
330
10B
100
AcDbEntity
  8
0
100
AcDbBlockEnd
  0
BLOCK
  5
122
330
121
100
AcDbEntity
  8
0
100
AcDbBlockBegin
  2
a$c4fdbbfdd
 70
0
 10
0.0
 20
0.0
 30
0.0
  3
a$c4fdbbfdd
  1

  0
INSERT
  5
124
330
121
100
AcDbEntity
  8
I-LK IT
100
AcDbBlockReference
  2
CLINIC SCREEN
 10
2454.107780016959
 20
489.7506437236443
 30
0.0
 50
270.0
  0
INSERT
  5
126
330
121
100
AcDbEntity
  8
I-LK IT
100
AcDbBlockReference
  2
A$C18799085
 10
255.6050032675266
 20
780.5895919215401
 30
0.0
 50
90.0
  0
INSERT
  5
128
330
121
100
AcDbEntity
  8
I-LK IT
100
AcDbBlockReference
  2
CLINIC PC50S
 10
271.9366986453533
 20
925.0494469248224
 30
0.0
 50
90.0
  0
LWPOLYLINE
  5
12A
330
121
100
AcDbEntity
  8
I-LK EQPMT
100
AcDbPolyline
 90
4
 70
1
 10
1425.692691065371
 20
1506.068627073662
 10
1561.990023858845
 20
1506.068627073662
 10
1561.990023858845
 20
1378.104704173515
 10
1425.692691065371
 20
1378.104704173515
  0
CIRCLE
  5
12B
330
121
100
AcDbEntity
  8
I-LK EQPMT
100
AcDbCircle
 10
1494.950297571719
 20
1440.041832098039
 30
0.0
 40
22.00969815952703
  0
CIRCLE
  5
12C
330
121
100
AcDbEntity
  8
I-LK EQPMT
100
AcDbCircle
 10
1494.950297571719
 20
1440.041832098039
 30
0.0
 40
24.94501443160698
  0
INSERT
  5
12D
330
121
100
AcDbEntity
  8
I-LK IT
100
AcDbBlockReference
  2
IT KEYBOARD
 10
1888.057289466262
 20
628.6930494818371
 30
0.0
 50
270.0
  0
INSERT
  5
12F
330
121
100
AcDbEntity
  8
I-LK IT
100
AcDbBlockReference
  2
IT MIC
 10
1902.384787004441
 20
956.6032974517439
 30
0.0
 50
270.0
  0
INSERT
  5
131
330
121
100
AcDbEntity
  8
I-LK FF&E
100
AcDbBlockReference
  2
CLINIC CHAIR TRIAL SET
 10
2378.181959189475
 20
167.6078531043604
 30
0.0
 41
-1.0
  0
LWPOLYLINE
  5
133
330
121
100
AcDbEntity
  8
0
  6
ACAD_ISO03W100
 62
13
 48
0.01
420
16729927
100
AcDbPolyline
 90
4
 70
0
 43
12.0
 10
2107.373140715063
 20
407.2913461665156
 10
2433.72799449414
 20
407.2913461665156
 10
2433.72799449414
 20
1505.843844732037
 10
1503.556618742645
 20
1505.843844732037
  0
LWPOLYLINE
  5
134
330
121
100
AcDbEntity
  8
0
  6
ACAD_ISO03W100
 62
13
 48
0.01
420
16729927
100
AcDbPolyline
 90
4
 70
0
 10
1900.957181937993
 20
630.8507429095916
 40
12.0
 41
12.0
 10
388.2820764556527
 20
630.8507429095916
 40
12.0
 41
12.0
 10
388.2820764556527
 20
1042.090570891276
 40
12.0
 41
12.0
 10
100.0
 20
1042.090570891276
  0
CIRCLE
  5
135
330
121
100
AcDbEntity
  8
0
  6
ACAD_ISO03W100
 62
13
 48
0.01
420
16729927
100
AcDbCircle
 10
83.037800334394
 20
1042.090570891276
 30
0.0
 40
20.0
  0
LWPOLYLINE
  5
136
330
121
100
AcDbEntity
  8
0
  6
ACAD_ISO03W100
 62
13
 48
0.01
420
16729927
100
AcDbPolyline
 90
4
 70
0
 43
12.0
 10
2200.957181937993
 20
643.1078531055246
 10
2500.0
 20
643.1078531045932
 10
2500.0
 20
489.7506437236443
 10
2454.107780016959
 20
489.7506437236443
  0
LWPOLYLINE
  5
137
330
121
100
AcDbEntity
  8
0
  6
ACAD_ISO03W100
 62
13
 48
0.01
420
16729927
100
AcDbPolyline
 90
4
 70
0
 43
15.0
 10
1900.957181937993
 20
697.4039080580696
 10
457.2361191213131
 20
697.4039080580696
 10
457.2361191213131
 20
1181.942219393794
 10
197.6050032675266
 20
1181.942219393794
  0
LWPOLYLINE
  5
138
330
121
100
AcDbEntity
  8
0
  6
ACAD_ISO03W100
 62
13
 48
0.01
420
16729927
100
AcDbPolyline
 90
4
 70
0
 43
15.0
 10
1900.957181937993
 20
768.0176244729663
 10
482.2361191213131
 20
768.0176244729663
 10
482.2361191213131
 20
1206.942219393794
 10
197.6050032675266
 20
1206.942219393794
  0
DIMENSION
  5
139
330
121
100
AcDbEntity
  8
I-LK DIM
100
AcDbDimension
280
0
  3
LK-MM 75
 10
1494.950297571719
 20
1435.130220191553
 30
0.0
 11
1682.470160715282
 21
1435.130220191553
 31
0.0
 70
0
 71
5
 42
375.0397262871265
 73
0
 74
0
 75
0
 51
180.0
100
AcDbAlignedDimension
 13
1869.990023858845
 23
1442.086665623589
 33
0.0
 14
1494.950297571719
 24
1440.041832098039
 34
0.0
 50
180.0
100
AcDbRotatedDimension
  0
INSERT
  5
13A
330
121
100
AcDbEntity
  8
I-LK FF&E
100
AcDbBlockReference
  2
DOCTORS STOOL
 10
1816.643187589358
 20
136.8439229665619
 30
-1.237e-13
 50
90.0
  0
ENDBLK
  5
123
330
121
100
AcDbEntity
  8
0
100
AcDbBlockEnd
  0
BLOCK
  5
13D
330
13C
100
AcDbEntity
  8
0
100
AcDbBlockBegin
  2
doctors stool
 70
0
 10
0.0
 20
0.0
 30
0.0
  3
doctors stool
  1

  0
CIRCLE
  5
13F
330
13C
100
AcDbEntity
  8
0
 48
100.0
100
AcDbCircle
 10
228.0
 20
227.8099174629897
 30
0.0
 40
190.0
 39
0.1900000000019063
  0
LWPOLYLINE
  5
140
330
13C
100
AcDbEntity
  8
0
 48
100.0
100
AcDbPolyline
 90
6
 70
0
 39
0.1900000000019063
 10
228.0
 20
37.80991746066138
 10
228.0
 20
9.119999997317793
 42
-0.4264743413925903
 10
218.5
 20
0.0079201031476259
 42
-0.959166304662544
 10
218.5
 20
455.611914822366
 42
-0.4264743413925903
 10
228.0
 20
446.4998349279631
 10
228.0
 20
417.8099174646193
  0
ENDBLK
  5
13E
330
13C
100
AcDbEntity
  8
0
100
AcDbBlockEnd
  0
BLOCK
  5
142
330
141
100
AcDbEntity
  8
0
100
AcDbBlockBegin
  2
*u10
 70
1
 10
0.0
 20
0.0
 30
0.0
  3
*u10
  1

  0
LWPOLYLINE
  5
144
330
141
100
AcDbEntity
  8
I-LK EQPMT
 48
12.0
100
AcDbPolyline
 90
4
 70
1
 10
5.986879315214992
 20
4.914598100478997
 10
-5.986879315214992
 20
4.914598100478997
 10
-5.986879315214992
 20
-4.914598100478997
 10
5.986879315214992
 20
-4.914598100478997
  0
ENDBLK
  5
143
330
141
100
AcDbEntity
  8
0
100
AcDbBlockEnd
  0
BLOCK
  5
146
330
145
100
AcDbEntity
  8
0
100
AcDbBlockBegin
  2
*u11
 70
1
 10
0.0
 20
0.0
 30
0.0
  3
*u11
  1

  0
INSERT
  5
148
330
145
100
AcDbEntity
  8
0
  6
ByBlock
 62
0
370
-2
440
16777216
100
AcDbBlockReference
  2
*U10
 10
0.0
 20
0.0
 30
0.0
  0
INSERT
  5
14A
330
145
100
AcDbEntity
  8
0
  6
ByBlock
 62
0
370
-2
440
16777216
100
AcDbBlockReference
  2
*U10
 10
-9e-16
 20
-14.74379430143699
 30
0.0
  0
INSERT
  5
14C
330
145
100
AcDbEntity
  8
0
  6
ByBlock
 62
0
370
-2
440
16777216
100
AcDbBlockReference
  2
*U10
 10
-1.8e-15
 20
-29.48758860287398
 30
0.0
  0
INSERT
  5
14E
330
145
100
AcDbEntity
  8
0
  6
ByBlock
 62
0
370
-2
440
16777216
100
AcDbBlockReference
  2
*U10
 10
17.96063794564498
 20
0.0
 30
0.0
  0
INSERT
  5
150
330
145
100
AcDbEntity
  8
0
  6
ByBlock
 62
0
370
-2
440
16777216
100
AcDbBlockReference
  2
*U10
 10
17.96063794564498
 20
-14.74379430143699
 30
0.0
  0
INSERT
  5
152
330
145
100
AcDbEntity
  8
0
  6
ByBlock
 62
0
370
-2
440
16777216
100
AcDbBlockReference
  2
*U10
 10
17.96063794564497
 20
-29.48758860287398
 30
0.0
  0
INSERT
  5
154
330
145
100
AcDbEntity
  8
0
  6
ByBlock
 62
0
370
-2
440
16777216
100
AcDbBlockReference
  2
*U10
 10
35.92127589128995
 20
0.0
 30
0.0
  0
INSERT
  5
156
330
145
100
AcDbEntity
  8
0
  6
ByBlock
 62
0
370
-2
440
16777216
100
AcDbBlockReference
  2
*U10
 10
35.92127589128995
 20
-14.74379430143699
 30
0.0
  0
INSERT
  5
158
330
145
100
AcDbEntity
  8
0
  6
ByBlock
 62
0
370
-2
440
16777216
100
AcDbBlockReference
  2
*U10
 10
35.92127589128995
 20
-29.48758860287398
 30
0.0
  0
INSERT
  5
15A
330
145
100
AcDbEntity
  8
0
  6
ByBlock
 62
0
370
-2
440
16777216
100
AcDbBlockReference
  2
*U10
 10
-2.7e-15
 20
-44.23138290431096
 30
0.0
  0
INSERT
  5
15C
330
145
100
AcDbEntity
  8
0
  6
ByBlock
 62
0
370
-2
440
16777216
100
AcDbBlockReference
  2
*U10
 10
-3.6e-15
 20
-58.97517720574795
 30
0.0
  0
INSERT
  5
15E
330
145
100
AcDbEntity
  8
0
  6
ByBlock
 62
0
370
-2
440
16777216
100
AcDbBlockReference
  2
*U10
 10
17.96063794564497
 20
-44.23138290431096
 30
0.0
  0
INSERT
  5
160
330
145
100
AcDbEntity
  8
0
  6
ByBlock
 62
0
370
-2
440
16777216
100
AcDbBlockReference
  2
*U10
 10
17.96063794564497
 20
-58.97517720574795
 30
0.0
  0
INSERT
  5
162
330
145
100
AcDbEntity
  8
0
  6
ByBlock
 62
0
370
-2
440
16777216
100
AcDbBlockReference
  2
*U10
 10
35.92127589128995
 20
-44.23138290431096
 30
0.0
  0
INSERT
  5
164
330
145
100
AcDbEntity
  8
0
  6
ByBlock
 62
0
370
-2
440
16777216
100
AcDbBlockReference
  2
*U10
 10
35.92127589128994
 20
-58.97517720574795
 30
0.0
  0
ENDBLK
  5
147
330
145
100
AcDbEntity
  8
0
100
AcDbBlockEnd
  0
BLOCK
  5
167
330
166
100
AcDbEntity
  8
0
100
AcDbBlockBegin
  2
*u12
 70
1
 10
0.0
 20
0.0
 30
0.0
  3
*u12
  1

  0
LWPOLYLINE
  5
169
330
166
100
AcDbEntity
  8
I-LK EQPMT
 48
12.0
100
AcDbPolyline
 90
4
 70
1
 10
5.986879315214992
 20
4.914598100478997
 10
-5.986879315214992
 20
4.914598100478997
 10
-5.986879315214992
 20
-4.914598100478997
 10
5.986879315214992
 20
-4.914598100478997
  0
ENDBLK
  5
168
330
166
100
AcDbEntity
  8
0
100
AcDbBlockEnd
  0
BLOCK
  5
16B
330
16A
100
AcDbEntity
  8
0
100
AcDbBlockBegin
  2
*u13
 70
1
 10
0.0
 20
0.0
 30
0.0
  3
*u13
  1

  0
INSERT
  5
16D
330
16A
100
AcDbEntity
  8
0
  6
ByBlock
 62
0
370
-2
440
16777216
100
AcDbBlockReference
  2
*U12
 10
0.0
 20
0.0
 30
0.0
  0
INSERT
  5
16F
330
16A
100
AcDbEntity
  8
0
  6
ByBlock
 62
0
370
-2
440
16777216
100
AcDbBlockReference
  2
*U12
 10
-9e-16
 20
-14.74379430143699
 30
0.0
  0
INSERT
  5
171
330
16A
100
AcDbEntity
  8
0
  6
ByBlock
 62
0
370
-2
440
16777216
100
AcDbBlockReference
  2
*U12
 10
-1.8e-15
 20
-29.48758860287398
 30
0.0
  0
INSERT
  5
173
330
16A
100
AcDbEntity
  8
0
  6
ByBlock
 62
0
370
-2
440
16777216
100
AcDbBlockReference
  2
*U12
 10
17.96063794564498
 20
0.0
 30
0.0
  0
INSERT
  5
175
330
16A
100
AcDbEntity
  8
0
  6
ByBlock
 62
0
370
-2
440
16777216
100
AcDbBlockReference
  2
*U12
 10
17.96063794564498
 20
-14.74379430143699
 30
0.0
  0
INSERT
  5
177
330
16A
100
AcDbEntity
  8
0
  6
ByBlock
 62
0
370
-2
440
16777216
100
AcDbBlockReference
  2
*U12
 10
17.96063794564497
 20
-29.48758860287398
 30
0.0
  0
INSERT
  5
179
330
16A
100
AcDbEntity
  8
0
  6
ByBlock
 62
0
370
-2
440
16777216
100
AcDbBlockReference
  2
*U12
 10
35.92127589128995
 20
0.0
 30
0.0
  0
INSERT
  5
17B
330
16A
100
AcDbEntity
  8
0
  6
ByBlock
 62
0
370
-2
440
16777216
100
AcDbBlockReference
  2
*U12
 10
35.92127589128995
 20
-14.74379430143699
 30
0.0
  0
INSERT
  5
17D
330
16A
100
AcDbEntity
  8
0
  6
ByBlock
 62
0
370
-2
440
16777216
100
AcDbBlockReference
  2
*U12
 10
35.92127589128995
 20
-29.48758860287398
 30
0.0
  0
INSERT
  5
17F
330
16A
100
AcDbEntity
  8
0
  6
ByBlock
 62
0
370
-2
440
16777216
100
AcDbBlockReference
  2
*U12
 10
53.88191383693492
 20
0.0
 30
0.0
  0
INSERT
  5
181
330
16A
100
AcDbEntity
  8
0
  6
ByBlock
 62
0
370
-2
440
16777216
100
AcDbBlockReference
  2
*U12
 10
53.88191383693492
 20
-14.74379430143699
 30
0.0
  0
INSERT
  5
183
330
16A
100
AcDbEntity
  8
0
  6
ByBlock
 62
0
370
-2
440
16777216
100
AcDbBlockReference
  2
*U12
 10
53.88191383693492
 20
-29.48758860287398
 30
0.0
  0
INSERT
  5
185
330
16A
100
AcDbEntity
  8
0
  6
ByBlock
 62
0
370
-2
440
16777216
100
AcDbBlockReference
  2
*U12
 10
-2.7e-15
 20
-44.23138290431096
 30
0.0
  0
INSERT
  5
187
330
16A
100
AcDbEntity
  8
0
  6
ByBlock
 62
0
370
-2
440
16777216
100
AcDbBlockReference
  2
*U12
 10
-3.6e-15
 20
-58.97517720574795
 30
0.0
  0
INSERT
  5
189
330
16A
100
AcDbEntity
  8
0
  6
ByBlock
 62
0
370
-2
440
16777216
100
AcDbBlockReference
  2
*U12
 10
17.96063794564497
 20
-44.23138290431096
 30
0.0
  0
INSERT
  5
18B
330
16A
100
AcDbEntity
  8
0
  6
ByBlock
 62
0
370
-2
440
16777216
100
AcDbBlockReference
  2
*U12
 10
17.96063794564497
 20
-58.97517720574795
 30
0.0
  0
INSERT
  5
18D
330
16A
100
AcDbEntity
  8
0
  6
ByBlock
 62
0
370
-2
440
16777216
100
AcDbBlockReference
  2
*U12
 10
35.92127589128995
 20
-44.23138290431096
 30
0.0
  0
INSERT
  5
18F
330
16A
100
AcDbEntity
  8
0
  6
ByBlock
 62
0
370
-2
440
16777216
100
AcDbBlockReference
  2
*U12
 10
35.92127589128994
 20
-58.97517720574795
 30
0.0
  0
INSERT
  5
191
330
16A
100
AcDbEntity
  8
0
  6
ByBlock
 62
0
370
-2
440
16777216
100
AcDbBlockReference
  2
*U12
 10
53.88191383693492
 20
-44.23138290431096
 30
0.0
  0
INSERT
  5
193
330
16A
100
AcDbEntity
  8
0
  6
ByBlock
 62
0
370
-2
440
16777216
100
AcDbBlockReference
  2
*U12
 10
53.88191383693492
 20
-58.97517720574795
 30
0.0
  0
INSERT
  5
195
330
16A
100
AcDbEntity
  8
0
  6
ByBlock
 62
0
370
-2
440
16777216
100
AcDbBlockReference
  2
*U12
 10
71.8425517825799
 20
0.0
 30
0.0
  0
INSERT
  5
197
330
16A
100
AcDbEntity
  8
0
  6
ByBlock
 62
0
370
-2
440
16777216
100
AcDbBlockReference
  2
*U12
 10
71.8425517825799
 20
-14.74379430143699
 30
0.0
  0
INSERT
  5
199
330
16A
100
AcDbEntity
  8
0
  6
ByBlock
 62
0
370
-2
440
16777216
100
AcDbBlockReference
  2
*U12
 10
71.8425517825799
 20
-29.48758860287398
 30
0.0
  0
INSERT
  5
19B
330
16A
100
AcDbEntity
  8
0
  6
ByBlock
 62
0
370
-2
440
16777216
100
AcDbBlockReference
  2
*U12
 10
71.8425517825799
 20
-44.23138290431096
 30
0.0
  0
INSERT
  5
19D
330
16A
100
AcDbEntity
  8
0
  6
ByBlock
 62
0
370
-2
440
16777216
100
AcDbBlockReference
  2
*U12
 10
71.8425517825799
 20
-58.97517720574795
 30
0.0
  0
INSERT
  5
19F
330
16A
100
AcDbEntity
  8
0
  6
ByBlock
 62
0
370
-2
440
16777216
100
AcDbBlockReference
  2
*U12
 10
89.80318972822487
 20
0.0
 30
0.0
  0
INSERT
  5
1A1
330
16A
100
AcDbEntity
  8
0
  6
ByBlock
 62
0
370
-2
440
16777216
100
AcDbBlockReference
  2
*U12
 10
89.80318972822487
 20
-14.74379430143699
 30
0.0
  0
INSERT
  5
1A3
330
16A
100
AcDbEntity
  8
0
  6
ByBlock
 62
0
370
-2
440
16777216
100
AcDbBlockReference
  2
*U12
 10
89.80318972822487
 20
-29.48758860287398
 30
0.0
  0
INSERT
  5
1A5
330
16A
100
AcDbEntity
  8
0
  6
ByBlock
 62
0
370
-2
440
16777216
100
AcDbBlockReference
  2
*U12
 10
89.80318972822487
 20
-44.23138290431096
 30
0.0
  0
INSERT
  5
1A7
330
16A
100
AcDbEntity
  8
0
  6
ByBlock
 62
0
370
-2
440
16777216
100
AcDbBlockReference
  2
*U12
 10
89.80318972822487
 20
-58.97517720574795
 30
0.0
  0
INSERT
  5
1A9
330
16A
100
AcDbEntity
  8
0
  6
ByBlock
 62
0
370
-2
440
16777216
100
AcDbBlockReference
  2
*U12
 10
107.7638276738699
 20
0.0
 30
0.0
  0
INSERT
  5
1AB
330
16A
100
AcDbEntity
  8
0
  6
ByBlock
 62
0
370
-2
440
16777216
100
AcDbBlockReference
  2
*U12
 10
107.7638276738699
 20
-14.74379430143699
 30
0.0
  0
INSERT
  5
1AD
330
16A
100
AcDbEntity
  8
0
  6
ByBlock
 62
0
370
-2
440
16777216
100
AcDbBlockReference
  2
*U12
 10
107.7638276738699
 20
-29.48758860287398
 30
0.0
  0
INSERT
  5
1AF
330
16A
100
AcDbEntity
  8
0
  6
ByBlock
 62
0
370
-2
440
16777216
100
AcDbBlockReference
  2
*U12
 10
107.7638276738699
 20
-44.23138290431096
 30
0.0
  0
INSERT
  5
1B1
330
16A
100
AcDbEntity
  8
0
  6
ByBlock
 62
0
370
-2
440
16777216
100
AcDbBlockReference
  2
*U12
 10
107.7638276738699
 20
-58.97517720574795
 30
0.0
  0
INSERT
  5
1B3
330
16A
100
AcDbEntity
  8
0
  6
ByBlock
 62
0
370
-2
440
16777216
100
AcDbBlockReference
  2
*U12
 10
125.7244656195148
 20
0.0
 30
0.0
  0
INSERT
  5
1B5
330
16A
100
AcDbEntity
  8
0
  6
ByBlock
 62
0
370
-2
440
16777216
100
AcDbBlockReference
  2
*U12
 10
125.7244656195148
 20
-14.74379430143699
 30
0.0
  0
INSERT
  5
1B7
330
16A
100
AcDbEntity
  8
0
  6
ByBlock
 62
0
370
-2
440
16777216
100
AcDbBlockReference
  2
*U12
 10
125.7244656195148
 20
-29.48758860287398
 30
0.0
  0
INSERT
  5
1B9
330
16A
100
AcDbEntity
  8
0
  6
ByBlock
 62
0
370
-2
440
16777216
100
AcDbBlockReference
  2
*U12
 10
125.7244656195148
 20
-44.23138290431096
 30
0.0
  0
INSERT
  5
1BB
330
16A
100
AcDbEntity
  8
0
  6
ByBlock
 62
0
370
-2
440
16777216
100
AcDbBlockReference
  2
*U12
 10
125.7244656195148
 20
-58.97517720574795
 30
0.0
  0
INSERT
  5
1BD
330
16A
100
AcDbEntity
  8
0
  6
ByBlock
 62
0
370
-2
440
16777216
100
AcDbBlockReference
  2
*U12
 10
143.6851035651598
 20
0.0
 30
0.0
  0
INSERT
  5
1BF
330
16A
100
AcDbEntity
  8
0
  6
ByBlock
 62
0
370
-2
440
16777216
100
AcDbBlockReference
  2
*U12
 10
143.6851035651598
 20
-14.74379430143699
 30
0.0
  0
INSERT
  5
1C1
330
16A
100
AcDbEntity
  8
0
  6
ByBlock
 62
0
370
-2
440
16777216
100
AcDbBlockReference
  2
*U12
 10
143.6851035651598
 20
-29.48758860287398
 30
0.0
  0
INSERT
  5
1C3
330
16A
100
AcDbEntity
  8
0
  6
ByBlock
 62
0
370
-2
440
16777216
100
AcDbBlockReference
  2
*U12
 10
143.6851035651598
 20
-44.23138290431096
 30
0.0
  0
INSERT
  5
1C5
330
16A
100
AcDbEntity
  8
0
  6
ByBlock
 62
0
370
-2
440
16777216
100
AcDbBlockReference
  2
*U12
 10
143.6851035651598
 20
-58.97517720574795
 30
0.0
  0
INSERT
  5
1C7
330
16A
100
AcDbEntity
  8
0
  6
ByBlock
 62
0
370
-2
440
16777216
100
AcDbBlockReference
  2
*U12
 10
161.6457415108048
 20
0.0
 30
0.0
  0
INSERT
  5
1C9
330
16A
100
AcDbEntity
  8
0
  6
ByBlock
 62
0
370
-2
440
16777216
100
AcDbBlockReference
  2
*U12
 10
161.6457415108048
 20
-14.74379430143699
 30
0.0
  0
INSERT
  5
1CB
330
16A
100
AcDbEntity
  8
0
  6
ByBlock
 62
0
370
-2
440
16777216
100
AcDbBlockReference
  2
*U12
 10
161.6457415108048
 20
-29.48758860287398
 30
0.0
  0
INSERT
  5
1CD
330
16A
100
AcDbEntity
  8
0
  6
ByBlock
 62
0
370
-2
440
16777216
100
AcDbBlockReference
  2
*U12
 10
161.6457415108048
 20
-44.23138290431096
 30
0.0
  0
INSERT
  5
1CF
330
16A
100
AcDbEntity
  8
0
  6
ByBlock
 62
0
370
-2
440
16777216
100
AcDbBlockReference
  2
*U12
 10
161.6457415108048
 20
-58.97517720574795
 30
0.0
  0
INSERT
  5
1D1
330
16A
100
AcDbEntity
  8
0
  6
ByBlock
 62
0
370
-2
440
16777216
100
AcDbBlockReference
  2
*U12
 10
179.6063794564498
 20
0.0
 30
0.0
  0
INSERT
  5
1D3
330
16A
100
AcDbEntity
  8
0
  6
ByBlock
 62
0
370
-2
440
16777216
100
AcDbBlockReference
  2
*U12
 10
179.6063794564498
 20
-14.74379430143699
 30
0.0
  0
INSERT
  5
1D5
330
16A
100
AcDbEntity
  8
0
  6
ByBlock
 62
0
370
-2
440
16777216
100
AcDbBlockReference
  2
*U12
 10
179.6063794564498
 20
-29.48758860287398
 30
0.0
  0
INSERT
  5
1D7
330
16A
100
AcDbEntity
  8
0
  6
ByBlock
 62
0
370
-2
440
16777216
100
AcDbBlockReference
  2
*U12
 10
179.6063794564498
 20
-44.23138290431096
 30
0.0
  0
INSERT
  5
1D9
330
16A
100
AcDbEntity
  8
0
  6
ByBlock
 62
0
370
-2
440
16777216
100
AcDbBlockReference
  2
*U12
 10
179.6063794564498
 20
-58.97517720574795
 30
0.0
  0
INSERT
  5
1DB
330
16A
100
AcDbEntity
  8
0
  6
ByBlock
 62
0
370
-2
440
16777216
100
AcDbBlockReference
  2
*U12
 10
197.5670174020947
 20
0.0
 30
0.0
  0
INSERT
  5
1DD
330
16A
100
AcDbEntity
  8
0
  6
ByBlock
 62
0
370
-2
440
16777216
100
AcDbBlockReference
  2
*U12
 10
197.5670174020947
 20
-14.74379430143699
 30
0.0
  0
INSERT
  5
1DF
330
16A
100
AcDbEntity
  8
0
  6
ByBlock
 62
0
370
-2
440
16777216
100
AcDbBlockReference
  2
*U12
 10
197.5670174020947
 20
-29.48758860287398
 30
0.0
  0
INSERT
  5
1E1
330
16A
100
AcDbEntity
  8
0
  6
ByBlock
 62
0
370
-2
440
16777216
100
AcDbBlockReference
  2
*U12
 10
197.5670174020947
 20
-44.23138290431096
 30
0.0
  0
INSERT
  5
1E3
330
16A
100
AcDbEntity
  8
0
  6
ByBlock
 62
0
370
-2
440
16777216
100
AcDbBlockReference
  2
*U12
 10
197.5670174020947
 20
-58.97517720574795
 30
0.0
  0
INSERT
  5
1E5
330
16A
100
AcDbEntity
  8
0
  6
ByBlock
 62
0
370
-2
440
16777216
100
AcDbBlockReference
  2
*U12
 10
215.5276553477397
 20
0.0
 30
0.0
  0
INSERT
  5
1E7
330
16A
100
AcDbEntity
  8
0
  6
ByBlock
 62
0
370
-2
440
16777216
100
AcDbBlockReference
  2
*U12
 10
215.5276553477397
 20
-14.74379430143699
 30
0.0
  0
INSERT
  5
1E9
330
16A
100
AcDbEntity
  8
0
  6
ByBlock
 62
0
370
-2
440
16777216
100
AcDbBlockReference
  2
*U12
 10
215.5276553477397
 20
-29.48758860287398
 30
0.0
  0
INSERT
  5
1EB
330
16A
100
AcDbEntity
  8
0
  6
ByBlock
 62
0
370
-2
440
16777216
100
AcDbBlockReference
  2
*U12
 10
215.5276553477397
 20
-44.23138290431096
 30
0.0
  0
INSERT
  5
1ED
330
16A
100
AcDbEntity
  8
0
  6
ByBlock
 62
0
370
-2
440
16777216
100
AcDbBlockReference
  2
*U12
 10
215.5276553477397
 20
-58.97517720574795
 30
0.0
  0
INSERT
  5
1EF
330
16A
100
AcDbEntity
  8
0
  6
ByBlock
 62
0
370
-2
440
16777216
100
AcDbBlockReference
  2
*U12
 10
233.4882932933847
 20
0.0
 30
0.0
  0
INSERT
  5
1F1
330
16A
100
AcDbEntity
  8
0
  6
ByBlock
 62
0
370
-2
440
16777216
100
AcDbBlockReference
  2
*U12
 10
233.4882932933847
 20
-14.74379430143699
 30
0.0
  0
INSERT
  5
1F3
330
16A
100
AcDbEntity
  8
0
  6
ByBlock
 62
0
370
-2
440
16777216
100
AcDbBlockReference
  2
*U12
 10
233.4882932933847
 20
-29.48758860287398
 30
0.0
  0
INSERT
  5
1F5
330
16A
100
AcDbEntity
  8
0
  6
ByBlock
 62
0
370
-2
440
16777216
100
AcDbBlockReference
  2
*U12
 10
233.4882932933847
 20
-44.23138290431096
 30
0.0
  0
INSERT
  5
1F7
330
16A
100
AcDbEntity
  8
0
  6
ByBlock
 62
0
370
-2
440
16777216
100
AcDbBlockReference
  2
*U12
 10
233.4882932933847
 20
-58.97517720574795
 30
0.0
  0
INSERT
  5
1F9
330
16A
100
AcDbEntity
  8
0
  6
ByBlock
 62
0
370
-2
440
16777216
100
AcDbBlockReference
  2
*U12
 10
251.4489312390297
 20
0.0
 30
0.0
  0
INSERT
  5
1FB
330
16A
100
AcDbEntity
  8
0
  6
ByBlock
 62
0
370
-2
440
16777216
100
AcDbBlockReference
  2
*U12
 10
251.4489312390297
 20
-14.74379430143699
 30
0.0
  0
INSERT
  5
1FD
330
16A
100
AcDbEntity
  8
0
  6
ByBlock
 62
0
370
-2
440
16777216
100
AcDbBlockReference
  2
*U12
 10
251.4489312390297
 20
-29.48758860287398
 30
0.0
  0
INSERT
  5
1FF
330
16A
100
AcDbEntity
  8
0
  6
ByBlock
 62
0
370
-2
440
16777216
100
AcDbBlockReference
  2
*U12
 10
251.4489312390297
 20
-44.23138290431096
 30
0.0
  0
INSERT
  5
201
330
16A
100
AcDbEntity
  8
0
  6
ByBlock
 62
0
370
-2
440
16777216
100
AcDbBlockReference
  2
*U12
 10
251.4489312390297
 20
-58.97517720574795
 30
0.0
  0
INSERT
  5
203
330
16A
100
AcDbEntity
  8
0
  6
ByBlock
 62
0
370
-2
440
16777216
100
AcDbBlockReference
  2
*U12
 10
269.4095691846746
 20
0.0
 30
0.0
  0
INSERT
  5
205
330
16A
100
AcDbEntity
  8
0
  6
ByBlock
 62
0
370
-2
440
16777216
100
AcDbBlockReference
  2
*U12
 10
269.4095691846746
 20
-14.74379430143699
 30
0.0
  0
INSERT
  5
207
330
16A
100
AcDbEntity
  8
0
  6
ByBlock
 62
0
370
-2
440
16777216
100
AcDbBlockReference
  2
*U12
 10
269.4095691846746
 20
-29.48758860287398
 30
0.0
  0
INSERT
  5
209
330
16A
100
AcDbEntity
  8
0
  6
ByBlock
 62
0
370
-2
440
16777216
100
AcDbBlockReference
  2
*U12
 10
269.4095691846746
 20
-44.23138290431096
 30
0.0
  0
INSERT
  5
20B
330
16A
100
AcDbEntity
  8
0
  6
ByBlock
 62
0
370
-2
440
16777216
100
AcDbBlockReference
  2
*U12
 10
269.4095691846746
 20
-58.97517720574795
 30
0.0
  0
INSERT
  5
20D
330
16A
100
AcDbEntity
  8
0
  6
ByBlock
 62
0
370
-2
440
16777216
100
AcDbBlockReference
  2
*U12
 10
287.3702071303196
 20
0.0
 30
0.0
  0
INSERT
  5
20F
330
16A
100
AcDbEntity
  8
0
  6
ByBlock
 62
0
370
-2
440
16777216
100
AcDbBlockReference
  2
*U12
 10
287.3702071303196
 20
-14.74379430143699
 30
0.0
  0
INSERT
  5
211
330
16A
100
AcDbEntity
  8
0
  6
ByBlock
 62
0
370
-2
440
16777216
100
AcDbBlockReference
  2
*U12
 10
287.3702071303196
 20
-29.48758860287398
 30
0.0
  0
INSERT
  5
213
330
16A
100
AcDbEntity
  8
0
  6
ByBlock
 62
0
370
-2
440
16777216
100
AcDbBlockReference
  2
*U12
 10
287.3702071303196
 20
-44.23138290431096
 30
0.0
  0
INSERT
  5
215
330
16A
100
AcDbEntity
  8
0
  6
ByBlock
 62
0
370
-2
440
16777216
100
AcDbBlockReference
  2
*U12
 10
287.3702071303196
 20
-58.97517720574795
 30
0.0
  0
INSERT
  5
217
330
16A
100
AcDbEntity
  8
0
  6
ByBlock
 62
0
370
-2
440
16777216
100
AcDbBlockReference
  2
*U12
 10
305.3308450759646
 20
0.0
 30
0.0
  0
INSERT
  5
219
330
16A
100
AcDbEntity
  8
0
  6
ByBlock
 62
0
370
-2
440
16777216
100
AcDbBlockReference
  2
*U12
 10
305.3308450759646
 20
-14.74379430143699
 30
0.0
  0
INSERT
  5
21B
330
16A
100
AcDbEntity
  8
0
  6
ByBlock
 62
0
370
-2
440
16777216
100
AcDbBlockReference
  2
*U12
 10
305.3308450759646
 20
-29.48758860287398
 30
0.0
  0
INSERT
  5
21D
330
16A
100
AcDbEntity
  8
0
  6
ByBlock
 62
0
370
-2
440
16777216
100
AcDbBlockReference
  2
*U12
 10
305.3308450759646
 20
-44.23138290431096
 30
0.0
  0
INSERT
  5
21F
330
16A
100
AcDbEntity
  8
0
  6
ByBlock
 62
0
370
-2
440
16777216
100
AcDbBlockReference
  2
*U12
 10
305.3308450759646
 20
-58.97517720574795
 30
0.0
  0
INSERT
  5
221
330
16A
100
AcDbEntity
  8
0
  6
ByBlock
 62
0
370
-2
440
16777216
100
AcDbBlockReference
  2
*U12
 10
323.2914830216096
 20
0.0
 30
0.0
  0
INSERT
  5
223
330
16A
100
AcDbEntity
  8
0
  6
ByBlock
 62
0
370
-2
440
16777216
100
AcDbBlockReference
  2
*U12
 10
323.2914830216096
 20
-14.74379430143699
 30
0.0
  0
INSERT
  5
225
330
16A
100
AcDbEntity
  8
0
  6
ByBlock
 62
0
370
-2
440
16777216
100
AcDbBlockReference
  2
*U12
 10
323.2914830216096
 20
-29.48758860287398
 30
0.0
  0
INSERT
  5
227
330
16A
100
AcDbEntity
  8
0
  6
ByBlock
 62
0
370
-2
440
16777216
100
AcDbBlockReference
  2
*U12
 10
323.2914830216096
 20
-44.23138290431096
 30
0.0
  0
INSERT
  5
229
330
16A
100
AcDbEntity
  8
0
  6
ByBlock
 62
0
370
-2
440
16777216
100
AcDbBlockReference
  2
*U12
 10
323.2914830216096
 20
-58.97517720574795
 30
0.0
  0
ENDBLK
  5
16C
330
16A
100
AcDbEntity
  8
0
100
AcDbBlockEnd
  0
BLOCK
  5
22C
330
22B
100
AcDbEntity
  8
0
100
AcDbBlockBegin
  2
*d14
 70
1
 10
0.0
 20
0.0
 30
0.0
  3
*d14
  1

  0
LINE
  5
22E
330
22B
100
AcDbEntity
  8
I-LK DIM
  6
HIDDEN
 62
8
370
0
440
16777216
100
AcDbLine
 10
1869.990023858845
 20
1416.486665623589
 30
0.0
 11
1869.990023858845
 21
1409.530220191553
 31
0.0
  0
LINE
  5
22F
330
22B
100
AcDbEntity
  8
I-LK DIM
  6
HIDDEN
 62
8
370
0
440
16777216
100
AcDbLine
 10
1494.950297571719
 20
1414.441832098039
 30
0.0
 11
1494.950297571719
 21
1409.530220191553
 31
0.0
  0
LINE
  5
230
330
22B
100
AcDbEntity
  8
I-LK DIM
 62
8
370
5
440
16777216
100
AcDbLine
 10
1895.590023858845
 20
1435.130220191553
 30
0.0
 11
1768.95720027872
 21
1435.130220191553
 31
0.0
  0
LINE
  5
231
330
22B
100
AcDbEntity
  8
I-LK DIM
 62
8
370
5
440
16777216
100
AcDbLine
 10
1469.350297571719
 20
1435.130220191553
 30
0.0
 11
1595.983121151844
 21
1435.130220191553
 31
0.0
  0
INSERT
  5
232
330
22B
100
AcDbEntity
  8
I-LK DIM
 62
8
370
5
440
16777216
100
AcDbBlockReference
  2
_ArchTick
 10
1869.990023858845
 20
1435.130220191553
 30
0.0
 41
26.0
 42
26.0
 43
26.0
  0
INSERT
  5
234
330
22B
100
AcDbEntity
  8
I-LK DIM
 62
8
370
5
440
16777216
100
AcDbBlockReference
  2
_ArchTick
 10
1494.950297571719
 20
1435.130220191553
 30
0.0
 41
26.0
 42
26.0
 43
26.0
 50
180.0
  0
MTEXT
  5
236
330
22B
100
AcDbEntity
  8
I-LK DIM
440
16777216
100
AcDbMText
 10
1682.470160715282
 20
1435.130220191553
 30
0.0
 40
60.0
 41
0.0
 46
0.0
 71
5
  1
\A1;375
 11
-1.0
 21
-1e-16
 31
0.0
  0
POINT
  5
237
330
22B
100
AcDbEntity
  8
Defpoints
 62
0
440
16777216
100
AcDbPoint
 10
1869.990023858845
 20
1442.086665623589
 30
0.0
  0
POINT
  5
238
330
22B
100
AcDbEntity
  8
Defpoints
 62
0
440
16777216
100
AcDbPoint
 10
1494.950297571719
 20
1440.041832098039
 30
0.0
  0
POINT
  5
239
330
22B
100
AcDbEntity
  8
Defpoints
 62
0
440
16777216
100
AcDbPoint
 10
1494.950297571719
 20
1435.130220191553
 30
0.0
  0
ENDBLK
  5
22D
330
22B
100
AcDbEntity
  8
0
100
AcDbBlockEnd
  0
BLOCK
  5
23B
330
23A
100
AcDbEntity
  8
0
100
AcDbBlockBegin
  2
roc_clinic
 70
0
 10
0.0
 20
0.0
 30
0.0
  3
roc_clinic
  1

  0
LWPOLYLINE
  5
23D
330
23A
100
AcDbEntity
  8
I-LK CURTAIN
 48
5.0
100
AcDbPolyline
 90
4
 70
1
 10
100.0
 20
0.0
 10
850.0000000000072
 20
0.0
 10
850.0000000000072
 20
100.0
 10
100.0
 20
100.0
  0
LWPOLYLINE
  5
23E
330
23A
100
AcDbEntity
  8
I-LK PARTITION
100
AcDbPolyline
 90
4
 70
1
 10
850.0000000000072
 20
100.0
 10
2500.000000000007
 20
100.0
 10
2500.000000000007
 20
0.0
 10
850.0000000000072
 20
0.0
  0
LWPOLYLINE
  5
23F
330
23A
100
AcDbEntity
  8
I-LK PARTITION
100
AcDbPolyline
 90
4
 70
1
 10
2500.000000014905
 20
1599.999999999069
 10
0.0
 20
1600.000000000007
 10
0.0
 20
1700.000000000003
 10
2500.000000014905
 20
1699.999999999069
  0
LWPOLYLINE
  5
240
330
23A
100
AcDbEntity
  8
I-LK PARTITION
100
AcDbPolyline
 90
4
 70
1
 10
0.0
 20
1600.000000000007
 10
100.0
 20
1600.000000000007
 10
100.0
 20
0.0
 10
0.0
 20
0.0
  0
LWPOLYLINE
  5
241
330
23A
100
AcDbEntity
  8
I-LK PARTITION
100
AcDbPolyline
 90
4
 70
1
 10
2500.000000000007
 20
0.0
 10
2500.000000014905
 20
1700.000000000003
 10
2600.000000014905
 20
1700.000000000003
 10
2600.000000000008
 20
0.0
  0
INSERT
  5
242
330
23A
100
AcDbEntity
  8
0
100
AcDbBlockReference
  2
A$C4fdbbfdd
 10
7.4505806e-09
 20
0.0
 30
0.0
  0
ENDBLK
  5
23C
330
23A
100
AcDbEntity
  8
0
100
AcDbBlockEnd
  0
BLOCK
  5
24D
330
24C
100
AcDbEntity
  8
0
100
AcDbBlockBegin
  2
CLINIC_WITH_SINK_1
 70
0
 10
0.0
 20
0.0
 30
0.0
  3
CLINIC_WITH_SINK_1
  1

  0
INSERT
  5
24F
330
24C
100
AcDbEntity
  8
0
100
AcDbBlockReference
  2
Clinic_with_sink
 10
0.0
 20
0.0
 30
0.0
  0
ENDBLK
  5
24E
330
24C
100
AcDbEntity
  8
0
100
AcDbBlockEnd
  0
BLOCK
  5
254
330
253
100
AcDbEntity
  8
0
100
AcDbBlockBegin
  2
rtf
 70
0
 10
0.0
 20
0.0
 30
0.0
  3
rtf
  1

  0
ARC
  5
256
330
253
100
AcDbEntity
  8
0
  6
ByBlock
 62
0
370
-2
100
AcDbCircle
 10
16412.5253540573
 20
-172805.1007600746
 30
0.0
 40
17.5
100
AcDbArc
 50
21.05058810897431
 51
340.9421780194656
  0
LINE
  5
257
330
253
100
AcDbEntity
  8
0
  6
ByBlock
 62
0
370
-2
100
AcDbLine
 10
16412.5253540573
 20
-172798.8148984113
 30
0.0
 11
16452.40026456733
 21
-172798.8148984113
 31
0.0
  0
LINE
  5
258
330
253
100
AcDbEntity
  8
0
  6
ByBlock
 62
0
370
-2
100
AcDbLine
 10
16412.5253540573
 20
-172810.8148984113
 30
0.0
 11
16452.40026456733
 21
-172810.8148984113
 31
0.0
  0
LINE
  5
259
330
253
100
AcDbEntity
  8
0
  6
ByBlock
 62
0
370
-2
100
AcDbLine
 10
16412.5253540573
 20
-172810.8148984113
 30
0.0
 11
16412.5253540573
 21
-172798.8148984113
 31
0.0
  0
ARC
  5
25A
330
253
100
AcDbEntity
  8
0
  6
ByBlock
 62
0
370
-2
100
AcDbCircle
 10
16444.53660690578
 20
-172804.8148984114
 30
0.0
 40
9.891264419597851
100
AcDbArc
 50
322.6562339413539
 51
37.34376605891415
  0
LINE
  5
25B
330
253
100
AcDbEntity
  8
0
  6
ByBlock
 62
0
370
-2
100
AcDbLine
 10
16425.26329468148
 20
-172793.1007600746
 30
0.0
 11
16535.26329468148
 21
-172793.1007600746
 31
0.0
  0
LINE
  5
25C
330
253
100
AcDbEntity
  8
0
  6
ByBlock
 62
0
370
-2
100
AcDbLine
 10
16425.26329468148
 20
-172817.1007600746
 30
0.0
 11
16535.26329468148
 21
-172817.1007600746
 31
0.0
  0
LINE
  5
25D
330
253
100
AcDbEntity
  8
0
  6
ByBlock
 62
0
370
-2
100
AcDbLine
 10
16535.26329468148
 20
-172793.1007600746
 30
0.0
 11
16535.26329468148
 21
-172817.1007600746
 31
0.0
  0
ENDBLK
  5
255
330
253
100
AcDbEntity
  8
0
100
AcDbBlockEnd
  0
BLOCK
  5
25F
330
25E
100
AcDbEntity
  8
0
100
AcDbBlockBegin
  2
clinic sink
 70
0
 10
0.0
 20
0.0
 30
0.0
  3
clinic sink
  1

  0
CIRCLE
  5
261
330
25E
100
AcDbEntity
  8
0
  6
ByBlock
 62
0
370
-2
100
AcDbCircle
 10
11491.5035008227
 20
-171102.5847399924
 30
0.0
 40
155.0
  0
CIRCLE
  5
262
330
25E
100
AcDbEntity
  8
0
  6
ByBlock
 62
0
370
-2
100
AcDbCircle
 10
11491.5035008227
 20
-171102.5847399924
 30
0.0
 40
143.0
  0
CIRCLE
  5
263
330
25E
100
AcDbEntity
  8
0
  6
ByBlock
 62
0
370
-2
100
AcDbCircle
 10
11491.5035008227
 20
-171102.5847399924
 30
0.0
 40
25.0
  0
INSERT
  5
264
330
25E
100
AcDbEntity
  8
0
  6
ByBlock
 62
0
370
-2
100
AcDbBlockReference
  2
rtf
 10
-5117.472106590168
 20
1702.9323767405
 30
0.0
  0
CIRCLE
  5
266
330
25E
100
AcDbEntity
  8
0
  6
ByBlock
 62
0
370
-2
100
AcDbCircle
 10
11491.5035008227
 20
-171102.5847399924
 30
0.0
 40
20.0
  0
ENDBLK
  5
260
330
25E
100
AcDbEntity
  8
0
100
AcDbBlockEnd
  0
BLOCK
  5
268
330
267
100
AcDbEntity
  8
0
100
AcDbBlockBegin
  2
clinic - mop closet
 70
0
 10
0.0
 20
0.0
 30
0.0
  3
clinic - mop closet
  1

  0
HATCH
  5
26A
330
267
100
AcDbEntity
  8
LN-HATCH
 48
0.5
100
AcDbHatch
 10
0.0
 20
0.0
 30
0.0
210
0.0
220
0.0
230
1.0
  2
ANSI31
 70
0
 71
0
 91
1
 92
1
 93
4
 72
1
 10
89.64045642758721
 20
216.0
 11
107.6404564275872
 21
216.0
 72
1
 10
107.6404564275872
 20
216.0
 11
107.6404564275872
 21
148.0
 72
1
 10
107.6404564275872
 20
148.0
 11
89.64045642758721
 21
148.0
 72
1
 10
89.64045642758721
 20
148.0
 11
89.64045642758721
 21
216.0
 97
0
 75
1
 76
1
 52
360.0
 41
50.0
 77
0
 78
1
 53
44.99999999999998
 43
35858.5
 44
-100655.3575484328
 45
-4.419417382415917
 46
4.419417382415923
 79
0
 98
1
 10
35858.5
 20
-100655.3575484328
  0
LWPOLYLINE
  5
26B
330
267
100
AcDbEntity
  8
LN-ELEVATION-1
 48
0.5
100
AcDbPolyline
 90
4
 70
1
 10
89.64045642758721
 20
216.0
 10
107.6404564275872
 20
216.0
 10
107.6404564275872
 20
148.0
 10
89.64045642758721
 20
148.0
  0
HATCH
  5
26C
330
267
100
AcDbEntity
  8
LN-HATCH
 48
0.5
100
AcDbHatch
 10
0.0
 20
0.0
 30
0.0
210
0.0
220
0.0
230
1.0
  2
ANSI31
 70
0
 71
0
 91
1
 92
1
 93
4
 72
1
 10
-106.3595435724128
 20
216.0
 11
-88.35954357241279
 21
216.0
 72
1
 10
-88.35954357241279
 20
216.0
 11
-88.35954357241282
 21
148.0
 72
1
 10
-88.35954357241279
 20
148.0
 11
-106.3595435724128
 21
148.0
 72
1
 10
-106.3595435724128
 20
148.0
 11
-106.3595435724128
 21
216.0
 97
0
 75
1
 76
1
 52
360.0
 41
50.0
 77
0
 78
1
 53
44.99999999999998
 43
35858.5
 44
-100655.3575484328
 45
-4.419417382415917
 46
4.419417382415923
 79
0
 98
1
 10
35858.5
 20
-100655.3575484328
  0
LWPOLYLINE
  5
26D
330
267
100
AcDbEntity
  8
LN-ELEVATION-1
 48
0.5
100
AcDbPolyline
 90
4
 70
1
 10
-106.3595435724128
 20
216.0
 10
-88.35954357241279
 20
216.0
 10
-88.35954357241279
 20
148.0
 10
-106.3595435724128
 20
148.0
  0
HATCH
  5
26E
330
267
100
AcDbEntity
  8
LN-HATCH
 48
0.5
100
AcDbHatch
 10
0.0
 20
0.0
 30
0.0
210
0.0
220
0.0
230
1.0
  2
ANSI31
 70
0
 71
0
 91
1
 92
1
 93
4
 72
1
 10
-88.35954357241279
 20
148.0
 11
89.64045642758721
 21
148.0
 72
1
 10
89.64045642758721
 20
148.0
 11
89.64045642758721
 21
166.0
 72
1
 10
89.64045642758721
 20
166.0
 11
-88.35954357241279
 21
166.0
 72
1
 10
-88.35954357241279
 20
166.0
 11
-88.35954357241279
 21
148.0
 97
0
 75
1
 76
1
 52
360.0
 41
50.0
 77
0
 78
1
 53
44.99999999999998
 43
35858.5
 44
-100655.3575484328
 45
-4.419417382415917
 46
4.419417382415923
 79
0
 98
1
 10
35858.5
 20
-100655.3575484328
  0
LWPOLYLINE
  5
26F
330
267
100
AcDbEntity
  8
LN-ELEVATION-1
 48
0.5
100
AcDbPolyline
 90
4
 70
1
 10
-88.35954357241279
 20
148.0
 10
89.64045642758721
 20
148.0
 10
89.64045642758721
 20
166.0
 10
-88.35954357241279
 20
166.0
  0
HATCH
  5
270
330
267
100
AcDbEntity
  8
LN-HATCH
 48
0.5
100
AcDbHatch
 10
0.0
 20
0.0
 30
0.0
210
0.0
220
0.0
230
1.0
  2
ANSI31
 70
0
 71
0
 91
1
 92
1
 93
4
 72
1
 10
107.6404564275872
 20
216.0
 11
125.6404564275872
 21
216.0
 72
1
 10
125.6404564275872
 20
216.0
 11
125.640456427587
 21
-216.0
 72
1
 10
125.6404564275872
 20
-216.0
 11
107.6404564275872
 21
-216.0
 72
1
 10
107.6404564275872
 20
-216.0
 11
107.6404564275873
 21
216.0
 97
0
 75
1
 76
1
 52
360.0
 41
50.0
 77
0
 78
1
 53
44.99999999999998
 43
35858.5
 44
-100655.3575484328
 45
-4.419417382415917
 46
4.419417382415923
 79
0
 98
1
 10
35858.5
 20
-100655.3575484328
  0
LWPOLYLINE
  5
271
330
267
100
AcDbEntity
  8
LN-ELEVATION-1
 48
0.5
100
AcDbPolyline
 90
4
 70
1
 10
107.6404564275872
 20
216.0
 10
125.6404564275872
 20
216.0
 10
125.6404564275872
 20
-216.0
 10
107.6404564275872
 20
-216.0
  0
HATCH
  5
272
330
267
100
AcDbEntity
  8
LN-HATCH
 48
0.5
100
AcDbHatch
 10
0.0
 20
0.0
 30
0.0
210
0.0
220
0.0
230
1.0
  2
ANSI31
 70
0
 71
0
 91
1
 92
1
 93
4
 72
1
 10
-106.3595435724128
 20
216.0
 11
-124.3595435724128
 21
216.0
 72
1
 10
-124.3595435724128
 20
216.0
 11
-124.3595435724129
 21
-216.0
 72
1
 10
-124.3595435724128
 20
-216.0
 11
-106.3595435724128
 21
-216.0
 72
1
 10
-106.3595435724128
 20
-216.0
 11
-106.3595435724127
 21
216.0
 97
0
 75
1
 76
1
 52
360.0
 41
50.0
 77
0
 78
1
 53
44.99999999999998
 43
35858.5
 44
-100655.3575484328
 45
-4.419417382415917
 46
4.419417382415923
 79
0
 98
1
 10
35858.5
 20
-100655.3575484328
  0
LWPOLYLINE
  5
273
330
267
100
AcDbEntity
  8
LN-ELEVATION-1
 48
0.5
100
AcDbPolyline
 90
4
 70
1
 10
-106.3595435724128
 20
216.0
 10
-124.3595435724128
 20
216.0
 10
-124.3595435724128
 20
-216.0
 10
-106.3595435724128
 20
-216.0
  0
LINE
  5
274
330
267
100
AcDbEntity
  8
LN-HATCH
 48
0.5
100
AcDbLine
 10
89.64045642758721
 20
216.0
 30
0.0
 11
-88.35954357241279
 21
166.0
 31
0.0
  0
LINE
  5
275
330
267
100
AcDbEntity
  8
LN-HATCH
 48
0.5
100
AcDbLine
 10
-88.35954357241279
 20
216.0
 30
0.0
 11
89.64045642758721
 21
166.0
 31
0.0
  0
HATCH
  5
276
330
267
100
AcDbEntity
  8
LN-HATCH
 48
0.5
100
AcDbHatch
 10
0.0
 20
0.0
 30
0.0
210
0.0
220
0.0
230
1.0
  2
ANSI31
 70
0
 71
0
 91
1
 92
1
 93
5
 72
1
 10
-115.3595435724055
 20
-216.0
 11
-124.3595435724128
 21
-225.0
 72
1
 10
-124.3595435724128
 20
-225.0
 11
-124.3595435724128
 21
-234.0
 72
1
 10
-124.3595435724128
 20
-234.0
 11
125.6404564275872
 21
-234.0
 72
1
 10
125.6404564275872
 20
-234.0
 11
125.6404564275872
 21
-216.0
 72
1
 10
125.6404564275872
 20
-216.0
 11
-115.3595435724055
 21
-216.0
 97
0
 75
1
 76
1
 52
360.0
 41
50.0
 77
0
 78
1
 53
44.99999999999998
 43
35894.5
 44
-101037.3575484328
 45
-4.419417382415917
 46
4.419417382415923
 79
0
 98
1
 10
35894.5
 20
-101037.3575484328
  0
LWPOLYLINE
  5
277
330
267
100
AcDbEntity
  8
LN-ELEVATION-1
 48
0.5
100
AcDbPolyline
 90
5
 70
1
 10
-124.3595435724128
 20
-225.0
 10
-124.3595435724128
 20
-234.0
 10
125.6404564275872
 20
-234.0
 10
125.6404564275872
 20
-216.0
 10
-115.3595435724128
 20
-216.0
  0
ENDBLK
  5
269
330
267
100
AcDbEntity
  8
0
100
AcDbBlockEnd
  0
BLOCK
  5
279
330
278
100
AcDbEntity
  8
0
100
AcDbBlockBegin
  2
clinic trial
 70
0
 10
0.0
 20
0.0
 30
0.0
  3
clinic trial
  1

  0
LWPOLYLINE
  5
27B
330
278
100
AcDbEntity
  8
I-LK FURNITURE
100
AcDbPolyline
 90
4
 70
1
 10
119.4230440827087
 20
-352.4817388160154
 10
119.4230440827087
 20
-985.4817388160153
 10
-380.5769559172913
 20
-985.4817388160153
 10
-380.5769559172913
 20
-352.4817388160154
  0
LWPOLYLINE
  5
27C
330
278
100
AcDbEntity
  8
I-LK FURNITURE
 62
146
420
1070729
100
AcDbPolyline
 90
4
 70
1
 10
-63.4640948921442
 20
-382.4817388160154
 10
-63.4640948921442
 20
-394.4817388160154
 10
338.5359051078558
 20
-394.4817388160154
 10
338.5359051078558
 20
-382.4817388160154
  0
LWPOLYLINE
  5
27D
330
278
100
AcDbEntity
  8
I-LK FURNITURE
 62
146
420
1070729
100
AcDbPolyline
 90
4
 70
1
 10
-63.4640948921442
 20
-955.4817388160152
 10
-63.4640948921442
 20
-943.4817388160153
 10
338.5359051078558
 20
-943.4817388160153
 10
338.5359051078558
 20
-955.4817388160152
  0
LWPOLYLINE
  5
27E
330
278
100
AcDbEntity
  8
I-LK FURNITURE
 62
146
420
1070729
100
AcDbPolyline
 90
4
 70
1
 10
-63.4640948921442
 20
-394.4817388160154
 10
-63.4640948921442
 20
-943.4817388160153
 10
-51.4640948921442
 20
-943.4817388160153
 10
-51.4640948921442
 20
-394.4817388160154
  0
LWPOLYLINE
  5
27F
330
278
100
AcDbEntity
  8
I-LK FURNITURE
 62
146
420
1070729
100
AcDbPolyline
 90
4
 70
1
 10
338.5359051078558
 20
-352.4817388160154
 10
338.5359051078558
 20
-985.4817388160153
 10
356.5359051078559
 20
-985.4817388160153
 10
356.5359051078559
 20
-352.4817388160154
  0
INSERT
  5
280
330
278
100
AcDbEntity
  8
I-LK PARTITION
100
AcDbBlockReference
  2
CLINIC CHAIR
 10
0.0
 20
0.0
 30
0.0
 50
90.00000000000006
  0
HATCH
  5
282
330
278
100
AcDbEntity
  8
I-LK FURNITURE
 62
9
420
13093066
100
AcDbHatch
 10
0.0
 20
0.0
 30
0.0
210
0.0
220
0.0
230
1.0
  2
SOLID
 70
1
 71
0
 91
4
 92
1
 93
8
 72
1
 10
-8.54246803093703
 20
-981.9670201920673
 11
115.9083254579455
 21
-857.5162267031847
 72
2
 10
107.42304408364
 20
-849.0309453288793
 40
12.00000000009463
 50
315.0
 51
405.0
 73
1
 72
1
 10
115.9083254579455
 20
-840.5456639545738
 11
-58.03994271345434
 21
-666.5973957831737
 72
2
 10
-66.52522408775982
 20
-675.0826771574792
 40
12.00000000009463
 50
45.00000000000002
 51
135.0
 73
1
 72
1
 10
-75.01050546206531
 20
-666.5973957831737
 11
-199.4612989509478
 21
-791.0481892720562
 72
2
 10
-190.9760175766423
 20
-799.5334706454303
 40
11.99999999943607
 50
135.0000000031442
 51
225.0000000031442
 73
1
 72
1
 10
-199.4612989500165
 20
-808.0187520197359
 11
-25.5130307786167
 21
-981.9670201911355
 72
2
 10
-17.02774940431103
 20
-973.4817388177615
 40
11.99999999943605
 50
224.9999999968543
 51
314.9999999968547
 73
1
 97
1
330
11D
 92
16
 93
4
 72
1
 10
-17.02774940524252
 20
-955.0969625067663
 11
89.03826777357607
 21
-849.0309453279477
 72
1
 10
89.03826777357607
 20
-849.0309453279477
 11
-66.52522408775987
 21
-693.4674534666119
 72
1
 10
-66.52522408775985
 20
-693.4674534666119
 11
-172.5912412665784
 21
-799.5334706454305
 72
1
 10
-172.5912412665784
 20
-799.5334706454305
 11
-17.02774940524253
 21
-955.0969625067663
 97
1
330
11E
 92
16
 93
6
 72
1
 10
-138.2965623782948
 20
-741.9042679787381
 11
-124.1544267544523
 21
-727.7621323548956
 72
2
 10
-121.3259996296838
 20
-730.5905594796641
 40
4.000000000031554
 50
224.9999999999999
 51
315.0
 73
0
 72
2
 10
-121.3259996296838
 20
-730.5905594796641
 40
4.000000000031584
 50
315.0000000000006
 51
405.0000000000006
 73
0
 72
1
 10
-118.4975725049153
 20
-733.4189866044327
 11
-132.6397081287578
 21
-747.5611222282747
 72
2
 10
-135.4681352535263
 20
-744.7326951035062
 40
4.000000000031544
 50
45.0
 51
135.0
 73
0
 72
2
 10
-135.4681352535265
 20
-744.7326951035063
 40
4.000000000031343
 50
134.9999999999994
 51
224.9999999999994
 73
0
 97
1
330
120
 92
16
 93
1
 72
2
 10
44.84409394953398
 20
-910.9027886827243
 40
7.0
 50
0.0
 51
360.0
 73
1
 97
1
330
121
 75
1
 76
1
 98
1
 10
-3772352.875833935
 20
-3684050.327587579
450
0
451
0
460
0.0
461
0.0
452
0
462
0.0
453
0
470

  0
LWPOLYLINE
  5
283
330
278
100
AcDbEntity
  8
I-LK FURNITURE
 62
18
370
30
420
0
100
AcDbPolyline
 90
8
 70
1
 10
-8.54246803093703
 20
-981.9670201920673
 10
115.9083254579455
 20
-857.5162267031847
 42
0.4142135623730951
 10
115.9083254579455
 20
-840.5456639545738
 10
-58.03994271345434
 20
-666.5973957831737
 42
0.4142135623730951
 10
-75.01050546206531
 20
-666.5973957831737
 10
-199.4612989509478
 20
-791.0481892720562
 42
0.4142135623730951
 10
-199.4612989500165
 20
-808.0187520197359
 10
-25.51303077861669
 20
-981.9670201911355
 42
0.4142135623730951
  0
LWPOLYLINE
  5
284
330
278
100
AcDbEntity
  8
I-LK FURNITURE
 62
18
370
30
420
0
100
AcDbPolyline
 90
4
 70
1
 10
-17.02774940524252
 20
-955.0969625067663
 10
89.03826777357607
 20
-849.0309453279477
 10
-66.52522408775985
 20
-693.4674534666119
 10
-172.5912412665784
 20
-799.5334706454305
  0
HATCH
  5
285
330
278
100
AcDbEntity
  8
I-LK FURNITURE
 62
252
370
0
420
9672088
100
AcDbHatch
 10
0.0
 20
0.0
 30
0.0
210
0.0
220
0.0
230
1.0
  2
ANSI31
 70
0
 71
0
 91
2
 92
1
 93
6
 72
1
 10
-138.2965623782948
 20
-741.9042679787381
 11
-124.1544267544523
 21
-727.7621323548956
 72
2
 10
-121.3259996296838
 20
-730.5905594796641
 40
4.000000000031554
 50
224.9999999999999
 51
315.0
 73
0
 72
2
 10
-121.3259996296838
 20
-730.5905594796641
 40
4.000000000031584
 50
315.0000000000006
 51
405.0000000000006
 73
0
 72
1
 10
-118.4975725049153
 20
-733.4189866044327
 11
-132.6397081287578
 21
-747.5611222282747
 72
2
 10
-135.4681352535263
 20
-744.7326951035062
 40
4.000000000031544
 50
45.0
 51
135.0
 73
0
 72
2
 10
-135.4681352535265
 20
-744.7326951035063
 40
4.000000000031343
 50
134.9999999999994
 51
224.9999999999994
 73
0
 97
1
330
120
 92
1
 93
1
 72
2
 10
44.84409394953398
 20
-910.9027886827243
 40
7.0
 50
0.0
 51
360.0
 73
1
 97
1
330
121
 75
1
 76
1
 52
405.0
 41
10.0
 77
0
 78
1
 53
90.0
 43
-3772352.875833935
 44
-3684050.327587579
 45
-1.25
 46
2e-16
 79
0
 98
1
 10
-3772568.614574107
 20
-3684266.066327753
  0
LWPOLYLINE
  5
286
330
278
100
AcDbEntity
  8
I-LK FURNITURE
 62
18
370
30
420
0
100
AcDbPolyline
 90
8
 70
1
 10
-138.2965623782948
 20
-741.9042679787381
 10
-124.1544267544523
 20
-727.7621323548956
 42
-0.4142135623730951
 10
-118.4975725049153
 20
-727.7621323548956
 10
-118.4975725049153
 20
-727.7621323548956
 42
-0.4142135623730951
 10
-118.4975725049153
 20
-733.4189866044327
 10
-132.6397081287578
 20
-747.5611222282747
 42
-0.4142135623730951
 10
-138.2965623782948
 20
-747.5611222282747
 10
-138.2965623782948
 20
-747.5611222282747
 42
-0.4142135623730951
  0
CIRCLE
  5
287
330
278
100
AcDbEntity
  8
I-LK FURNITURE
 62
18
370
30
420
0
100
AcDbCircle
 10
44.84409394953398
 20
-910.9027886827243
 30
0.0
 40
7.0
  0
INSERT
  5
288
330
278
100
AcDbEntity
  8
I-LK FF&E
100
AcDbBlockReference
  2
DOCTORS STOOL
 10
841.8410998687816
 20
-1028.895880584366
 30
-1.237e-13
 50
90.0
  0
ENDBLK
  5
27A
330
278
100
AcDbEntity
  8
0
100
AcDbBlockEnd
  0
BLOCK
  5
28B
330
28A
100
AcDbEntity
  8
0
100
AcDbBlockBegin
  2
clinic - cabinet sink
 70
0
 10
0.0
 20
0.0
 30
0.0
  3
clinic - cabinet sink
  1

  0
HATCH
  5
28D
330
28A
100
AcDbEntity
  8
LN-HATCH
 48
0.5
100
AcDbHatch
 10
0.0
 20
0.0
 30
0.0
210
0.0
220
0.0
230
1.0
  2
ANSI31
 70
0
 71
0
 91
5
 92
1
 93
4
 72
1
 10
-563.359543572413
 20
156.9999999999999
 11
564.640456427587
 21
156.9999999999999
 72
1
 10
564.640456427587
 20
156.9999999999999
 11
564.640456427587
 21
174.9999999999999
 72
1
 10
564.640456427587
 20
174.9999999999999
 11
-563.359543572413
 21
174.9999999999999
 72
1
 10
-563.359543572413
 20
174.9999999999999
 11
-563.359543572413
 21
156.9999999999999
 97
0
 92
1
 93
4
 72
1
 10
582.6404564275867
 20
224.9999999999999
 11
600.6404564275867
 21
224.9999999999999
 72
1
 10
600.6404564275867
 20
224.9999999999999
 11
600.6404564275867
 21
-225.0000000000001
 72
1
 10
600.6404564275867
 20
-225.0000000000001
 11
582.6404564275867
 21
-225.0000000000001
 72
1
 10
582.6404564275867
 20
-225.0000000000001
 11
582.6404564275867
 21
224.9999999999999
 97
0
 92
1
 93
4
 72
1
 10
564.640456427587
 20
224.9999999999999
 11
582.6404564275867
 21
224.9999999999999
 72
1
 10
582.6404564275867
 20
224.9999999999999
 11
582.6404564275867
 21
156.9999999999999
 72
1
 10
582.6404564275867
 20
156.9999999999999
 11
564.640456427587
 21
156.9999999999999
 72
1
 10
564.640456427587
 20
156.9999999999999
 11
564.640456427587
 21
224.9999999999999
 97
0
 92
1
 93
4
 72
1
 10
-581.359543572413
 20
224.9999999999999
 11
-599.359543572413
 21
224.9999999999999
 72
1
 10
-599.359543572413
 20
224.9999999999999
 11
-599.359543572413
 21
-225.0000000000001
 72
1
 10
-599.359543572413
 20
-225.0000000000001
 11
-581.359543572413
 21
-225.0000000000001
 72
1
 10
-581.359543572413
 20
-225.0000000000001
 11
-581.359543572413
 21
224.9999999999999
 97
0
 92
1
 93
4
 72
1
 10
-581.359543572413
 20
224.9999999999999
 11
-563.359543572413
 21
224.9999999999999
 72
1
 10
-563.359543572413
 20
224.9999999999999
 11
-563.359543572413
 21
156.9999999999999
 72
1
 10
-563.359543572413
 20
156.9999999999999
 11
-581.359543572413
 21
156.9999999999999
 72
1
 10
-581.359543572413
 20
156.9999999999999
 11
-581.359543572413
 21
224.9999999999999
 97
0
 75
1
 76
1
 52
0.0
 41
2.0
 77
0
 78
1
 53
45.0
 43
4052861.500382861
 44
1708016.355767586
 45
-4.490128060534575
 46
4.490128060534575
 79
0
 98
1
 10
-4054178.951663388
 20
1708016.355767586
  0
LWPOLYLINE
  5
28E
330
28A
100
AcDbEntity
  8
LN-ELEVATION-1
 48
0.5
100
AcDbPolyline
 90
4
 70
1
 10
564.640456427587
 20
224.9999999999999
 10
582.6404564275867
 20
224.9999999999999
 10
582.6404564275867
 20
156.9999999999999
 10
564.640456427587
 20
156.9999999999999
  0
LWPOLYLINE
  5
28F
330
28A
100
AcDbEntity
  8
LN-ELEVATION-1
 48
0.5
100
AcDbPolyline
 90
4
 70
1
 10
-581.359543572413
 20
224.9999999999999
 10
-563.359543572413
 20
224.9999999999999
 10
-563.359543572413
 20
156.9999999999999
 10
-581.359543572413
 20
156.9999999999999
  0
LWPOLYLINE
  5
290
330
28A
100
AcDbEntity
  8
LN-ELEVATION-1
 48
0.5
100
AcDbPolyline
 90
4
 70
1
 10
-563.359543572413
 20
156.9999999999999
 10
564.640456427587
 20
156.9999999999999
 10
564.640456427587
 20
174.9999999999999
 10
-563.359543572413
 20
174.9999999999999
  0
LWPOLYLINE
  5
291
330
28A
100
AcDbEntity
  8
LN-ELEVATION-1
 48
0.5
100
AcDbPolyline
 90
4
 70
1
 10
582.6404564275867
 20
224.9999999999999
 10
600.6404564275867
 20
224.9999999999999
 10
600.6404564275867
 20
-225.0000000000001
 10
582.6404564275867
 20
-225.0000000000001
  0
LWPOLYLINE
  5
292
330
28A
100
AcDbEntity
  8
LN-ELEVATION-1
 48
0.5
100
AcDbPolyline
 90
4
 70
1
 10
-581.359543572413
 20
224.9999999999999
 10
-599.359543572413
 20
224.9999999999999
 10
-599.359543572413
 20
-225.0000000000001
 10
-581.359543572413
 20
-225.0000000000001
  0
LINE
  5
293
330
28A
100
AcDbEntity
  8
LN-ELEVATION-2
 48
0.5
100
AcDbLine
 10
582.6404564275867
 20
-225.0000000000001
 30
0.0
 11
-581.359543572413
 21
-225.0000000000001
 31
0.0
  0
LINE
  5
294
330
28A
100
AcDbEntity
  8
LN-HATCH
 48
0.5
100
AcDbLine
 10
564.640456427587
 20
224.9999999999999
 30
0.0
 11
-563.359543572413
 21
174.9999999999999
 31
0.0
  0
LINE
  5
295
330
28A
100
AcDbEntity
  8
LN-HATCH
 48
0.5
100
AcDbLine
 10
-563.359543572413
 20
224.9999999999999
 30
0.0
 11
564.640456427587
 21
174.9999999999999
 31
0.0
  0
INSERT
  5
296
330
28A
100
AcDbEntity
  8
LN-ELEVATION-3
100
AcDbBlockReference
  2
CLINIC SINK
 10
-103569.3304926871
 20
136346.6509754679
 30
0.0
 41
-1.0
 50
41.15582741518659
  0
ENDBLK
  5
28C
330
28A
100
AcDbEntity
  8
0
100
AcDbBlockEnd
  0
BLOCK
  5
299
330
298
100
AcDbEntity
  8
0
100
AcDbBlockBegin
  2
clinic_with_sink
 70
0
 10
0.0
 20
0.0
 30
0.0
  3
clinic_with_sink
  1

  0
LWPOLYLINE
  5
29B
330
298
100
AcDbEntity
  8
I-LK CURTAIN
 48
5.0
100
AcDbPolyline
 90
4
 70
1
 10
549.9999999925493
 20
0.0
 10
1299.999999992538
 20
0.0
 10
1299.999999992538
 20
100.0
 10
549.9999999925493
 20
100.0
  0
INSERT
  5
29C
330
298
100
AcDbEntity
  8
I-LK FF&E
100
AcDbBlockReference
  2
CLINIC - CABINET SINK
 10
325.0
 20
1000.640456427816
 30
0.0
 41
-1.0
 50
90.0
  0
INSERT
  5
29E
330
298
100
AcDbEntity
  8
I-LK IT
100
AcDbBlockReference
  2
CLINIC SCREEN
 10
213.8922199755907
 20
1225.0
 30
0.0
 50
90.00000000000006
  0
INSERT
  5
2A0
330
298
100
AcDbEntity
  8
I-LK FF&E
100
AcDbBlockReference
  2
CLINIC TRIAL
 10
2065.605003267519
 20
1225.0
 30
0.0
 41
-1.0
  0
LWPOLYLINE
  5
2A2
330
298
100
AcDbEntity
  8
I-LK PARTITION
100
AcDbPolyline
 90
4
 70
1
 10
100.0
 20
100.0
 10
2500.0
 20
100.0
 10
2500.0
 20
1600.0
 10
100.0
 20
1600.0
  0
LWPOLYLINE
  5
2A3
330
298
100
AcDbEntity
  8
I-LK PARTITION
100
AcDbPolyline
 90
4
 70
1
 10
0.0
 20
0.0
 10
2600.0
 20
0.0
 10
2600.0
 20
1700.0
 10
0.0
 20
1700.0
  0
INSERT
  5
2A4
330
298
100
AcDbEntity
  8
I-LK FF&E
100
AcDbBlockReference
  2
CLINIC - MOP CLOSET
 10
316.0
 20
274.3595435731077
 30
0.0
 50
90.0
  0
ENDBLK
  5
29A
330
298
100
AcDbEntity
  8
0
100
AcDbBlockEnd
  0
BLOCK
  5
2B3
330
2B2
100
AcDbEntity
  8
0
100
AcDbBlockBegin
  2
PICKUP_STORAGE_1200_1
 70
0
 10
0.0
 20
0.0
 30
0.0
  3
PICKUP_STORAGE_1200_1
  1

  0
LWPOLYLINE
  5
2B5
330
2B2
100
AcDbEntity
  8
I-LK FF&E
100
AcDbPolyline
 90
4
 70
1
 10
1200.0
 20
103.4645415380073
 10
1200.0
 20
453.464541538
 10
0.0
 20
453.464541538
 10
0.0
 20
103.4645415380073
  0
MTEXT
  5
2B6
102
{ACAD_XDICTIONARY
360
2B7
102
}
330
2B2
100
AcDbEntity
  8
I-LK TEXT
  6
Continuous
 62
0
 48
3.0
100
AcDbMText
 10
66.84231704160932
 20
405.9756520305083
 30
0.0
 40
100.0
 41
1099.486866972409
 46
0.0
 71
1
 72
5
  1
\pxqc; PICKUP STORAGE-1200
  7
LK TXT
 11
1.0
 21
-1.1e-15
 31
0.0
1001
ACAD
1000
ACAD_MTEXT_COLUMN_INFO_BEGIN
1070
75
1070
2
1070
79
1070
0
1070
76
1070
1
1070
78
1070
0
1070
48
1040
1099.486866972409
1070
49
1040
0.9999999999999992
1070
50
1070
1
1040
0.0
1000
ACAD_MTEXT_COLUMN_INFO_END
1000
ACAD_MTEXT_COLUMNS_BEGIN
1070
47
1070
1
1000
ACAD_MTEXT_COLUMNS_END
  0
ENDBLK
  5
2B4
330
2B2
100
AcDbEntity
  8
0
100
AcDbBlockEnd
  0
BLOCK
  5
2BD
330
2BC
100
AcDbEntity
  8
0
100
AcDbBlockBegin
  2
PICKUP_TABLE_1
 70
0
 10
0.0
 20
0.0
 30
0.0
  3
PICKUP_TABLE_1
  1

  0
LWPOLYLINE
  5
2BF
330
2BC
100
AcDbEntity
  8
I-LK FF&E
100
AcDbPolyline
 90
4
 70
1
 10
0.0
 20
0.0
 10
1199.99999586492
 20
0.0
 10
1199.99999586492
 20
450.0
 10
0.0
 20
450.0
  0
INSERT
  5
2C0
330
2BC
100
AcDbEntity
  8
I-LK FF&E
100
AcDbBlockReference
  2
DFGHTHRTWE
 10
451.774132710394
 20
525.0
 30
0.0
 50
179.9999999999999
  0
MTEXT
  5
2C2
102
{ACAD_XDICTIONARY
360
2C3
102
}
330
2BC
100
AcDbEntity
  8
I-LK TEXT
  6
Continuous
 62
0
 48
3.0
100
AcDbMText
 10
512.358143738082
 20
356.2830714165581
 30
0.0
 40
100.0
 41
783.9636358173434
 46
0.0
 71
1
 72
5
  1
\pxqc;PICKUP  TABLE  
  7
LK TXT
 11
1.0
 21
-1.1e-15
 31
0.0
1001
ACAD
1000
ACAD_MTEXT_COLUMN_INFO_BEGIN
1070
75
1070
2
1070
79
1070
0
1070
76
1070
1
1070
78
1070
0
1070
48
1040
783.9636358173434
1070
49
1040
0.9999999999999992
1070
50
1070
1
1040
0.0
1000
ACAD_MTEXT_COLUMN_INFO_END
1000
ACAD_MTEXT_COLUMNS_BEGIN
1070
47
1070
1
1000
ACAD_MTEXT_COLUMNS_END
  0
INSERT
  5
2C4
330
2BC
100
AcDbEntity
  8
I-LK IT
 48
0.5
100
AcDbBlockReference
  2
IT KEYBOARD
 10
487.5819182547347
 20
380.33868277687
 30
0.0
 50
180.0
  0
INSERT
  5
2C6
330
2BC
100
AcDbEntity
  8
I-LK IT
100
AcDbBlockReference
  2
IT DESKTOP
 10
24.5417732580172
 20
164.1235950134833
 30
0.0
  0
ENDBLK
  5
2BE
330
2BC
100
AcDbEntity
  8
0
100
AcDbBlockEnd
  0
BLOCK
  5
2CA
330
2C9
100
AcDbEntity
  8
0
100
AcDbBlockBegin
  2
dfghthrtwe
 70
0
 10
0.0
 20
0.0
 30
0.0
  3
dfghthrtwe
  1

  0
LWPOLYLINE
  5
2CC
330
2C9
100
AcDbEntity
  8
LN-ELEVATION-1
 48
0.5
100
AcDbPolyline
 90
8
 70
1
 10
130.0
 20
-225.0
 10
-130.0
 20
-225.0
 42
-0.4142135623730951
 10
-150.0
 20
-205.0
 10
-150.0
 20
55.0
 42
-0.4142135623730951
 10
-130.0
 20
75.0
 10
130.0
 20
75.0
 42
-0.4142135623730951
 10
150.0
 20
55.0
 10
150.0
 20
-205.0
 42
-0.4142135623730951
  0
LWPOLYLINE
  5
2CD
330
2C9
100
AcDbEntity
  8
LN-ELEVATION-3
  6
ACAD_ISO03W100
 48
0.05
100
AcDbPolyline
 90
4
 70
1
 10
100.0
 20
-175.0
 10
-100.0
 20
-175.0
 10
-100.0
 20
25.0
 10
100.0
 20
25.0
  0
LWPOLYLINE
  5
2CE
330
2C9
100
AcDbEntity
  8
LN-ELEVATION-3
  6
ACAD_ISO03W100
 48
0.05
100
AcDbPolyline
 90
4
 70
1
 10
75.0
 20
-150.0
 10
-75.0
 20
-150.0
 10
-75.0
 20
0.0
 10
75.0
 20
0.0
  0
LWPOLYLINE
  5
2CF
330
2C9
100
AcDbEntity
  8
LN-ELEVATION-3
  6
ACAD_ISO03W100
 48
0.05
100
AcDbPolyline
 90
4
 70
0
 10
132.2008663183078
 20
74.87853584764525
 10
124.696699141059
 20
67.37436867039649
 10
142.3743686708621
 20
49.69669914105907
 10
149.8785358476452
 20
57.20086631807498
  0
LWPOLYLINE
  5
2D0
330
2C9
100
AcDbEntity
  8
LN-ELEVATION-5
 48
0.5
100
AcDbPolyline
 90
4
 70
0
 10
149.8785358476452
 20
57.20086631807498
 10
160.0520382001995
 20
67.37436867062934
 10
142.3743686708621
 20
85.05203819996677
 10
132.2008663183078
 20
74.87853584787806
  0
LWPOLYLINE
  5
2D1
330
2C9
100
AcDbEntity
  8
LN-ELEVATION-3
  6
ACAD_ISO03W100
 48
0.05
100
AcDbPolyline
 90
4
 70
0
 10
-132.2008663183078
 20
74.87853584764525
 10
-124.696699141059
 20
67.37436867039649
 10
-142.3743686708621
 20
49.69669914105907
 10
-149.8785358476452
 20
57.20086631807498
  0
LWPOLYLINE
  5
2D2
330
2C9
100
AcDbEntity
  8
LN-ELEVATION-5
 48
0.5
100
AcDbPolyline
 90
4
 70
0
 10
-149.8785358476452
 20
57.20086631807498
 10
-160.0520382001995
 20
67.37436867062934
 10
-142.3743686708621
 20
85.05203819996677
 10
-132.2008663183078
 20
74.87853584787806
  0
LWPOLYLINE
  5
2D3
330
2C9
100
AcDbEntity
  8
LN-ELEVATION-3
  6
ACAD_ISO03W100
 48
0.05
100
AcDbPolyline
 90
4
 70
0
 10
132.2008663183078
 20
-224.8785358476453
 10
124.696699141059
 20
-217.3743686703965
 10
142.3743686708621
 20
-199.6966991410591
 10
149.8785358476452
 20
-207.200866318075
  0
LWPOLYLINE
  5
2D4
330
2C9
100
AcDbEntity
  8
LN-ELEVATION-5
 48
0.5
100
AcDbPolyline
 90
4
 70
0
 10
149.8785358476452
 20
-207.200866318075
 10
160.0520382001995
 20
-217.3743686706294
 10
142.3743686708621
 20
-235.0520381999668
 10
132.2008663183078
 20
-224.8785358478781
  0
LWPOLYLINE
  5
2D5
330
2C9
100
AcDbEntity
  8
LN-ELEVATION-5
 48
0.5
100
AcDbPolyline
 90
4
 70
0
 10
-149.8785358476452
 20
-207.200866318075
 10
-160.0520382001995
 20
-217.3743686706294
 10
-142.3743686708621
 20
-235.0520381999668
 10
-132.2008663183078
 20
-224.8785358478781
  0
LWPOLYLINE
  5
2D6
330
2C9
100
AcDbEntity
  8
LN-ELEVATION-3
  6
ACAD_ISO03W100
 48
0.05
100
AcDbPolyline
 90
4
 70
0
 10
-132.2008663183078
 20
-224.8785358476453
 10
-124.696699141059
 20
-217.3743686703965
 10
-142.3743686708621
 20
-199.6966991410591
 10
-149.8785358476452
 20
-207.200866318075
  0
LINE
  5
2D7
330
2C9
100
AcDbEntity
  8
LN-ELEVATION-3
  6
ACAD_ISO03W100
 48
0.05
100
AcDbLine
 10
82.3223304701969
 20
25.0
 30
0.0
 11
124.6966991401277
 21
67.374368671095
 31
0.0
  0
LINE
  5
2D8
330
2C9
100
AcDbEntity
  8
LN-ELEVATION-3
  6
ACAD_ISO03W100
 48
0.05
100
AcDbLine
 10
100.0
 20
7.322330470196902
 30
0.0
 11
142.3743686703965
 21
49.69669914152472
 31
0.0
  0
LINE
  5
2D9
330
2C9
100
AcDbEntity
  8
LN-ELEVATION-3
  6
ACAD_ISO03W100
 48
0.05
100
AcDbLine
 10
-82.3223304701969
 20
25.0
 30
0.0
 11
-124.6966991401277
 21
67.374368671095
 31
0.0
  0
LINE
  5
2DA
330
2C9
100
AcDbEntity
  8
LN-ELEVATION-3
  6
ACAD_ISO03W100
 48
0.05
100
AcDbLine
 10
-100.0
 20
7.322330470196902
 30
0.0
 11
-142.3743686703965
 21
49.69669914152472
 31
0.0
  0
LINE
  5
2DB
330
2C9
100
AcDbEntity
  8
LN-ELEVATION-3
  6
ACAD_ISO03W100
 48
0.05
100
AcDbLine
 10
82.3223304701969
 20
-175.0
 30
0.0
 11
124.6966991401277
 21
-217.374368671095
 31
0.0
  0
LINE
  5
2DC
330
2C9
100
AcDbEntity
  8
LN-ELEVATION-3
  6
ACAD_ISO03W100
 48
0.05
100
AcDbLine
 10
100.0
 20
-157.3223304701969
 30
0.0
 11
142.3743686703965
 21
-199.6966991415247
 31
0.0
  0
LINE
  5
2DD
330
2C9
100
AcDbEntity
  8
LN-ELEVATION-3
  6
ACAD_ISO03W100
 48
0.05
100
AcDbLine
 10
-82.3223304701969
 20
-175.0
 30
0.0
 11
-124.6966991401277
 21
-217.374368671095
 31
0.0
  0
LINE
  5
2DE
330
2C9
100
AcDbEntity
  8
LN-ELEVATION-3
  6
ACAD_ISO03W100
 48
0.05
100
AcDbLine
 10
-100.0
 20
-157.3223304701969
 30
0.0
 11
-142.3743686703965
 21
-199.6966991415247
 31
0.0
  0
LINE
  5
2DF
330
2C9
100
AcDbEntity
  8
LN-ELEVATION-3
  6
ACAD_ISO03W100
 48
0.05
100
AcDbLine
 10
142.3743686708621
 20
-199.6966991410591
 30
0.0
 11
142.3743686708621
 21
49.69669914105907
 31
0.0
  0
LINE
  5
2E0
330
2C9
100
AcDbEntity
  8
LN-ELEVATION-3
  6
ACAD_ISO03W100
 48
0.05
100
AcDbLine
 10
117.3743686703965
 20
-174.6966991408262
 30
0.0
 11
117.3743686703965
 21
24.69669914152473
 31
0.0
  0
LINE
  5
2E1
330
2C9
100
AcDbEntity
  8
LN-ELEVATION-3
  6
ACAD_ISO03W100
 48
0.05
100
AcDbLine
 10
124.696699141059
 20
67.37436867039649
 30
0.0
 11
-124.6966991401277
 21
67.374368671095
 31
0.0
  0
LINE
  5
2E2
330
2C9
100
AcDbEntity
  8
LN-ELEVATION-3
  6
ACAD_ISO03W100
 48
0.05
100
AcDbLine
 10
99.69669914059341
 20
42.3743686703965
 30
0.0
 11
-99.69669913966207
 21
42.374368671095
 31
0.0
  0
LINE
  5
2E3
330
2C9
100
AcDbEntity
  8
LN-ELEVATION-3
  6
ACAD_ISO03W100
 48
0.05
100
AcDbLine
 10
124.696699141059
 20
-217.3743686703965
 30
0.0
 11
-124.6966991401277
 21
-217.374368671095
 31
0.0
  0
LINE
  5
2E4
330
2C9
100
AcDbEntity
  8
LN-ELEVATION-3
  6
ACAD_ISO03W100
 48
0.05
100
AcDbLine
 10
99.69669914059341
 20
-192.3743686703965
 30
0.0
 11
-99.69669913966207
 21
-192.374368671095
 31
0.0
  0
LINE
  5
2E5
330
2C9
100
AcDbEntity
  8
LN-ELEVATION-3
  6
ACAD_ISO03W100
 48
0.05
100
AcDbLine
 10
-142.3743686708621
 20
-199.6966991410591
 30
0.0
 11
-142.3743686708621
 21
49.69669914105907
 31
0.0
  0
LINE
  5
2E6
330
2C9
100
AcDbEntity
  8
LN-ELEVATION-3
  6
ACAD_ISO03W100
 48
0.05
100
AcDbLine
 10
-117.3743686703965
 20
-174.6966991408262
 30
0.0
 11
-117.3743686703965
 21
24.69669914152473
 31
0.0
  0
ENDBLK
  5
2CB
330
2C9
100
AcDbEntity
  8
0
100
AcDbBlockEnd
  0
BLOCK
  5
2E8
330
2E7
100
AcDbEntity
  8
0
100
AcDbBlockBegin
  2
it desktop
 70
0
 10
0.0
 20
0.0
 30
0.0
  3
it desktop
  1

  0
LWPOLYLINE
  5
2EA
330
2E7
100
AcDbEntity
  8
LN-ELEVATION-2
 48
0.5
100
AcDbPolyline
 90
4
 70
1
 10
420.0
 20
0.0
 10
50.0
 20
0.0
 10
0.0
 20
50.0
 10
470.0
 20
50.0
  0
LWPOLYLINE
  5
2EB
330
2E7
100
AcDbEntity
  8
LN-ELEVATION-2
 48
0.5
100
AcDbPolyline
 90
4
 70
1
 10
470.0
 20
50.0
 10
0.0
 20
50.0
 10
0.0
 20
62.0
 10
470.0
 20
62.0
  0
ENDBLK
  5
2E9
330
2E7
100
AcDbEntity
  8
0
100
AcDbBlockEnd
  0
BLOCK
  5
2ED
330
2EC
100
AcDbEntity
  8
0
100
AcDbBlockBegin
  2
*u4
 70
1
 10
0.0
 20
0.0
 30
0.0
  3
*u4
  1

  0
LWPOLYLINE
  5
2EF
330
2EC
100
AcDbEntity
  8
I-LK EQPMT
 48
12.0
100
AcDbPolyline
 90
4
 70
1
 10
5.986879315214992
 20
4.914598100478997
 10
-5.986879315214992
 20
4.914598100478997
 10
-5.986879315214992
 20
-4.914598100478997
 10
5.986879315214992
 20
-4.914598100478997
  0
ENDBLK
  5
2EE
330
2EC
100
AcDbEntity
  8
0
100
AcDbBlockEnd
  0
BLOCK
  5
2F1
330
2F0
100
AcDbEntity
  8
0
100
AcDbBlockBegin
  2
*u5
 70
1
 10
0.0
 20
0.0
 30
0.0
  3
*u5
  1

  0
INSERT
  5
2F3
330
2F0
100
AcDbEntity
  8
0
  6
ByBlock
 62
0
370
-2
440
16777216
100
AcDbBlockReference
  2
*U4
 10
0.0
 20
0.0
 30
0.0
  0
INSERT
  5
2F5
330
2F0
100
AcDbEntity
  8
0
  6
ByBlock
 62
0
370
-2
440
16777216
100
AcDbBlockReference
  2
*U4
 10
-9e-16
 20
-14.74379430143699
 30
0.0
  0
INSERT
  5
2F7
330
2F0
100
AcDbEntity
  8
0
  6
ByBlock
 62
0
370
-2
440
16777216
100
AcDbBlockReference
  2
*U4
 10
-1.8e-15
 20
-29.48758860287398
 30
0.0
  0
INSERT
  5
2F9
330
2F0
100
AcDbEntity
  8
0
  6
ByBlock
 62
0
370
-2
440
16777216
100
AcDbBlockReference
  2
*U4
 10
17.96063794564498
 20
0.0
 30
0.0
  0
INSERT
  5
2FB
330
2F0
100
AcDbEntity
  8
0
  6
ByBlock
 62
0
370
-2
440
16777216
100
AcDbBlockReference
  2
*U4
 10
17.96063794564498
 20
-14.74379430143699
 30
0.0
  0
INSERT
  5
2FD
330
2F0
100
AcDbEntity
  8
0
  6
ByBlock
 62
0
370
-2
440
16777216
100
AcDbBlockReference
  2
*U4
 10
17.96063794564497
 20
-29.48758860287398
 30
0.0
  0
INSERT
  5
2FF
330
2F0
100
AcDbEntity
  8
0
  6
ByBlock
 62
0
370
-2
440
16777216
100
AcDbBlockReference
  2
*U4
 10
35.92127589128995
 20
0.0
 30
0.0
  0
INSERT
  5
301
330
2F0
100
AcDbEntity
  8
0
  6
ByBlock
 62
0
370
-2
440
16777216
100
AcDbBlockReference
  2
*U4
 10
35.92127589128995
 20
-14.74379430143699
 30
0.0
  0
INSERT
  5
303
330
2F0
100
AcDbEntity
  8
0
  6
ByBlock
 62
0
370
-2
440
16777216
100
AcDbBlockReference
  2
*U4
 10
35.92127589128995
 20
-29.48758860287398
 30
0.0
  0
INSERT
  5
305
330
2F0
100
AcDbEntity
  8
0
  6
ByBlock
 62
0
370
-2
440
16777216
100
AcDbBlockReference
  2
*U4
 10
-2.7e-15
 20
-44.23138290431096
 30
0.0
  0
INSERT
  5
307
330
2F0
100
AcDbEntity
  8
0
  6
ByBlock
 62
0
370
-2
440
16777216
100
AcDbBlockReference
  2
*U4
 10
-3.6e-15
 20
-58.97517720574795
 30
0.0
  0
INSERT
  5
309
330
2F0
100
AcDbEntity
  8
0
  6
ByBlock
 62
0
370
-2
440
16777216
100
AcDbBlockReference
  2
*U4
 10
17.96063794564497
 20
-44.23138290431096
 30
0.0
  0
INSERT
  5
30B
330
2F0
100
AcDbEntity
  8
0
  6
ByBlock
 62
0
370
-2
440
16777216
100
AcDbBlockReference
  2
*U4
 10
17.96063794564497
 20
-58.97517720574795
 30
0.0
  0
INSERT
  5
30D
330
2F0
100
AcDbEntity
  8
0
  6
ByBlock
 62
0
370
-2
440
16777216
100
AcDbBlockReference
  2
*U4
 10
35.92127589128995
 20
-44.23138290431096
 30
0.0
  0
INSERT
  5
30F
330
2F0
100
AcDbEntity
  8
0
  6
ByBlock
 62
0
370
-2
440
16777216
100
AcDbBlockReference
  2
*U4
 10
35.92127589128994
 20
-58.97517720574795
 30
0.0
  0
ENDBLK
  5
2F2
330
2F0
100
AcDbEntity
  8
0
100
AcDbBlockEnd
  0
BLOCK
  5
312
330
311
100
AcDbEntity
  8
0
100
AcDbBlockBegin
  2
*u6
 70
1
 10
0.0
 20
0.0
 30
0.0
  3
*u6
  1

  0
LWPOLYLINE
  5
314
330
311
100
AcDbEntity
  8
I-LK EQPMT
 48
12.0
100
AcDbPolyline
 90
4
 70
1
 10
5.986879315214992
 20
4.914598100478997
 10
-5.986879315214992
 20
4.914598100478997
 10
-5.986879315214992
 20
-4.914598100478997
 10
5.986879315214992
 20
-4.914598100478997
  0
ENDBLK
  5
313
330
311
100
AcDbEntity
  8
0
100
AcDbBlockEnd
  0
BLOCK
  5
316
330
315
100
AcDbEntity
  8
0
100
AcDbBlockBegin
  2
*u7
 70
1
 10
0.0
 20
0.0
 30
0.0
  3
*u7
  1

  0
INSERT
  5
318
330
315
100
AcDbEntity
  8
0
  6
ByBlock
 62
0
370
-2
440
16777216
100
AcDbBlockReference
  2
*U6
 10
0.0
 20
0.0
 30
0.0
  0
INSERT
  5
31A
330
315
100
AcDbEntity
  8
0
  6
ByBlock
 62
0
370
-2
440
16777216
100
AcDbBlockReference
  2
*U6
 10
-9e-16
 20
-14.74379430143699
 30
0.0
  0
INSERT
  5
31C
330
315
100
AcDbEntity
  8
0
  6
ByBlock
 62
0
370
-2
440
16777216
100
AcDbBlockReference
  2
*U6
 10
-1.8e-15
 20
-29.48758860287398
 30
0.0
  0
INSERT
  5
31E
330
315
100
AcDbEntity
  8
0
  6
ByBlock
 62
0
370
-2
440
16777216
100
AcDbBlockReference
  2
*U6
 10
17.96063794564498
 20
0.0
 30
0.0
  0
INSERT
  5
320
330
315
100
AcDbEntity
  8
0
  6
ByBlock
 62
0
370
-2
440
16777216
100
AcDbBlockReference
  2
*U6
 10
17.96063794564498
 20
-14.74379430143699
 30
0.0
  0
INSERT
  5
322
330
315
100
AcDbEntity
  8
0
  6
ByBlock
 62
0
370
-2
440
16777216
100
AcDbBlockReference
  2
*U6
 10
17.96063794564497
 20
-29.48758860287398
 30
0.0
  0
INSERT
  5
324
330
315
100
AcDbEntity
  8
0
  6
ByBlock
 62
0
370
-2
440
16777216
100
AcDbBlockReference
  2
*U6
 10
35.92127589128995
 20
0.0
 30
0.0
  0
INSERT
  5
326
330
315
100
AcDbEntity
  8
0
  6
ByBlock
 62
0
370
-2
440
16777216
100
AcDbBlockReference
  2
*U6
 10
35.92127589128995
 20
-14.74379430143699
 30
0.0
  0
INSERT
  5
328
330
315
100
AcDbEntity
  8
0
  6
ByBlock
 62
0
370
-2
440
16777216
100
AcDbBlockReference
  2
*U6
 10
35.92127589128995
 20
-29.48758860287398
 30
0.0
  0
INSERT
  5
32A
330
315
100
AcDbEntity
  8
0
  6
ByBlock
 62
0
370
-2
440
16777216
100
AcDbBlockReference
  2
*U6
 10
53.88191383693492
 20
0.0
 30
0.0
  0
INSERT
  5
32C
330
315
100
AcDbEntity
  8
0
  6
ByBlock
 62
0
370
-2
440
16777216
100
AcDbBlockReference
  2
*U6
 10
53.88191383693492
 20
-14.74379430143699
 30
0.0
  0
INSERT
  5
32E
330
315
100
AcDbEntity
  8
0
  6
ByBlock
 62
0
370
-2
440
16777216
100
AcDbBlockReference
  2
*U6
 10
53.88191383693492
 20
-29.48758860287398
 30
0.0
  0
INSERT
  5
330
330
315
100
AcDbEntity
  8
0
  6
ByBlock
 62
0
370
-2
440
16777216
100
AcDbBlockReference
  2
*U6
 10
-2.7e-15
 20
-44.23138290431096
 30
0.0
  0
INSERT
  5
332
330
315
100
AcDbEntity
  8
0
  6
ByBlock
 62
0
370
-2
440
16777216
100
AcDbBlockReference
  2
*U6
 10
-3.6e-15
 20
-58.97517720574795
 30
0.0
  0
INSERT
  5
334
330
315
100
AcDbEntity
  8
0
  6
ByBlock
 62
0
370
-2
440
16777216
100
AcDbBlockReference
  2
*U6
 10
17.96063794564497
 20
-44.23138290431096
 30
0.0
  0
INSERT
  5
336
330
315
100
AcDbEntity
  8
0
  6
ByBlock
 62
0
370
-2
440
16777216
100
AcDbBlockReference
  2
*U6
 10
17.96063794564497
 20
-58.97517720574795
 30
0.0
  0
INSERT
  5
338
330
315
100
AcDbEntity
  8
0
  6
ByBlock
 62
0
370
-2
440
16777216
100
AcDbBlockReference
  2
*U6
 10
35.92127589128995
 20
-44.23138290431096
 30
0.0
  0
INSERT
  5
33A
330
315
100
AcDbEntity
  8
0
  6
ByBlock
 62
0
370
-2
440
16777216
100
AcDbBlockReference
  2
*U6
 10
35.92127589128994
 20
-58.97517720574795
 30
0.0
  0
INSERT
  5
33C
330
315
100
AcDbEntity
  8
0
  6
ByBlock
 62
0
370
-2
440
16777216
100
AcDbBlockReference
  2
*U6
 10
53.88191383693492
 20
-44.23138290431096
 30
0.0
  0
INSERT
  5
33E
330
315
100
AcDbEntity
  8
0
  6
ByBlock
 62
0
370
-2
440
16777216
100
AcDbBlockReference
  2
*U6
 10
53.88191383693492
 20
-58.97517720574795
 30
0.0
  0
INSERT
  5
340
330
315
100
AcDbEntity
  8
0
  6
ByBlock
 62
0
370
-2
440
16777216
100
AcDbBlockReference
  2
*U6
 10
71.8425517825799
 20
0.0
 30
0.0
  0
INSERT
  5
342
330
315
100
AcDbEntity
  8
0
  6
ByBlock
 62
0
370
-2
440
16777216
100
AcDbBlockReference
  2
*U6
 10
71.8425517825799
 20
-14.74379430143699
 30
0.0
  0
INSERT
  5
344
330
315
100
AcDbEntity
  8
0
  6
ByBlock
 62
0
370
-2
440
16777216
100
AcDbBlockReference
  2
*U6
 10
71.8425517825799
 20
-29.48758860287398
 30
0.0
  0
INSERT
  5
346
330
315
100
AcDbEntity
  8
0
  6
ByBlock
 62
0
370
-2
440
16777216
100
AcDbBlockReference
  2
*U6
 10
71.8425517825799
 20
-44.23138290431096
 30
0.0
  0
INSERT
  5
348
330
315
100
AcDbEntity
  8
0
  6
ByBlock
 62
0
370
-2
440
16777216
100
AcDbBlockReference
  2
*U6
 10
71.8425517825799
 20
-58.97517720574795
 30
0.0
  0
INSERT
  5
34A
330
315
100
AcDbEntity
  8
0
  6
ByBlock
 62
0
370
-2
440
16777216
100
AcDbBlockReference
  2
*U6
 10
89.80318972822487
 20
0.0
 30
0.0
  0
INSERT
  5
34C
330
315
100
AcDbEntity
  8
0
  6
ByBlock
 62
0
370
-2
440
16777216
100
AcDbBlockReference
  2
*U6
 10
89.80318972822487
 20
-14.74379430143699
 30
0.0
  0
INSERT
  5
34E
330
315
100
AcDbEntity
  8
0
  6
ByBlock
 62
0
370
-2
440
16777216
100
AcDbBlockReference
  2
*U6
 10
89.80318972822487
 20
-29.48758860287398
 30
0.0
  0
INSERT
  5
350
330
315
100
AcDbEntity
  8
0
  6
ByBlock
 62
0
370
-2
440
16777216
100
AcDbBlockReference
  2
*U6
 10
89.80318972822487
 20
-44.23138290431096
 30
0.0
  0
INSERT
  5
352
330
315
100
AcDbEntity
  8
0
  6
ByBlock
 62
0
370
-2
440
16777216
100
AcDbBlockReference
  2
*U6
 10
89.80318972822487
 20
-58.97517720574795
 30
0.0
  0
INSERT
  5
354
330
315
100
AcDbEntity
  8
0
  6
ByBlock
 62
0
370
-2
440
16777216
100
AcDbBlockReference
  2
*U6
 10
107.7638276738699
 20
0.0
 30
0.0
  0
INSERT
  5
356
330
315
100
AcDbEntity
  8
0
  6
ByBlock
 62
0
370
-2
440
16777216
100
AcDbBlockReference
  2
*U6
 10
107.7638276738699
 20
-14.74379430143699
 30
0.0
  0
INSERT
  5
358
330
315
100
AcDbEntity
  8
0
  6
ByBlock
 62
0
370
-2
440
16777216
100
AcDbBlockReference
  2
*U6
 10
107.7638276738699
 20
-29.48758860287398
 30
0.0
  0
INSERT
  5
35A
330
315
100
AcDbEntity
  8
0
  6
ByBlock
 62
0
370
-2
440
16777216
100
AcDbBlockReference
  2
*U6
 10
107.7638276738699
 20
-44.23138290431096
 30
0.0
  0
INSERT
  5
35C
330
315
100
AcDbEntity
  8
0
  6
ByBlock
 62
0
370
-2
440
16777216
100
AcDbBlockReference
  2
*U6
 10
107.7638276738699
 20
-58.97517720574795
 30
0.0
  0
INSERT
  5
35E
330
315
100
AcDbEntity
  8
0
  6
ByBlock
 62
0
370
-2
440
16777216
100
AcDbBlockReference
  2
*U6
 10
125.7244656195148
 20
0.0
 30
0.0
  0
INSERT
  5
360
330
315
100
AcDbEntity
  8
0
  6
ByBlock
 62
0
370
-2
440
16777216
100
AcDbBlockReference
  2
*U6
 10
125.7244656195148
 20
-14.74379430143699
 30
0.0
  0
INSERT
  5
362
330
315
100
AcDbEntity
  8
0
  6
ByBlock
 62
0
370
-2
440
16777216
100
AcDbBlockReference
  2
*U6
 10
125.7244656195148
 20
-29.48758860287398
 30
0.0
  0
INSERT
  5
364
330
315
100
AcDbEntity
  8
0
  6
ByBlock
 62
0
370
-2
440
16777216
100
AcDbBlockReference
  2
*U6
 10
125.7244656195148
 20
-44.23138290431096
 30
0.0
  0
INSERT
  5
366
330
315
100
AcDbEntity
  8
0
  6
ByBlock
 62
0
370
-2
440
16777216
100
AcDbBlockReference
  2
*U6
 10
125.7244656195148
 20
-58.97517720574795
 30
0.0
  0
INSERT
  5
368
330
315
100
AcDbEntity
  8
0
  6
ByBlock
 62
0
370
-2
440
16777216
100
AcDbBlockReference
  2
*U6
 10
143.6851035651598
 20
0.0
 30
0.0
  0
INSERT
  5
36A
330
315
100
AcDbEntity
  8
0
  6
ByBlock
 62
0
370
-2
440
16777216
100
AcDbBlockReference
  2
*U6
 10
143.6851035651598
 20
-14.74379430143699
 30
0.0
  0
INSERT
  5
36C
330
315
100
AcDbEntity
  8
0
  6
ByBlock
 62
0
370
-2
440
16777216
100
AcDbBlockReference
  2
*U6
 10
143.6851035651598
 20
-29.48758860287398
 30
0.0
  0
INSERT
  5
36E
330
315
100
AcDbEntity
  8
0
  6
ByBlock
 62
0
370
-2
440
16777216
100
AcDbBlockReference
  2
*U6
 10
143.6851035651598
 20
-44.23138290431096
 30
0.0
  0
INSERT
  5
370
330
315
100
AcDbEntity
  8
0
  6
ByBlock
 62
0
370
-2
440
16777216
100
AcDbBlockReference
  2
*U6
 10
143.6851035651598
 20
-58.97517720574795
 30
0.0
  0
INSERT
  5
372
330
315
100
AcDbEntity
  8
0
  6
ByBlock
 62
0
370
-2
440
16777216
100
AcDbBlockReference
  2
*U6
 10
161.6457415108048
 20
0.0
 30
0.0
  0
INSERT
  5
374
330
315
100
AcDbEntity
  8
0
  6
ByBlock
 62
0
370
-2
440
16777216
100
AcDbBlockReference
  2
*U6
 10
161.6457415108048
 20
-14.74379430143699
 30
0.0
  0
INSERT
  5
376
330
315
100
AcDbEntity
  8
0
  6
ByBlock
 62
0
370
-2
440
16777216
100
AcDbBlockReference
  2
*U6
 10
161.6457415108048
 20
-29.48758860287398
 30
0.0
  0
INSERT
  5
378
330
315
100
AcDbEntity
  8
0
  6
ByBlock
 62
0
370
-2
440
16777216
100
AcDbBlockReference
  2
*U6
 10
161.6457415108048
 20
-44.23138290431096
 30
0.0
  0
INSERT
  5
37A
330
315
100
AcDbEntity
  8
0
  6
ByBlock
 62
0
370
-2
440
16777216
100
AcDbBlockReference
  2
*U6
 10
161.6457415108048
 20
-58.97517720574795
 30
0.0
  0
INSERT
  5
37C
330
315
100
AcDbEntity
  8
0
  6
ByBlock
 62
0
370
-2
440
16777216
100
AcDbBlockReference
  2
*U6
 10
179.6063794564498
 20
0.0
 30
0.0
  0
INSERT
  5
37E
330
315
100
AcDbEntity
  8
0
  6
ByBlock
 62
0
370
-2
440
16777216
100
AcDbBlockReference
  2
*U6
 10
179.6063794564498
 20
-14.74379430143699
 30
0.0
  0
INSERT
  5
380
330
315
100
AcDbEntity
  8
0
  6
ByBlock
 62
0
370
-2
440
16777216
100
AcDbBlockReference
  2
*U6
 10
179.6063794564498
 20
-29.48758860287398
 30
0.0
  0
INSERT
  5
382
330
315
100
AcDbEntity
  8
0
  6
ByBlock
 62
0
370
-2
440
16777216
100
AcDbBlockReference
  2
*U6
 10
179.6063794564498
 20
-44.23138290431096
 30
0.0
  0
INSERT
  5
384
330
315
100
AcDbEntity
  8
0
  6
ByBlock
 62
0
370
-2
440
16777216
100
AcDbBlockReference
  2
*U6
 10
179.6063794564498
 20
-58.97517720574795
 30
0.0
  0
INSERT
  5
386
330
315
100
AcDbEntity
  8
0
  6
ByBlock
 62
0
370
-2
440
16777216
100
AcDbBlockReference
  2
*U6
 10
197.5670174020947
 20
0.0
 30
0.0
  0
INSERT
  5
388
330
315
100
AcDbEntity
  8
0
  6
ByBlock
 62
0
370
-2
440
16777216
100
AcDbBlockReference
  2
*U6
 10
197.5670174020947
 20
-14.74379430143699
 30
0.0
  0
INSERT
  5
38A
330
315
100
AcDbEntity
  8
0
  6
ByBlock
 62
0
370
-2
440
16777216
100
AcDbBlockReference
  2
*U6
 10
197.5670174020947
 20
-29.48758860287398
 30
0.0
  0
INSERT
  5
38C
330
315
100
AcDbEntity
  8
0
  6
ByBlock
 62
0
370
-2
440
16777216
100
AcDbBlockReference
  2
*U6
 10
197.5670174020947
 20
-44.23138290431096
 30
0.0
  0
INSERT
  5
38E
330
315
100
AcDbEntity
  8
0
  6
ByBlock
 62
0
370
-2
440
16777216
100
AcDbBlockReference
  2
*U6
 10
197.5670174020947
 20
-58.97517720574795
 30
0.0
  0
INSERT
  5
390
330
315
100
AcDbEntity
  8
0
  6
ByBlock
 62
0
370
-2
440
16777216
100
AcDbBlockReference
  2
*U6
 10
215.5276553477397
 20
0.0
 30
0.0
  0
INSERT
  5
392
330
315
100
AcDbEntity
  8
0
  6
ByBlock
 62
0
370
-2
440
16777216
100
AcDbBlockReference
  2
*U6
 10
215.5276553477397
 20
-14.74379430143699
 30
0.0
  0
INSERT
  5
394
330
315
100
AcDbEntity
  8
0
  6
ByBlock
 62
0
370
-2
440
16777216
100
AcDbBlockReference
  2
*U6
 10
215.5276553477397
 20
-29.48758860287398
 30
0.0
  0
INSERT
  5
396
330
315
100
AcDbEntity
  8
0
  6
ByBlock
 62
0
370
-2
440
16777216
100
AcDbBlockReference
  2
*U6
 10
215.5276553477397
 20
-44.23138290431096
 30
0.0
  0
INSERT
  5
398
330
315
100
AcDbEntity
  8
0
  6
ByBlock
 62
0
370
-2
440
16777216
100
AcDbBlockReference
  2
*U6
 10
215.5276553477397
 20
-58.97517720574795
 30
0.0
  0
INSERT
  5
39A
330
315
100
AcDbEntity
  8
0
  6
ByBlock
 62
0
370
-2
440
16777216
100
AcDbBlockReference
  2
*U6
 10
233.4882932933847
 20
0.0
 30
0.0
  0
INSERT
  5
39C
330
315
100
AcDbEntity
  8
0
  6
ByBlock
 62
0
370
-2
440
16777216
100
AcDbBlockReference
  2
*U6
 10
233.4882932933847
 20
-14.74379430143699
 30
0.0
  0
INSERT
  5
39E
330
315
100
AcDbEntity
  8
0
  6
ByBlock
 62
0
370
-2
440
16777216
100
AcDbBlockReference
  2
*U6
 10
233.4882932933847
 20
-29.48758860287398
 30
0.0
  0
INSERT
  5
3A0
330
315
100
AcDbEntity
  8
0
  6
ByBlock
 62
0
370
-2
440
16777216
100
AcDbBlockReference
  2
*U6
 10
233.4882932933847
 20
-44.23138290431096
 30
0.0
  0
INSERT
  5
3A2
330
315
100
AcDbEntity
  8
0
  6
ByBlock
 62
0
370
-2
440
16777216
100
AcDbBlockReference
  2
*U6
 10
233.4882932933847
 20
-58.97517720574795
 30
0.0
  0
INSERT
  5
3A4
330
315
100
AcDbEntity
  8
0
  6
ByBlock
 62
0
370
-2
440
16777216
100
AcDbBlockReference
  2
*U6
 10
251.4489312390297
 20
0.0
 30
0.0
  0
INSERT
  5
3A6
330
315
100
AcDbEntity
  8
0
  6
ByBlock
 62
0
370
-2
440
16777216
100
AcDbBlockReference
  2
*U6
 10
251.4489312390297
 20
-14.74379430143699
 30
0.0
  0
INSERT
  5
3A8
330
315
100
AcDbEntity
  8
0
  6
ByBlock
 62
0
370
-2
440
16777216
100
AcDbBlockReference
  2
*U6
 10
251.4489312390297
 20
-29.48758860287398
 30
0.0
  0
INSERT
  5
3AA
330
315
100
AcDbEntity
  8
0
  6
ByBlock
 62
0
370
-2
440
16777216
100
AcDbBlockReference
  2
*U6
 10
251.4489312390297
 20
-44.23138290431096
 30
0.0
  0
INSERT
  5
3AC
330
315
100
AcDbEntity
  8
0
  6
ByBlock
 62
0
370
-2
440
16777216
100
AcDbBlockReference
  2
*U6
 10
251.4489312390297
 20
-58.97517720574795
 30
0.0
  0
INSERT
  5
3AE
330
315
100
AcDbEntity
  8
0
  6
ByBlock
 62
0
370
-2
440
16777216
100
AcDbBlockReference
  2
*U6
 10
269.4095691846746
 20
0.0
 30
0.0
  0
INSERT
  5
3B0
330
315
100
AcDbEntity
  8
0
  6
ByBlock
 62
0
370
-2
440
16777216
100
AcDbBlockReference
  2
*U6
 10
269.4095691846746
 20
-14.74379430143699
 30
0.0
  0
INSERT
  5
3B2
330
315
100
AcDbEntity
  8
0
  6
ByBlock
 62
0
370
-2
440
16777216
100
AcDbBlockReference
  2
*U6
 10
269.4095691846746
 20
-29.48758860287398
 30
0.0
  0
INSERT
  5
3B4
330
315
100
AcDbEntity
  8
0
  6
ByBlock
 62
0
370
-2
440
16777216
100
AcDbBlockReference
  2
*U6
 10
269.4095691846746
 20
-44.23138290431096
 30
0.0
  0
INSERT
  5
3B6
330
315
100
AcDbEntity
  8
0
  6
ByBlock
 62
0
370
-2
440
16777216
100
AcDbBlockReference
  2
*U6
 10
269.4095691846746
 20
-58.97517720574795
 30
0.0
  0
INSERT
  5
3B8
330
315
100
AcDbEntity
  8
0
  6
ByBlock
 62
0
370
-2
440
16777216
100
AcDbBlockReference
  2
*U6
 10
287.3702071303196
 20
0.0
 30
0.0
  0
INSERT
  5
3BA
330
315
100
AcDbEntity
  8
0
  6
ByBlock
 62
0
370
-2
440
16777216
100
AcDbBlockReference
  2
*U6
 10
287.3702071303196
 20
-14.74379430143699
 30
0.0
  0
INSERT
  5
3BC
330
315
100
AcDbEntity
  8
0
  6
ByBlock
 62
0
370
-2
440
16777216
100
AcDbBlockReference
  2
*U6
 10
287.3702071303196
 20
-29.48758860287398
 30
0.0
  0
INSERT
  5
3BE
330
315
100
AcDbEntity
  8
0
  6
ByBlock
 62
0
370
-2
440
16777216
100
AcDbBlockReference
  2
*U6
 10
287.3702071303196
 20
-44.23138290431096
 30
0.0
  0
INSERT
  5
3C0
330
315
100
AcDbEntity
  8
0
  6
ByBlock
 62
0
370
-2
440
16777216
100
AcDbBlockReference
  2
*U6
 10
287.3702071303196
 20
-58.97517720574795
 30
0.0
  0
INSERT
  5
3C2
330
315
100
AcDbEntity
  8
0
  6
ByBlock
 62
0
370
-2
440
16777216
100
AcDbBlockReference
  2
*U6
 10
305.3308450759646
 20
0.0
 30
0.0
  0
INSERT
  5
3C4
330
315
100
AcDbEntity
  8
0
  6
ByBlock
 62
0
370
-2
440
16777216
100
AcDbBlockReference
  2
*U6
 10
305.3308450759646
 20
-14.74379430143699
 30
0.0
  0
INSERT
  5
3C6
330
315
100
AcDbEntity
  8
0
  6
ByBlock
 62
0
370
-2
440
16777216
100
AcDbBlockReference
  2
*U6
 10
305.3308450759646
 20
-29.48758860287398
 30
0.0
  0
INSERT
  5
3C8
330
315
100
AcDbEntity
  8
0
  6
ByBlock
 62
0
370
-2
440
16777216
100
AcDbBlockReference
  2
*U6
 10
305.3308450759646
 20
-44.23138290431096
 30
0.0
  0
INSERT
  5
3CA
330
315
100
AcDbEntity
  8
0
  6
ByBlock
 62
0
370
-2
440
16777216
100
AcDbBlockReference
  2
*U6
 10
305.3308450759646
 20
-58.97517720574795
 30
0.0
  0
INSERT
  5
3CC
330
315
100
AcDbEntity
  8
0
  6
ByBlock
 62
0
370
-2
440
16777216
100
AcDbBlockReference
  2
*U6
 10
323.2914830216096
 20
0.0
 30
0.0
  0
INSERT
  5
3CE
330
315
100
AcDbEntity
  8
0
  6
ByBlock
 62
0
370
-2
440
16777216
100
AcDbBlockReference
  2
*U6
 10
323.2914830216096
 20
-14.74379430143699
 30
0.0
  0
INSERT
  5
3D0
330
315
100
AcDbEntity
  8
0
  6
ByBlock
 62
0
370
-2
440
16777216
100
AcDbBlockReference
  2
*U6
 10
323.2914830216096
 20
-29.48758860287398
 30
0.0
  0
INSERT
  5
3D2
330
315
100
AcDbEntity
  8
0
  6
ByBlock
 62
0
370
-2
440
16777216
100
AcDbBlockReference
  2
*U6
 10
323.2914830216096
 20
-44.23138290431096
 30
0.0
  0
INSERT
  5
3D4
330
315
100
AcDbEntity
  8
0
  6
ByBlock
 62
0
370
-2
440
16777216
100
AcDbBlockReference
  2
*U6
 10
323.2914830216096
 20
-58.97517720574795
 30
0.0
  0
ENDBLK
  5
317
330
315
100
AcDbEntity
  8
0
100
AcDbBlockEnd
  0
BLOCK
  5
3D9
330
3D8
100
AcDbEntity
  8
0
100
AcDbBlockBegin
  2
UPS_RACK_1
 70
0
 10
0.0
 20
0.0
 30
0.0
  3
UPS_RACK_1
  1

  0
LWPOLYLINE
  5
3DB
330
3D8
100
AcDbEntity
  8
I-LK FF&E
100
AcDbPolyline
 90
4
 70
1
 10
900.0
 20
450.0
 10
0.0
 20
450.0
 10
0.0
 20
0.0
 10
900.0
 20
0.0
  0
MTEXT
  5
3DC
102
{ACAD_XDICTIONARY
360
3DD
102
}
330
3D8
100
AcDbEntity
  8
I-LK TEXT
  6
Continuous
 62
0
 48
3.0
100
AcDbMText
 10
-59.79540328010512
 20
253.7885656869112
 30
0.0
 40
100.0
 41
1099.486866972409
 46
0.0
 71
1
 72
5
  1
\pxqc;UPS RACK
  7
LK TXT
 11
1.0
 21
-1.1e-15
 31
0.0
1001
ACAD
1000
ACAD_MTEXT_COLUMN_INFO_BEGIN
1070
75
1070
2
1070
79
1070
0
1070
76
1070
1
1070
78
1070
0
1070
48
1040
1099.486866972409
1070
49
1040
0.9999999999999992
1070
50
1070
1
1040
0.0
1000
ACAD_MTEXT_COLUMN_INFO_END
1000
ACAD_MTEXT_COLUMNS_BEGIN
1070
47
1070
1
1000
ACAD_MTEXT_COLUMNS_END
  0
ENDBLK
  5
3DA
330
3D8
100
AcDbEntity
  8
0
100
AcDbBlockEnd
  0
BLOCK
  5
3E1
330
3E0
100
AcDbEntity
  8
0
100
AcDbBlockBegin
  2
JJ_SUPER_HYBRID_SMALL_1
 70
0
 10
0.0
 20
0.0
 30
0.0
  3
JJ_SUPER_HYBRID_SMALL_1
  1

  0
INSERT
  5
3E3
330
3E0
100
AcDbEntity
  8
I-LK FF&E
100
AcDbBlockReference
  2
JJ SUPERHYBRID 900
 10
-0.3333333339551245
 20
-6.0
 30
0.0
  0
ENDBLK
  5
3E2
330
3E0
100
AcDbEntity
  8
0
100
AcDbBlockEnd
  0
BLOCK
  5
3E6
330
3E5
100
AcDbEntity
  8
0
100
AcDbBlockBegin
  2
jj superhybrid 900
 70
0
 10
0.0
 20
0.0
 30
0.0
  3
jj superhybrid 900
  1

  0
HATCH
  5
3E8
330
3E5
100
AcDbEntity
  8
LN-HATCH
 48
0.5
100
AcDbHatch
 10
0.0
 20
0.0
 30
0.0
210
0.0
220
0.0
230
1.0
  2
ANSI31
 70
0
 71
0
 91
1
 92
1
 93
4
 72
1
 10
865.3333333339544
 20
11.99999999999994
 11
865.3333333339544
 21
5.999999999999943
 72
1
 10
865.3333333339544
 20
5.999999999999943
 11
900.3333333339543
 21
5.999999999999937
 72
1
 10
900.3333333339543
 20
5.999999999999943
 11
900.3333333339543
 21
11.99999999999994
 72
1
 10
900.3333333339543
 20
11.99999999999994
 11
865.3333333339544
 21
11.99999999999995
 97
0
 75
1
 76
1
 52
180.0
 41
2.0
 77
0
 78
1
 53
225.0
 43
-7614274.718801591
 44
-3007784.385252896
 45
4.490128060534575
 46
-4.490128060534577
 79
0
 98
1
 10
4097295.604936025
 20
1708836.267299228
  0
LWPOLYLINE
  5
3E9
330
3E5
100
AcDbEntity
  8
LN-ELEVATION-1
 48
0.5
100
AcDbPolyline
 90
8
 70
1
 10
900.3333333339543
 20
255.9999999999999
 10
900.3333333339543
 20
65.99999999999993
 10
894.3333333339543
 20
65.99999999999993
 10
894.3333333339543
 20
55.99999999999994
 10
900.3333333339543
 20
55.99999999999994
 10
900.3333333339543
 20
11.99999999999994
 10
882.3333333339544
 20
11.99999999999994
 10
882.3333333339544
 20
255.9999999999999
  0
LWPOLYLINE
  5
3EA
330
3E5
100
AcDbEntity
  8
LN-ELEVATION-1
 48
0.5
100
AcDbPolyline
 90
8
 70
1
 10
0.3333333339543287
 20
256.0
 10
0.3333333339543287
 20
66.00000000000007
 10
6.333333333954329
 20
66.00000000000007
 10
6.333333333954329
 20
56.00000000000006
 10
0.3333333339543287
 20
56.00000000000006
 10
0.3333333339543287
 20
12.00000000000006
 10
18.33333333395433
 20
12.00000000000006
 10
18.33333333395433
 20
256.0
  0
LWPOLYLINE
  5
3EB
330
3E5
100
AcDbEntity
  8
LN-ELEVATION-1
 48
0.5
100
AcDbPolyline
 90
4
 70
1
 10
18.33333333395433
 20
244.0000000000001
 10
882.3333333339544
 20
243.9999999999999
 10
882.3333333339544
 20
249.9999999999999
 10
18.33333333395433
 20
250.0000000000001
  0
LWPOLYLINE
  5
3EC
330
3E5
100
AcDbEntity
  8
LN-ELEVATION-1
 48
0.5
100
AcDbPolyline
 90
4
 70
1
 10
865.3333333339544
 20
11.99999999999994
 10
865.3333333339544
 20
5.999999999999943
 10
900.3333333339543
 20
5.999999999999943
 10
900.3333333339543
 20
11.99999999999994
  0
LWPOLYLINE
  5
3ED
330
3E5
100
AcDbEntity
  8
LN-ELEVATION-1
 48
0.5
100
AcDbPolyline
 90
4
 70
1
 10
35.33333333395433
 20
12.00000000000006
 10
35.33333333395433
 20
6.000000000000056
 10
0.3333333339543287
 20
6.000000000000056
 10
0.3333333339543287
 20
12.00000000000006
  0
LINE
  5
3EE
330
3E5
100
AcDbEntity
  8
LN-ELEVATION-3
 48
0.5
100
AcDbLine
 10
35.33333333395433
 20
6.000000000000056
 30
0.0
 11
865.3333333339544
 21
5.999999999999943
 31
0.0
  0
LINE
  5
3EF
330
3E5
100
AcDbEntity
  8
LN-ELEVATION-3
 48
0.5
100
AcDbLine
 10
865.3333333339544
 20
11.99999999999994
 30
0.0
 11
35.33333333395433
 21
12.00000000000006
 31
0.0
  0
LINE
  5
3F0
330
3E5
100
AcDbEntity
  8
LN-ELEVATION-3
 48
0.5
100
AcDbLine
 10
882.3333333339544
 20
255.9999999999999
 30
0.0
 11
18.33333333395433
 21
256.0
 31
0.0
  0
LWPOLYLINE
  5
3F1
330
3E5
100
AcDbEntity
  8
LN-ELEVATION-3
 48
0.5
440
33554500
100
AcDbPolyline
 90
4
 70
1
 10
865.33333333442
 20
231.9999999999999
 10
705.73333333442
 20
232.0
 10
705.73333333442
 20
168.0
 10
865.33333333442
 20
167.9999999999999
  0
LWPOLYLINE
  5
3F2
330
3E5
100
AcDbEntity
  8
LN-ELEVATION-3
 48
0.5
440
33554500
100
AcDbPolyline
 90
4
 70
1
 10
865.33333333442
 20
95.99999999999994
 10
705.73333333442
 20
95.99999999999996
 10
705.73333333442
 20
160.0
 10
865.33333333442
 20
159.9999999999999
  0
LWPOLYLINE
  5
3F3
330
3E5
100
AcDbEntity
  8
LN-ELEVATION-3
 48
0.5
440
33554500
100
AcDbPolyline
 90
4
 70
1
 10
865.33333333442
 20
87.99999999999994
 10
705.73333333442
 20
87.99999999999994
 10
705.73333333442
 20
23.99999999999997
 10
865.33333333442
 20
23.99999999999995
  0
LWPOLYLINE
  5
3F4
330
3E5
100
AcDbEntity
  8
LN-ELEVATION-2
 48
0.5
100
AcDbPolyline
 90
4
 70
1
 10
34.99999999953445
 20
232.0000000000001
 10
865.33333333442
 20
231.9999999999999
 10
865.33333333442
 20
23.99999999999995
 10
34.99999999953445
 20
24.00000000000006
  0
MTEXT
  5
3F5
330
3E5
100
AcDbEntity
  8
0
 48
0.5
100
AcDbMText
 10
282.6666666660457
 20
144.0000000000001
 30
0.0
 40
30.0
 41
526.8347885402455
 46
0.0
 71
1
 72
5
  1
\pxt4;JJ - SUPER HYBRID
1001
ACAD
1000
ACAD_MTEXT_COLUMN_INFO_BEGIN
1070
75
1070
2
1070
79
1070
0
1070
76
1070
1
1070
78
1070
0
1070
48
1040
526.8347885402455
1070
49
1040
500.0
1070
50
1070
1
1040
0.0
1000
ACAD_MTEXT_COLUMN_INFO_END
1000
ACAD_MTEXT_COLUMNS_BEGIN
1070
47
1070
1
1000
ACAD_MTEXT_COLUMNS_END
  0
LWPOLYLINE
  5
3F6
330
3E5
100
AcDbEntity
  8
LN-ELEVATION-3
 48
0.5
440
33554500
100
AcDbPolyline
 90
4
 70
1
 10
697.73333333442
 20
232.0
 10
538.13333333442
 20
232.0
 10
538.13333333442
 20
168.0
 10
697.73333333442
 20
168.0
  0
LWPOLYLINE
  5
3F7
330
3E5
100
AcDbEntity
  8
LN-ELEVATION-3
 48
0.5
440
33554500
100
AcDbPolyline
 90
4
 70
1
 10
697.73333333442
 20
95.99999999999996
 10
538.13333333442
 20
96.0
 10
538.13333333442
 20
160.0
 10
697.73333333442
 20
160.0
  0
LWPOLYLINE
  5
3F8
330
3E5
100
AcDbEntity
  8
LN-ELEVATION-3
 48
0.5
440
33554500
100
AcDbPolyline
 90
4
 70
1
 10
697.73333333442
 20
87.99999999999994
 10
538.13333333442
 20
88.0
 10
538.13333333442
 20
24.0
 10
697.73333333442
 20
23.99999999999997
  0
LWPOLYLINE
  5
3F9
330
3E5
100
AcDbEntity
  8
LN-ELEVATION-3
 48
0.5
440
33554500
100
AcDbPolyline
 90
4
 70
1
 10
530.13333333442
 20
232.0
 10
370.53333333442
 20
232.0
 10
370.53333333442
 20
168.0
 10
530.13333333442
 20
168.0
  0
LWPOLYLINE
  5
3FA
330
3E5
100
AcDbEntity
  8
LN-ELEVATION-3
 48
0.5
440
33554500
100
AcDbPolyline
 90
4
 70
1
 10
530.13333333442
 20
96.0
 10
370.53333333442
 20
96.0
 10
370.53333333442
 20
160.0
 10
530.13333333442
 20
160.0
  0
LWPOLYLINE
  5
3FB
330
3E5
100
AcDbEntity
  8
LN-ELEVATION-3
 48
0.5
440
33554500
100
AcDbPolyline
 90
4
 70
1
 10
530.13333333442
 20
88.0
 10
370.53333333442
 20
88.0
 10
370.53333333442
 20
24.0
 10
530.13333333442
 20
24.0
  0
LWPOLYLINE
  5
3FC
330
3E5
100
AcDbEntity
  8
LN-ELEVATION-3
 48
0.5
440
33554500
100
AcDbPolyline
 90
4
 70
1
 10
362.5333333344201
 20
232.0
 10
202.9333333344201
 20
232.0
 10
202.9333333344201
 20
168.0
 10
362.5333333344201
 20
168.0
  0
LWPOLYLINE
  5
3FD
330
3E5
100
AcDbEntity
  8
LN-ELEVATION-3
 48
0.5
440
33554500
100
AcDbPolyline
 90
4
 70
1
 10
362.5333333344201
 20
96.0
 10
202.9333333344201
 20
96.00000000000004
 10
202.9333333344201
 20
160.0
 10
362.5333333344201
 20
160.0
  0
LWPOLYLINE
  5
3FE
330
3E5
100
AcDbEntity
  8
LN-ELEVATION-3
 48
0.5
440
33554500
100
AcDbPolyline
 90
4
 70
1
 10
362.5333333344201
 20
88.0
 10
202.9333333344201
 20
88.00000000000004
 10
202.9333333344201
 20
24.00000000000003
 10
362.5333333344201
 20
24.0
  0
LWPOLYLINE
  5
3FF
330
3E5
100
AcDbEntity
  8
LN-ELEVATION-3
 48
0.5
440
33554500
100
AcDbPolyline
 90
4
 70
1
 10
194.9333333344201
 20
232.0
 10
35.33333333442022
 20
232.0000000000001
 10
35.33333333442022
 20
168.0000000000001
 10
194.9333333344201
 20
168.0
  0
LWPOLYLINE
  5
400
330
3E5
100
AcDbEntity
  8
LN-ELEVATION-3
 48
0.5
440
33554500
100
AcDbPolyline
 90
4
 70
1
 10
194.9333333344201
 20
96.00000000000004
 10
35.33333333442022
 20
96.00000000000006
 10
35.33333333442022
 20
160.0000000000001
 10
194.9333333344201
 20
160.0
  0
LWPOLYLINE
  5
401
330
3E5
100
AcDbEntity
  8
LN-ELEVATION-3
 48
0.5
440
33554500
100
AcDbPolyline
 90
4
 70
1
 10
194.9333333344201
 20
88.00000000000004
 10
35.33333333442022
 20
88.00000000000006
 10
35.33333333442022
 20
24.00000000000006
 10
194.9333333344201
 20
24.00000000000003
  0
HATCH
  5
402
330
3E5
100
AcDbEntity
  8
LN-HATCH
 48
0.5
100
AcDbHatch
 10
0.0
 20
0.0
 30
0.0
210
0.0
220
0.0
230
1.0
  2
ANSI31
 70
0
 71
0
 91
1
 92
1
 93
8
 72
1
 10
0.3333333339545561
 20
255.9999999999999
 11
0.3333333339545561
 21
66.0
 72
1
 10
0.3333333339545561
 20
66.0
 11
6.333333333954101
 21
66.0
 72
1
 10
6.333333333954101
 20
66.0
 11
6.333333333954101
 21
56.0
 72
1
 10
6.333333333954101
 20
56.0
 11
0.3333333339545561
 21
56.0
 72
1
 10
0.3333333339545561
 20
56.0
 11
0.3333333339545561
 21
11.99999999999988
 72
1
 10
0.3333333339545561
 20
11.99999999999989
 11
25.33333333395456
 21
11.99999999999989
 72
1
 10
25.33333333395456
 20
11.99999999999989
 11
25.33333333395456
 21
255.9999999999999
 72
1
 10
25.33333333395456
 20
255.9999999999999
 11
0.3333333339545561
 21
255.9999999999999
 97
0
 75
1
 76
1
 52
0.0
 41
50.0
 77
0
 78
1
 53
45.0
 43
912.1281476962176
 44
255.9999999999854
 45
-4.419417382415921
 46
4.419417382415921
 79
0
 98
1
 10
-4096394.938269358
 20
1708836.267299229
  0
HATCH
  5
403
330
3E5
100
AcDbEntity
  8
LN-HATCH
 48
0.5
100
AcDbHatch
 10
0.0
 20
0.0
 30
0.0
210
0.0
220
0.0
230
1.0
  2
ANSI31
 70
0
 71
0
 91
1
 92
1
 93
8
 72
1
 10
900.3333333339543
 20
255.9999999999999
 11
900.3333333339543
 21
66.0
 72
1
 10
900.3333333339543
 20
66.0
 11
894.3333333339543
 21
66.0
 72
1
 10
894.3333333339543
 20
66.0
 11
894.3333333339543
 21
56.0
 72
1
 10
894.3333333339543
 20
56.0
 11
900.3333333339543
 21
56.0
 72
1
 10
900.3333333339543
 20
56.0
 11
900.3333333339543
 21
11.99999999999988
 72
1
 10
900.3333333339543
 20
11.99999999999989
 11
875.3333333339543
 21
11.99999999999989
 72
1
 10
875.3333333339543
 20
11.99999999999989
 11
875.3333333339543
 21
255.9999999999999
 72
1
 10
875.3333333339543
 20
255.9999999999999
 11
900.3333333339543
 21
255.9999999999999
 97
0
 75
1
 76
1
 52
0.0
 41
2.0
 77
0
 78
1
 53
45.0
 43
4209746.374878363
 44
1706870.740126447
 45
-4.490128060534575
 46
4.490128060534575
 79
0
 98
1
 10
-4096694.938269358
 20
1708836.267299229
  0
HATCH
  5
404
330
3E5
100
AcDbEntity
  8
LN-HATCH
 48
0.5
100
AcDbHatch
 10
0.0
 20
0.0
 30
0.0
210
0.0
220
0.0
230
1.0
  2
ANSI31
 70
0
 71
0
 91
1
 92
1
 93
4
 72
1
 10
35.33333333395444
 20
11.99999999999989
 11
35.33333333395444
 21
6.0
 72
1
 10
35.33333333395444
 20
6.0
 11
0.3333333339545561
 21
6.0
 72
1
 10
0.3333333339545561
 20
6.0
 11
0.3333333339545561
 21
11.99999999999989
 72
1
 10
0.3333333339545561
 20
11.99999999999989
 11
35.33333333395444
 21
11.99999999999989
 97
0
 75
1
 76
1
 52
0.0
 41
2.0
 77
0
 78
1
 53
45.0
 43
4210046.374878364
 44
1706870.740126447
 45
-4.490128060534575
 46
4.490128060534575
 79
0
 98
1
 10
-4096394.938269358
 20
1708836.267299229
  0
HATCH
  5
405
330
3E5
100
AcDbEntity
  8
LN-HATCH
 48
0.5
100
AcDbHatch
 10
0.0
 20
0.0
 30
0.0
210
0.0
220
0.0
230
1.0
  2
ANSI31
 70
0
 71
0
 91
1
 92
1
 93
4
 72
1
 10
875.3333333339687
 20
215.9999999999854
 11
25.33333333395456
 21
215.9999999999999
 72
1
 10
25.33333333395456
 20
215.9999999999999
 11
25.33333333395456
 21
221.9999999999999
 72
1
 10
25.33333333395456
 20
221.9999999999999
 11
875.3333333339687
 21
221.9999999999854
 72
1
 10
875.3333333339687
 20
221.9999999999854
 11
875.3333333339687
 21
215.9999999999854
 97
0
 75
1
 76
1
 52
0.0
 41
2.0
 77
0
 78
1
 53
45.0
 43
4210046.374878364
 44
1706870.740126447
 45
-4.490128060534575
 46
4.490128060534575
 79
0
 98
1
 10
-4096394.938269358
 20
1708836.267299229
  0
LWPOLYLINE
  5
406
330
3E5
100
AcDbEntity
  8
LN-ELEVATION-1
 48
0.5
100
AcDbPolyline
 90
8
 70
1
 10
0.3333333339545561
 20
255.9999999999999
 10
0.3333333339545561
 20
66.0
 10
6.333333333954101
 20
66.0
 10
6.333333333954101
 20
56.0
 10
0.3333333339545561
 20
56.0
 10
0.3333333339545561
 20
11.99999999999989
 10
25.33333333395456
 20
11.99999999999989
 10
25.33333333395456
 20
255.9999999999999
  0
LWPOLYLINE
  5
407
330
3E5
100
AcDbEntity
  8
LN-ELEVATION-1
 48
0.5
100
AcDbPolyline
 90
8
 70
1
 10
900.3333333339543
 20
255.9999999999999
 10
900.3333333339543
 20
66.0
 10
894.3333333339543
 20
66.0
 10
894.3333333339543
 20
56.0
 10
900.3333333339543
 20
56.0
 10
900.3333333339543
 20
11.99999999999989
 10
875.3333333339543
 20
11.99999999999989
 10
875.3333333339543
 20
255.9999999999999
  0
LWPOLYLINE
  5
408
330
3E5
100
AcDbEntity
  8
LN-ELEVATION-1
 48
0.5
100
AcDbPolyline
 90
4
 70
1
 10
875.3333333339543
 20
215.9999999999999
 10
25.33333333395456
 20
215.9999999999999
 10
25.33333333395456
 20
221.9999999999999
 10
875.3333333339543
 20
221.9999999999999
  0
LWPOLYLINE
  5
409
330
3E5
100
AcDbEntity
  8
LN-ELEVATION-1
 48
0.5
100
AcDbPolyline
 90
4
 70
1
 10
35.33333333395444
 20
11.99999999999989
 10
35.33333333395444
 20
6.0
 10
0.3333333339545561
 20
6.0
 10
0.3333333339545561
 20
11.99999999999989
  0
LWPOLYLINE
  5
40A
330
3E5
100
AcDbEntity
  8
LN-ELEVATION-1
 48
0.5
100
AcDbPolyline
 90
4
 70
1
 10
865.3333333339544
 20
11.99999999999989
 10
865.3333333339544
 20
6.0
 10
900.3333333339543
 20
6.0
 10
900.3333333339543
 20
11.99999999999989
  0
LINE
  5
40B
330
3E5
100
AcDbEntity
  8
LN-ELEVATION-3
 48
0.5
100
AcDbLine
 10
865.3333333339544
 20
6.0
 30
0.0
 11
35.33333333395444
 21
6.0
 31
0.0
  0
LINE
  5
40C
330
3E5
100
AcDbEntity
  8
LN-ELEVATION-3
 48
0.5
100
AcDbLine
 10
35.33333333395444
 20
11.99999999999989
 30
0.0
 11
865.3333333339544
 21
11.99999999999989
 31
0.0
  0
LWPOLYLINE
  5
40D
330
3E5
100
AcDbEntity
  8
LN-ELEVATION-4
  6
ACAD_ISO03W100
 48
0.05
100
AcDbPolyline
 90
4
 70
1
 10
25.33333333395456
 20
36.0
 10
875.3333333339543
 20
36.0
 10
875.3333333339543
 20
23.99999999999989
 10
25.33333333395456
 20
23.99999999999989
  0
LINE
  5
40E
330
3E5
100
AcDbEntity
  8
LN-ELEVATION-3
 48
0.5
100
AcDbLine
 10
25.33333333395456
 20
255.9999999999999
 30
0.0
 11
875.3333333339543
 21
255.9999999999999
 31
0.0
  0
HATCH
  5
40F
330
3E5
100
AcDbEntity
  8
0
 62
177
100
AcDbHatch
 10
0.0
 20
0.0
 30
0.0
210
0.0
220
0.0
230
1.0
  2
SOLID
 70
1
 71
0
 91
1
 92
1
 93
4
 72
1
 10
875.3333333340712
 20
73.9999999999417
 11
25.33333333401277
 21
73.99999999999986
 72
1
 10
25.33333333401276
 20
73.99999999999986
 11
25.33333333395461
 21
23.99999999999989
 72
1
 10
25.33333333395461
 20
23.99999999999989
 11
875.3333333340128
 21
23.99999999999989
 72
1
 10
875.3333333340128
 20
23.99999999999989
 11
875.3333333340712
 21
73.9999999999417
 97
0
 75
1
 76
1
 98
2
 10
841.4501305162561
 20
42.60723113224947
 10
795.8119232860048
 20
256.7119429405137
450
0
451
0
460
0.0
461
0.0
452
0
462
0.0
453
0
470

  0
LWPOLYLINE
  5
410
330
3E5
100
AcDbEntity
  8
LN-ELEVATION-4
  6
ACAD_ISO03W100
 48
0.05
100
AcDbPolyline
 90
4
 70
1
 10
875.3333333340128
 20
73.9999999999417
 10
25.33333333401276
 20
73.99999999999986
 10
25.33333333395461
 20
23.99999999999989
 10
875.3333333339547
 20
23.99999999999989
  0
ENDBLK
  5
3E7
330
3E5
100
AcDbEntity
  8
0
100
AcDbBlockEnd
  0
BLOCK
  5
414
330
413
100
AcDbEntity
  8
0
100
AcDbBlockBegin
  2
JJ_FIXTURE_LARGE_1
 70
0
 10
0.0
 20
0.0
 30
0.0
  3
JJ_FIXTURE_LARGE_1
  1

  0
INSERT
  5
416
330
413
100
AcDbEntity
  8
I-LK FF&E
100
AcDbBlockReference
  2
JJ 1200
 10
792.0591651862491
 20
30.0
 30
0.0
 41
-1.0
  0
ENDBLK
  5
415
330
413
100
AcDbEntity
  8
0
100
AcDbBlockEnd
  0
BLOCK
  5
419
330
418
100
AcDbEntity
  8
0
100
AcDbBlockBegin
  2
jj 1200
 70
0
 10
0.0
 20
0.0
 30
0.0
  3
jj 1200
  1

  0
HATCH
  5
41B
330
418
100
AcDbEntity
  8
LN-HATCH
 48
0.5
100
AcDbHatch
 10
0.0
 20
0.0
 30
0.0
210
0.0
220
0.0
230
1.0
  2
ANSI31
 70
0
 71
0
 91
5
 92
1
 93
8
 72
1
 10
792.0591651862488
 20
220.0
 11
792.0591651862488
 21
30.0
 72
1
 10
792.0591651862488
 20
30.0
 11
786.0591651862486
 21
30.0
 72
1
 10
786.0591651862486
 20
30.0
 11
786.0591651862486
 21
20.0
 72
1
 10
786.0591651862486
 20
20.0
 11
792.0591651862488
 21
20.0
 72
1
 10
792.0591651862488
 20
20.0
 11
792.0591651862488
 21
-24.0
 72
1
 10
792.0591651862488
 20
-24.0
 11
767.0591651862488
 21
-24.0
 72
1
 10
767.0591651862488
 20
-24.0
 11
767.0591651862488
 21
220.0
 72
1
 10
767.0591651862488
 20
220.0
 11
792.0591651862488
 21
220.0
 97
0
 92
1
 93
4
 72
1
 10
-382.9408348137513
 20
180.0
 11
767.0591651862487
 21
180.0
 72
1
 10
767.0591651862488
 20
180.0
 11
767.0591651862488
 21
186.0
 72
1
 10
767.0591651862488
 20
186.0
 11
-382.9408348137512
 21
186.0
 72
1
 10
-382.9408348137513
 20
186.0
 11
-382.9408348137513
 21
180.0
 97
0
 92
1
 93
4
 72
1
 10
757.0591651862486
 20
-24.0
 11
757.0591651862486
 21
-30.0
 72
1
 10
757.0591651862486
 20
-30.0
 11
792.0591651862488
 21
-30.0
 72
1
 10
792.0591651862488
 20
-30.0
 11
792.0591651862488
 21
-24.0
 72
1
 10
792.0591651862488
 20
-24.0
 11
757.0591651862486
 21
-24.0
 97
0
 92
1
 93
8
 72
1
 10
-407.9408348137512
 20
220.0
 11
-407.9408348137512
 21
30.0
 72
1
 10
-407.9408348137512
 20
30.0
 11
-401.9408348137512
 21
30.0
 72
1
 10
-401.9408348137512
 20
30.0
 11
-401.9408348137512
 21
20.0
 72
1
 10
-401.9408348137512
 20
20.0
 11
-407.9408348137512
 21
20.0
 72
1
 10
-407.9408348137512
 20
20.0
 11
-407.9408348137512
 21
-24.0
 72
1
 10
-407.9408348137512
 20
-24.0
 11
-382.9408348137513
 21
-24.0
 72
1
 10
-382.9408348137513
 20
-24.0
 11
-382.9408348137513
 21
220.0
 72
1
 10
-382.9408348137513
 20
220.0
 11
-407.9408348137512
 21
220.0
 97
0
 92
1
 93
4
 72
1
 10
-372.9408348137513
 20
-24.0
 11
-372.9408348137513
 21
-30.0
 72
1
 10
-372.9408348137513
 20
-30.0
 11
-407.9408348137512
 21
-30.0
 72
1
 10
-407.9408348137512
 20
-30.0
 11
-407.9408348137512
 21
-24.0
 72
1
 10
-407.9408348137512
 20
-24.0
 11
-372.9408348137513
 21
-24.0
 97
0
 75
1
 76
1
 52
0.0
 41
2.0
 77
0
 78
1
 53
45.0
 43
4097187.330767878
 44
1708800.267299229
 45
-4.490128060534575
 46
4.490128060534575
 79
0
 98
1
 10
4097187.330767878
 20
1708800.267299229
  0
LWPOLYLINE
  5
41C
330
418
100
AcDbEntity
  8
LN-ELEVATION-1
 48
0.5
100
AcDbPolyline
 90
8
 70
1
 10
792.0591651862488
 20
220.0
 10
792.0591651862488
 20
30.0
 10
786.0591651862486
 20
30.0
 10
786.0591651862486
 20
20.0
 10
792.0591651862488
 20
20.0
 10
792.0591651862488
 20
-24.0
 10
767.0591651862488
 20
-24.0
 10
767.0591651862488
 20
220.0
  0
LWPOLYLINE
  5
41D
330
418
100
AcDbEntity
  8
LN-ELEVATION-1
 48
0.5
100
AcDbPolyline
 90
8
 70
1
 10
-407.9408348137512
 20
220.0
 10
-407.9408348137512
 20
30.0
 10
-401.9408348137512
 20
30.0
 10
-401.9408348137512
 20
20.0
 10
-407.9408348137512
 20
20.0
 10
-407.9408348137512
 20
-24.0
 10
-382.9408348137513
 20
-24.0
 10
-382.9408348137513
 20
220.0
  0
LWPOLYLINE
  5
41E
330
418
100
AcDbEntity
  8
LN-ELEVATION-1
 48
0.5
100
AcDbPolyline
 90
4
 70
1
 10
-382.9408348137513
 20
180.0
 10
767.0591651862488
 20
180.0
 10
767.0591651862488
 20
186.0
 10
-382.9408348137513
 20
186.0
  0
LWPOLYLINE
  5
41F
330
418
100
AcDbEntity
  8
LN-ELEVATION-1
 48
0.5
100
AcDbPolyline
 90
4
 70
1
 10
757.0591651862486
 20
-24.0
 10
757.0591651862486
 20
-30.0
 10
792.0591651862488
 20
-30.0
 10
792.0591651862488
 20
-24.0
  0
LWPOLYLINE
  5
420
330
418
100
AcDbEntity
  8
LN-ELEVATION-1
 48
0.5
100
AcDbPolyline
 90
4
 70
1
 10
-372.9408348137513
 20
-24.0
 10
-372.9408348137513
 20
-30.0
 10
-407.9408348137512
 20
-30.0
 10
-407.9408348137512
 20
-24.0
  0
LINE
  5
421
330
418
100
AcDbEntity
  8
LN-ELEVATION-3
 48
0.5
100
AcDbLine
 10
-372.9408348137513
 20
-30.0
 30
0.0
 11
757.0591651862486
 21
-30.0
 31
0.0
  0
LINE
  5
422
330
418
100
AcDbEntity
  8
LN-ELEVATION-3
 48
0.5
100
AcDbLine
 10
757.0591651862486
 20
-24.0
 30
0.0
 11
-372.9408348137513
 21
-24.0
 31
0.0
  0
LWPOLYLINE
  5
423
330
418
100
AcDbEntity
  8
LN-ELEVATION-4
  6
ACAD_ISO03W100
 48
0.05
100
AcDbPolyline
 90
4
 70
1
 10
767.0591651862488
 20
0.0
 10
-382.9408348137513
 20
0.0
 10
-382.9408348137513
 20
-12.0
 10
767.0591651862488
 20
-12.0
  0
LINE
  5
424
330
418
100
AcDbEntity
  8
LN-ELEVATION-3
 48
0.5
100
AcDbLine
 10
767.0591651862488
 20
220.0
 30
0.0
 11
-382.9408348137513
 21
220.0
 31
0.0
  0
ENDBLK
  5
41A
330
418
100
AcDbEntity
  8
0
100
AcDbBlockEnd
  0
BLOCK
  5
428
330
427
100
AcDbEntity
  8
0
100
AcDbBlockBegin
  2
VC_FIXTURE_LARGE_1
 70
0
 10
0.0
 20
0.0
 30
0.0
  3
VC_FIXTURE_LARGE_1
  1

  0
INSERT
  5
42A
330
427
100
AcDbEntity
  8
I-LK FF&E
100
AcDbBlockReference
  2
12MM VC PLAN
 10
-4.547e-13
 20
0.0
 30
0.0
 41
-1.0
  0
ENDBLK
  5
429
330
427
100
AcDbEntity
  8
0
100
AcDbBlockEnd
  0
BLOCK
  5
42D
330
42C
100
AcDbEntity
  8
0
100
AcDbBlockBegin
  2
12mm vc plan
 70
0
 10
0.0
 20
0.0
 30
0.0
  3
12mm vc plan
  1

  0
HATCH
  5
42F
330
42C
100
AcDbEntity
  8
LN-HATCH
 48
0.5
100
AcDbHatch
 10
0.0
 20
0.0
 30
0.0
210
0.0
220
0.0
230
1.0
  2
ANSI31
 70
0
 71
0
 91
1
 92
1
 93
8
 72
1
 10
-1200.0
 20
250.0
 11
-1200.0
 21
60.0
 72
1
 10
-1200.0
 20
60.0
 11
-1194.0
 21
60.0
 72
1
 10
-1194.0
 20
60.0
 11
-1194.0
 21
50.0
 72
1
 10
-1194.0
 20
50.0
 11
-1200.0
 21
50.0
 72
1
 10
-1200.0
 20
50.0
 11
-1200.0
 21
6.0
 72
1
 10
-1200.0
 20
6.0
 11
-1182.0
 21
6.0
 72
1
 10
-1182.0
 20
6.0
 11
-1182.0
 21
250.0
 72
1
 10
-1182.0
 20
250.0
 11
-1200.0
 21
250.0
 97
0
 75
1
 76
1
 52
0.0
 41
2.0
 77
0
 78
1
 53
45.0
 43
3760859.752907088
 44
1795248.935917533
 45
-4.490128060534575
 46
4.490128060534575
 79
0
 98
1
 10
-4097595.271602691
 20
1708830.267299229
  0
HATCH
  5
430
330
42C
100
AcDbEntity
  8
LN-HATCH
 48
0.5
100
AcDbHatch
 10
0.0
 20
0.0
 30
0.0
210
0.0
220
0.0
230
1.0
  2
ANSI31
 70
0
 71
0
 91
1
 92
1
 93
4
 72
1
 10
-28.0
 20
6.0
 11
-28.0
 21
0.0
 72
1
 10
-28.0
 20
0.0
 11
0.0
 21
0.0
 72
1
 10
0.0
 20
0.0
 11
0.0
 21
6.0
 72
1
 10
0.0
 20
6.0
 11
-28.0
 21
6.0
 97
0
 75
1
 76
1
 52
0.0
 41
2.0
 77
0
 78
1
 53
45.0
 43
7858054.083674966
 44
3504049.203216764
 45
-4.490128060534575
 46
4.490128060534575
 79
0
 98
1
 10
-4097588.271602691
 20
1708830.267299229
  0
HATCH
  5
431
330
42C
100
AcDbEntity
  8
LN-HATCH
 48
0.5
100
AcDbHatch
 10
0.0
 20
0.0
 30
0.0
210
0.0
220
0.0
230
1.0
  2
ANSI31
 70
0
 71
0
 91
1
 92
1
 93
8
 72
1
 10
0.0
 20
250.0
 11
0.0
 21
60.0
 72
1
 10
0.0
 20
60.0
 11
-6.0
 21
60.0
 72
1
 10
-6.0
 20
60.0
 11
-6.0
 21
50.0
 72
1
 10
-6.0
 20
50.0
 11
0.0
 21
50.0
 72
1
 10
0.0
 20
50.0
 11
0.0
 21
6.0
 72
1
 10
0.0
 20
6.0
 11
-18.0
 21
6.0
 72
1
 10
-18.0
 20
6.0
 11
-18.0
 21
250.0
 72
1
 10
-18.0
 20
250.0
 11
0.0
 21
250.0
 97
0
 75
1
 76
1
 52
0.0
 41
2.0
 77
0
 78
1
 53
45.0
 43
7858054.083674966
 44
3504049.203216764
 45
-4.490128060534575
 46
4.490128060534575
 79
0
 98
1
 10
-4097588.271602691
 20
1708830.267299229
  0
HATCH
  5
432
330
42C
100
AcDbEntity
  8
LN-HATCH
 48
0.5
100
AcDbHatch
 10
0.0
 20
0.0
 30
0.0
210
0.0
220
0.0
230
1.0
  2
ANSI31
 70
0
 71
0
 91
1
 92
1
 93
4
 72
1
 10
-1165.0
 20
6.0
 11
-1165.0
 21
0.0
 72
1
 10
-1165.0
 20
0.0
 11
-1200.0
 21
0.0
 72
1
 10
-1200.0
 20
0.0
 11
-1200.0
 21
6.0
 72
1
 10
-1200.0
 20
6.0
 11
-1165.0
 21
6.0
 97
0
 75
1
 76
1
 52
0.0
 41
2.0
 77
0
 78
1
 53
45.0
 43
7858047.083674965
 44
3504049.203216764
 45
-4.490128060534575
 46
4.490128060534575
 79
0
 98
1
 10
-4097595.271602691
 20
1708830.267299229
  0
LWPOLYLINE
  5
433
330
42C
100
AcDbEntity
  8
LN-ELEVATION-1
 48
0.5
100
AcDbPolyline
 90
8
 70
1
 10
-1200.0
 20
250.0
 10
-1200.0
 20
60.0
 10
-1194.0
 20
60.0
 10
-1194.0
 20
50.0
 10
-1200.0
 20
50.0
 10
-1200.0
 20
6.0
 10
-1182.0
 20
6.0
 10
-1182.0
 20
250.0
  0
LWPOLYLINE
  5
434
330
42C
100
AcDbEntity
  8
LN-ELEVATION-1
 48
0.5
100
AcDbPolyline
 90
8
 70
1
 10
0.0
 20
250.0
 10
0.0
 20
60.0
 10
-6.0
 20
60.0
 10
-6.0
 20
50.0
 10
0.0
 20
50.0
 10
0.0
 20
6.0
 10
-18.0
 20
6.0
 10
-18.0
 20
250.0
  0
LWPOLYLINE
  5
435
330
42C
100
AcDbEntity
  8
LN-ELEVATION-1
 48
0.5
100
AcDbPolyline
 90
4
 70
1
 10
-18.0
 20
238.0
 10
-1182.0
 20
238.0
 10
-1182.0
 20
244.0
 10
-18.0
 20
244.0
  0
LWPOLYLINE
  5
436
330
42C
100
AcDbEntity
  8
LN-ELEVATION-1
 48
0.5
100
AcDbPolyline
 90
4
 70
1
 10
-1165.0
 20
6.0
 10
-1165.0
 20
0.0
 10
-1200.0
 20
0.0
 10
-1200.0
 20
6.0
  0
LWPOLYLINE
  5
437
330
42C
100
AcDbEntity
  8
LN-ELEVATION-1
 48
0.5
100
AcDbPolyline
 90
4
 70
1
 10
-35.0
 20
6.0
 10
-35.0
 20
0.0
 10
0.0
 20
0.0
 10
0.0
 20
6.0
  0
LINE
  5
438
330
42C
100
AcDbEntity
  8
LN-ELEVATION-3
 48
0.5
100
AcDbLine
 10
-35.0
 20
0.0
 30
0.0
 11
-1165.0
 21
0.0
 31
0.0
  0
LINE
  5
439
330
42C
100
AcDbEntity
  8
LN-ELEVATION-3
 48
0.5
100
AcDbLine
 10
-1165.0
 20
6.0
 30
0.0
 11
-35.0
 21
6.0
 31
0.0
  0
LINE
  5
43A
330
42C
100
AcDbEntity
  8
LN-ELEVATION-3
 48
0.5
100
AcDbLine
 10
-1182.0
 20
250.0
 30
0.0
 11
-18.0
 21
250.0
 31
0.0
  0
LWPOLYLINE
  5
43B
330
42C
100
AcDbEntity
  8
LN-ELEVATION-3
 48
0.5
100
AcDbPolyline
 90
4
 70
1
 10
-1165.000000000465
 20
226.0
 10
-35.0
 20
226.0
 10
-35.0
 20
18.0
 10
-1165.000000000465
 20
18.0
  0
LWPOLYLINE
  5
43C
330
42C
100
AcDbEntity
  8
LN-ELEVATION-3
 48
0.5
100
AcDbPolyline
 90
4
 70
1
 10
-1165.000000000465
 20
226.0
 10
-983.3333333334888
 20
226.0
 10
-983.3333333334888
 20
162.0
 10
-1165.000000000465
 20
162.0
  0
LWPOLYLINE
  5
43D
330
42C
100
AcDbEntity
  8
LN-ELEVATION-3
 48
0.5
100
AcDbPolyline
 90
4
 70
1
 10
-975.3333333334888
 20
226.0
 10
-793.6666666665112
 20
226.0
 10
-793.6666666665112
 20
162.0
 10
-975.3333333334888
 20
162.0
  0
LWPOLYLINE
  5
43E
330
42C
100
AcDbEntity
  8
LN-ELEVATION-3
 48
0.5
100
AcDbPolyline
 90
4
 70
1
 10
-975.3333333334888
 20
154.0
 10
-793.6666666665112
 20
154.0
 10
-793.6666666665112
 20
90.0
 10
-975.3333333334888
 20
90.0
  0
LWPOLYLINE
  5
43F
330
42C
100
AcDbEntity
  8
LN-ELEVATION-3
 48
0.5
100
AcDbPolyline
 90
4
 70
1
 10
-1165.000000000465
 20
90.0
 10
-983.3333333334888
 20
90.0
 10
-983.3333333334888
 20
154.0
 10
-1165.000000000465
 20
154.0
  0
LWPOLYLINE
  5
440
330
42C
100
AcDbEntity
  8
LN-ELEVATION-3
 48
0.5
100
AcDbPolyline
 90
4
 70
1
 10
-1165.000000000465
 20
82.0
 10
-983.3333333334888
 20
82.0
 10
-983.3333333334888
 20
18.0
 10
-1165.000000000465
 20
18.0
  0
LWPOLYLINE
  5
441
330
42C
100
AcDbEntity
  8
LN-ELEVATION-3
 48
0.5
100
AcDbPolyline
 90
4
 70
1
 10
-975.3333333334888
 20
82.0
 10
-793.6666666665112
 20
82.0
 10
-793.6666666665112
 20
18.0
 10
-975.3333333334888
 20
18.0
  0
LWPOLYLINE
  5
442
330
42C
100
AcDbEntity
  8
LN-ELEVATION-3
 48
0.5
100
AcDbPolyline
 90
4
 70
1
 10
-785.6666666665112
 20
226.0
 10
-603.9999999995342
 20
226.0
 10
-603.9999999995342
 20
162.0
 10
-785.6666666665112
 20
162.0
  0
LWPOLYLINE
  5
443
330
42C
100
AcDbEntity
  8
LN-ELEVATION-3
 48
0.5
100
AcDbPolyline
 90
4
 70
1
 10
-785.6666666665112
 20
154.0
 10
-603.9999999995342
 20
154.0
 10
-603.9999999995342
 20
90.0
 10
-785.6666666665112
 20
90.0
  0
LWPOLYLINE
  5
444
330
42C
100
AcDbEntity
  8
LN-ELEVATION-3
 48
0.5
100
AcDbPolyline
 90
4
 70
1
 10
-785.6666666665112
 20
82.0
 10
-603.9999999995342
 20
82.0
 10
-603.9999999995342
 20
18.0
 10
-785.6666666665112
 20
18.0
  0
LWPOLYLINE
  5
445
330
42C
100
AcDbEntity
  8
LN-ELEVATION-3
 48
0.5
100
AcDbPolyline
 90
4
 70
1
 10
-595.9999999995342
 20
226.0
 10
-414.3333333325572
 20
226.0
 10
-414.3333333325572
 20
162.0
 10
-595.9999999995342
 20
162.0
  0
LWPOLYLINE
  5
446
330
42C
100
AcDbEntity
  8
LN-ELEVATION-3
 48
0.5
100
AcDbPolyline
 90
4
 70
1
 10
-595.9999999995342
 20
154.0
 10
-414.3333333325572
 20
154.0
 10
-414.3333333325572
 20
90.0
 10
-595.9999999995342
 20
90.0
  0
LWPOLYLINE
  5
447
330
42C
100
AcDbEntity
  8
LN-ELEVATION-3
 48
0.5
100
AcDbPolyline
 90
4
 70
1
 10
-595.9999999995342
 20
82.0
 10
-414.3333333325572
 20
82.0
 10
-414.3333333325572
 20
18.0
 10
-595.9999999995342
 20
18.0
  0
LWPOLYLINE
  5
448
330
42C
100
AcDbEntity
  8
LN-ELEVATION-3
 48
0.5
100
AcDbPolyline
 90
4
 70
1
 10
-406.3333333325572
 20
226.0
 10
-224.6666666655801
 20
226.0
 10
-224.6666666655801
 20
162.0
 10
-406.3333333325572
 20
162.0
  0
LWPOLYLINE
  5
449
330
42C
100
AcDbEntity
  8
LN-ELEVATION-3
 48
0.5
100
AcDbPolyline
 90
4
 70
1
 10
-406.3333333325572
 20
154.0
 10
-224.6666666655801
 20
154.0
 10
-224.6666666655801
 20
90.0
 10
-406.3333333325572
 20
90.0
  0
LWPOLYLINE
  5
44A
330
42C
100
AcDbEntity
  8
LN-ELEVATION-3
 48
0.5
100
AcDbPolyline
 90
4
 70
1
 10
-406.3333333325572
 20
82.0
 10
-224.6666666655801
 20
82.0
 10
-224.6666666655801
 20
18.0
 10
-406.3333333325572
 20
18.0
  0
LWPOLYLINE
  5
44B
330
42C
100
AcDbEntity
  8
LN-ELEVATION-3
 48
0.5
100
AcDbPolyline
 90
4
 70
1
 10
-216.6666666655801
 20
226.0
 10
-34.99999999860302
 20
226.0
 10
-34.99999999860302
 20
162.0
 10
-216.6666666655801
 20
162.0
  0
LWPOLYLINE
  5
44C
330
42C
100
AcDbEntity
  8
LN-ELEVATION-3
 48
0.5
100
AcDbPolyline
 90
4
 70
1
 10
-216.6666666655801
 20
154.0
 10
-34.99999999860302
 20
154.0
 10
-34.99999999860302
 20
90.0
 10
-216.6666666655801
 20
90.0
  0
LWPOLYLINE
  5
44D
330
42C
100
AcDbEntity
  8
LN-ELEVATION-3
 48
0.5
100
AcDbPolyline
 90
4
 70
1
 10
-216.6666666655801
 20
82.0
 10
-34.99999999860302
 20
82.0
 10
-34.99999999860302
 20
18.0
 10
-216.6666666655801
 20
18.0
  0
ENDBLK
  5
42E
330
42C
100
AcDbEntity
  8
0
100
AcDbBlockEnd
  0
BLOCK
  5
451
330
450
100
AcDbEntity
  8
0
100
AcDbBlockBegin
  2
JJ_FIXTURE_MEDIUM_1
 70
0
 10
0.0
 20
0.0
 30
0.0
  3
JJ_FIXTURE_MEDIUM_1
  1

  0
INSERT
  5
453
330
450
100
AcDbEntity
  8
I-LK FF&E
100
AcDbBlockReference
  2
JJ 900
 10
911.7948143622633
 20
249.9999999999854
 30
0.0
  0
ENDBLK
  5
452
330
450
100
AcDbEntity
  8
0
100
AcDbBlockEnd
  0
BLOCK
  5
456
330
455
100
AcDbEntity
  8
0
100
AcDbBlockBegin
  2
jj 900
 70
0
 10
0.0
 20
0.0
 30
0.0
  3
jj 900
  1

  0
HATCH
  5
458
330
455
100
AcDbEntity
  8
LN-HATCH
 48
0.5
100
AcDbHatch
 10
0.0
 20
0.0
 30
0.0
210
0.0
220
0.0
230
1.0
  2
ANSI31
 70
0
 71
0
 91
1
 92
1
 93
8
 72
1
 10
-911.7948143622632
 20
1.45519e-11
 11
-911.7948143622632
 21
-189.9999999999854
 72
1
 10
-911.7948143622632
 20
-189.9999999999854
 11
-905.7948143622637
 21
-189.9999999999854
 72
1
 10
-905.7948143622637
 20
-189.9999999999854
 11
-905.7948143622637
 21
-199.9999999999854
 72
1
 10
-905.7948143622637
 20
-199.9999999999854
 11
-911.7948143622632
 21
-199.9999999999854
 72
1
 10
-911.7948143622632
 20
-199.9999999999854
 11
-911.7948143622632
 21
-243.9999999999855
 72
1
 10
-911.7948143622632
 20
-243.9999999999855
 11
-886.7948143622632
 21
-243.9999999999855
 72
1
 10
-886.7948143622632
 20
-243.9999999999855
 11
-886.7948143622632
 21
1.45519e-11
 72
1
 10
-886.7948143622632
 20
1.45519e-11
 11
-911.7948143622632
 21
1.45519e-11
 97
0
 75
1
 76
1
 52
0.0
 41
50.0
 77
0
 78
1
 53
45.0
 43
0.0
 44
0.0
 45
-4.419417382415921
 46
4.419417382415921
 79
0
 98
1
 10
-4097307.066417053
 20
1708580.267299229
  0
HATCH
  5
459
330
455
100
AcDbEntity
  8
LN-HATCH
 48
0.5
100
AcDbHatch
 10
0.0
 20
0.0
 30
0.0
210
0.0
220
0.0
230
1.0
  2
ANSI31
 70
0
 71
0
 91
1
 92
1
 93
4
 72
1
 10
-46.79481436226342
 20
-243.9999999999855
 11
-46.79481436226342
 21
-249.9999999999854
 72
1
 10
-46.79481436226342
 20
-249.9999999999854
 11
-11.79481436226342
 21
-249.9999999999854
 72
1
 10
-11.79481436226342
 20
-249.9999999999854
 11
-11.79481436226342
 21
-243.9999999999855
 72
1
 10
-11.79481436226342
 20
-243.9999999999855
 11
-46.79481436226342
 21
-243.9999999999855
 97
0
 75
1
 76
1
 52
0.0
 41
2.0
 77
0
 78
1
 53
45.0
 43
4208834.246730669
 44
1706614.740126447
 45
-4.490128060534575
 46
4.490128060534575
 79
0
 98
1
 10
-4097607.066417054
 20
1708580.267299229
  0
HATCH
  5
45A
330
455
100
AcDbEntity
  8
LN-HATCH
 48
0.5
100
AcDbHatch
 10
0.0
 20
0.0
 30
0.0
210
0.0
220
0.0
230
1.0
  2
ANSI31
 70
0
 71
0
 91
1
 92
1
 93
8
 72
1
 10
-11.79481436226342
 20
1.45519e-11
 11
-11.79481436226342
 21
-189.9999999999854
 72
1
 10
-11.79481436226342
 20
-189.9999999999854
 11
-17.79481436226342
 21
-189.9999999999854
 72
1
 10
-17.79481436226342
 20
-189.9999999999854
 11
-17.79481436226342
 21
-199.9999999999854
 72
1
 10
-17.79481436226342
 20
-199.9999999999854
 11
-11.79481436226342
 21
-199.9999999999854
 72
1
 10
-11.79481436226342
 20
-199.9999999999854
 11
-11.79481436226342
 21
-243.9999999999855
 72
1
 10
-11.79481436226342
 20
-243.9999999999855
 11
-36.79481436226343
 21
-243.9999999999855
 72
1
 10
-36.79481436226343
 20
-243.9999999999855
 11
-36.79481436226343
 21
1.45519e-11
 72
1
 10
-36.79481436226343
 20
1.45519e-11
 11
-11.79481436226342
 21
1.45519e-11
 97
0
 75
1
 76
1
 52
0.0
 41
2.0
 77
0
 78
1
 53
45.0
 43
4208834.246730669
 44
1706614.740126447
 45
-4.490128060534575
 46
4.490128060534575
 79
0
 98
1
 10
-4097607.066417054
 20
1708580.267299229
  0
HATCH
  5
45B
330
455
100
AcDbEntity
  8
LN-HATCH
 48
0.5
100
AcDbHatch
 10
0.0
 20
0.0
 30
0.0
210
0.0
220
0.0
230
1.0
  2
ANSI31
 70
0
 71
0
 91
1
 92
1
 93
4
 72
1
 10
-876.7948143622632
 20
-243.9999999999855
 11
-876.7948143622632
 21
-249.9999999999854
 72
1
 10
-876.7948143622632
 20
-249.9999999999854
 11
-911.7948143622632
 21
-249.9999999999854
 72
1
 10
-911.7948143622632
 20
-249.9999999999854
 11
-911.7948143622632
 21
-243.9999999999855
 72
1
 10
-911.7948143622632
 20
-243.9999999999855
 11
-876.7948143622632
 21
-243.9999999999855
 97
0
 75
1
 76
1
 52
0.0
 41
2.0
 77
0
 78
1
 53
45.0
 43
4209134.246730668
 44
1706614.740126447
 45
-4.490128060534575
 46
4.490128060534575
 79
0
 98
1
 10
-4097307.066417053
 20
1708580.267299229
  0
HATCH
  5
45C
330
455
100
AcDbEntity
  8
LN-HATCH
 48
0.5
100
AcDbHatch
 10
0.0
 20
0.0
 30
0.0
210
0.0
220
0.0
230
1.0
  2
ANSI31
 70
0
 71
0
 91
1
 92
1
 93
4
 72
1
 10
-36.79481436224887
 20
-40.0
 11
-886.7948143622632
 21
-39.99999999998546
 72
1
 10
-886.7948143622632
 20
-39.99999999998546
 11
-886.7948143622632
 21
-33.99999999998545
 72
1
 10
-886.7948143622632
 20
-33.99999999998545
 11
-36.79481436224887
 21
-34.0
 72
1
 10
-36.79481436224887
 20
-34.0
 11
-36.79481436224887
 21
-40.0
 97
0
 75
1
 76
1
 52
0.0
 41
2.0
 77
0
 78
1
 53
45.0
 43
4209134.246730668
 44
1706614.740126447
 45
-4.490128060534575
 46
4.490128060534575
 79
0
 98
1
 10
-4097307.066417053
 20
1708580.267299229
  0
LWPOLYLINE
  5
45D
330
455
100
AcDbEntity
  8
LN-ELEVATION-1
 48
0.5
100
AcDbPolyline
 90
8
 70
1
 10
-911.7948143622632
 20
1.45519e-11
 10
-911.7948143622632
 20
-189.9999999999854
 10
-905.7948143622637
 20
-189.9999999999854
 10
-905.7948143622637
 20
-199.9999999999854
 10
-911.7948143622632
 20
-199.9999999999854
 10
-911.7948143622632
 20
-243.9999999999855
 10
-886.7948143622632
 20
-243.9999999999855
 10
-886.7948143622632
 20
1.45519e-11
  0
LWPOLYLINE
  5
45E
330
455
100
AcDbEntity
  8
LN-ELEVATION-1
 48
0.5
100
AcDbPolyline
 90
8
 70
1
 10
-11.79481436226342
 20
1.45519e-11
 10
-11.79481436226342
 20
-189.9999999999854
 10
-17.79481436226342
 20
-189.9999999999854
 10
-17.79481436226342
 20
-199.9999999999854
 10
-11.79481436226342
 20
-199.9999999999854
 10
-11.79481436226342
 20
-243.9999999999855
 10
-36.79481436226343
 20
-243.9999999999855
 10
-36.79481436226343
 20
1.45519e-11
  0
LWPOLYLINE
  5
45F
330
455
100
AcDbEntity
  8
LN-ELEVATION-1
 48
0.5
100
AcDbPolyline
 90
4
 70
1
 10
-36.79481436226343
 20
-39.99999999998546
 10
-886.7948143622632
 20
-39.99999999998546
 10
-886.7948143622632
 20
-33.99999999998545
 10
-36.79481436226343
 20
-33.99999999998545
  0
LWPOLYLINE
  5
460
330
455
100
AcDbEntity
  8
LN-ELEVATION-1
 48
0.5
100
AcDbPolyline
 90
4
 70
1
 10
-876.7948143622632
 20
-243.9999999999855
 10
-876.7948143622632
 20
-249.9999999999854
 10
-911.7948143622632
 20
-249.9999999999854
 10
-911.7948143622632
 20
-243.9999999999855
  0
LWPOLYLINE
  5
461
330
455
100
AcDbEntity
  8
LN-ELEVATION-1
 48
0.5
100
AcDbPolyline
 90
4
 70
1
 10
-46.79481436226342
 20
-243.9999999999855
 10
-46.79481436226342
 20
-249.9999999999854
 10
-11.79481436226342
 20
-249.9999999999854
 10
-11.79481436226342
 20
-243.9999999999855
  0
LINE
  5
462
330
455
100
AcDbEntity
  8
LN-ELEVATION-3
 48
0.5
100
AcDbLine
 10
-46.79481436226342
 20
-249.9999999999854
 30
0.0
 11
-876.7948143622632
 21
-249.9999999999854
 31
0.0
  0
LINE
  5
463
330
455
100
AcDbEntity
  8
LN-ELEVATION-3
 48
0.5
100
AcDbLine
 10
-876.7948143622632
 20
-243.9999999999855
 30
0.0
 11
-46.79481436226342
 21
-243.9999999999855
 31
0.0
  0
LWPOLYLINE
  5
464
330
455
100
AcDbEntity
  8
LN-ELEVATION-4
  6
ACAD_ISO03W100
 48
0.05
100
AcDbPolyline
 90
4
 70
1
 10
-886.7948143622632
 20
-219.9999999999854
 10
-36.79481436226343
 20
-219.9999999999854
 10
-36.79481436226343
 20
-231.9999999999855
 10
-886.7948143622632
 20
-231.9999999999855
  0
LINE
  5
465
330
455
100
AcDbEntity
  8
LN-ELEVATION-3
 48
0.5
100
AcDbLine
 10
-886.7948143622632
 20
1.45519e-11
 30
0.0
 11
-36.79481436226343
 21
1.45519e-11
 31
0.0
  0
ENDBLK
  5
457
330
455
100
AcDbEntity
  8
0
100
AcDbBlockEnd
  0
BLOCK
  5
469
330
468
100
AcDbEntity
  8
0
100
AcDbBlockBegin
  2
VC_FIXTURE_LARGE_2
 70
0
 10
0.0
 20
0.0
 30
0.0
  3
VC_FIXTURE_LARGE_2
  1

  0
INSERT
  5
46B
330
468
100
AcDbEntity
  8
I-LK FF&E
100
AcDbBlockReference
  2
12MM VC PLAN
 10
-4.547e-13
 20
0.0
 30
0.0
 41
-1.0
  0
ENDBLK
  5
46A
330
468
100
AcDbEntity
  8
0
100
AcDbBlockEnd
  0
BLOCK
  5
470
330
46F
100
AcDbEntity
  8
0
100
AcDbBlockBegin
  2
JJ_SUPER_HYBRID_SMALL_2
 70
0
 10
0.0
 20
0.0
 30
0.0
  3
JJ_SUPER_HYBRID_SMALL_2
  1

  0
INSERT
  5
472
330
46F
100
AcDbEntity
  8
I-LK FF&E
100
AcDbBlockReference
  2
JJ SUPERHYBRID 900
 10
-0.3333333339551245
 20
-6.0
 30
0.0
  0
ENDBLK
  5
471
330
46F
100
AcDbEntity
  8
0
100
AcDbBlockEnd
  0
BLOCK
  5
477
330
476
100
AcDbEntity
  8
0
100
AcDbBlockBegin
  2
JJ_SUPER_HYBRID_SMALL_3
 70
0
 10
0.0
 20
0.0
 30
0.0
  3
JJ_SUPER_HYBRID_SMALL_3
  1

  0
INSERT
  5
479
330
476
100
AcDbEntity
  8
I-LK FF&E
100
AcDbBlockReference
  2
JJ SUPERHYBRID 900
 10
-0.3333333339551245
 20
-6.0
 30
0.0
  0
ENDBLK
  5
478
330
476
100
AcDbEntity
  8
0
100
AcDbBlockEnd
  0
BLOCK
  5
484
330
483
100
AcDbEntity
  8
0
100
AcDbBlockBegin
  2
LENSBAR_1
 70
0
 10
0.0
 20
0.0
 30
0.0
  3
LENSBAR_1
  1

  0
INSERT
  5
486
330
483
100
AcDbEntity
  8
I-LK FF&E
100
AcDbBlockReference
  2
LENSBAR
 10
-4.547e-13
 20
-2.91038e-11
 30
0.0
  0
MTEXT
  5
488
102
{ACAD_XDICTIONARY
360
489
102
}
330
483
100
AcDbEntity
  8
I-LK TEXT
  6
Continuous
 62
0
 48
3.0
100
AcDbMText
 10
1162.022592768073
 20
705.1051356587304
 30
0.0
 40
100.0
 41
783.9636358173434
 46
0.0
 71
5
 72
5
  1
\pxql;LENSBAR
  7
LK TXT
  0
ENDBLK
  5
485
330
483
100
AcDbEntity
  8
0
100
AcDbBlockEnd
  0
BLOCK
  5
48C
330
48B
100
AcDbEntity
  8
0
100
AcDbBlockBegin
  2
ipad
 70
0
 10
0.0
 20
0.0
 30
0.0
  3
ipad
  1

  0
LWPOLYLINE
  5
48E
330
48B
100
AcDbEntity
  8
0
  6
Continuous
 62
3
100
AcDbPolyline
 90
8
 70
1
 10
357868.7410323085
 20
-232321.1361381283
 10
358122.7410323085
 20
-232321.1361381283
 42
0.4142135623713902
 10
358132.7410323086
 20
-232311.1361381283
 10
358132.7410323086
 20
-232129.1361381283
 42
0.4142135623713902
 10
358122.7410323085
 20
-232119.1361381283
 10
357868.7410323085
 20
-232119.1361381283
 42
0.4142135623713902
 10
357858.7410323085
 20
-232129.1361381283
 10
357858.7410323085
 20
-232311.1361381283
 42
0.4142135623713902
  0
LWPOLYLINE
  5
48F
330
48B
100
AcDbEntity
  8
0
  6
Continuous
 62
3
370
25
100
AcDbPolyline
 90
8
 70
1
 10
358113.2410323085
 20
-232229.6755301424
 10
358113.2410323085
 20
-232302.1361381283
 10
357878.2410323086
 20
-232302.1361381283
 10
357878.2410323086
 20
-232138.1361381283
 10
358113.2410323085
 20
-232138.1361381283
 10
358113.2410323085
 20
-232210.5967461141
 42
0.3275382217372251
 10
358114.6410323081
 20
-232212.5046245168
 42
-0.733799385757267
 10
358114.6410323086
 20
-232227.7676517396
 42
0.3275382217372252
  0
ENDBLK
  5
48D
330
48B
100
AcDbEntity
  8
0
100
AcDbBlockEnd
  0
BLOCK
  5
491
330
490
100
AcDbEntity
  8
0
100
AcDbBlockBegin
  2
lensbar
 70
0
 10
0.0
 20
0.0
 30
0.0
  3
lensbar
  1

  0
LWPOLYLINE
  5
493
330
490
100
AcDbEntity
  8
0
  6
Continuous
 62
4
100
AcDbPolyline
 90
4
 70
1
 10
731.9999999999415
 20
848.0000000000291
 10
1367.988500335196
 20
848.0000000000291
 10
1367.988500335196
 20
582.5000000000581
 10
731.9999999999415
 20
582.5000000000581
  0
LWPOLYLINE
  5
494
330
490
100
AcDbEntity
  8
0
  6
HIDDENX2
 62
5
 48
0.05
100
AcDbPolyline
 90
4
 70
1
 10
739.9999999999415
 20
840.0000000000291
 10
1359.988500335196
 20
840.0000000000291
 10
1359.988500335196
 20
590.5000000000582
 10
739.9999999999415
 20
590.5000000000582
  0
LWPOLYLINE
  5
495
330
490
100
AcDbEntity
  8
0
  6
HIDDENX2
 62
5
 48
0.05
100
AcDbPolyline
 90
4
 70
1
 10
729.9999999999417
 20
850.0000000000291
 10
1369.988500335196
 20
850.0000000000291
 10
1369.988500335196
 20
570.500000000058
 10
729.9999999999417
 20
570.500000000058
  0
LWPOLYLINE
  5
496
330
490
100
AcDbEntity
  8
LN-ELEVATION-1
100
AcDbPolyline
 90
4
 70
1
 10
50.0
 20
441.5000000000291
 10
2050.0
 20
441.5
 10
2050.0
 20
458.4999999999998
 10
50.0
 20
458.5000000000291
  0
LWPOLYLINE
  5
497
330
490
100
AcDbEntity
  8
LN-ELEVATION-1
100
AcDbPolyline
 90
4
 70
1
 10
2100.0
 20
458.5000000000291
 10
0.0
 20
458.5000000000291
 10
0.0
 20
441.5000000000291
 10
2100.0
 20
441.5000000000291
  0
LWPOLYLINE
  5
498
330
490
100
AcDbEntity
  8
LN-ELEVATION-2
100
AcDbPolyline
 90
8
 70
1
 10
50.0
 20
2.91038e-11
 10
2050.0
 20
2.91038e-11
 42
0.4142135623725836
 10
2100.0
 20
50.0000000000291
 10
2100.0
 20
850.0000000000291
 42
0.4142135623725836
 10
2050.0
 20
900.0000000000291
 10
50.0
 20
900.0000000000291
 42
0.4142135623725837
 10
0.0
 20
850.0000000000291
 10
0.0
 20
50.0000000000291
 42
0.4142135623725836
  0
LWPOLYLINE
  5
499
330
490
100
AcDbEntity
  8
0
  6
HIDDENX2
 62
5
 48
0.05
100
AcDbPolyline
 90
4
 70
1
 10
729.9999999999417
 20
50.0000000000291
 10
1369.988500335196
 20
50.0000000000291
 10
1369.988500335196
 20
319.5000000000291
 10
729.9999999999417
 20
319.5000000000291
  0
LWPOLYLINE
  5
49A
330
490
100
AcDbEntity
  8
0
  6
HIDDENX2
 62
5
 48
0.05
100
AcDbPolyline
 90
4
 70
1
 10
739.9999999999415
 20
60.0000000000291
 10
1359.988500335196
 20
60.0000000000291
 10
1359.988500335196
 20
309.5000000000291
 10
739.9999999999415
 20
309.5000000000291
  0
LWPOLYLINE
  5
49B
330
490
100
AcDbEntity
  8
0
  6
Continuous
 62
4
100
AcDbPolyline
 90
4
 70
1
 10
731.9999999999415
 20
52.0000000000291
 10
1367.988500335196
 20
52.0000000000291
 10
1367.988500335196
 20
317.5000000000291
 10
731.9999999999415
 20
317.5000000000291
  0
INSERT
  5
49C
330
490
100
AcDbEntity
  8
0
  6
Continuous
 62
2
100
AcDbBlockReference
  2
IPAD
 10
-357629.7410323086
 20
232441.1361381283
 30
0.0
  0
INSERT
  5
49E
330
490
100
AcDbEntity
  8
LN-ELEVATION-1
100
AcDbBlockReference
  2
IPAD
 10
359729.7410323085
 20
232441.1361381283
 30
0.0
 41
-1.0
  0
INSERT
  5
4A0
330
490
100
AcDbEntity
  8
0
  6
Continuous
 62
2
100
AcDbBlockReference
  2
IPAD
 10
-357629.7410323086
 20
-231541.1361381283
 30
0.0
 41
-1.0
 50
180.0
  0
INSERT
  5
4A2
330
490
100
AcDbEntity
  8
LN-ELEVATION-1
100
AcDbBlockReference
  2
IPAD
 10
359729.7410323085
 20
-231540.6361381283
 30
0.0
 50
180.0
  0
ENDBLK
  5
492
330
490
100
AcDbEntity
  8
0
100
AcDbBlockEnd
  0
BLOCK
  5
4A9
330
4A8
100
AcDbEntity
  8
0
100
AcDbBlockBegin
  2
EURO_CENTRE_1
 70
0
 10
0.0
 20
0.0
 30
0.0
  3
EURO_CENTRE_1
  1

  0
INSERT
  5
4AB
330
4A8
100
AcDbEntity
  8
I-LK FF&E
100
AcDbBlockReference
  2
EUROCENTER 1040
 10
520.0000000000001
 20
517.434990927577
 30
0.0
  0
ENDBLK
  5
4AA
330
4A8
100
AcDbEntity
  8
0
100
AcDbBlockEnd
  0
BLOCK
  5
4AE
330
4AD
100
AcDbEntity
  8
0
100
AcDbBlockBegin
  2
euro mirror
 70
0
 10
0.0
 20
0.0
 30
0.0
  3
euro mirror
  1

  0
LWPOLYLINE
  5
4B0
330
4AD
100
AcDbEntity
  8
LN-ELEVATION-5
  6
ACAD_ISO03W100
 48
0.1
100
AcDbPolyline
 90
4
 70
1
 10
140.0
 20
-41.46233547315932
 10
140.0
 20
-67.14025533781387
 10
-160.0
 20
-67.14025533781387
 10
-160.0
 20
-41.46233547315932
  0
LWPOLYLINE
  5
4B1
330
4AD
100
AcDbEntity
  8
LN-ELEVATION-5
  6
ACAD_ISO03W100
 48
0.1
100
AcDbPolyline
 90
4
 70
0
 10
140.0
 20
-67.14025533781387
 10
140.0
 20
-241.0752462653909
 10
-160.0
 20
-241.0752462653909
 10
-160.0
 20
-67.14025533781387
  0
LWPOLYLINE
  5
4B2
330
4AD
100
AcDbEntity
  8
LN-ELEVATION-5
  6
ACAD_ISO03W100
 48
0.1
100
AcDbPolyline
 90
4
 70
1
 10
140.0
 20
72.9897628070321
 10
140.0
 20
47.31184294237753
 10
-160.0
 20
47.31184294237753
 10
-160.0
 20
72.9897628070321
  0
LWPOLYLINE
  5
4B3
330
4AD
100
AcDbEntity
  8
LN-ELEVATION-5
  6
ACAD_ISO03W100
 48
0.1
100
AcDbPolyline
 90
4
 70
0
 10
140.0
 20
72.9897628070321
 10
140.0
 20
246.9247537346091
 10
-160.0
 20
246.9247537346091
 10
-160.0
 20
72.9897628070321
  0
LWPOLYLINE
  5
4B4
330
4AD
100
AcDbEntity
  8
LN-ELEVATION-4
  6
ACAD_ISO03W100
 48
0.1
100
AcDbPolyline
 90
4
 70
1
 10
0.0
 20
47.31184294237753
 10
0.0
 20
-41.46233547315932
 10
-20.0
 20
-41.46233547315932
 10
-20.0
 20
47.31184294237753
  0
LINE
  5
4B5
330
4AD
100
AcDbEntity
  8
LN-ELEVATION-5
  6
ACAD_ISO03W100
 48
0.1
100
AcDbLine
 10
139.8999999999069
 20
246.9247537346091
 30
0.0
 11
139.8999999999069
 21
47.31184294237753
 31
0.0
  0
LINE
  5
4B6
330
4AD
100
AcDbEntity
  8
LN-ELEVATION-5
  6
ACAD_ISO03W100
 48
0.1
100
AcDbLine
 10
139.8999999999069
 20
-41.46233547315932
 30
0.0
 11
139.8999999999069
 21
-241.0752462653909
 31
0.0
  0
LINE
  5
4B7
330
4AD
100
AcDbEntity
  8
LN-ELEVATION-5
  6
ACAD_ISO03W100
 48
0.1
100
AcDbLine
 10
139.6999999997206
 20
246.9247537346091
 30
0.0
 11
139.6999999997206
 21
47.31184294237753
 31
0.0
  0
LINE
  5
4B8
330
4AD
100
AcDbEntity
  8
LN-ELEVATION-5
  6
ACAD_ISO03W100
 48
0.1
100
AcDbLine
 10
139.6999999997206
 20
-41.46233547315932
 30
0.0
 11
139.6999999997206
 21
-241.0752462653909
 31
0.0
  0
LINE
  5
4B9
330
4AD
100
AcDbEntity
  8
LN-ELEVATION-5
  6
ACAD_ISO03W100
 48
0.1
100
AcDbLine
 10
139.3999999999069
 20
246.9247537346091
 30
0.0
 11
139.3999999999069
 21
47.31184294237753
 31
0.0
  0
LINE
  5
4BA
330
4AD
100
AcDbEntity
  8
LN-ELEVATION-5
  6
ACAD_ISO03W100
 48
0.1
100
AcDbLine
 10
139.3999999999069
 20
-41.46233547315932
 30
0.0
 11
139.3999999999069
 21
-241.0752462653909
 31
0.0
  0
LINE
  5
4BB
330
4AD
100
AcDbEntity
  8
LN-ELEVATION-5
  6
ACAD_ISO03W100
 48
0.1
100
AcDbLine
 10
139.0
 20
246.9247537346091
 30
0.0
 11
139.0
 21
47.31184294237753
 31
0.0
  0
LINE
  5
4BC
330
4AD
100
AcDbEntity
  8
LN-ELEVATION-5
  6
ACAD_ISO03W100
 48
0.1
100
AcDbLine
 10
139.0
 20
-41.46233547315932
 30
0.0
 11
139.0
 21
-241.0752462653909
 31
0.0
  0
LINE
  5
4BD
330
4AD
100
AcDbEntity
  8
LN-ELEVATION-5
  6
ACAD_ISO03W100
 48
0.1
100
AcDbLine
 10
138.5
 20
246.9247537346091
 30
0.0
 11
138.5
 21
47.31184294237753
 31
0.0
  0
LINE
  5
4BE
330
4AD
100
AcDbEntity
  8
LN-ELEVATION-5
  6
ACAD_ISO03W100
 48
0.1
100
AcDbLine
 10
138.5
 20
-41.46233547315932
 30
0.0
 11
138.5
 21
-241.0752462653909
 31
0.0
  0
LINE
  5
4BF
330
4AD
100
AcDbEntity
  8
LN-ELEVATION-5
  6
ACAD_ISO03W100
 48
0.1
100
AcDbLine
 10
137.8999999999069
 20
246.9247537346091
 30
0.0
 11
137.8999999999069
 21
47.31184294237753
 31
0.0
  0
LINE
  5
4C0
330
4AD
100
AcDbEntity
  8
LN-ELEVATION-5
  6
ACAD_ISO03W100
 48
0.1
100
AcDbLine
 10
137.8999999999069
 20
-41.46233547315932
 30
0.0
 11
137.8999999999069
 21
-241.0752462653909
 31
0.0
  0
LINE
  5
4C1
330
4AD
100
AcDbEntity
  8
LN-ELEVATION-5
  6
ACAD_ISO03W100
 48
0.1
100
AcDbLine
 10
137.1000000000931
 20
246.9247537346091
 30
0.0
 11
137.1000000000931
 21
47.31184294237753
 31
0.0
  0
LINE
  5
4C2
330
4AD
100
AcDbEntity
  8
LN-ELEVATION-5
  6
ACAD_ISO03W100
 48
0.1
100
AcDbLine
 10
137.1000000000931
 20
-41.46233547315932
 30
0.0
 11
137.1000000000931
 21
-241.0752462653909
 31
0.0
  0
LINE
  5
4C3
330
4AD
100
AcDbEntity
  8
LN-ELEVATION-5
  6
ACAD_ISO03W100
 48
0.1
100
AcDbLine
 10
136.1000000000931
 20
246.9247537346091
 30
0.0
 11
136.1000000000931
 21
47.31184294237753
 31
0.0
  0
LINE
  5
4C4
330
4AD
100
AcDbEntity
  8
LN-ELEVATION-5
  6
ACAD_ISO03W100
 48
0.1
100
AcDbLine
 10
136.1000000000931
 20
-41.46233547315932
 30
0.0
 11
136.1000000000931
 21
-241.0752462653909
 31
0.0
  0
LINE
  5
4C5
330
4AD
100
AcDbEntity
  8
LN-ELEVATION-5
  6
ACAD_ISO03W100
 48
0.1
100
AcDbLine
 10
134.1000000000931
 20
246.9247537346091
 30
0.0
 11
134.1000000000931
 21
47.31184294237753
 31
0.0
  0
LINE
  5
4C6
330
4AD
100
AcDbEntity
  8
LN-ELEVATION-5
  6
ACAD_ISO03W100
 48
0.1
100
AcDbLine
 10
134.1000000000931
 20
-41.46233547315932
 30
0.0
 11
134.1000000000931
 21
-241.0752462653909
 31
0.0
  0
LINE
  5
4C7
330
4AD
100
AcDbEntity
  8
LN-ELEVATION-5
  6
ACAD_ISO03W100
 48
0.1
100
AcDbLine
 10
131.1000000000931
 20
246.9247537346091
 30
0.0
 11
131.1000000000931
 21
47.31184294237753
 31
0.0
  0
LINE
  5
4C8
330
4AD
100
AcDbEntity
  8
LN-ELEVATION-5
  6
ACAD_ISO03W100
 48
0.1
100
AcDbLine
 10
131.1000000000931
 20
-41.46233547315932
 30
0.0
 11
131.1000000000931
 21
-241.0752462653909
 31
0.0
  0
LINE
  5
4C9
330
4AD
100
AcDbEntity
  8
LN-ELEVATION-5
  6
ACAD_ISO03W100
 48
0.1
100
AcDbLine
 10
126.1000000000931
 20
246.9247537346091
 30
0.0
 11
126.1000000000931
 21
47.31184294237753
 31
0.0
  0
LINE
  5
4CA
330
4AD
100
AcDbEntity
  8
LN-ELEVATION-5
  6
ACAD_ISO03W100
 48
0.1
100
AcDbLine
 10
126.1000000000931
 20
-41.46233547315932
 30
0.0
 11
126.1000000000931
 21
-241.0752462653909
 31
0.0
  0
LINE
  5
4CB
330
4AD
100
AcDbEntity
  8
LN-ELEVATION-5
  6
ACAD_ISO03W100
 48
0.1
100
AcDbLine
 10
121.1000000000931
 20
246.9247537346091
 30
0.0
 11
121.1000000000931
 21
47.31184294237753
 31
0.0
  0
LINE
  5
4CC
330
4AD
100
AcDbEntity
  8
LN-ELEVATION-5
  6
ACAD_ISO03W100
 48
0.1
100
AcDbLine
 10
121.1000000000931
 20
-41.46233547315932
 30
0.0
 11
121.1000000000931
 21
-241.0752462653909
 31
0.0
  0
LINE
  5
4CD
330
4AD
100
AcDbEntity
  8
LN-ELEVATION-5
  6
ACAD_ISO03W100
 48
0.1
100
AcDbLine
 10
115.1000000000931
 20
246.9247537346091
 30
0.0
 11
115.1000000000931
 21
47.31184294237753
 31
0.0
  0
LINE
  5
4CE
330
4AD
100
AcDbEntity
  8
LN-ELEVATION-5
  6
ACAD_ISO03W100
 48
0.1
100
AcDbLine
 10
115.1000000000931
 20
-41.46233547315932
 30
0.0
 11
115.1000000000931
 21
-241.0752462653909
 31
0.0
  0
LINE
  5
4CF
330
4AD
100
AcDbEntity
  8
LN-ELEVATION-5
  6
ACAD_ISO03W100
 48
0.1
100
AcDbLine
 10
108.1000000000931
 20
246.9247537346091
 30
0.0
 11
108.1000000000931
 21
47.31184294237753
 31
0.0
  0
LINE
  5
4D0
330
4AD
100
AcDbEntity
  8
LN-ELEVATION-5
  6
ACAD_ISO03W100
 48
0.1
100
AcDbLine
 10
108.1000000000931
 20
-41.46233547315932
 30
0.0
 11
108.1000000000931
 21
-241.0752462653909
 31
0.0
  0
LINE
  5
4D1
330
4AD
100
AcDbEntity
  8
LN-ELEVATION-5
  6
ACAD_ISO03W100
 48
0.1
100
AcDbLine
 10
100.1000000000931
 20
246.9247537346091
 30
0.0
 11
100.1000000000931
 21
47.31184294237753
 31
0.0
  0
LINE
  5
4D2
330
4AD
100
AcDbEntity
  8
LN-ELEVATION-5
  6
ACAD_ISO03W100
 48
0.1
100
AcDbLine
 10
100.1000000000931
 20
-41.46233547315932
 30
0.0
 11
100.1000000000931
 21
-241.0752462653909
 31
0.0
  0
LINE
  5
4D3
330
4AD
100
AcDbEntity
  8
LN-ELEVATION-5
  6
ACAD_ISO03W100
 48
0.1
100
AcDbLine
 10
91.10000000009312
 20
246.9247537346091
 30
0.0
 11
91.10000000009312
 21
47.31184294237753
 31
0.0
  0
LINE
  5
4D4
330
4AD
100
AcDbEntity
  8
LN-ELEVATION-5
  6
ACAD_ISO03W100
 48
0.1
100
AcDbLine
 10
91.10000000009312
 20
-41.46233547315932
 30
0.0
 11
91.10000000009312
 21
-241.0752462653909
 31
0.0
  0
LINE
  5
4D5
330
4AD
100
AcDbEntity
  8
LN-ELEVATION-5
  6
ACAD_ISO03W100
 48
0.1
100
AcDbLine
 10
82.10000000009315
 20
246.9247537346091
 30
0.0
 11
82.10000000009315
 21
47.31184294237753
 31
0.0
  0
LINE
  5
4D6
330
4AD
100
AcDbEntity
  8
LN-ELEVATION-5
  6
ACAD_ISO03W100
 48
0.1
100
AcDbLine
 10
82.10000000009315
 20
-41.46233547315932
 30
0.0
 11
82.10000000009315
 21
-241.0752462653909
 31
0.0
  0
LINE
  5
4D7
330
4AD
100
AcDbEntity
  8
LN-ELEVATION-5
  6
ACAD_ISO03W100
 48
0.1
100
AcDbLine
 10
65.0
 20
246.9247537346091
 30
0.0
 11
65.0
 21
47.31184294237753
 31
0.0
  0
LINE
  5
4D8
330
4AD
100
AcDbEntity
  8
LN-ELEVATION-5
  6
ACAD_ISO03W100
 48
0.1
100
AcDbLine
 10
65.0
 20
-41.46233547315932
 30
0.0
 11
65.0
 21
-241.0752462653909
 31
0.0
  0
LINE
  5
4D9
330
4AD
100
AcDbEntity
  8
LN-ELEVATION-5
  6
ACAD_ISO03W100
 48
0.1
100
AcDbLine
 10
-159.8999999999069
 20
246.9247537346091
 30
0.0
 11
-159.8999999999069
 21
47.31184294237753
 31
0.0
  0
LINE
  5
4DA
330
4AD
100
AcDbEntity
  8
LN-ELEVATION-5
  6
ACAD_ISO03W100
 48
0.1
100
AcDbLine
 10
-159.8999999999069
 20
-41.46233547315932
 30
0.0
 11
-159.8999999999069
 21
-241.0752462653909
 31
0.0
  0
LINE
  5
4DB
330
4AD
100
AcDbEntity
  8
LN-ELEVATION-5
  6
ACAD_ISO03W100
 48
0.1
100
AcDbLine
 10
-159.6999999997206
 20
246.9247537346091
 30
0.0
 11
-159.6999999997206
 21
47.31184294237753
 31
0.0
  0
LINE
  5
4DC
330
4AD
100
AcDbEntity
  8
LN-ELEVATION-5
  6
ACAD_ISO03W100
 48
0.1
100
AcDbLine
 10
-159.6999999997206
 20
-41.46233547315932
 30
0.0
 11
-159.6999999997206
 21
-241.0752462653909
 31
0.0
  0
LINE
  5
4DD
330
4AD
100
AcDbEntity
  8
LN-ELEVATION-5
  6
ACAD_ISO03W100
 48
0.1
100
AcDbLine
 10
-159.3999999999069
 20
246.9247537346091
 30
0.0
 11
-159.3999999999069
 21
47.31184294237753
 31
0.0
  0
LINE
  5
4DE
330
4AD
100
AcDbEntity
  8
LN-ELEVATION-5
  6
ACAD_ISO03W100
 48
0.1
100
AcDbLine
 10
-159.3999999999069
 20
-41.46233547315932
 30
0.0
 11
-159.3999999999069
 21
-241.0752462653909
 31
0.0
  0
LINE
  5
4DF
330
4AD
100
AcDbEntity
  8
LN-ELEVATION-5
  6
ACAD_ISO03W100
 48
0.1
100
AcDbLine
 10
-159.0
 20
246.9247537346091
 30
0.0
 11
-159.0
 21
47.31184294237753
 31
0.0
  0
LINE
  5
4E0
330
4AD
100
AcDbEntity
  8
LN-ELEVATION-5
  6
ACAD_ISO03W100
 48
0.1
100
AcDbLine
 10
-159.0
 20
-41.46233547315932
 30
0.0
 11
-159.0
 21
-241.0752462653909
 31
0.0
  0
LINE
  5
4E1
330
4AD
100
AcDbEntity
  8
LN-ELEVATION-5
  6
ACAD_ISO03W100
 48
0.1
100
AcDbLine
 10
-158.5
 20
246.9247537346091
 30
0.0
 11
-158.5
 21
47.31184294237753
 31
0.0
  0
LINE
  5
4E2
330
4AD
100
AcDbEntity
  8
LN-ELEVATION-5
  6
ACAD_ISO03W100
 48
0.1
100
AcDbLine
 10
-158.5
 20
-41.46233547315932
 30
0.0
 11
-158.5
 21
-241.0752462653909
 31
0.0
  0
LINE
  5
4E3
330
4AD
100
AcDbEntity
  8
LN-ELEVATION-5
  6
ACAD_ISO03W100
 48
0.1
100
AcDbLine
 10
-157.8999999999069
 20
246.9247537346091
 30
0.0
 11
-157.8999999999069
 21
47.31184294237753
 31
0.0
  0
LINE
  5
4E4
330
4AD
100
AcDbEntity
  8
LN-ELEVATION-5
  6
ACAD_ISO03W100
 48
0.1
100
AcDbLine
 10
-157.8999999999069
 20
-41.46233547315932
 30
0.0
 11
-157.8999999999069
 21
-241.0752462653909
 31
0.0
  0
LINE
  5
4E5
330
4AD
100
AcDbEntity
  8
LN-ELEVATION-5
  6
ACAD_ISO03W100
 48
0.1
100
AcDbLine
 10
-157.1000000000931
 20
246.9247537346091
 30
0.0
 11
-157.1000000000931
 21
47.31184294237753
 31
0.0
  0
LINE
  5
4E6
330
4AD
100
AcDbEntity
  8
LN-ELEVATION-5
  6
ACAD_ISO03W100
 48
0.1
100
AcDbLine
 10
-157.1000000000931
 20
-41.46233547315932
 30
0.0
 11
-157.1000000000931
 21
-241.0752462653909
 31
0.0
  0
LINE
  5
4E7
330
4AD
100
AcDbEntity
  8
LN-ELEVATION-5
  6
ACAD_ISO03W100
 48
0.1
100
AcDbLine
 10
-156.1000000000931
 20
246.9247537346091
 30
0.0
 11
-156.1000000000931
 21
47.31184294237753
 31
0.0
  0
LINE
  5
4E8
330
4AD
100
AcDbEntity
  8
LN-ELEVATION-5
  6
ACAD_ISO03W100
 48
0.1
100
AcDbLine
 10
-156.1000000000931
 20
-41.46233547315932
 30
0.0
 11
-156.1000000000931
 21
-241.0752462653909
 31
0.0
  0
LINE
  5
4E9
330
4AD
100
AcDbEntity
  8
LN-ELEVATION-5
  6
ACAD_ISO03W100
 48
0.1
100
AcDbLine
 10
-154.1000000000931
 20
246.9247537346091
 30
0.0
 11
-154.1000000000931
 21
47.31184294237753
 31
0.0
  0
LINE
  5
4EA
330
4AD
100
AcDbEntity
  8
LN-ELEVATION-5
  6
ACAD_ISO03W100
 48
0.1
100
AcDbLine
 10
-154.1000000000931
 20
-41.46233547315932
 30
0.0
 11
-154.1000000000931
 21
-241.0752462653909
 31
0.0
  0
LINE
  5
4EB
330
4AD
100
AcDbEntity
  8
LN-ELEVATION-5
  6
ACAD_ISO03W100
 48
0.1
100
AcDbLine
 10
-151.1000000000931
 20
246.9247537346091
 30
0.0
 11
-151.1000000000931
 21
47.31184294237753
 31
0.0
  0
LINE
  5
4EC
330
4AD
100
AcDbEntity
  8
LN-ELEVATION-5
  6
ACAD_ISO03W100
 48
0.1
100
AcDbLine
 10
-151.1000000000931
 20
-41.46233547315932
 30
0.0
 11
-151.1000000000931
 21
-241.0752462653909
 31
0.0
  0
LINE
  5
4ED
330
4AD
100
AcDbEntity
  8
LN-ELEVATION-5
  6
ACAD_ISO03W100
 48
0.1
100
AcDbLine
 10
-146.1000000000931
 20
246.9247537346091
 30
0.0
 11
-146.1000000000931
 21
47.31184294237753
 31
0.0
  0
LINE
  5
4EE
330
4AD
100
AcDbEntity
  8
LN-ELEVATION-5
  6
ACAD_ISO03W100
 48
0.1
100
AcDbLine
 10
-146.1000000000931
 20
-41.46233547315932
 30
0.0
 11
-146.1000000000931
 21
-241.0752462653909
 31
0.0
  0
LINE
  5
4EF
330
4AD
100
AcDbEntity
  8
LN-ELEVATION-5
  6
ACAD_ISO03W100
 48
0.1
100
AcDbLine
 10
-141.1000000000931
 20
246.9247537346091
 30
0.0
 11
-141.1000000000931
 21
47.31184294237753
 31
0.0
  0
LINE
  5
4F0
330
4AD
100
AcDbEntity
  8
LN-ELEVATION-5
  6
ACAD_ISO03W100
 48
0.1
100
AcDbLine
 10
-141.1000000000931
 20
-41.46233547315932
 30
0.0
 11
-141.1000000000931
 21
-241.0752462653909
 31
0.0
  0
LINE
  5
4F1
330
4AD
100
AcDbEntity
  8
LN-ELEVATION-5
  6
ACAD_ISO03W100
 48
0.1
100
AcDbLine
 10
-135.1000000000931
 20
246.9247537346091
 30
0.0
 11
-135.1000000000931
 21
47.31184294237753
 31
0.0
  0
LINE
  5
4F2
330
4AD
100
AcDbEntity
  8
LN-ELEVATION-5
  6
ACAD_ISO03W100
 48
0.1
100
AcDbLine
 10
-135.1000000000931
 20
-41.46233547315932
 30
0.0
 11
-135.1000000000931
 21
-241.0752462653909
 31
0.0
  0
LINE
  5
4F3
330
4AD
100
AcDbEntity
  8
LN-ELEVATION-5
  6
ACAD_ISO03W100
 48
0.1
100
AcDbLine
 10
-128.1000000000931
 20
246.9247537346091
 30
0.0
 11
-128.1000000000931
 21
47.31184294237753
 31
0.0
  0
LINE
  5
4F4
330
4AD
100
AcDbEntity
  8
LN-ELEVATION-5
  6
ACAD_ISO03W100
 48
0.1
100
AcDbLine
 10
-128.1000000000931
 20
-41.46233547315932
 30
0.0
 11
-128.1000000000931
 21
-241.0752462653909
 31
0.0
  0
LINE
  5
4F5
330
4AD
100
AcDbEntity
  8
LN-ELEVATION-5
  6
ACAD_ISO03W100
 48
0.1
100
AcDbLine
 10
-120.1000000000931
 20
246.9247537346091
 30
0.0
 11
-120.1000000000931
 21
47.31184294237753
 31
0.0
  0
LINE
  5
4F6
330
4AD
100
AcDbEntity
  8
LN-ELEVATION-5
  6
ACAD_ISO03W100
 48
0.1
100
AcDbLine
 10
-120.1000000000931
 20
-41.46233547315932
 30
0.0
 11
-120.1000000000931
 21
-241.0752462653909
 31
0.0
  0
LINE
  5
4F7
330
4AD
100
AcDbEntity
  8
LN-ELEVATION-5
  6
ACAD_ISO03W100
 48
0.1
100
AcDbLine
 10
-111.1000000000931
 20
246.9247537346091
 30
0.0
 11
-111.1000000000931
 21
47.31184294237753
 31
0.0
  0
LINE
  5
4F8
330
4AD
100
AcDbEntity
  8
LN-ELEVATION-5
  6
ACAD_ISO03W100
 48
0.1
100
AcDbLine
 10
-111.1000000000931
 20
-41.46233547315932
 30
0.0
 11
-111.1000000000931
 21
-241.0752462653909
 31
0.0
  0
LINE
  5
4F9
330
4AD
100
AcDbEntity
  8
LN-ELEVATION-5
  6
ACAD_ISO03W100
 48
0.1
100
AcDbLine
 10
-102.1000000000931
 20
246.9247537346091
 30
0.0
 11
-102.1000000000931
 21
47.31184294237753
 31
0.0
  0
LINE
  5
4FA
330
4AD
100
AcDbEntity
  8
LN-ELEVATION-5
  6
ACAD_ISO03W100
 48
0.1
100
AcDbLine
 10
-102.1000000000931
 20
-41.46233547315932
 30
0.0
 11
-102.1000000000931
 21
-241.0752462653909
 31
0.0
  0
LINE
  5
4FB
330
4AD
100
AcDbEntity
  8
LN-ELEVATION-5
  6
ACAD_ISO03W100
 48
0.1
100
AcDbLine
 10
-85.0
 20
246.9247537346091
 30
0.0
 11
-85.0
 21
47.31184294237753
 31
0.0
  0
LINE
  5
4FC
330
4AD
100
AcDbEntity
  8
LN-ELEVATION-5
  6
ACAD_ISO03W100
 48
0.1
100
AcDbLine
 10
-85.0
 20
-41.46233547315932
 30
0.0
 11
-85.0
 21
-241.0752462653909
 31
0.0
  0
ENDBLK
  5
4AF
330
4AD
100
AcDbEntity
  8
0
100
AcDbBlockEnd
  0
BLOCK
  5
4FE
330
4FD
100
AcDbEntity
  8
0
100
AcDbBlockBegin
  2
eurocenter 1040
 70
0
 10
0.0
 20
0.0
 30
0.0
  3
eurocenter 1040
  1

  0
LWPOLYLINE
  5
500
330
4FD
100
AcDbEntity
  8
LN-ELEVATION-2
100
AcDbPolyline
 90
4
 70
1
 10
-520.0
 20
-357.434990927577
 10
520.0
 20
-357.434990927577
 10
520.0
 20
497.565009072423
 10
-520.0
 20
497.565009072423
  0
LWPOLYLINE
  5
501
330
4FD
100
AcDbEntity
  8
LN-ELEVATION-1
100
AcDbPolyline
 90
4
 70
1
 10
-470.0
 20
-327.434990927577
 10
470.0
 20
-327.434990927577
 10
470.0
 20
467.565009072423
 10
-470.0
 20
467.565009072423
  0
LWPOLYLINE
  5
502
330
4FD
100
AcDbEntity
  8
LN-ELEVATION-1
100
AcDbPolyline
 90
4
 70
1
 10
-470.0
 20
85.06500907242298
 10
470.0
 20
85.06500907242298
 10
470.0
 20
55.06500907242298
 10
-470.0
 20
55.06500907242298
  0
LWPOLYLINE
  5
503
330
4FD
100
AcDbEntity
  8
LN-ELEVATION-1
100
AcDbPolyline
 90
4
 70
1
 10
-470.0
 20
55.06500907242298
 10
470.0
 20
55.06500907242298
 10
470.0
 20
-327.434990927577
 10
-470.0
 20
-327.434990927577
  0
LWPOLYLINE
  5
504
330
4FD
100
AcDbEntity
  8
LN-ELEVATION-1
100
AcDbPolyline
 90
2
 70
0
 10
-464.0
 20
-171.059990927577
 10
-464.0
 20
-101.684990927577
  0
LWPOLYLINE
  5
505
330
4FD
100
AcDbEntity
  8
LN-ELEVATION-1
100
AcDbPolyline
 90
2
 70
0
 10
-464.0
 20
-95.68499092757702
 10
-464.0
 20
-26.30999092757702
  0
LWPOLYLINE
  5
506
330
4FD
100
AcDbEntity
  8
LN-ELEVATION-1
100
AcDbPolyline
 90
3
 70
0
 10
-464.0
 20
-20.30999092757702
 10
-464.0
 20
49.06500907242298
 10
-283.2000000029802
 20
49.06500907242298
  0
LWPOLYLINE
  5
507
330
4FD
100
AcDbEntity
  8
LN-ELEVATION-1
100
AcDbPolyline
 90
2
 70
0
 10
-277.2000000029802
 20
49.06500907242298
 10
-96.40000000596046
 20
49.06500907242298
  0
LWPOLYLINE
  5
508
330
4FD
100
AcDbEntity
  8
LN-ELEVATION-1
100
AcDbPolyline
 90
2
 70
0
 10
-90.40000000596045
 20
49.06500907242298
 10
90.3999999910593
 20
49.06500907242298
  0
LWPOLYLINE
  5
509
330
4FD
100
AcDbEntity
  8
LN-ELEVATION-1
100
AcDbPolyline
 90
2
 70
0
 10
96.3999999910593
 20
49.06500907242298
 10
277.1999999880791
 20
49.06500907242298
  0
LWPOLYLINE
  5
50A
330
4FD
100
AcDbEntity
  8
LN-ELEVATION-1
100
AcDbPolyline
 90
3
 70
0
 10
283.1999999880791
 20
49.06500907242298
 10
464.0
 20
49.06500907242298
 10
464.0
 20
-20.30999092757702
  0
LWPOLYLINE
  5
50B
330
4FD
100
AcDbEntity
  8
LN-ELEVATION-1
100
AcDbPolyline
 90
2
 70
0
 10
464.0
 20
-26.30999092757702
 10
464.0
 20
-95.68499092757702
  0
LWPOLYLINE
  5
50C
330
4FD
100
AcDbEntity
  8
LN-ELEVATION-1
100
AcDbPolyline
 90
2
 70
0
 10
464.0
 20
-101.684990927577
 10
464.0
 20
-171.059990927577
  0
LWPOLYLINE
  5
50D
330
4FD
100
AcDbEntity
  8
LN-ELEVATION-1
100
AcDbPolyline
 90
3
 70
0
 10
464.0
 20
-177.059990927577
 10
464.0
 20
-321.434990927577
 10
283.1999999880791
 20
-321.434990927577
  0
LWPOLYLINE
  5
50E
330
4FD
100
AcDbEntity
  8
LN-ELEVATION-1
100
AcDbPolyline
 90
2
 70
0
 10
277.1999999880791
 20
-321.434990927577
 10
96.3999999910593
 20
-321.434990927577
  0
LWPOLYLINE
  5
50F
330
4FD
100
AcDbEntity
  8
LN-ELEVATION-1
100
AcDbPolyline
 90
2
 70
0
 10
90.3999999910593
 20
-321.434990927577
 10
-90.40000000596045
 20
-321.434990927577
  0
LWPOLYLINE
  5
510
330
4FD
100
AcDbEntity
  8
LN-ELEVATION-1
100
AcDbPolyline
 90
2
 70
0
 10
-96.40000000596046
 20
-321.434990927577
 10
-277.2000000029802
 20
-321.434990927577
  0
LWPOLYLINE
  5
511
330
4FD
100
AcDbEntity
  8
LN-ELEVATION-1
100
AcDbPolyline
 90
3
 70
0
 10
-283.2000000029802
 20
-321.434990927577
 10
-464.0
 20
-321.434990927577
 10
-464.0
 20
-177.059990927577
  0
LWPOLYLINE
  5
512
330
4FD
100
AcDbEntity
  8
LN-ELEVATION-1
100
AcDbPolyline
 90
4
 70
1
 10
-283.2000000029802
 20
55.06500907242298
 10
-277.2000000029802
 20
55.06500907242298
 10
-277.2000000029802
 20
-327.434990927577
 10
-283.2000000029802
 20
-327.434990927577
  0
LWPOLYLINE
  5
513
330
4FD
100
AcDbEntity
  8
LN-ELEVATION-1
100
AcDbPolyline
 90
4
 70
1
 10
-96.40000000596046
 20
55.06500907242298
 10
-90.40000000596045
 20
55.06500907242298
 10
-90.40000000596045
 20
-327.434990927577
 10
-96.40000000596046
 20
-327.434990927577
  0
LWPOLYLINE
  5
514
330
4FD
100
AcDbEntity
  8
LN-ELEVATION-1
100
AcDbPolyline
 90
4
 70
1
 10
90.3999999910593
 20
55.06500907242298
 10
96.3999999910593
 20
55.06500907242298
 10
96.3999999910593
 20
-327.434990927577
 10
90.3999999910593
 20
-327.434990927577
  0
LWPOLYLINE
  5
515
330
4FD
100
AcDbEntity
  8
LN-ELEVATION-1
100
AcDbPolyline
 90
4
 70
1
 10
277.1999999880791
 20
55.06500907242298
 10
283.1999999880791
 20
55.06500907242298
 10
283.1999999880791
 20
-327.434990927577
 10
277.1999999880791
 20
-327.434990927577
  0
LWPOLYLINE
  5
516
330
4FD
100
AcDbEntity
  8
LN-ELEVATION-1
100
AcDbPolyline
 90
4
 70
1
 10
283.1999999880791
 20
-20.30999092757702
 10
470.0
 20
-20.30999092757702
 10
470.0
 20
-26.30999092757702
 10
283.1999999880791
 20
-26.30999092757702
  0
LWPOLYLINE
  5
517
330
4FD
100
AcDbEntity
  8
LN-ELEVATION-1
100
AcDbPolyline
 90
4
 70
1
 10
283.1999999880791
 20
-95.68499092757702
 10
470.0
 20
-95.68499092757702
 10
470.0
 20
-101.684990927577
 10
283.1999999880791
 20
-101.684990927577
  0
LWPOLYLINE
  5
518
330
4FD
100
AcDbEntity
  8
LN-ELEVATION-1
100
AcDbPolyline
 90
4
 70
1
 10
283.1999999880791
 20
-171.059990927577
 10
470.0
 20
-171.059990927577
 10
470.0
 20
-177.059990927577
 10
283.1999999880791
 20
-177.059990927577
  0
LWPOLYLINE
  5
519
330
4FD
100
AcDbEntity
  8
LN-ELEVATION-1
100
AcDbPolyline
 90
4
 70
1
 10
96.39999997615817
 20
-20.30999092757702
 10
277.1999999880791
 20
-20.30999092757702
 10
277.1999999880791
 20
-26.30999092757702
 10
96.39999997615817
 20
-26.30999092757702
  0
LWPOLYLINE
  5
51A
330
4FD
100
AcDbEntity
  8
LN-ELEVATION-1
100
AcDbPolyline
 90
4
 70
1
 10
96.39999997615817
 20
-95.68499092757702
 10
277.1999999880791
 20
-95.68499092757702
 10
277.1999999880791
 20
-101.684990927577
 10
96.39999997615817
 20
-101.684990927577
  0
LWPOLYLINE
  5
51B
330
4FD
100
AcDbEntity
  8
LN-ELEVATION-1
100
AcDbPolyline
 90
4
 70
1
 10
96.39999997615817
 20
-171.059990927577
 10
277.1999999880791
 20
-171.059990927577
 10
277.1999999880791
 20
-177.059990927577
 10
96.39999997615817
 20
-177.059990927577
  0
LWPOLYLINE
  5
51C
330
4FD
100
AcDbEntity
  8
LN-ELEVATION-1
100
AcDbPolyline
 90
4
 70
1
 10
-90.40000002086165
 20
-20.30999092757702
 10
90.3999999910593
 20
-20.30999092757702
 10
90.3999999910593
 20
-26.30999092757702
 10
-90.40000002086165
 20
-26.30999092757702
  0
LWPOLYLINE
  5
51D
330
4FD
100
AcDbEntity
  8
LN-ELEVATION-1
100
AcDbPolyline
 90
4
 70
1
 10
-90.40000002086165
 20
-95.68499092757702
 10
90.3999999910593
 20
-95.68499092757702
 10
90.3999999910593
 20
-101.684990927577
 10
-90.40000002086165
 20
-101.684990927577
  0
LWPOLYLINE
  5
51E
330
4FD
100
AcDbEntity
  8
LN-ELEVATION-1
100
AcDbPolyline
 90
4
 70
1
 10
-90.40000002086165
 20
-171.059990927577
 10
90.3999999910593
 20
-171.059990927577
 10
90.3999999910593
 20
-177.059990927577
 10
-90.40000002086165
 20
-177.059990927577
  0
LWPOLYLINE
  5
51F
330
4FD
100
AcDbEntity
  8
LN-ELEVATION-1
100
AcDbPolyline
 90
4
 70
1
 10
-277.2000000178814
 20
-20.30999092757702
 10
-96.40000000596046
 20
-20.30999092757702
 10
-96.40000000596046
 20
-26.30999092757702
 10
-277.2000000178814
 20
-26.30999092757702
  0
LWPOLYLINE
  5
520
330
4FD
100
AcDbEntity
  8
LN-ELEVATION-1
100
AcDbPolyline
 90
4
 70
1
 10
-277.2000000178814
 20
-95.68499092757702
 10
-96.40000000596046
 20
-95.68499092757702
 10
-96.40000000596046
 20
-101.684990927577
 10
-277.2000000178814
 20
-101.684990927577
  0
LWPOLYLINE
  5
521
330
4FD
100
AcDbEntity
  8
LN-ELEVATION-1
100
AcDbPolyline
 90
4
 70
1
 10
-277.2000000178814
 20
-171.059990927577
 10
-96.40000000596046
 20
-171.059990927577
 10
-96.40000000596046
 20
-177.059990927577
 10
-277.2000000178814
 20
-177.059990927577
  0
LWPOLYLINE
  5
522
330
4FD
100
AcDbEntity
  8
LN-ELEVATION-1
100
AcDbPolyline
 90
4
 70
1
 10
-470.0000000149012
 20
-20.30999092757702
 10
-283.2000000029802
 20
-20.30999092757702
 10
-283.2000000029802
 20
-26.30999092757702
 10
-470.0000000149012
 20
-26.30999092757702
  0
LWPOLYLINE
  5
523
330
4FD
100
AcDbEntity
  8
LN-ELEVATION-1
100
AcDbPolyline
 90
4
 70
1
 10
-470.0000000149012
 20
-95.68499092757702
 10
-283.2000000029802
 20
-95.68499092757702
 10
-283.2000000029802
 20
-101.684990927577
 10
-470.0000000149012
 20
-101.684990927577
  0
LWPOLYLINE
  5
524
330
4FD
100
AcDbEntity
  8
LN-ELEVATION-1
100
AcDbPolyline
 90
4
 70
1
 10
-470.0000000149012
 20
-171.059990927577
 10
-283.2000000029802
 20
-171.059990927577
 10
-283.2000000029802
 20
-177.059990927577
 10
-470.0000000149012
 20
-177.059990927577
  0
LWPOLYLINE
  5
525
330
4FD
100
AcDbEntity
  8
LN-ELEVATION-2
100
AcDbPolyline
 90
2
 70
0
 10
470.0
 20
467.565009072423
 10
520.0
 20
497.565009072423
  0
LWPOLYLINE
  5
526
330
4FD
100
AcDbEntity
  8
LN-ELEVATION-2
100
AcDbPolyline
 90
2
 70
0
 10
470.0
 20
-327.434990927577
 10
520.0
 20
-357.434990927577
  0
LWPOLYLINE
  5
527
330
4FD
100
AcDbEntity
  8
LN-ELEVATION-2
100
AcDbPolyline
 90
2
 70
0
 10
-470.0
 20
467.565009072423
 10
-520.0
 20
497.565009072423
  0
LWPOLYLINE
  5
528
330
4FD
100
AcDbEntity
  8
LN-ELEVATION-2
100
AcDbPolyline
 90
2
 70
0
 10
-470.0
 20
-327.434990927577
 10
-520.0
 20
-357.434990927577
  0
LWPOLYLINE
  5
529
330
4FD
100
AcDbEntity
  8
LN-ELEVATION-3
100
AcDbPolyline
 90
4
 70
1
 10
-500.0
 20
-419.434990927577
 10
500.0
 20
-419.434990927577
 10
500.0
 20
-437.4349909275768
 10
-500.0
 20
-437.4349909275768
  0
LWPOLYLINE
  5
52A
330
4FD
100
AcDbEntity
  8
LN-ELEVATION-3
100
AcDbPolyline
 90
4
 70
1
 10
470.0
 20
-357.434990927577
 10
500.0
 20
-357.434990927577
 10
500.0
 20
-419.434990927577
 10
470.0
 20
-419.434990927577
  0
LWPOLYLINE
  5
52B
330
4FD
100
AcDbEntity
  8
LN-ELEVATION-3
100
AcDbPolyline
 90
4
 70
1
 10
-500.0
 20
-357.434990927577
 10
-470.0
 20
-357.434990927577
 10
-470.0
 20
-419.434990927577
 10
-500.0
 20
-419.434990927577
  0
LWPOLYLINE
  5
52C
330
4FD
100
AcDbEntity
  8
LN-ELEVATION-4
100
AcDbPolyline
 90
4
 70
1
 10
-500.0
 20
-499.4349909275769
 10
500.0
 20
-499.4349909275769
 10
500.0
 20
-517.434990927577
 10
-500.0
 20
-517.434990927577
  0
LWPOLYLINE
  5
52D
330
4FD
100
AcDbEntity
  8
LN-ELEVATION-4
100
AcDbPolyline
 90
4
 70
1
 10
470.0
 20
-437.4349909275768
 10
500.0
 20
-437.4349909275768
 10
500.0
 20
-499.4349909275769
 10
470.0
 20
-499.4349909275769
  0
LWPOLYLINE
  5
52E
330
4FD
100
AcDbEntity
  8
LN-ELEVATION-4
100
AcDbPolyline
 90
4
 70
1
 10
-500.0
 20
-437.4349909275768
 10
-470.0
 20
-437.4349909275768
 10
-470.0
 20
-499.4349909275769
 10
-500.0
 20
-499.4349909275769
  0
LWPOLYLINE
  5
52F
330
4FD
100
AcDbEntity
  8
LN-ELEVATION-1
100
AcDbPolyline
 90
4
 70
1
 10
-470.0
 20
85.06500907242298
 10
470.0
 20
85.06500907242298
 10
470.0
 20
467.565009072423
 10
-470.0
 20
467.565009072423
  0
LWPOLYLINE
  5
530
330
4FD
100
AcDbEntity
  8
LN-ELEVATION-1
100
AcDbPolyline
 90
2
 70
0
 10
-464.0
 20
311.190009072423
 10
-464.0
 20
241.815009072423
  0
LWPOLYLINE
  5
531
330
4FD
100
AcDbEntity
  8
LN-ELEVATION-1
100
AcDbPolyline
 90
2
 70
0
 10
-464.0
 20
235.815009072423
 10
-464.0
 20
166.440009072423
  0
LWPOLYLINE
  5
532
330
4FD
100
AcDbEntity
  8
LN-ELEVATION-1
100
AcDbPolyline
 90
3
 70
0
 10
-464.0
 20
160.440009072423
 10
-464.0
 20
91.06500907242297
 10
-283.2000000029802
 20
91.06500907242297
  0
LWPOLYLINE
  5
533
330
4FD
100
AcDbEntity
  8
LN-ELEVATION-1
100
AcDbPolyline
 90
2
 70
0
 10
-277.2000000029802
 20
91.06500907242297
 10
-96.40000000596046
 20
91.06500907242297
  0
LWPOLYLINE
  5
534
330
4FD
100
AcDbEntity
  8
LN-ELEVATION-1
100
AcDbPolyline
 90
2
 70
0
 10
-90.40000000596045
 20
91.06500907242297
 10
90.3999999910593
 20
91.06500907242297
  0
LWPOLYLINE
  5
535
330
4FD
100
AcDbEntity
  8
LN-ELEVATION-1
100
AcDbPolyline
 90
2
 70
0
 10
96.3999999910593
 20
91.06500907242297
 10
277.1999999880791
 20
91.06500907242297
  0
LWPOLYLINE
  5
536
330
4FD
100
AcDbEntity
  8
LN-ELEVATION-1
100
AcDbPolyline
 90
3
 70
0
 10
283.1999999880791
 20
91.06500907242297
 10
464.0
 20
91.06500907242297
 10
464.0
 20
160.440009072423
  0
LWPOLYLINE
  5
537
330
4FD
100
AcDbEntity
  8
LN-ELEVATION-1
100
AcDbPolyline
 90
2
 70
0
 10
464.0
 20
166.440009072423
 10
464.0
 20
235.815009072423
  0
LWPOLYLINE
  5
538
330
4FD
100
AcDbEntity
  8
LN-ELEVATION-1
100
AcDbPolyline
 90
2
 70
0
 10
464.0
 20
241.815009072423
 10
464.0
 20
311.190009072423
  0
LWPOLYLINE
  5
539
330
4FD
100
AcDbEntity
  8
LN-ELEVATION-1
100
AcDbPolyline
 90
3
 70
0
 10
464.0
 20
317.190009072423
 10
464.0
 20
461.565009072423
 10
283.1999999880791
 20
461.565009072423
  0
LWPOLYLINE
  5
53A
330
4FD
100
AcDbEntity
  8
LN-ELEVATION-1
100
AcDbPolyline
 90
2
 70
0
 10
277.1999999880791
 20
461.565009072423
 10
96.3999999910593
 20
461.565009072423
  0
LWPOLYLINE
  5
53B
330
4FD
100
AcDbEntity
  8
LN-ELEVATION-1
100
AcDbPolyline
 90
2
 70
0
 10
90.3999999910593
 20
461.565009072423
 10
-90.40000000596045
 20
461.565009072423
  0
LWPOLYLINE
  5
53C
330
4FD
100
AcDbEntity
  8
LN-ELEVATION-1
100
AcDbPolyline
 90
2
 70
0
 10
-96.40000000596046
 20
461.565009072423
 10
-277.2000000029802
 20
461.565009072423
  0
LWPOLYLINE
  5
53D
330
4FD
100
AcDbEntity
  8
LN-ELEVATION-1
100
AcDbPolyline
 90
3
 70
0
 10
-283.2000000029802
 20
461.565009072423
 10
-464.0
 20
461.565009072423
 10
-464.0
 20
317.190009072423
  0
LWPOLYLINE
  5
53E
330
4FD
100
AcDbEntity
  8
LN-ELEVATION-1
100
AcDbPolyline
 90
4
 70
1
 10
-283.2000000029802
 20
85.06500907242298
 10
-277.2000000029802
 20
85.06500907242298
 10
-277.2000000029802
 20
467.565009072423
 10
-283.2000000029802
 20
467.565009072423
  0
LWPOLYLINE
  5
53F
330
4FD
100
AcDbEntity
  8
LN-ELEVATION-1
100
AcDbPolyline
 90
4
 70
1
 10
-96.40000000596046
 20
85.06500907242298
 10
-90.40000000596045
 20
85.06500907242298
 10
-90.40000000596045
 20
467.565009072423
 10
-96.40000000596046
 20
467.565009072423
  0
LWPOLYLINE
  5
540
330
4FD
100
AcDbEntity
  8
LN-ELEVATION-1
100
AcDbPolyline
 90
4
 70
1
 10
90.3999999910593
 20
85.06500907242298
 10
96.3999999910593
 20
85.06500907242298
 10
96.3999999910593
 20
467.565009072423
 10
90.3999999910593
 20
467.565009072423
  0
LWPOLYLINE
  5
541
330
4FD
100
AcDbEntity
  8
LN-ELEVATION-1
100
AcDbPolyline
 90
4
 70
1
 10
277.1999999880791
 20
85.06500907242298
 10
283.1999999880791
 20
85.06500907242298
 10
283.1999999880791
 20
467.565009072423
 10
277.1999999880791
 20
467.565009072423
  0
LWPOLYLINE
  5
542
330
4FD
100
AcDbEntity
  8
LN-ELEVATION-1
100
AcDbPolyline
 90
4
 70
1
 10
283.1999999880791
 20
160.440009072423
 10
470.0
 20
160.440009072423
 10
470.0
 20
166.440009072423
 10
283.1999999880791
 20
166.440009072423
  0
LWPOLYLINE
  5
543
330
4FD
100
AcDbEntity
  8
LN-ELEVATION-1
100
AcDbPolyline
 90
4
 70
1
 10
283.1999999880791
 20
235.815009072423
 10
470.0
 20
235.815009072423
 10
470.0
 20
241.815009072423
 10
283.1999999880791
 20
241.815009072423
  0
LWPOLYLINE
  5
544
330
4FD
100
AcDbEntity
  8
LN-ELEVATION-1
100
AcDbPolyline
 90
4
 70
1
 10
283.1999999880791
 20
311.190009072423
 10
470.0
 20
311.190009072423
 10
470.0
 20
317.190009072423
 10
283.1999999880791
 20
317.190009072423
  0
LWPOLYLINE
  5
545
330
4FD
100
AcDbEntity
  8
LN-ELEVATION-1
100
AcDbPolyline
 90
4
 70
1
 10
96.39999997615817
 20
160.440009072423
 10
277.1999999880791
 20
160.440009072423
 10
277.1999999880791
 20
166.440009072423
 10
96.39999997615817
 20
166.440009072423
  0
LWPOLYLINE
  5
546
330
4FD
100
AcDbEntity
  8
LN-ELEVATION-1
100
AcDbPolyline
 90
4
 70
1
 10
96.39999997615817
 20
235.815009072423
 10
277.1999999880791
 20
235.815009072423
 10
277.1999999880791
 20
241.815009072423
 10
96.39999997615817
 20
241.815009072423
  0
LWPOLYLINE
  5
547
330
4FD
100
AcDbEntity
  8
LN-ELEVATION-1
100
AcDbPolyline
 90
4
 70
1
 10
96.39999997615817
 20
311.190009072423
 10
277.1999999880791
 20
311.190009072423
 10
277.1999999880791
 20
317.190009072423
 10
96.39999997615817
 20
317.190009072423
  0
LWPOLYLINE
  5
548
330
4FD
100
AcDbEntity
  8
LN-ELEVATION-1
100
AcDbPolyline
 90
4
 70
1
 10
-90.40000002086165
 20
160.440009072423
 10
90.3999999910593
 20
160.440009072423
 10
90.3999999910593
 20
166.440009072423
 10
-90.40000002086165
 20
166.440009072423
  0
LWPOLYLINE
  5
549
330
4FD
100
AcDbEntity
  8
LN-ELEVATION-1
100
AcDbPolyline
 90
4
 70
1
 10
-90.40000002086165
 20
235.815009072423
 10
90.3999999910593
 20
235.815009072423
 10
90.3999999910593
 20
241.815009072423
 10
-90.40000002086165
 20
241.815009072423
  0
LWPOLYLINE
  5
54A
330
4FD
100
AcDbEntity
  8
LN-ELEVATION-1
100
AcDbPolyline
 90
4
 70
1
 10
-90.40000002086165
 20
311.190009072423
 10
90.3999999910593
 20
311.190009072423
 10
90.3999999910593
 20
317.190009072423
 10
-90.40000002086165
 20
317.190009072423
  0
LWPOLYLINE
  5
54B
330
4FD
100
AcDbEntity
  8
LN-ELEVATION-1
100
AcDbPolyline
 90
4
 70
1
 10
-277.2000000178814
 20
160.440009072423
 10
-96.40000000596046
 20
160.440009072423
 10
-96.40000000596046
 20
166.440009072423
 10
-277.2000000178814
 20
166.440009072423
  0
LWPOLYLINE
  5
54C
330
4FD
100
AcDbEntity
  8
LN-ELEVATION-1
100
AcDbPolyline
 90
4
 70
1
 10
-277.2000000178814
 20
235.815009072423
 10
-96.40000000596046
 20
235.815009072423
 10
-96.40000000596046
 20
241.815009072423
 10
-277.2000000178814
 20
241.815009072423
  0
LWPOLYLINE
  5
54D
330
4FD
100
AcDbEntity
  8
LN-ELEVATION-1
100
AcDbPolyline
 90
4
 70
1
 10
-277.2000000178814
 20
311.190009072423
 10
-96.40000000596046
 20
311.190009072423
 10
-96.40000000596046
 20
317.190009072423
 10
-277.2000000178814
 20
317.190009072423
  0
LWPOLYLINE
  5
54E
330
4FD
100
AcDbEntity
  8
LN-ELEVATION-1
100
AcDbPolyline
 90
4
 70
1
 10
-470.0000000149012
 20
160.440009072423
 10
-283.2000000029802
 20
160.440009072423
 10
-283.2000000029802
 20
166.440009072423
 10
-470.0000000149012
 20
166.440009072423
  0
LWPOLYLINE
  5
54F
330
4FD
100
AcDbEntity
  8
LN-ELEVATION-1
100
AcDbPolyline
 90
4
 70
1
 10
-470.0000000149012
 20
235.815009072423
 10
-283.2000000029802
 20
235.815009072423
 10
-283.2000000029802
 20
241.815009072423
 10
-470.0000000149012
 20
241.815009072423
  0
LWPOLYLINE
  5
550
330
4FD
100
AcDbEntity
  8
LN-ELEVATION-1
100
AcDbPolyline
 90
4
 70
1
 10
-470.0000000149012
 20
311.190009072423
 10
-283.2000000029802
 20
311.190009072423
 10
-283.2000000029802
 20
317.190009072423
 10
-470.0000000149012
 20
317.190009072423
  0
LWPOLYLINE
  5
551
330
4FD
100
AcDbEntity
  8
LN-ELEVATION-4
100
AcDbPolyline
 90
4
 70
1
 10
-470.0
 20
-357.434990927577
 10
-464.0
 20
-357.434990927577
 10
-464.0
 20
-419.434990927577
 10
-470.0
 20
-419.434990927577
  0
LWPOLYLINE
  5
552
330
4FD
100
AcDbEntity
  8
LN-ELEVATION-4
100
AcDbPolyline
 90
4
 70
1
 10
-464.0
 20
-413.4349909275768
 10
-283.2000000029802
 20
-413.4349909275768
 10
-283.2000000029802
 20
-419.434990927577
 10
-464.0
 20
-419.434990927577
  0
LWPOLYLINE
  5
553
330
4FD
100
AcDbEntity
  8
LN-ELEVATION-4
100
AcDbPolyline
 90
4
 70
1
 10
-283.2000000029802
 20
-357.434990927577
 10
-277.2000000029802
 20
-357.434990927577
 10
-277.2000000029802
 20
-419.434990927577
 10
-283.2000000029802
 20
-419.434990927577
  0
LWPOLYLINE
  5
554
330
4FD
100
AcDbEntity
  8
LN-ELEVATION-4
100
AcDbPolyline
 90
4
 70
1
 10
-96.40000000596046
 20
-357.434990927577
 10
-90.40000000596045
 20
-357.434990927577
 10
-90.40000000596045
 20
-419.434990927577
 10
-96.40000000596046
 20
-419.434990927577
  0
LWPOLYLINE
  5
555
330
4FD
100
AcDbEntity
  8
LN-ELEVATION-4
100
AcDbPolyline
 90
4
 70
1
 10
90.3999999910593
 20
-357.434990927577
 10
96.3999999910593
 20
-357.434990927577
 10
96.3999999910593
 20
-419.434990927577
 10
90.3999999910593
 20
-419.434990927577
  0
LWPOLYLINE
  5
556
330
4FD
100
AcDbEntity
  8
LN-ELEVATION-4
100
AcDbPolyline
 90
4
 70
1
 10
277.1999999880791
 20
-357.434990927577
 10
283.1999999880791
 20
-357.434990927577
 10
283.1999999880791
 20
-419.434990927577
 10
277.1999999880791
 20
-419.434990927577
  0
LWPOLYLINE
  5
557
330
4FD
100
AcDbEntity
  8
LN-ELEVATION-4
100
AcDbPolyline
 90
4
 70
1
 10
464.0
 20
-357.434990927577
 10
470.0
 20
-357.434990927577
 10
470.0
 20
-419.434990927577
 10
464.0
 20
-419.434990927577
  0
LWPOLYLINE
  5
558
330
4FD
100
AcDbEntity
  8
LN-ELEVATION-4
100
AcDbPolyline
 90
4
 70
1
 10
-277.2000000029802
 20
-413.4349909275768
 10
-96.40000000596046
 20
-413.4349909275768
 10
-96.40000000596046
 20
-419.434990927577
 10
-277.2000000029802
 20
-419.434990927577
  0
LWPOLYLINE
  5
559
330
4FD
100
AcDbEntity
  8
LN-ELEVATION-4
100
AcDbPolyline
 90
4
 70
1
 10
-90.40000000596045
 20
-413.4349909275768
 10
90.3999999910593
 20
-413.4349909275768
 10
90.3999999910593
 20
-419.434990927577
 10
-90.40000000596045
 20
-419.434990927577
  0
LWPOLYLINE
  5
55A
330
4FD
100
AcDbEntity
  8
LN-ELEVATION-4
100
AcDbPolyline
 90
4
 70
1
 10
96.3999999910593
 20
-413.4349909275768
 10
277.1999999880791
 20
-413.4349909275768
 10
277.1999999880791
 20
-419.434990927577
 10
96.3999999910593
 20
-419.434990927577
  0
LWPOLYLINE
  5
55B
330
4FD
100
AcDbEntity
  8
LN-ELEVATION-4
100
AcDbPolyline
 90
4
 70
1
 10
283.1999999880791
 20
-413.4349909275768
 10
463.9999999850988
 20
-413.4349909275768
 10
463.9999999850988
 20
-419.434990927577
 10
283.1999999880791
 20
-419.434990927577
  0
LWPOLYLINE
  5
55C
330
4FD
100
AcDbEntity
  8
LN-ELEVATION-5
100
AcDbPolyline
 90
4
 70
1
 10
-470.0
 20
-437.4349909275768
 10
-464.0
 20
-437.4349909275768
 10
-464.0
 20
-499.4349909275769
 10
-470.0
 20
-499.4349909275769
  0
LWPOLYLINE
  5
55D
330
4FD
100
AcDbEntity
  8
LN-ELEVATION-5
100
AcDbPolyline
 90
4
 70
1
 10
-464.0
 20
-493.4349909275769
 10
-283.2000000029802
 20
-493.4349909275769
 10
-283.2000000029802
 20
-499.4349909275769
 10
-464.0
 20
-499.4349909275769
  0
LWPOLYLINE
  5
55E
330
4FD
100
AcDbEntity
  8
LN-ELEVATION-5
100
AcDbPolyline
 90
4
 70
1
 10
-283.2000000029802
 20
-437.4349909275768
 10
-277.2000000029802
 20
-437.4349909275768
 10
-277.2000000029802
 20
-499.4349909275769
 10
-283.2000000029802
 20
-499.4349909275769
  0
LWPOLYLINE
  5
55F
330
4FD
100
AcDbEntity
  8
LN-ELEVATION-5
100
AcDbPolyline
 90
4
 70
1
 10
-96.40000000596046
 20
-437.4349909275768
 10
-90.40000000596045
 20
-437.4349909275768
 10
-90.40000000596045
 20
-499.4349909275769
 10
-96.40000000596046
 20
-499.4349909275769
  0
LWPOLYLINE
  5
560
330
4FD
100
AcDbEntity
  8
LN-ELEVATION-5
100
AcDbPolyline
 90
4
 70
1
 10
90.3999999910593
 20
-437.4349909275768
 10
96.3999999910593
 20
-437.4349909275768
 10
96.3999999910593
 20
-499.4349909275769
 10
90.3999999910593
 20
-499.4349909275769
  0
LWPOLYLINE
  5
561
330
4FD
100
AcDbEntity
  8
LN-ELEVATION-5
100
AcDbPolyline
 90
4
 70
1
 10
277.1999999880791
 20
-437.4349909275768
 10
283.1999999880791
 20
-437.4349909275768
 10
283.1999999880791
 20
-499.4349909275769
 10
277.1999999880791
 20
-499.4349909275769
  0
LWPOLYLINE
  5
562
330
4FD
100
AcDbEntity
  8
LN-ELEVATION-5
100
AcDbPolyline
 90
4
 70
1
 10
464.0
 20
-437.4349909275768
 10
470.0
 20
-437.4349909275768
 10
470.0
 20
-499.4349909275769
 10
464.0
 20
-499.4349909275769
  0
LWPOLYLINE
  5
563
330
4FD
100
AcDbEntity
  8
LN-ELEVATION-5
100
AcDbPolyline
 90
4
 70
1
 10
-277.2000000029802
 20
-493.4349909275769
 10
-96.40000000596046
 20
-493.4349909275769
 10
-96.40000000596046
 20
-499.4349909275769
 10
-277.2000000029802
 20
-499.4349909275769
  0
LWPOLYLINE
  5
564
330
4FD
100
AcDbEntity
  8
LN-ELEVATION-5
100
AcDbPolyline
 90
4
 70
1
 10
-90.40000000596045
 20
-493.4349909275769
 10
90.3999999910593
 20
-493.4349909275769
 10
90.3999999910593
 20
-499.4349909275769
 10
-90.40000000596045
 20
-499.4349909275769
  0
LWPOLYLINE
  5
565
330
4FD
100
AcDbEntity
  8
LN-ELEVATION-5
100
AcDbPolyline
 90
4
 70
1
 10
96.3999999910593
 20
-493.4349909275769
 10
277.1999999880791
 20
-493.4349909275769
 10
277.1999999880791
 20
-499.4349909275769
 10
96.3999999910593
 20
-499.4349909275769
  0
LWPOLYLINE
  5
566
330
4FD
100
AcDbEntity
  8
LN-ELEVATION-5
100
AcDbPolyline
 90
4
 70
1
 10
283.1999999880791
 20
-493.4349909275769
 10
463.9999999850988
 20
-493.4349909275769
 10
463.9999999850988
 20
-499.4349909275769
 10
283.1999999880791
 20
-499.4349909275769
  0
LWPOLYLINE
  5
567
330
4FD
100
AcDbEntity
  8
LN-ELEVATION-3
100
AcDbPolyline
 90
4
 70
1
 10
-500.0
 20
559.5650090724229
 10
500.0
 20
559.5650090724229
 10
500.0
 20
577.5650090724228
 10
-500.0
 20
577.5650090724228
  0
LWPOLYLINE
  5
568
330
4FD
100
AcDbEntity
  8
LN-ELEVATION-3
100
AcDbPolyline
 90
4
 70
1
 10
470.0
 20
497.565009072423
 10
500.0
 20
497.565009072423
 10
500.0
 20
559.5650090724229
 10
470.0
 20
559.5650090724229
  0
LWPOLYLINE
  5
569
330
4FD
100
AcDbEntity
  8
LN-ELEVATION-3
100
AcDbPolyline
 90
4
 70
1
 10
-500.0
 20
497.565009072423
 10
-470.0
 20
497.565009072423
 10
-470.0
 20
559.5650090724229
 10
-500.0
 20
559.5650090724229
  0
LWPOLYLINE
  5
56A
330
4FD
100
AcDbEntity
  8
LN-ELEVATION-4
100
AcDbPolyline
 90
4
 70
1
 10
-500.0
 20
639.5650090724228
 10
500.0
 20
639.5650090724228
 10
500.0
 20
657.565009072423
 10
-500.0
 20
657.565009072423
  0
LWPOLYLINE
  5
56B
330
4FD
100
AcDbEntity
  8
LN-ELEVATION-4
100
AcDbPolyline
 90
4
 70
1
 10
470.0
 20
577.5650090724228
 10
500.0
 20
577.5650090724228
 10
500.0
 20
639.5650090724228
 10
470.0
 20
639.5650090724228
  0
LWPOLYLINE
  5
56C
330
4FD
100
AcDbEntity
  8
LN-ELEVATION-4
100
AcDbPolyline
 90
4
 70
1
 10
-500.0
 20
577.5650090724228
 10
-470.0
 20
577.5650090724228
 10
-470.0
 20
639.5650090724228
 10
-500.0
 20
639.5650090724228
  0
LWPOLYLINE
  5
56D
330
4FD
100
AcDbEntity
  8
LN-ELEVATION-4
100
AcDbPolyline
 90
4
 70
1
 10
-470.0
 20
497.565009072423
 10
-464.0
 20
497.565009072423
 10
-464.0
 20
559.5650090724229
 10
-470.0
 20
559.5650090724229
  0
LWPOLYLINE
  5
56E
330
4FD
100
AcDbEntity
  8
LN-ELEVATION-4
100
AcDbPolyline
 90
4
 70
1
 10
-464.0
 20
553.565009072423
 10
-283.2000000029802
 20
553.565009072423
 10
-283.2000000029802
 20
559.5650090724229
 10
-464.0
 20
559.5650090724229
  0
LWPOLYLINE
  5
56F
330
4FD
100
AcDbEntity
  8
LN-ELEVATION-4
100
AcDbPolyline
 90
4
 70
1
 10
-283.2000000029802
 20
497.565009072423
 10
-277.2000000029802
 20
497.565009072423
 10
-277.2000000029802
 20
559.5650090724229
 10
-283.2000000029802
 20
559.5650090724229
  0
LWPOLYLINE
  5
570
330
4FD
100
AcDbEntity
  8
LN-ELEVATION-4
100
AcDbPolyline
 90
4
 70
1
 10
-96.40000000596046
 20
497.565009072423
 10
-90.40000000596045
 20
497.565009072423
 10
-90.40000000596045
 20
559.5650090724229
 10
-96.40000000596046
 20
559.5650090724229
  0
LWPOLYLINE
  5
571
330
4FD
100
AcDbEntity
  8
LN-ELEVATION-4
100
AcDbPolyline
 90
4
 70
1
 10
90.3999999910593
 20
497.565009072423
 10
96.3999999910593
 20
497.565009072423
 10
96.3999999910593
 20
559.5650090724229
 10
90.3999999910593
 20
559.5650090724229
  0
LWPOLYLINE
  5
572
330
4FD
100
AcDbEntity
  8
LN-ELEVATION-4
100
AcDbPolyline
 90
4
 70
1
 10
277.1999999880791
 20
497.565009072423
 10
283.1999999880791
 20
497.565009072423
 10
283.1999999880791
 20
559.5650090724229
 10
277.1999999880791
 20
559.5650090724229
  0
LWPOLYLINE
  5
573
330
4FD
100
AcDbEntity
  8
LN-ELEVATION-4
100
AcDbPolyline
 90
4
 70
1
 10
464.0
 20
497.565009072423
 10
470.0
 20
497.565009072423
 10
470.0
 20
559.5650090724229
 10
464.0
 20
559.5650090724229
  0
LWPOLYLINE
  5
574
330
4FD
100
AcDbEntity
  8
LN-ELEVATION-4
100
AcDbPolyline
 90
4
 70
1
 10
-277.2000000029802
 20
553.565009072423
 10
-96.40000000596046
 20
553.565009072423
 10
-96.40000000596046
 20
559.5650090724229
 10
-277.2000000029802
 20
559.5650090724229
  0
LWPOLYLINE
  5
575
330
4FD
100
AcDbEntity
  8
LN-ELEVATION-4
100
AcDbPolyline
 90
4
 70
1
 10
-90.40000000596045
 20
553.565009072423
 10
90.3999999910593
 20
553.565009072423
 10
90.3999999910593
 20
559.5650090724229
 10
-90.40000000596045
 20
559.5650090724229
  0
LWPOLYLINE
  5
576
330
4FD
100
AcDbEntity
  8
LN-ELEVATION-4
100
AcDbPolyline
 90
4
 70
1
 10
96.3999999910593
 20
553.565009072423
 10
277.1999999880791
 20
553.565009072423
 10
277.1999999880791
 20
559.5650090724229
 10
96.3999999910593
 20
559.5650090724229
  0
LWPOLYLINE
  5
577
330
4FD
100
AcDbEntity
  8
LN-ELEVATION-4
100
AcDbPolyline
 90
4
 70
1
 10
283.1999999880791
 20
553.565009072423
 10
463.9999999850988
 20
553.565009072423
 10
463.9999999850988
 20
559.5650090724229
 10
283.1999999880791
 20
559.5650090724229
  0
LWPOLYLINE
  5
578
330
4FD
100
AcDbEntity
  8
LN-ELEVATION-5
100
AcDbPolyline
 90
4
 70
1
 10
-470.0
 20
577.5650090724228
 10
-464.0
 20
577.5650090724228
 10
-464.0
 20
639.5650090724228
 10
-470.0
 20
639.5650090724228
  0
LWPOLYLINE
  5
579
330
4FD
100
AcDbEntity
  8
LN-ELEVATION-5
100
AcDbPolyline
 90
4
 70
1
 10
-464.0
 20
633.565009072423
 10
-283.2000000029802
 20
633.565009072423
 10
-283.2000000029802
 20
639.5650090724228
 10
-464.0
 20
639.5650090724228
  0
LWPOLYLINE
  5
57A
330
4FD
100
AcDbEntity
  8
LN-ELEVATION-5
100
AcDbPolyline
 90
4
 70
1
 10
-283.2000000029802
 20
577.5650090724228
 10
-277.2000000029802
 20
577.5650090724228
 10
-277.2000000029802
 20
639.5650090724228
 10
-283.2000000029802
 20
639.5650090724228
  0
LWPOLYLINE
  5
57B
330
4FD
100
AcDbEntity
  8
LN-ELEVATION-5
100
AcDbPolyline
 90
4
 70
1
 10
-96.40000000596046
 20
577.5650090724228
 10
-90.40000000596045
 20
577.5650090724228
 10
-90.40000000596045
 20
639.5650090724228
 10
-96.40000000596046
 20
639.5650090724228
  0
LWPOLYLINE
  5
57C
330
4FD
100
AcDbEntity
  8
LN-ELEVATION-5
100
AcDbPolyline
 90
4
 70
1
 10
90.3999999910593
 20
577.5650090724228
 10
96.3999999910593
 20
577.5650090724228
 10
96.3999999910593
 20
639.5650090724228
 10
90.3999999910593
 20
639.5650090724228
  0
LWPOLYLINE
  5
57D
330
4FD
100
AcDbEntity
  8
LN-ELEVATION-5
100
AcDbPolyline
 90
4
 70
1
 10
277.1999999880791
 20
577.5650090724228
 10
283.1999999880791
 20
577.5650090724228
 10
283.1999999880791
 20
639.5650090724228
 10
277.1999999880791
 20
639.5650090724228
  0
LWPOLYLINE
  5
57E
330
4FD
100
AcDbEntity
  8
LN-ELEVATION-5
100
AcDbPolyline
 90
4
 70
1
 10
464.0
 20
577.5650090724228
 10
470.0
 20
577.5650090724228
 10
470.0
 20
639.5650090724228
 10
464.0
 20
639.5650090724228
  0
LWPOLYLINE
  5
57F
330
4FD
100
AcDbEntity
  8
LN-ELEVATION-5
100
AcDbPolyline
 90
4
 70
1
 10
-277.2000000029802
 20
633.565009072423
 10
-96.40000000596046
 20
633.565009072423
 10
-96.40000000596046
 20
639.5650090724228
 10
-277.2000000029802
 20
639.5650090724228
  0
LWPOLYLINE
  5
580
330
4FD
100
AcDbEntity
  8
LN-ELEVATION-5
100
AcDbPolyline
 90
4
 70
1
 10
-90.40000000596045
 20
633.565009072423
 10
90.3999999910593
 20
633.565009072423
 10
90.3999999910593
 20
639.5650090724228
 10
-90.40000000596045
 20
639.5650090724228
  0
LWPOLYLINE
  5
581
330
4FD
100
AcDbEntity
  8
LN-ELEVATION-5
100
AcDbPolyline
 90
4
 70
1
 10
96.3999999910593
 20
633.565009072423
 10
277.1999999880791
 20
633.565009072423
 10
277.1999999880791
 20
639.5650090724228
 10
96.3999999910593
 20
639.5650090724228
  0
LWPOLYLINE
  5
582
330
4FD
100
AcDbEntity
  8
LN-ELEVATION-5
100
AcDbPolyline
 90
4
 70
1
 10
283.1999999880791
 20
633.565009072423
 10
463.9999999850988
 20
633.565009072423
 10
463.9999999850988
 20
639.5650090724228
 10
283.1999999880791
 20
639.5650090724228
  0
INSERT
  5
583
330
4FD
100
AcDbEntity
  8
I-LK DIM
100
AcDbBlockReference
  2
EURO MIRROR
 10
10.0
 20
67.14025533781387
 30
0.0
  0
LWPOLYLINE
  5
585
330
4FD
100
AcDbEntity
  8
LN-ELEVATION-1
100
AcDbPolyline
 90
4
 70
1
 10
283.1999999880791
 20
-246.434990927577
 10
470.0
 20
-246.434990927577
 10
470.0
 20
-252.434990927577
 10
283.1999999880791
 20
-252.434990927577
  0
LWPOLYLINE
  5
586
330
4FD
100
AcDbEntity
  8
LN-ELEVATION-1
100
AcDbPolyline
 90
4
 70
1
 10
96.39999997615817
 20
-246.434990927577
 10
277.1999999880791
 20
-246.434990927577
 10
277.1999999880791
 20
-252.434990927577
 10
96.39999997615817
 20
-252.434990927577
  0
LWPOLYLINE
  5
587
330
4FD
100
AcDbEntity
  8
LN-ELEVATION-1
100
AcDbPolyline
 90
4
 70
1
 10
-90.40000002086165
 20
-246.434990927577
 10
90.3999999910593
 20
-246.434990927577
 10
90.3999999910593
 20
-252.434990927577
 10
-90.40000002086165
 20
-252.434990927577
  0
LWPOLYLINE
  5
588
330
4FD
100
AcDbEntity
  8
LN-ELEVATION-1
100
AcDbPolyline
 90
4
 70
1
 10
-277.2000000178814
 20
-246.434990927577
 10
-96.40000000596046
 20
-246.434990927577
 10
-96.40000000596046
 20
-252.434990927577
 10
-277.2000000178814
 20
-252.434990927577
  0
LWPOLYLINE
  5
589
330
4FD
100
AcDbEntity
  8
LN-ELEVATION-1
100
AcDbPolyline
 90
4
 70
1
 10
-470.0000000149012
 20
-246.434990927577
 10
-283.2000000029802
 20
-246.434990927577
 10
-283.2000000029802
 20
-252.434990927577
 10
-470.0000000149012
 20
-252.434990927577
  0
LWPOLYLINE
  5
58A
330
4FD
100
AcDbEntity
  8
LN-ELEVATION-1
100
AcDbPolyline
 90
4
 70
1
 10
283.1999999880791
 20
386.565009072423
 10
470.0
 20
386.565009072423
 10
470.0
 20
392.565009072423
 10
283.1999999880791
 20
392.565009072423
  0
LWPOLYLINE
  5
58B
330
4FD
100
AcDbEntity
  8
LN-ELEVATION-1
100
AcDbPolyline
 90
4
 70
1
 10
96.39999997615817
 20
386.565009072423
 10
277.1999999880791
 20
386.565009072423
 10
277.1999999880791
 20
392.565009072423
 10
96.39999997615817
 20
392.565009072423
  0
LWPOLYLINE
  5
58C
330
4FD
100
AcDbEntity
  8
LN-ELEVATION-1
100
AcDbPolyline
 90
4
 70
1
 10
-90.40000002086165
 20
386.565009072423
 10
90.3999999910593
 20
386.565009072423
 10
90.3999999910593
 20
392.565009072423
 10
-90.40000002086165
 20
392.565009072423
  0
LWPOLYLINE
  5
58D
330
4FD
100
AcDbEntity
  8
LN-ELEVATION-1
100
AcDbPolyline
 90
4
 70
1
 10
-277.2000000178814
 20
386.565009072423
 10
-96.40000000596046
 20
386.565009072423
 10
-96.40000000596046
 20
392.565009072423
 10
-277.2000000178814
 20
392.565009072423
  0
LWPOLYLINE
  5
58E
330
4FD
100
AcDbEntity
  8
LN-ELEVATION-1
100
AcDbPolyline
 90
4
 70
1
 10
-470.0000000149012
 20
386.565009072423
 10
-283.2000000029802
 20
386.565009072423
 10
-283.2000000029802
 20
392.565009072423
 10
-470.0000000149012
 20
392.565009072423
  0
ENDBLK
  5
4FF
330
4FD
100
AcDbEntity
  8
0
100
AcDbBlockEnd
  0
BLOCK
  5
592
330
591
100
AcDbEntity
  8
0
100
AcDbBlockBegin
  2
SCREEN_55_1
 70
0
 10
0.0
 20
0.0
 30
0.0
  3
SCREEN_55_1
  1

  0
LINE
  5
594
330
591
100
AcDbEntity
  8
I-LK IT
  6
DASHDOT2
 62
1
 48
3.0
100
AcDbLine
 10
620.5001770032977
 20
23.08002232541912
 30
0.0
 11
620.5001770032977
 21
512.096999242578
 31
0.0
  0
MTEXT
  5
595
102
{ACAD_XDICTIONARY
360
596
102
}
330
591
100
AcDbEntity
  8
I-LK TEXT
  6
Continuous
 62
0
 48
3.0
100
AcDbMText
 10
612.037833511683
 20
38.80457025920623
 30
0.0
 40
75.0
 41
783.9636358173434
 46
0.0
 71
5
 72
5
  1
\pxqc,t3;55" SCREEN
  7
LK TXT
  0
INSERT
  5
597
330
591
100
AcDbEntity
  8
I-LK IT
100
AcDbBlockReference
  2
IT 55INCH TV
 10
-1134449.450467437
 20
2111972.682131715
 30
0.0
 50
270.0
  0
INSERT
  5
599
330
591
100
AcDbEntity
  8
I-LK IT
100
AcDbBlockReference
  2
IT 55INCH TV
 10
-1134449.450467437
 20
-2111437.505110139
 30
0.0
 41
-1.0
 50
270.0
  0
CIRCLE
  5
59B
330
591
100
AcDbEntity
  8
I-LK IT
 62
1
100
AcDbCircle
 10
620.5001770032977
 20
267.5885107849281
 30
0.0
 40
25.0
  0
LWPOLYLINE
  5
59C
330
591
100
AcDbEntity
  8
I-LK IT
100
AcDbPolyline
 90
5
 70
0
 10
633.0001770032977
 20
289.2391458802485
 10
633.0001770032977
 20
355.0034541838359
 10
608.0001770032977
 20
355.0034541838359
 10
608.0001770032977
 20
289.2391458802485
 42
-0.26794919244356
 10
633.0001770032977
 20
289.2391458802485
 42
1.0
  0
LWPOLYLINE
  5
59D
330
591
100
AcDbEntity
  8
I-LK IT
100
AcDbPolyline
 90
4
 70
1
 10
670.5001770032977
 20
365.0034541838359
 10
570.5001770032977
 20
365.0034541838359
 10
570.5001770032977
 20
355.0034541838359
 10
670.5001770032977
 20
355.0034541838359
  0
LWPOLYLINE
  5
59E
330
591
100
AcDbEntity
  8
I-LK IT
100
AcDbPolyline
 90
5
 70
0
 10
633.0001770032977
 20
245.9378756896185
 10
633.0001770032977
 20
180.1735673860203
 10
608.0001770032977
 20
180.1735673860203
 10
608.0001770032977
 20
245.9378756896185
 42
0.26794919244356
 10
633.0001770032977
 20
245.9378756896185
 42
-1.0
  0
LWPOLYLINE
  5
59F
330
591
100
AcDbEntity
  8
I-LK IT
100
AcDbPolyline
 90
4
 70
1
 10
670.5001770032977
 20
170.1735673860203
 10
570.5001770032977
 20
170.1735673860203
 10
570.5001770032977
 20
180.1735673860203
 10
670.5001770032977
 20
180.1735673860203
  0
MTEXT
  5
5A0
102
{ACAD_XDICTIONARY
360
5A1
102
}
330
591
100
AcDbEntity
  8
I-LK TEXT
  6
Continuous
 62
0
 48
3.0
100
AcDbMText
 10
612.037833511683
 20
485.8045702592062
 30
0.0
 40
75.0
 41
783.9636358173434
 46
0.0
 71
5
 72
5
  1
\pxqc,t3;55" SCREEN
  7
LK TXT
  0
ENDBLK
  5
593
330
591
100
AcDbEntity
  8
0
100
AcDbBlockEnd
  0
BLOCK
  5
5A4
330
5A3
100
AcDbEntity
  8
0
100
AcDbBlockBegin
  2
it 55inch tv
 70
0
 10
0.0
 20
0.0
 30
0.0
  3
it 55inch tv
  1

  0
LWPOLYLINE
  5
5A6
330
5A3
100
AcDbEntity
  8
I-LK EQPMT
100
AcDbPolyline
 90
4
 70
1
 10
2111627.20517066
 20
1134562.665896999
 10
2111627.205337125
 20
1134600.89927008
 10
2111665.438710206
 20
1134600.899103615
 10
2111665.438543742
 20
1134562.665730534
  0
LWPOLYLINE
  5
5A7
330
5A3
100
AcDbEntity
  8
I-LK EQPMT
100
AcDbPolyline
 90
4
 70
1
 10
2111631.028524615
 20
1134566.489217661
 10
2111631.028657787
 20
1134597.075916125
 10
2111661.615356252
 20
1134597.075782954
 10
2111661.61522308
 20
1134566.489084489
  0
LWPOLYLINE
  5
5A8
330
5A3
100
AcDbEntity
  8
I-LK EQPMT
100
AcDbPolyline
 90
4
 70
1
 10
2111627.204187012
 20
1135577.7428048
 10
2111627.204020548
 20
1135539.509431719
 10
2111665.437393629
 20
1135539.509265254
 10
2111665.437560093
 20
1135577.742638335
  0
LWPOLYLINE
  5
5A9
330
5A3
100
AcDbEntity
  8
I-LK EQPMT
100
AcDbPolyline
 90
4
 70
1
 10
2111631.027507674
 20
1135573.919450845
 10
2111631.027374502
 20
1135543.33275238
 10
2111661.614072967
 20
1135543.332619209
 10
2111661.614206139
 20
1135573.919317673
  0
LINE
  5
5AA
330
5A3
100
AcDbEntity
  8
I-LK EQPMT
100
AcDbLine
 10
2111661.615356252
 20
1134597.075782954
 30
0.0
 11
2111631.028524615
 21
1134566.489217661
 31
0.0
  0
LINE
  5
5AB
330
5A3
100
AcDbEntity
  8
I-LK EQPMT
100
AcDbLine
 10
2111661.614072967
 20
1135543.332619209
 30
0.0
 11
2111631.027507674
 21
1135573.919450845
 31
0.0
  0
LINE
  5
5AC
330
5A3
100
AcDbEntity
  8
I-LK EQPMT
100
AcDbLine
 10
2111661.614206139
 20
1135573.919317673
 30
0.0
 11
2111631.027374502
 21
1135543.33275238
 31
0.0
  0
LINE
  5
5AD
330
5A3
100
AcDbEntity
  8
I-LK EQPMT
 48
12.0
100
AcDbLine
 10
2111627.205367106
 20
1134610.5634114
 30
0.0
 11
2111607.679381233
 21
1134610.563496415
 31
0.0
  0
LINE
  5
5AE
330
5A3
100
AcDbEntity
  8
I-LK EQPMT
 48
12.0
100
AcDbLine
 10
2111627.205367106
 20
1134610.5634114
 30
0.0
 11
2111627.205112064
 21
1134551.985453779
 31
0.0
  0
LINE
  5
5AF
330
5A3
100
AcDbEntity
  8
I-LK EQPMT
 48
12.0
100
AcDbLine
 10
2111607.678233332
 20
1135587.915183341
 30
0.0
 11
2111627.204219206
 21
1135587.915098327
 31
0.0
  0
LINE
  5
5B0
330
5A3
100
AcDbEntity
  8
I-LK EQPMT
 48
12.0
100
AcDbLine
 10
2111627.203964163
 20
1135529.337140705
 30
0.0
 11
2111607.677978289
 21
1135529.33722572
 31
0.0
  0
LINE
  5
5B1
330
5A3
100
AcDbEntity
  8
I-LK EQPMT
 48
12.0
100
AcDbLine
 10
2111607.678786133
 20
1134473.881595298
 30
0.0
 11
2111607.67857339
 21
1135666.019126837
 31
0.0
  0
LWPOLYLINE
  5
5B2
330
5A3
100
AcDbEntity
  8
I-LK EQPMT
 48
12.0
100
AcDbPolyline
 90
4
 70
1
 10
2111542.593620929
 20
1135690.450644441
 10
2111558.8162113
 20
1135690.45057381
 10
2111558.8162113
 20
1134449.45057381
 10
2111542.593620929
 20
1134449.450644441
  0
LINE
  5
5B3
330
5A3
100
AcDbEntity
  8
I-LK EQPMT
 48
12.0
100
AcDbLine
 10
2111558.8162113
 20
1135690.45057381
 30
0.0
 11
2111583.24744553
 21
1135690.450467439
 31
0.0
  0
LINE
  5
5B4
330
5A3
100
AcDbEntity
  8
I-LK EQPMT
 48
12.0
100
AcDbLine
 10
2111558.8162113
 20
1134449.45057381
 30
0.0
 11
2111583.247445531
 21
1134449.450467438
 31
0.0
  0
LINE
  5
5B5
330
5A3
100
AcDbEntity
  8
I-LK EQPMT
 48
12.0
100
AcDbLine
 10
2111583.24744553
 20
1135690.450467439
 30
0.0
 11
2111607.67857339
 21
1135666.019126837
 31
0.0
  0
LINE
  5
5B6
330
5A3
100
AcDbEntity
  8
I-LK EQPMT
 48
12.0
100
AcDbLine
 10
2111583.247445531
 20
1134449.450467438
 30
0.0
 11
2111607.678786133
 21
1134473.881595298
 31
0.0
  0
LINE
  5
5B7
330
5A3
100
AcDbEntity
  8
I-LK EQPMT
 48
12.0
100
AcDbLine
 10
2111607.679126189
 20
1134551.985538793
 30
0.0
 11
2111627.205112064
 21
1134551.985453779
 31
0.0
  0
LINE
  5
5B8
330
5A3
100
AcDbEntity
  8
I-LK EQPMT
 48
12.0
100
AcDbLine
 10
2111627.204219206
 20
1135587.915098327
 30
0.0
 11
2111627.203964163
 21
1135529.337140705
 31
0.0
  0
ENDBLK
  5
5A5
330
5A3
100
AcDbEntity
  8
0
100
AcDbBlockEnd
  0
BLOCK
  5
5BC
330
5BB
100
AcDbEntity
  8
0
100
AcDbBlockBegin
  2
EURO_CENTRE_2
 70
0
 10
0.0
 20
0.0
 30
0.0
  3
EURO_CENTRE_2
  1

  0
INSERT
  5
5BE
330
5BB
100
AcDbEntity
  8
I-LK FF&E
100
AcDbBlockReference
  2
EUROCENTER 1040
 10
520.0000000000001
 20
517.434990927577
 30
0.0
  0
ENDBLK
  5
5BD
330
5BB
100
AcDbEntity
  8
0
100
AcDbBlockEnd
  0
BLOCK
  5
5C9
330
5C8
100
AcDbEntity
  8
0
100
AcDbBlockBegin
  2
SOFA_1
 70
0
 10
0.0
 20
0.0
 30
0.0
  3
SOFA_1
  1

  0
INSERT
  5
5CB
330
5C8
100
AcDbEntity
  8
I-LK FF&E
100
AcDbBlockReference
  2
NESTING TABLES
 10
674.9999999999999
 20
487.5
 30
0.0
 50
180.0
  0
ENDBLK
  5
5CA
330
5C8
100
AcDbEntity
  8
0
100
AcDbBlockEnd
  0
BLOCK
  5
5CE
330
5CD
100
AcDbEntity
  8
0
100
AcDbBlockBegin
  2
nesting tables
 70
0
 10
0.0
 20
0.0
 30
0.0
  3
nesting tables
  1

  0
LWPOLYLINE
  5
5D0
330
5CD
100
AcDbEntity
  8
LN-ELEVATION-1
100
AcDbPolyline
 90
16
 70
1
 10
315.0
 20
487.4999999999998
 10
635.0
 20
487.4999999999998
 42
-0.4142135623730951
 10
675.0
 20
447.4999999999998
 10
674.9999999999998
 20
-447.5000000000001
 42
-0.4142135623730951
 10
634.9999999999997
 20
-487.5000000000001
 10
-635.0000000000002
 20
-487.4999999999998
 42
-0.4142135623730951
 10
-675.0000000000002
 20
-447.4999999999998
 10
-675.0
 20
447.5000000000001
 42
-0.4142135623730951
 10
-635.0
 20
487.5000000000001
 10
-315.0
 20
487.5000000000001
 42
-0.4142135623730951
 10
-275.0
 20
447.5
 10
-275.0
 20
-47.5
 42
0.4142135623730951
 10
-235.0000000000001
 20
-87.5
 10
234.9999999999998
 20
-87.5
 42
0.4142135623730951
 10
274.9999999999998
 20
-47.5
 10
275.0
 20
447.5
 42
-0.4142135623730951
  0
LWPOLYLINE
  5
5D1
330
5CD
100
AcDbEntity
  8
LN-ELEVATION-3
100
AcDbPolyline
 90
8
 70
1
 10
325.0
 20
437.5
 10
625.0
 20
437.4999999999998
 10
624.9999999999998
 20
-437.5000000000001
 10
-625.0
 20
-437.4999999999998
 10
-625.0
 20
437.5000000000001
 10
-325.0
 20
437.5
 10
-325.0000000000001
 20
-137.4999999999999
 10
324.9999999999998
 20
-137.5000000000001
  0
LWPOLYLINE
  5
5D2
330
5CD
100
AcDbEntity
  8
LN-ELEVATION-3
100
AcDbPolyline
 90
8
 70
1
 10
345.0
 20
417.4999999999998
 10
605.0
 20
417.4999999999998
 10
604.9999999999998
 20
-417.5000000000001
 10
-605.0000000000001
 20
-417.4999999999998
 10
-605.0
 20
417.5000000000001
 10
-345.0
 20
417.4999999999998
 10
-345.0000000000002
 20
-157.4999999999999
 10
344.9999999999998
 20
-157.5000000000001
  0
LWPOLYLINE
  5
5D3
330
5CD
100
AcDbEntity
  8
LN-ELEVATION-2
  6
ByBlock
 62
0
370
-2
100
AcDbPolyline
 90
8
 70
1
 10
-300.0
 20
447.5
 10
-300.0000000000001
 20
-72.5
 42
0.4142135623730951
 10
-260.0
 20
-112.5
 10
259.9999999999998
 20
-112.5
 42
0.4142135623730951
 10
299.9999999999998
 20
-72.5
 10
300.0
 20
447.5
 42
0.4142135623730951
 10
260.0
 20
487.5
 10
-260.0
 20
487.5
 42
0.4142135623730951
  0
LWPOLYLINE
  5
5D4
330
5CD
100
AcDbEntity
  8
LN-ELEVATION-3
100
AcDbPolyline
 90
4
 70
1
 10
-250.0
 20
437.5
 10
-250.0000000000001
 20
-62.5
 10
249.9999999999998
 20
-62.5
 10
250.0
 20
437.5
  0
LWPOLYLINE
  5
5D5
330
5CD
100
AcDbEntity
  8
LN-ELEVATION-3
100
AcDbPolyline
 90
4
 70
1
 10
-230.0
 20
417.4999999999998
 10
-230.0000000000001
 20
-42.5
 10
230.0
 20
-42.5
 10
230.0
 20
417.4999999999998
  0
LWPOLYLINE
  5
5D6
330
5CD
100
AcDbEntity
  8
LN-ELEVATION-3
100
AcDbPolyline
 90
4
 70
1
 10
230.0
 20
417.4999999999998
 10
230.0
 20
437.5
 10
250.0
 20
437.5
 10
250.0
 20
417.4999999999998
  0
LWPOLYLINE
  5
5D7
330
5CD
100
AcDbEntity
  8
LN-ELEVATION-3
100
AcDbPolyline
 90
4
 70
1
 10
230.0
 20
-42.5
 10
229.9999999999998
 20
-62.5
 10
249.9999999999998
 20
-62.5
 10
250.0
 20
-42.5
  0
LWPOLYLINE
  5
5D8
330
5CD
100
AcDbEntity
  8
LN-ELEVATION-3
100
AcDbPolyline
 90
4
 70
1
 10
-230.0
 20
417.4999999999998
 10
-230.0
 20
437.5
 10
-250.0
 20
437.5
 10
-250.0
 20
417.4999999999998
  0
LWPOLYLINE
  5
5D9
330
5CD
100
AcDbEntity
  8
LN-ELEVATION-3
100
AcDbPolyline
 90
4
 70
1
 10
-230.0000000000001
 20
-42.5
 10
-230.0000000000001
 20
-62.5
 10
-250.0000000000001
 20
-62.5
 10
-250.0000000000001
 20
-42.5
  0
LWPOLYLINE
  5
5DA
330
5CD
100
AcDbEntity
  8
LN-ELEVATION-3
100
AcDbPolyline
 90
4
 70
1
 10
605.0
 20
417.4999999999998
 10
605.0
 20
437.4999999999998
 10
625.0
 20
437.4999999999998
 10
625.0
 20
417.4999999999998
  0
LWPOLYLINE
  5
5DB
330
5CD
100
AcDbEntity
  8
LN-ELEVATION-3
100
AcDbPolyline
 90
4
 70
1
 10
345.0
 20
417.4999999999998
 10
345.0
 20
437.4999999999998
 10
325.0
 20
437.5
 10
325.0
 20
417.4999999999998
  0
LWPOLYLINE
  5
5DC
330
5CD
100
AcDbEntity
  8
LN-ELEVATION-3
100
AcDbPolyline
 90
4
 70
1
 10
604.9999999999998
 20
-417.5000000000001
 10
604.9999999999998
 20
-437.5000000000001
 10
624.9999999999998
 20
-437.5000000000001
 10
624.9999999999998
 20
-417.5000000000001
  0
LWPOLYLINE
  5
5DD
330
5CD
100
AcDbEntity
  8
LN-ELEVATION-3
100
AcDbPolyline
 90
4
 70
1
 10
324.9999999999998
 20
-137.5000000000001
 10
324.9999999999998
 20
-157.5000000000001
 10
344.9999999999998
 20
-157.5000000000001
 10
344.9999999999998
 20
-137.5000000000001
  0
LWPOLYLINE
  5
5DE
330
5CD
100
AcDbEntity
  8
LN-ELEVATION-3
100
AcDbPolyline
 90
4
 70
1
 10
-325.0000000000001
 20
-137.4999999999999
 10
-325.0000000000001
 20
-157.4999999999999
 10
-345.0000000000002
 20
-157.4999999999999
 10
-345.0000000000002
 20
-137.4999999999999
  0
LWPOLYLINE
  5
5DF
330
5CD
100
AcDbEntity
  8
LN-ELEVATION-3
100
AcDbPolyline
 90
4
 70
1
 10
-325.0
 20
437.5
 10
-325.0
 20
417.4999999999998
 10
-345.0
 20
417.4999999999998
 10
-345.0
 20
437.5000000000001
  0
LWPOLYLINE
  5
5E0
330
5CD
100
AcDbEntity
  8
LN-ELEVATION-3
100
AcDbPolyline
 90
4
 70
1
 10
-605.0
 20
417.5000000000001
 10
-605.0
 20
437.5000000000001
 10
-625.0
 20
437.5000000000001
 10
-625.0
 20
417.5000000000001
  0
LWPOLYLINE
  5
5E1
330
5CD
100
AcDbEntity
  8
LN-ELEVATION-3
100
AcDbPolyline
 90
4
 70
1
 10
-605.0000000000001
 20
-417.4999999999998
 10
-605.0000000000001
 20
-437.4999999999998
 10
-625.0
 20
-437.4999999999998
 10
-625.0
 20
-417.4999999999998
  0
ENDBLK
  5
5CF
330
5CD
100
AcDbEntity
  8
0
100
AcDbBlockEnd
  0
BLOCK
  5
5ED
330
5EC
100
AcDbEntity
  8
0
100
AcDbBlockBegin
  2
VC_FIXTURE_LARGE_3
 70
0
 10
0.0
 20
0.0
 30
0.0
  3
VC_FIXTURE_LARGE_3
  1

  0
INSERT
  5
5EF
330
5EC
100
AcDbEntity
  8
I-LK FF&E
100
AcDbBlockReference
  2
12MM VC PLAN
 10
-4.547e-13
 20
0.0
 30
0.0
 41
-1.0
  0
ENDBLK
  5
5EE
330
5EC
100
AcDbEntity
  8
0
100
AcDbBlockEnd
  0
BLOCK
  5
5F4
330
5F3
100
AcDbEntity
  8
0
100
AcDbBlockBegin
  2
VC_FIXTURE_LARGE_4
 70
0
 10
0.0
 20
0.0
 30
0.0
  3
VC_FIXTURE_LARGE_4
  1

  0
INSERT
  5
5F6
330
5F3
100
AcDbEntity
  8
I-LK FF&E
100
AcDbBlockReference
  2
12MM VC PLAN
 10
-4.547e-13
 20
0.0
 30
0.0
 41
-1.0
  0
ENDBLK
  5
5F5
330
5F3
100
AcDbEntity
  8
0
100
AcDbBlockEnd
  0
BLOCK
  5
5FB
330
5FA
100
AcDbEntity
  8
0
100
AcDbBlockBegin
  2
VC_FIXTURE_MEDIUM_1
 70
0
 10
0.0
 20
0.0
 30
0.0
  3
VC_FIXTURE_MEDIUM_1
  1

  0
INSERT
  5
5FD
330
5FA
100
AcDbEntity
  8
I-LK FF&E
100
AcDbBlockReference
  2
1010MM VC PLAN
 10
511.833333333022
 20
226.0
 30
0.0
 41
-1.0
  0
ENDBLK
  5
5FC
330
5FA
100
AcDbEntity
  8
0
100
AcDbBlockEnd
  0
BLOCK
  5
600
330
5FF
100
AcDbEntity
  8
0
100
AcDbBlockBegin
  2
1010mm vc plan
 70
0
 10
0.0
 20
0.0
 30
0.0
  3
1010mm vc plan
  1

  0
HATCH
  5
602
330
5FF
100
AcDbEntity
  8
LN-HATCH
 48
0.5
100
AcDbHatch
 10
0.0
 20
0.0
 30
0.0
210
0.0
220
0.0
230
1.0
  2
ANSI31
 70
0
 71
0
 91
1
 92
1
 93
8
 72
1
 10
-505.166666666977
 20
24.0
 11
-505.166666666977
 21
-166.0
 72
1
 10
-505.166666666977
 20
-166.0
 11
-499.1666666669771
 21
-166.0
 72
1
 10
-499.1666666669771
 20
-166.0
 11
-499.1666666669771
 21
-176.0
 72
1
 10
-499.1666666669771
 20
-176.0
 11
-505.166666666977
 21
-176.0
 72
1
 10
-505.166666666977
 20
-176.0
 11
-505.166666666977
 21
-220.0
 72
1
 10
-505.166666666977
 20
-220.0
 11
-487.1666666669772
 21
-220.0
 72
1
 10
-487.1666666669772
 20
-220.0
 11
-487.1666666669772
 21
24.0
 72
1
 10
-487.1666666669772
 20
24.0
 11
-505.166666666977
 21
24.0
 97
0
 75
1
 76
1
 52
0.0
 41
2.0
 77
0
 78
1
 53
45.0
 43
3761554.586240421
 44
1795022.935917533
 45
-4.490128060534575
 46
4.490128060534575
 79
0
 98
1
 10
-4096900.438269358
 20
1708604.267299229
  0
HATCH
  5
603
330
5FF
100
AcDbEntity
  8
LN-HATCH
 48
0.5
100
AcDbHatch
 10
0.0
 20
0.0
 30
0.0
210
0.0
220
0.0
230
1.0
  2
ANSI31
 70
0
 71
0
 91
1
 92
1
 93
4
 72
1
 10
476.8333333330228
 20
-220.0
 11
476.8333333330228
 21
-226.0
 72
1
 10
476.8333333330228
 20
-226.0
 11
511.8333333330228
 21
-226.0
 72
1
 10
511.8333333330228
 20
-226.0
 11
511.8333333330228
 21
-220.0
 72
1
 10
511.8333333330228
 20
-220.0
 11
476.8333333330228
 21
-220.0
 97
0
 75
1
 76
1
 52
0.0
 41
2.0
 77
0
 78
1
 53
45.0
 43
7858558.917008298
 44
3503823.203216763
 45
-4.490128060534575
 46
4.490128060534575
 79
0
 98
1
 10
-4097083.438269358
 20
1708604.267299229
  0
HATCH
  5
604
330
5FF
100
AcDbEntity
  8
LN-HATCH
 48
0.5
100
AcDbHatch
 10
0.0
 20
0.0
 30
0.0
210
0.0
220
0.0
230
1.0
  2
ANSI31
 70
0
 71
0
 91
1
 92
1
 93
8
 72
1
 10
504.8333333330228
 20
24.0
 11
504.8333333330228
 21
-166.0
 72
1
 10
504.8333333330228
 20
-166.0
 11
498.8333333330228
 21
-166.0
 72
1
 10
498.8333333330228
 20
-166.0
 11
498.8333333330228
 21
-176.0
 72
1
 10
498.8333333330228
 20
-176.0
 11
504.8333333330228
 21
-176.0
 72
1
 10
504.8333333330228
 20
-176.0
 11
504.8333333330228
 21
-220.0
 72
1
 10
504.8333333330228
 20
-220.0
 11
486.8333333330228
 21
-220.0
 72
1
 10
486.8333333330228
 20
-220.0
 11
486.8333333330228
 21
24.0
 72
1
 10
486.8333333330228
 20
24.0
 11
504.8333333330228
 21
24.0
 97
0
 75
1
 76
1
 52
0.0
 41
2.0
 77
0
 78
1
 53
45.0
 43
7858558.917008298
 44
3503823.203216763
 45
-4.490128060534575
 46
4.490128060534575
 79
0
 98
1
 10
-4097083.438269358
 20
1708604.267299229
  0
HATCH
  5
605
330
5FF
100
AcDbEntity
  8
LN-HATCH
 48
0.5
100
AcDbHatch
 10
0.0
 20
0.0
 30
0.0
210
0.0
220
0.0
230
1.0
  2
ANSI31
 70
0
 71
0
 91
1
 92
1
 93
4
 72
1
 10
-470.1666666669772
 20
-220.0
 11
-470.1666666669772
 21
-226.0
 72
1
 10
-470.1666666669772
 20
-226.0
 11
-505.166666666977
 21
-226.0
 72
1
 10
-505.166666666977
 20
-226.0
 11
-505.166666666977
 21
-220.0
 72
1
 10
-505.166666666977
 20
-220.0
 11
-470.1666666669772
 21
-220.0
 97
0
 75
1
 76
1
 52
0.0
 41
2.0
 77
0
 78
1
 53
45.0
 43
7858741.917008297
 44
3503823.203216763
 45
-4.490128060534575
 46
4.490128060534575
 79
0
 98
1
 10
-4096900.438269358
 20
1708604.267299229
  0
LWPOLYLINE
  5
606
330
5FF
100
AcDbEntity
  8
LN-ELEVATION-1
 48
0.5
100
AcDbPolyline
 90
8
 70
1
 10
-505.166666666977
 20
24.0
 10
-505.166666666977
 20
-166.0
 10
-499.1666666669771
 20
-166.0
 10
-499.1666666669771
 20
-176.0
 10
-505.166666666977
 20
-176.0
 10
-505.166666666977
 20
-220.0
 10
-487.1666666669772
 20
-220.0
 10
-487.1666666669772
 20
24.0
  0
LWPOLYLINE
  5
607
330
5FF
100
AcDbEntity
  8
LN-ELEVATION-1
 48
0.5
100
AcDbPolyline
 90
8
 70
1
 10
504.8333333330228
 20
24.0
 10
504.8333333330228
 20
-166.0
 10
498.8333333330228
 20
-166.0
 10
498.8333333330228
 20
-176.0
 10
504.8333333330228
 20
-176.0
 10
504.8333333330228
 20
-220.0
 10
486.8333333330228
 20
-220.0
 10
486.8333333330228
 20
24.0
  0
LWPOLYLINE
  5
608
330
5FF
100
AcDbEntity
  8
LN-ELEVATION-1
 48
0.5
100
AcDbPolyline
 90
4
 70
1
 10
486.8333333330228
 20
12.0
 10
-487.1666666669772
 20
12.0
 10
-487.1666666669772
 20
18.0
 10
486.8333333330228
 20
18.0
  0
LWPOLYLINE
  5
609
330
5FF
100
AcDbEntity
  8
LN-ELEVATION-1
 48
0.5
100
AcDbPolyline
 90
4
 70
1
 10
-470.1666666669772
 20
-220.0
 10
-470.1666666669772
 20
-226.0
 10
-505.166666666977
 20
-226.0
 10
-505.166666666977
 20
-220.0
  0
LWPOLYLINE
  5
60A
330
5FF
100
AcDbEntity
  8
LN-ELEVATION-1
 48
0.5
100
AcDbPolyline
 90
4
 70
1
 10
469.8333333330228
 20
-220.0
 10
469.8333333330228
 20
-226.0
 10
504.8333333330228
 20
-226.0
 10
504.8333333330228
 20
-220.0
  0
LINE
  5
60B
330
5FF
100
AcDbEntity
  8
LN-ELEVATION-3
 48
0.5
100
AcDbLine
 10
469.8333333330228
 20
-226.0
 30
0.0
 11
-470.1666666669772
 21
-226.0
 31
0.0
  0
LINE
  5
60C
330
5FF
100
AcDbEntity
  8
LN-ELEVATION-3
 48
0.5
100
AcDbLine
 10
-470.1666666669772
 20
-220.0
 30
0.0
 11
469.8333333330228
 21
-220.0
 31
0.0
  0
LINE
  5
60D
330
5FF
100
AcDbEntity
  8
LN-ELEVATION-3
 48
0.5
100
AcDbLine
 10
-487.1666666669772
 20
24.0
 30
0.0
 11
486.8333333330228
 21
24.0
 31
0.0
  0
LWPOLYLINE
  5
60E
330
5FF
100
AcDbEntity
  8
LN-ELEVATION-3
 48
0.5
100
AcDbPolyline
 90
4
 70
1
 10
-470.1666666674428
 20
0.0
 10
-288.5000000004657
 20
0.0
 10
-288.5000000004657
 20
-64.0
 10
-470.1666666674428
 20
-64.0
  0
LWPOLYLINE
  5
60F
330
5FF
100
AcDbEntity
  8
LN-ELEVATION-3
 48
0.5
100
AcDbPolyline
 90
4
 70
1
 10
-280.5000000004657
 20
0.0
 10
-98.83333333348855
 20
0.0
 10
-98.83333333348855
 20
-64.0
 10
-280.5000000004657
 20
-64.0
  0
LWPOLYLINE
  5
610
330
5FF
100
AcDbEntity
  8
LN-ELEVATION-3
 48
0.5
100
AcDbPolyline
 90
4
 70
1
 10
-280.5000000004657
 20
-72.0
 10
-98.83333333348855
 20
-72.0
 10
-98.83333333348855
 20
-136.0
 10
-280.5000000004657
 20
-136.0
  0
LWPOLYLINE
  5
611
330
5FF
100
AcDbEntity
  8
LN-ELEVATION-3
 48
0.5
100
AcDbPolyline
 90
4
 70
1
 10
-470.1666666674428
 20
-136.0
 10
-288.5000000004657
 20
-136.0
 10
-288.5000000004657
 20
-72.0
 10
-470.1666666674428
 20
-72.0
  0
LWPOLYLINE
  5
612
330
5FF
100
AcDbEntity
  8
LN-ELEVATION-3
 48
0.5
100
AcDbPolyline
 90
4
 70
1
 10
-470.1666666674428
 20
-144.0
 10
-288.5000000004657
 20
-144.0
 10
-288.5000000004657
 20
-208.0
 10
-470.1666666674428
 20
-208.0
  0
LWPOLYLINE
  5
613
330
5FF
100
AcDbEntity
  8
LN-ELEVATION-3
 48
0.5
100
AcDbPolyline
 90
4
 70
1
 10
-280.5000000004657
 20
-144.0
 10
-98.83333333348855
 20
-144.0
 10
-98.83333333348855
 20
-208.0
 10
-280.5000000004657
 20
-208.0
  0
LWPOLYLINE
  5
614
330
5FF
100
AcDbEntity
  8
LN-ELEVATION-3
 48
0.5
100
AcDbPolyline
 90
4
 70
1
 10
-90.83333333348855
 20
0.0
 10
90.83333333348855
 20
0.0
 10
90.83333333348855
 20
-64.0
 10
-90.83333333348855
 20
-64.0
  0
LWPOLYLINE
  5
615
330
5FF
100
AcDbEntity
  8
LN-ELEVATION-3
 48
0.5
100
AcDbPolyline
 90
4
 70
1
 10
-90.83333333348855
 20
-72.0
 10
90.83333333348855
 20
-72.0
 10
90.83333333348855
 20
-136.0
 10
-90.83333333348855
 20
-136.0
  0
LWPOLYLINE
  5
616
330
5FF
100
AcDbEntity
  8
LN-ELEVATION-3
 48
0.5
100
AcDbPolyline
 90
4
 70
1
 10
-90.83333333348855
 20
-144.0
 10
90.83333333348855
 20
-144.0
 10
90.83333333348855
 20
-208.0
 10
-90.83333333348855
 20
-208.0
  0
LWPOLYLINE
  5
617
330
5FF
100
AcDbEntity
  8
LN-ELEVATION-3
 48
0.5
100
AcDbPolyline
 90
4
 70
1
 10
98.83333333348855
 20
0.0
 10
280.5000000004657
 20
0.0
 10
280.5000000004657
 20
-64.0
 10
98.83333333348855
 20
-64.0
  0
LWPOLYLINE
  5
618
330
5FF
100
AcDbEntity
  8
LN-ELEVATION-3
 48
0.5
100
AcDbPolyline
 90
4
 70
1
 10
98.83333333348855
 20
-72.0
 10
280.5000000004657
 20
-72.0
 10
280.5000000004657
 20
-136.0
 10
98.83333333348855
 20
-136.0
  0
LWPOLYLINE
  5
619
330
5FF
100
AcDbEntity
  8
LN-ELEVATION-3
 48
0.5
100
AcDbPolyline
 90
4
 70
1
 10
98.83333333348855
 20
-144.0
 10
280.5000000004657
 20
-144.0
 10
280.5000000004657
 20
-208.0
 10
98.83333333348855
 20
-208.0
  0
LWPOLYLINE
  5
61A
330
5FF
100
AcDbEntity
  8
LN-ELEVATION-3
 48
0.5
100
AcDbPolyline
 90
4
 70
1
 10
288.5000000004657
 20
0.0
 10
470.1666666674428
 20
0.0
 10
470.1666666674428
 20
-64.0
 10
288.5000000004657
 20
-64.0
  0
LWPOLYLINE
  5
61B
330
5FF
100
AcDbEntity
  8
LN-ELEVATION-3
 48
0.5
100
AcDbPolyline
 90
4
 70
1
 10
288.5000000004657
 20
-72.0
 10
470.1666666674428
 20
-72.0
 10
470.1666666674428
 20
-136.0
 10
288.5000000004657
 20
-136.0
  0
LWPOLYLINE
  5
61C
330
5FF
100
AcDbEntity
  8
LN-ELEVATION-3
 48
0.5
100
AcDbPolyline
 90
4
 70
1
 10
288.5000000004657
 20
-144.0
 10
470.1666666674428
 20
-144.0
 10
470.1666666674428
 20
-208.0
 10
288.5000000004657
 20
-208.0
  0
LWPOLYLINE
  5
61D
330
5FF
100
AcDbEntity
  8
LN-ELEVATION-2
 48
0.5
100
AcDbPolyline
 90
4
 70
1
 10
470.1666666674428
 20
0.0
 10
-470.1666666674428
 20
0.0
 10
-470.1666666674428
 20
-208.0
 10
470.1666666674428
 20
-208.0
  0
ENDBLK
  5
601
330
5FF
100
AcDbEntity
  8
0
100
AcDbBlockEnd
  0
BLOCK
  5
621
330
620
100
AcDbEntity
  8
0
100
AcDbBlockBegin
  2
VC_FIXTURE_LARGE_5
 70
0
 10
0.0
 20
0.0
 30
0.0
  3
VC_FIXTURE_LARGE_5
  1

  0
INSERT
  5
623
330
620
100
AcDbEntity
  8
I-LK FF&E
100
AcDbBlockReference
  2
12MM VC PLAN
 10
-4.547e-13
 20
0.0
 30
0.0
 41
-1.0
  0
ENDBLK
  5
622
330
620
100
AcDbEntity
  8
0
100
AcDbBlockEnd
  0
BLOCK
  5
628
330
627
100
AcDbEntity
  8
0
100
AcDbBlockBegin
  2
VC_FIXTURE_LARGE_6
 70
0
 10
0.0
 20
0.0
 30
0.0
  3
VC_FIXTURE_LARGE_6
  1

  0
INSERT
  5
62A
330
627
100
AcDbEntity
  8
I-LK FF&E
100
AcDbBlockReference
  2
12MM VC PLAN
 10
-4.547e-13
 20
0.0
 30
0.0
 41
-1.0
  0
ENDBLK
  5
629
330
627
100
AcDbEntity
  8
0
100
AcDbBlockEnd
  0
BLOCK
  5
62F
330
62E
100
AcDbEntity
  8
0
100
AcDbBlockBegin
  2
JJ_SUPER_HYBRID_LARGE_1
 70
0
 10
0.0
 20
0.0
 30
0.0
  3
JJ_SUPER_HYBRID_LARGE_1
  1

  0
INSERT
  5
631
330
62E
100
AcDbEntity
  8
I-LK FF&E
100
AcDbBlockReference
  2
JJ SUPERHYBRID 1200
 10
-6.999999999999545
 20
0.0
 30
0.0
  0
ENDBLK
  5
630
330
62E
100
AcDbEntity
  8
0
100
AcDbBlockEnd
  0
BLOCK
  5
634
330
633
100
AcDbEntity
  8
0
100
AcDbBlockBegin
  2
jj superhybrid 1200
 70
0
 10
0.0
 20
0.0
 30
0.0
  3
jj superhybrid 1200
  1

  0
LWPOLYLINE
  5
636
330
633
100
AcDbEntity
  8
LN-ELEVATION-1
 48
0.5
100
AcDbPolyline
 90
8
 70
1
 10
1207.0
 20
250.0
 10
1207.0
 20
60.0
 10
1201.0
 20
60.0
 10
1201.0
 20
50.0
 10
1207.0
 20
50.0
 10
1207.0
 20
6.0
 10
1189.0
 20
6.0
 10
1189.0
 20
250.0
  0
LWPOLYLINE
  5
637
330
633
100
AcDbEntity
  8
LN-ELEVATION-1
 48
0.5
100
AcDbPolyline
 90
8
 70
1
 10
7.0
 20
250.0
 10
7.0
 20
60.0
 10
13.0
 20
60.0
 10
13.0
 20
50.0
 10
7.0
 20
50.0
 10
7.0
 20
6.0
 10
25.0
 20
6.0
 10
25.0
 20
250.0
  0
LWPOLYLINE
  5
638
330
633
100
AcDbEntity
  8
LN-ELEVATION-1
 48
0.5
100
AcDbPolyline
 90
4
 70
1
 10
25.0
 20
238.0
 10
1189.0
 20
238.0
 10
1189.0
 20
244.0
 10
25.0
 20
244.0
  0
LWPOLYLINE
  5
639
330
633
100
AcDbEntity
  8
LN-ELEVATION-1
 48
0.5
100
AcDbPolyline
 90
4
 70
1
 10
1172.0
 20
6.0
 10
1172.0
 20
0.0
 10
1207.0
 20
0.0
 10
1207.0
 20
6.0
  0
LWPOLYLINE
  5
63A
330
633
100
AcDbEntity
  8
LN-ELEVATION-1
 48
0.5
100
AcDbPolyline
 90
4
 70
1
 10
42.0
 20
6.0
 10
42.0
 20
0.0
 10
7.0
 20
0.0
 10
7.0
 20
6.0
  0
LINE
  5
63B
330
633
100
AcDbEntity
  8
LN-ELEVATION-3
 48
0.5
100
AcDbLine
 10
42.0
 20
0.0
 30
0.0
 11
1172.0
 21
0.0
 31
0.0
  0
LINE
  5
63C
330
633
100
AcDbEntity
  8
LN-ELEVATION-3
 48
0.5
100
AcDbLine
 10
1172.0
 20
6.0
 30
0.0
 11
42.0
 21
6.0
 31
0.0
  0
LINE
  5
63D
330
633
100
AcDbEntity
  8
LN-ELEVATION-3
 48
0.5
100
AcDbLine
 10
1189.0
 20
250.0
 30
0.0
 11
25.0
 21
250.0
 31
0.0
  0
LWPOLYLINE
  5
63E
330
633
100
AcDbEntity
  8
LN-ELEVATION-3
 48
0.5
100
AcDbPolyline
 90
4
 70
1
 10
1172.000000000466
 20
226.0
 10
42.0
 20
226.0
 10
42.0
 20
18.0
 10
1172.000000000466
 20
18.0
  0
LWPOLYLINE
  5
63F
330
633
100
AcDbEntity
  8
LN-ELEVATION-3
 48
0.5
440
33554526
100
AcDbPolyline
 90
4
 70
1
 10
1172.000000000466
 20
226.0
 10
990.3333333334886
 20
226.0
 10
990.3333333334886
 20
162.0
 10
1172.000000000466
 20
162.0
  0
LWPOLYLINE
  5
640
330
633
100
AcDbEntity
  8
LN-ELEVATION-3
 48
0.5
440
33554526
100
AcDbPolyline
 90
4
 70
1
 10
982.3333333334886
 20
226.0
 10
800.6666666665111
 20
226.0
 10
800.6666666665111
 20
162.0
 10
982.3333333334886
 20
162.0
  0
LWPOLYLINE
  5
641
330
633
100
AcDbEntity
  8
LN-ELEVATION-3
 48
0.5
440
33554526
100
AcDbPolyline
 90
4
 70
1
 10
982.3333333334886
 20
154.0
 10
800.6666666665111
 20
154.0
 10
800.6666666665111
 20
90.0
 10
982.3333333334886
 20
90.0
  0
LWPOLYLINE
  5
642
330
633
100
AcDbEntity
  8
LN-ELEVATION-3
 48
0.5
440
33554526
100
AcDbPolyline
 90
4
 70
1
 10
1172.000000000466
 20
90.0
 10
990.3333333334886
 20
90.0
 10
990.3333333334886
 20
154.0
 10
1172.000000000466
 20
154.0
  0
LWPOLYLINE
  5
643
330
633
100
AcDbEntity
  8
LN-ELEVATION-3
 48
0.5
440
33554526
100
AcDbPolyline
 90
4
 70
1
 10
1172.000000000466
 20
82.0
 10
990.3333333334886
 20
82.0
 10
990.3333333334886
 20
18.0
 10
1172.000000000466
 20
18.0
  0
LWPOLYLINE
  5
644
330
633
100
AcDbEntity
  8
LN-ELEVATION-3
 48
0.5
440
33554526
100
AcDbPolyline
 90
4
 70
1
 10
982.3333333334886
 20
82.0
 10
800.6666666665111
 20
82.0
 10
800.6666666665111
 20
18.0
 10
982.3333333334886
 20
18.0
  0
LWPOLYLINE
  5
645
330
633
100
AcDbEntity
  8
LN-ELEVATION-3
 48
0.5
440
33554526
100
AcDbPolyline
 90
4
 70
1
 10
792.6666666665112
 20
226.0
 10
610.9999999995342
 20
226.0
 10
610.9999999995342
 20
162.0
 10
792.6666666665112
 20
162.0
  0
LWPOLYLINE
  5
646
330
633
100
AcDbEntity
  8
LN-ELEVATION-3
 48
0.5
440
33554526
100
AcDbPolyline
 90
4
 70
1
 10
792.6666666665112
 20
154.0
 10
610.9999999995342
 20
154.0
 10
610.9999999995342
 20
90.0
 10
792.6666666665112
 20
90.0
  0
LWPOLYLINE
  5
647
330
633
100
AcDbEntity
  8
LN-ELEVATION-3
 48
0.5
440
33554526
100
AcDbPolyline
 90
4
 70
1
 10
792.6666666665112
 20
82.0
 10
610.9999999995342
 20
82.0
 10
610.9999999995342
 20
18.0
 10
792.6666666665112
 20
18.0
  0
LWPOLYLINE
  5
648
330
633
100
AcDbEntity
  8
LN-ELEVATION-3
 48
0.5
440
33554526
100
AcDbPolyline
 90
4
 70
1
 10
602.9999999995342
 20
226.0
 10
421.3333333325572
 20
226.0
 10
421.3333333325572
 20
162.0
 10
602.9999999995342
 20
162.0
  0
LWPOLYLINE
  5
649
330
633
100
AcDbEntity
  8
LN-ELEVATION-3
 48
0.5
440
33554526
100
AcDbPolyline
 90
4
 70
1
 10
602.9999999995342
 20
154.0
 10
421.3333333325572
 20
154.0
 10
421.3333333325572
 20
90.0
 10
602.9999999995342
 20
90.0
  0
LWPOLYLINE
  5
64A
330
633
100
AcDbEntity
  8
LN-ELEVATION-3
 48
0.5
440
33554526
100
AcDbPolyline
 90
4
 70
1
 10
602.9999999995342
 20
82.0
 10
421.3333333325572
 20
82.0
 10
421.3333333325572
 20
18.0
 10
602.9999999995342
 20
18.0
  0
LWPOLYLINE
  5
64B
330
633
100
AcDbEntity
  8
LN-ELEVATION-3
 48
0.5
440
33554526
100
AcDbPolyline
 90
4
 70
1
 10
413.3333333325571
 20
226.0
 10
231.6666666655801
 20
226.0
 10
231.6666666655801
 20
162.0
 10
413.3333333325571
 20
162.0
  0
LWPOLYLINE
  5
64C
330
633
100
AcDbEntity
  8
LN-ELEVATION-3
 48
0.5
440
33554526
100
AcDbPolyline
 90
4
 70
1
 10
413.3333333325571
 20
154.0
 10
231.6666666655801
 20
154.0
 10
231.6666666655801
 20
90.0
 10
413.3333333325571
 20
90.0
  0
LWPOLYLINE
  5
64D
330
633
100
AcDbEntity
  8
LN-ELEVATION-3
 48
0.5
440
33554526
100
AcDbPolyline
 90
4
 70
1
 10
413.3333333325571
 20
82.0
 10
231.6666666655801
 20
82.0
 10
231.6666666655801
 20
18.0
 10
413.3333333325571
 20
18.0
  0
LWPOLYLINE
  5
64E
330
633
100
AcDbEntity
  8
LN-ELEVATION-3
 48
0.5
440
33554526
100
AcDbPolyline
 90
4
 70
1
 10
223.6666666655801
 20
226.0
 10
41.99999999860302
 20
226.0
 10
41.99999999860302
 20
162.0
 10
223.6666666655801
 20
162.0
  0
LWPOLYLINE
  5
64F
330
633
100
AcDbEntity
  8
LN-ELEVATION-3
 48
0.5
440
33554526
100
AcDbPolyline
 90
4
 70
1
 10
223.6666666655801
 20
154.0
 10
41.99999999860302
 20
154.0
 10
41.99999999860302
 20
90.0
 10
223.6666666655801
 20
90.0
  0
LWPOLYLINE
  5
650
330
633
100
AcDbEntity
  8
LN-ELEVATION-3
 48
0.5
440
33554526
100
AcDbPolyline
 90
4
 70
1
 10
223.6666666655801
 20
82.0
 10
41.99999999860302
 20
82.0
 10
41.99999999860302
 20
18.0
 10
223.6666666655801
 20
18.0
  0
MTEXT
  5
651
330
633
100
AcDbEntity
  8
I-LK FF&E
 48
0.5
100
AcDbMText
 10
482.4984843845887
 20
142.3254197300339
 30
0.0
 40
30.0
 41
526.8347885402455
 46
0.0
 71
1
 72
5
  1
\pxt4;JJ- SUPER HYBRID
1001
ACAD
1000
ACAD_MTEXT_COLUMN_INFO_BEGIN
1070
75
1070
2
1070
79
1070
0
1070
76
1070
1
1070
78
1070
0
1070
48
1040
526.8347885402455
1070
49
1040
500.0
1070
50
1070
1
1040
0.0
1000
ACAD_MTEXT_COLUMN_INFO_END
1000
ACAD_MTEXT_COLUMNS_BEGIN
1070
47
1070
1
1000
ACAD_MTEXT_COLUMNS_END
  0
HATCH
  5
652
330
633
100
AcDbEntity
  8
LN-HATCH
 48
0.5
100
AcDbHatch
 10
0.0
 20
0.0
 30
0.0
210
0.0
220
0.0
230
1.0
  2
ANSI31
 70
0
 71
0
 91
5
 92
1
 93
8
 72
1
 10
1207.0
 20
250.0
 11
1207.0
 21
60.0
 72
1
 10
1207.0
 20
60.0
 11
1201.0
 21
60.0
 72
1
 10
1201.0
 20
60.0
 11
1201.0
 21
50.0
 72
1
 10
1201.0
 20
50.0
 11
1207.0
 21
50.0
 72
1
 10
1207.0
 20
50.0
 11
1207.0
 21
6.0
 72
1
 10
1207.0
 20
6.0
 11
1182.0
 21
6.0
 72
1
 10
1182.0
 20
6.0
 11
1182.0
 21
250.0
 72
1
 10
1182.0
 20
250.0
 11
1207.0
 21
250.0
 97
0
 92
1
 93
4
 72
1
 10
32.0
 20
210.0
 11
1182.0
 21
210.0
 72
1
 10
1182.0
 20
210.0
 11
1182.0
 21
216.0
 72
1
 10
1182.0
 20
216.0
 11
32.0
 21
216.0
 72
1
 10
32.0
 20
216.0
 11
32.0
 21
210.0
 97
0
 92
1
 93
4
 72
1
 10
1172.0
 20
6.0
 11
1172.0
 21
0.0
 72
1
 10
1172.0
 20
0.0
 11
1207.0
 21
0.0
 72
1
 10
1207.0
 20
0.0
 11
1207.0
 21
6.0
 72
1
 10
1207.0
 20
6.0
 11
1172.0
 21
6.0
 97
0
 92
1
 93
8
 72
1
 10
7.000000000000056
 20
250.0
 11
7.000000000000056
 21
60.0
 72
1
 10
7.000000000000056
 20
60.0
 11
13.00000000000006
 21
60.0
 72
1
 10
13.00000000000006
 20
60.0
 11
13.00000000000006
 21
50.0
 72
1
 10
13.00000000000006
 20
50.0
 11
7.000000000000056
 21
50.0
 72
1
 10
7.000000000000056
 20
50.0
 11
7.000000000000056
 21
6.0
 72
1
 10
7.000000000000056
 20
6.0
 11
32.0
 21
6.0
 72
1
 10
32.0
 20
6.0
 11
32.0
 21
250.0
 72
1
 10
32.0
 20
250.0
 11
7.000000000000056
 21
250.0
 97
0
 92
1
 93
4
 72
1
 10
42.0
 20
6.0
 11
42.0
 21
0.0
 72
1
 10
42.0
 20
0.0
 11
7.000000000000056
 21
0.0
 72
1
 10
7.000000000000056
 20
0.0
 11
7.000000000000056
 21
6.0
 72
1
 10
7.000000000000056
 20
6.0
 11
42.0
 21
6.0
 97
0
 75
1
 76
1
 52
0.0
 41
2.0
 77
0
 78
1
 53
45.0
 43
4097602.271602692
 44
1708830.267299229
 45
-4.490128060534575
 46
4.490128060534575
 79
0
 98
1
 10
4097602.271602692
 20
1708830.267299229
  0
LWPOLYLINE
  5
653
330
633
100
AcDbEntity
  8
LN-ELEVATION-1
 48
0.5
100
AcDbPolyline
 90
8
 70
1
 10
1207.0
 20
250.0
 10
1207.0
 20
60.0
 10
1201.0
 20
60.0
 10
1201.0
 20
50.0
 10
1207.0
 20
50.0
 10
1207.0
 20
6.0
 10
1182.0
 20
6.0
 10
1182.0
 20
250.0
  0
LWPOLYLINE
  5
654
330
633
100
AcDbEntity
  8
LN-ELEVATION-1
 48
0.5
100
AcDbPolyline
 90
8
 70
1
 10
7.000000000000056
 20
250.0
 10
7.000000000000056
 20
60.0
 10
13.00000000000006
 20
60.0
 10
13.00000000000006
 20
50.0
 10
7.000000000000056
 20
50.0
 10
7.000000000000056
 20
6.0
 10
32.0
 20
6.0
 10
32.0
 20
250.0
  0
LWPOLYLINE
  5
655
330
633
100
AcDbEntity
  8
LN-ELEVATION-1
 48
0.5
100
AcDbPolyline
 90
4
 70
1
 10
32.0
 20
210.0
 10
1182.0
 20
210.0
 10
1182.0
 20
216.0
 10
32.0
 20
216.0
  0
LWPOLYLINE
  5
656
330
633
100
AcDbEntity
  8
LN-ELEVATION-1
 48
0.5
100
AcDbPolyline
 90
4
 70
1
 10
1172.0
 20
6.0
 10
1172.0
 20
0.0
 10
1207.0
 20
0.0
 10
1207.0
 20
6.0
  0
LWPOLYLINE
  5
657
330
633
100
AcDbEntity
  8
LN-ELEVATION-1
 48
0.5
100
AcDbPolyline
 90
4
 70
1
 10
42.0
 20
6.0
 10
42.0
 20
0.0
 10
7.000000000000056
 20
0.0
 10
7.000000000000056
 20
6.0
  0
LINE
  5
658
330
633
100
AcDbEntity
  8
LN-ELEVATION-3
 48
0.5
100
AcDbLine
 10
42.0
 20
0.0
 30
0.0
 11
1172.0
 21
0.0
 31
0.0
  0
LINE
  5
659
330
633
100
AcDbEntity
  8
LN-ELEVATION-3
 48
0.5
100
AcDbLine
 10
1172.0
 20
6.0
 30
0.0
 11
42.0
 21
6.0
 31
0.0
  0
LWPOLYLINE
  5
65A
330
633
100
AcDbEntity
  8
LN-ELEVATION-4
  6
ACAD_ISO03W100
 48
0.05
100
AcDbPolyline
 90
4
 70
1
 10
1182.0
 20
30.0
 10
32.0
 20
30.0
 10
32.0
 20
18.0
 10
1182.0
 20
18.0
  0
LINE
  5
65B
330
633
100
AcDbEntity
  8
LN-ELEVATION-3
 48
0.5
100
AcDbLine
 10
1182.0
 20
250.0
 30
0.0
 11
32.0
 21
250.0
 31
0.0
  0
HATCH
  5
65C
330
633
100
AcDbEntity
  8
LN-ELEVATION-5
 62
177
100
AcDbHatch
 10
0.0
 20
0.0
 30
0.0
210
0.0
220
0.0
230
1.0
  2
SOLID
 70
1
 71
0
 91
1
 92
7
 72
0
 73
1
 93
4
 10
1182.000000000058
 20
67.99999999994179
 10
32.00000000005822
 20
68.0
 10
32.00000000000011
 20
18.0
 10
1182.0
 20
18.0
 97
0
 75
1
 76
1
 47
1.982450657496033
 98
2
 10
848.1167971823015
 20
36.60723113224958
 10
802.4785899520504
 20
250.7119429405138
450
0
451
0
460
0.0
461
0.0
452
0
462
0.0
453
0
470

  0
LWPOLYLINE
  5
65D
330
633
100
AcDbEntity
  8
LN-ELEVATION-4
  6
ACAD_ISO03W100
 48
0.05
100
AcDbPolyline
 90
4
 70
1
 10
1182.000000000058
 20
67.99999999994179
 10
32.00000000005822
 20
68.0
 10
32.00000000000011
 20
18.0
 10
1182.0
 20
18.0
  0
ENDBLK
  5
635
330
633
100
AcDbEntity
  8
0
100
AcDbBlockEnd
  0
BLOCK
  5
663
330
662
100
AcDbEntity
  8
0
100
AcDbBlockBegin
  2
SCREEN_65_1
 70
0
 10
0.0
 20
0.0
 30
0.0
  3
SCREEN_65_1
  1

  0
INSERT
  5
665
330
662
100
AcDbEntity
  8
I-LK IT
100
AcDbBlockReference
  2
IT 55INCH TV
 10
1369051.502146723
 20
-2545322.149932534
 30
0.0
 41
1.205479452054794
 42
1.205479452054794
 43
1.205479452054794
 50
89.99999999999996
  0
INSERT
  5
667
330
662
100
AcDbEntity
  8
I-LK IT
100
AcDbBlockReference
  2
IT 55INCH TV
 10
1369051.502146723
 20
2545872.014853411
 30
0.0
 41
-1.205479452054794
 42
1.205479452054794
 43
1.205479452054794
 50
90.0
  0
MTEXT
  5
669
102
{ACAD_XDICTIONARY
360
66A
102
}
330
662
100
AcDbEntity
  8
I-LK TEXT
  6
Continuous
 62
0
 48
3.0
100
AcDbMText
 10
739.5379981196892
 20
38.80457025920623
 30
0.0
 40
75.0
 41
783.9636358173434
 46
0.0
 71
5
 72
5
  1
\pxqc,t3;65" SCREEN
  7
LK TXT
  0
LINE
  5
66B
330
662
100
AcDbEntity
  8
I-LK IT
  6
DASHDOT2
 62
1
 48
3.0
100
AcDbLine
 10
748.0003416113032
 20
30.42397197862738
 30
0.0
 11
748.0003416113032
 21
519.4409488939272
 31
0.0
  0
CIRCLE
  5
66C
330
662
100
AcDbEntity
  8
I-LK IT
 62
1
100
AcDbCircle
 10
748.0003416113032
 20
274.9324604362773
 30
0.0
 40
25.0
  0
LWPOLYLINE
  5
66D
330
662
100
AcDbEntity
  8
I-LK IT
100
AcDbPolyline
 90
5
 70
0
 10
760.5003416113032
 20
296.5830955315869
 10
760.5003416113032
 20
362.3474038370478
 10
735.5003416113032
 20
362.3474038370478
 10
735.5003416113032
 20
296.5830955315869
 42
-0.26794919244356
 10
760.5003416113032
 20
296.5830955315869
 42
1.0
  0
LWPOLYLINE
  5
66E
330
662
100
AcDbEntity
  8
I-LK IT
100
AcDbPolyline
 90
4
 70
1
 10
798.0003416113032
 20
372.3474038370477
 10
698.0003416113032
 20
372.3474038370477
 10
698.0003416113032
 20
362.3474038370478
 10
798.0003416113032
 20
362.3474038370478
  0
LWPOLYLINE
  5
66F
330
662
100
AcDbEntity
  8
I-LK IT
100
AcDbPolyline
 90
5
 70
0
 10
760.5003416113032
 20
253.2818253428268
 10
760.5003416113032
 20
187.5175170392249
 10
735.5003416113032
 20
187.5175170392249
 10
735.5003416113032
 20
253.2818253428268
 42
0.26794919244356
 10
760.5003416113032
 20
253.2818253428268
 42
-1.0
  0
LWPOLYLINE
  5
670
330
662
100
AcDbEntity
  8
I-LK IT
100
AcDbPolyline
 90
4
 70
1
 10
798.0003416113032
 20
177.5175170392249
 10
698.0003416113032
 20
177.5175170392249
 10
698.0003416113032
 20
187.5175170392249
 10
798.0003416113032
 20
187.5175170392249
  0
MTEXT
  5
671
102
{ACAD_XDICTIONARY
360
672
102
}
330
662
100
AcDbEntity
  8
I-LK TEXT
  6
Continuous
 62
0
 48
3.0
100
AcDbMText
 10
739.5379981196892
 20
495.8045702592062
 30
0.0
 40
75.0
 41
783.9636358173434
 46
0.0
 71
5
 72
5
  1
\pxqc,t3;65" SCREEN
  7
LK TXT
  0
ENDBLK
  5
664
330
662
100
AcDbEntity
  8
0
100
AcDbBlockEnd
  0
BLOCK
  5
67E
330
67D
100
AcDbEntity
  8
0
100
AcDbBlockBegin
  2
VC_FIXTURE_MEDIUM_2
 70
0
 10
0.0
 20
0.0
 30
0.0
  3
VC_FIXTURE_MEDIUM_2
  1

  0
INSERT
  5
680
330
67D
100
AcDbEntity
  8
I-LK FF&E
100
AcDbBlockReference
  2
1010MM VC PLAN
 10
511.833333333022
 20
226.0
 30
0.0
 41
-1.0
  0
ENDBLK
  5
67F
330
67D
100
AcDbEntity
  8
0
100
AcDbBlockEnd
  0
BLOCK
  5
685
330
684
100
AcDbEntity
  8
0
100
AcDbBlockBegin
  2
VC_FIXTURE_MEDIUM_3
 70
0
 10
0.0
 20
0.0
 30
0.0
  3
VC_FIXTURE_MEDIUM_3
  1

  0
INSERT
  5
687
330
684
100
AcDbEntity
  8
I-LK FF&E
100
AcDbBlockReference
  2
1010MM VC PLAN
 10
511.833333333022
 20
226.0
 30
0.0
 41
-1.0
  0
ENDBLK
  5
686
330
684
100
AcDbEntity
  8
0
100
AcDbBlockEnd
  0
BLOCK
  5
68C
330
68B
100
AcDbEntity
  8
0
100
AcDbBlockBegin
  2
VC_FIXTURE_MEDIUM_4
 70
0
 10
0.0
 20
0.0
 30
0.0
  3
VC_FIXTURE_MEDIUM_4
  1

  0
INSERT
  5
68E
330
68B
100
AcDbEntity
  8
I-LK FF&E
100
AcDbBlockReference
  2
1010MM VC PLAN
 10
511.833333333022
 20
226.0
 30
0.0
 41
-1.0
  0
ENDBLK
  5
68D
330
68B
100
AcDbEntity
  8
0
100
AcDbBlockEnd
  0
BLOCK
  5
693
330
692
100
AcDbEntity
  8
0
100
AcDbBlockBegin
  2
VC_FIXTURE_MEDIUM_5
 70
0
 10
0.0
 20
0.0
 30
0.0
  3
VC_FIXTURE_MEDIUM_5
  1

  0
INSERT
  5
695
330
692
100
AcDbEntity
  8
I-LK FF&E
100
AcDbBlockReference
  2
1010MM VC PLAN
 10
511.833333333022
 20
226.0
 30
0.0
 41
-1.0
  0
ENDBLK
  5
694
330
692
100
AcDbEntity
  8
0
100
AcDbBlockEnd
  0
BLOCK
  5
69A
330
699
100
AcDbEntity
  8
0
100
AcDbBlockBegin
  2
VC_FIXTURE_MEDIUM_6
 70
0
 10
0.0
 20
0.0
 30
0.0
  3
VC_FIXTURE_MEDIUM_6
  1

  0
INSERT
  5
69C
330
699
100
AcDbEntity
  8
I-LK FF&E
100
AcDbBlockReference
  2
1010MM VC PLAN
 10
511.833333333022
 20
226.0
 30
0.0
 41
-1.0
  0
ENDBLK
  5
69B
330
699
100
AcDbEntity
  8
0
100
AcDbBlockEnd
  0
BLOCK
  5
6A1
330
6A0
100
AcDbEntity
  8
0
100
AcDbBlockBegin
  2
VC_FIXTURE_MEDIUM_7
 70
0
 10
0.0
 20
0.0
 30
0.0
  3
VC_FIXTURE_MEDIUM_7
  1

  0
INSERT
  5
6A3
330
6A0
100
AcDbEntity
  8
I-LK FF&E
100
AcDbBlockReference
  2
1010MM VC PLAN
 10
511.833333333022
 20
226.0
 30
0.0
 41
-1.0
  0
ENDBLK
  5
6A2
330
6A0
100
AcDbEntity
  8
0
100
AcDbBlockEnd
  0
ENDSEC
  0
SECTION
  2
ENTITIES
  0
LWPOLYLINE
  5
32
330
17
100
AcDbEntity
  8
FloorPlan
100
AcDbPolyline
 90
12
 70
1
 10
-6947.970509139101
 20
-5385.902785173067
 10
-7046.785165257911
 20
9061.879716102198
 10
-7067.969461107605
 20
12159.275023837137
 10
-7067.969112645715
 20
12159.275104285904
 10
-1945.4664334506429
 20
12194.310894978269
 10
-1945.4662189206
 20
12194.309965746565
 10
-1872.437900552537
 20
1516.783212311244
 10
-1825.0216020580174
 20
-5416.09888746282
 10
-1825.0217985113163
 20
-5416.100156267473
 10
-2170.620211890696
 20
-5987.693627366521
 10
-6558.692755183207
 20
-6017.705331236773
 10
-6947.970509139101
 20
-5385.902785173067
  0
INSERT
  5
244
330
17
100
AcDbEntity
  8
0
100
AcDbBlockReference
  2
ROC_CLINIC_1
 10
-9177.33671662512
 20
8587.871490947437
 30
0.0
 50
-77.0
  0
LWPOLYLINE
  5
246
330
17
100
AcDbEntity
  8
Fixtures
100
AcDbPolyline
 90
4
 70
1
 10
-9325.224812920686
 20
9228.445212145494
 10
-9029.448620329553
 20
7947.297769749379
 10
-8685.340952584163
 20
8026.741284554194
 10
-8981.117145175296
 20
9307.888726950308
  0
TEXT
  5
247
330
17
100
AcDbEntity
  8
FixtureLabels
100
AcDbText
 10
-9005.282882752424
 20
8627.593248349844
 30
0.0
 40
70.63182258605957
  1
bs_unit
 50
-77.0
 72
1
 11
-9005.282882752424
 21
8627.593248349844
 31
0.0
100
AcDbText
 73
2
  0
LWPOLYLINE
  5
248
330
17
100
AcDbEntity
  8
Fixtures
100
AcDbPolyline
 90
4
 70
1
 10
-9377.354871422145
 20
6903.096742194331
 10
-8912.563711636081
 20
4889.865047000438
 10
-7794.213791463561
 20
5148.056470116085
 10
-8259.004951249626
 20
7161.288165309978
  0
TEXT
  5
249
330
17
100
AcDbEntity
  8
FixtureLabels
100
AcDbText
 10
-8585.784331442854
 20
6025.576606155208
 30
0.0
 40
229.5534234046936
  1
Clinic_wink
 50
-77.0
 72
1
 11
-8585.784331442854
 21
6025.576606155208
 31
0.0
100
AcDbText
 73
2
  0
LWPOLYLINE
  5
24A
330
17
100
AcDbEntity
  8
Fixtures
100
AcDbPolyline
 90
4
 70
1
 10
-8733.67242773842
 20
6666.150327353265
 10
-8437.896235147287
 20
5385.002884957151
 10
-8093.788567401898
 20
5464.446399761966
 10
-8389.56475999303
 20
6745.59384215808
  0
TEXT
  5
24B
330
17
100
AcDbEntity
  8
FixtureLabels
100
AcDbText
 10
-8413.730497570159
 20
6065.298363557616
 30
0.0
 40
70.63182258605957
  1
clens_unit
 50
-77.0
 72
1
 11
-8413.730497570159
 21
6065.298363557616
 31
0.0
100
AcDbText
 73
2
  0
INSERT
  5
2A6
330
17
100
AcDbEntity
  8
0
100
AcDbBlockReference
  2
CLINIC_WITH_SINK_1
 10
-7994.231946260589
 20
3463.2817213629796
 30
0.0
 50
-77.0
  0
LWPOLYLINE
  5
2A8
330
17
100
AcDbEntity
  8
Fixtures
100
AcDbPolyline
 90
4
 70
1
 10
-8099.866300757421
 20
3920.834379361592
 10
-7888.597591763756
 20
3005.7290633643674
 10
-7544.489924018366
 20
3085.1725781691816
 10
-7755.758633012031
 20
4000.277894166406
  0
TEXT
  5
2A9
330
17
100
AcDbEntity
  8
FixtureLabels
100
AcDbText
 10
-7822.178112387894
 20
3503.0034787653867
 30
0.0
 40
70.63182258605957
  1
anis_unit
 50
-77.0
 72
1
 11
-7822.178112387894
 21
3503.0034787653867
 31
0.0
100
AcDbText
 73
2
  0
LWPOLYLINE
  5
2AA
330
17
100
AcDbEntity
  8
Fixtures
100
AcDbPolyline
 90
4
 70
1
 10
-8215.376971956983
 20
1870.0175042095989
 10
-7792.839553969651
 20
39.80687221514995
 10
-6674.489633797132
 20
297.9982953307973
 10
-7097.027051784465
 20
2128.208927325246
  0
TEXT
  5
2AB
330
17
100
AcDbEntity
  8
FixtureLabels
100
AcDbText
 10
-7444.933302877058
 20
1084.007899770198
 30
0.0
 40
229.5534234046936
  1
sclclure_laige
 50
-77.0
 72
1
 11
-7444.933302877058
 21
1084.007899770198
 31
0.0
100
AcDbText
 73
2
  0
LWPOLYLINE
  5
2AC
330
17
100
AcDbEntity
  8
Fixtures
100
AcDbPolyline
 90
4
 70
1
 10
-7592.821399172624
 20
1724.5816209682553
 10
-7297.0452065814925
 20
443.4341785721409
 10
-6952.937538836102
 20
522.8776933769556
 10
-7248.713731427234
 20
1804.02513577307
  0
TEXT
  5
2AD
330
17
100
AcDbEntity
  8
FixtureLabels
100
AcDbText
 10
-7272.879469004363
 20
1123.7296571726054
 30
0.0
 40
70.63182258605957
  1
time_desk
 50
-77.0
 72
1
 11
-7272.879469004363
 21
1123.7296571726054
 31
0.0
100
AcDbText
 73
2
  0
LWPOLYLINE
  5
2AE
330
17
100
AcDbEntity
  8
Fixtures
100
AcDbPolyline
 90
4
 70
1
 10
-7750.585812170919
 20
-143.21419098429476
 10
-7243.54091058612
 20
-2339.4669493776332
 10
-6125.190990413601
 20
-2081.2755262619858
 10
-6632.2358919984
 20
114.9772321313526
  0
TEXT
  5
2AF
330
17
100
AcDbEntity
  8
FixtureLabels
100
AcDbText
 10
-6937.88840129226
 20
-1112.2448586231403
 30
0.0
 40
229.5534234046936
  1
Eye_massage_area
 50
-77.0
 72
1
 11
-6937.88840129226
 21
-1112.2448586231403
 31
0.0
100
AcDbText
 73
2
  0
LWPOLYLINE
  5
2B0
330
17
100
AcDbEntity
  8
Fixtures
100
AcDbPolyline
 90
4
 70
1
 10
-7085.776497587825
 20
-471.67113742508343
 10
-6790.000304996694
 20
-1752.8185798211975
 10
-6445.892637251303
 20
-1673.375065016383
 10
-6741.668829842435
 20
-392.2276226202688
  0
TEXT
  5
2B1
330
17
100
AcDbEntity
  8
FixtureLabels
100
AcDbText
 10
-6765.834567419564
 20
-1072.5231012207332
 30
0.0
 40
70.63182258605957
  1
ons_unit
 50
-77.0
 72
1
 11
-6765.834567419564
 21
-1072.5231012207332
 31
0.0
100
AcDbText
 73
2
  0
INSERT
  5
2B8
330
17
100
AcDbEntity
  8
0
100
AcDbBlockReference
  2
PICKUP_STORAGE_1200_1
 10
-6516.870416643808
 20
-3328.3584957176863
 30
0.0
 50
-77.0
  0
LWPOLYLINE
  5
2BA
330
17
100
AcDbEntity
  8
Fixtures
100
AcDbPolyline
 90
4
 70
1
 10
-6425.525483021376
 20
-1957.8370991661554
 10
-5833.973097839112
 20
-4520.131983958384
 10
-5403.838513157374
 20
-4420.827590452365
 10
-5995.390898339639
 20
-1858.5327056601373
  0
TEXT
  5
2BB
330
17
100
AcDbEntity
  8
FixtureLabels
100
AcDbText
 10
-5914.681998089375
 20
-3189.3323448092606
 30
0.0
 40
88.28977823257446
  1
repair_table_900
 50
-77.0
 72
1
 11
-5914.681998089375
 21
-3189.3323448092606
 31
0.0
100
AcDbText
 73
2
  0
INSERT
  5
3D6
330
17
100
AcDbEntity
  8
0
100
AcDbBlockReference
  2
PICKUP_TABLE_1
 10
-5354.747321333675
 20
-2867.285130701388
 30
0.0
 50
-77.0
  0
INSERT
  5
3DE
330
17
100
AcDbEntity
  8
0
100
AcDbBlockReference
  2
UPS_RACK_1
 10
-4930.690470007462
 20
-4311.592757595744
 30
0.0
 50
-77.0
  0
INSERT
  5
411
330
17
100
AcDbEntity
  8
0
100
AcDbBlockReference
  2
JJ_SUPER_HYBRID_SMALL_1
 10
-8483.043647778813
 20
10290.37054095744
 30
0.0
 50
-77.0
  0
INSERT
  5
425
330
17
100
AcDbEntity
  8
0
100
AcDbBlockReference
  2
JJ_FIXTURE_LARGE_1
 10
-7794.828312288031
 20
10449.257570567068
 30
0.0
 50
-77.0
  0
INSERT
  5
44E
330
17
100
AcDbEntity
  8
0
100
AcDbBlockReference
  2
VC_FIXTURE_LARGE_1
 10
-7106.612976797251
 20
10608.144600176696
 30
0.0
 50
-77.0
  0
INSERT
  5
466
330
17
100
AcDbEntity
  8
0
100
AcDbBlockReference
  2
JJ_FIXTURE_MEDIUM_1
 10
-6332.370724370121
 20
10786.89250848753
 30
0.0
 50
-77.0
  0
INSERT
  5
46D
330
17
100
AcDbEntity
  8
0
100
AcDbBlockReference
  2
VC_FIXTURE_LARGE_2
 10
-5644.15538887934
 20
10945.779538097158
 30
0.0
 50
-77.0
  0
INSERT
  5
474
330
17
100
AcDbEntity
  8
0
100
AcDbBlockReference
  2
JJ_SUPER_HYBRID_SMALL_2
 10
-4955.940053388559
 20
11104.666567706787
 30
0.0
 50
-77.0
  0
INSERT
  5
47B
330
17
100
AcDbEntity
  8
0
100
AcDbBlockReference
  2
JJ_SUPER_HYBRID_SMALL_3
 10
-4353.751634834126
 20
11243.692718615213
 30
0.0
 50
-77.0
  0
LWPOLYLINE
  5
47D
330
17
100
AcDbEntity
  8
Fixtures
100
AcDbPolyline
 90
4
 70
1
 10
-7046.416426621884
 20
4067.654392176313
 10
-6539.371525037086
 20
1871.4016337829746
 10
-5851.156189546305
 20
2030.2886633926037
 10
-6358.201091131103
 20
4226.5414217859425
  0
TEXT
  5
47E
330
17
100
AcDbEntity
  8
FixtureLabels
100
AcDbText
 10
-6448.786308084094
 20
3048.9715277844584
 30
0.0
 40
141.26364517211914
  1
pos_with_ccceen-medium
 50
-77.0
 72
1
 11
-6448.786308084094
 21
3048.9715277844584
 31
0.0
100
AcDbText
 73
2
  0
LWPOLYLINE
  5
47F
330
17
100
AcDbEntity
  8
Fixtures
100
AcDbPolyline
 90
4
 70
1
 10
-5953.606481520404
 20
8753.799934592433
 10
-5446.561579935606
 20
6557.547176199094
 10
-5102.453912190215
 20
6636.990691003908
 10
-5609.498813775013
 20
8833.243449397247
  0
TEXT
  5
480
330
17
100
AcDbEntity
  8
FixtureLabels
100
AcDbText
 10
-5528.030196855309
 20
7695.39531279817
 30
0.0
 40
70.63182258605957
  1
euns_hybra_small
 50
-77.0
 72
1
 11
-5528.030196855309
 21
7695.39531279817
 31
0.0
100
AcDbText
 73
2
  0
LWPOLYLINE
  5
481
330
17
100
AcDbEntity
  8
Fixtures
100
AcDbPolyline
 90
4
 70
1
 10
-7046.005286509831
 20
5043.181636018595
 10
-5581.836780914273
 20
5381.21157040846
 10
-5661.280295719087
 20
5725.31923815385
 10
-7125.448801314646
 20
5387.289303763985
  0
TEXT
  5
482
330
17
100
AcDbEntity
  8
FixtureLabels
100
AcDbText
 10
-6353.642791114459
 20
5384.2504370862225
 30
0.0
 40
70.63182258605957
  1
discussion_table
 50
13.0
 72
1
 11
-6353.642791114459
 21
5384.2504370862225
 31
0.0
100
AcDbText
 73
2
  0
INSERT
  5
4A4
330
17
100
AcDbEntity
  8
0
100
AcDbBlockReference
  2
LENSBAR_1
 10
-5321.319787878288
 20
5622.580981500666
 30
0.0
 50
-77.0
  0
LWPOLYLINE
  5
4A6
330
17
100
AcDbEntity
  8
Fixtures
100
AcDbPolyline
 90
4
 70
1
 10
-5067.386196973836
 20
5499.981846146278
 10
-3603.2176913782773
 20
5838.011780536143
 10
-3682.661206183092
 20
6182.119448281534
 10
-5146.8297117786515
 20
5844.0895138916685
  0
TEXT
  5
4A7
330
17
100
AcDbEntity
  8
FixtureLabels
100
AcDbText
 10
-4375.023701578464
 20
5841.050647213906
 30
0.0
 40
70.63182258605957
  1
discussion_table
 50
13.0
 72
1
 11
-4375.023701578464
 21
5841.050647213906
 31
0.0
100
AcDbText
 73
2
  0
INSERT
  5
58F
330
17
100
AcDbEntity
  8
0
100
AcDbBlockReference
  2
EURO_CENTRE_1
 10
-5931.105373127128
 20
3554.039805091774
 30
0.0
 50
-77.0
  0
INSERT
  5
5B9
330
17
100
AcDbEntity
  8
0
100
AcDbBlockReference
  2
SCREEN_55_1
 10
-4898.782369890956
 20
3792.3703495062173
 30
0.0
 50
-77.0
  0
INSERT
  5
5C0
330
17
100
AcDbEntity
  8
0
100
AcDbBlockReference
  2
EURO_CENTRE_2
 10
-3952.4862835911317
 20
4010.840015219457
 30
0.0
 50
-77.0
  0
LWPOLYLINE
  5
5C2
330
17
100
AcDbEntity
  8
Fixtures
100
AcDbPolyline
 90
4
 70
1
 10
-6158.676708736435
 20
1199.7393088302538
 10
-4694.5082031408765
 20
1537.7692432201195
 10
-4773.951717945691
 20
1881.87691096551
 10
-6238.120223541249
 20
1543.8469765756442
  0
TEXT
  5
5C3
330
17
100
AcDbEntity
  8
FixtureLabels
100
AcDbText
 10
-5466.314213341063
 20
1540.8081098978819
 30
0.0
 40
70.63182258605957
  1
discussion_table
 50
13.0
 72
1
 11
-5466.314213341063
 21
1540.8081098978819
 31
0.0
100
AcDbText
 73
2
  0
LWPOLYLINE
  5
5C4
330
17
100
AcDbEntity
  8
Fixtures
100
AcDbPolyline
 90
4
 70
1
 10
-4818.0734696406935
 20
2461.570710357096
 10
-4480.0435352508275
 20
997.402204761537
 10
-4049.9089505690895
 20
1096.7065982675551
 10
-4387.938884958955
 20
2560.8751038631144
  0
TEXT
  5
5C5
330
17
100
AcDbEntity
  8
FixtureLabels
100
AcDbText
 10
-4433.991210104891
 20
1779.1386543123256
 30
0.0
 40
88.28977823257446
  1
tiene_bar
 50
-77.0
 72
1
 11
-4433.991210104891
 21
1779.1386543123256
 31
0.0
100
AcDbText
 73
2
  0
LWPOLYLINE
  5
5C6
330
17
100
AcDbEntity
  8
Fixtures
100
AcDbPolyline
 90
4
 70
1
 10
-4180.057619200439
 20
1656.5395189579374
 10
-2715.88911360488
 20
1994.5694533478031
 10
-2795.3326284096947
 20
2338.677121093194
 10
-4259.501134005253
 20
2000.6471867033279
  0
TEXT
  5
5C7
330
17
100
AcDbEntity
  8
FixtureLabels
100
AcDbText
 10
-3487.695123805067
 20
1997.6083200255655
 30
0.0
 40
70.63182258605957
  1
discussion_table
 50
13.0
 72
1
 11
-3487.695123805067
 21
1997.6083200255655
 31
0.0
100
AcDbText
 73
2
  0
INSERT
  5
5E2
330
17
100
AcDbEntity
  8
0
100
AcDbBlockReference
  2
SOFA_1
 10
-2920.163280354961
 20
4249.170559633901
 30
0.0
 50
-77.0
  0
LWPOLYLINE
  5
5E4
330
17
100
AcDbEntity
  8
Fixtures
100
AcDbPolyline
 90
4
 70
1
 10
-5816.047158184772
 20
2761.3046274682306
 10
-5752.6665454866725
 20
2486.773032669063
 10
-5623.626170082151
 20
2516.5643507208683
 10
-5687.00678278025
 20
2791.095945520036
  0
TEXT
  5
5E5
330
17
100
AcDbEntity
  8
FixtureLabels
100
AcDbText
 10
-5719.836664133461
 20
2638.9344890945495
 30
0.0
 40
26.48693346977234
  1
stool
 50
-77.0
 72
1
 11
-5719.836664133461
 21
2638.9344890945495
 31
0.0
100
AcDbText
 73
2
  0
LWPOLYLINE
  5
5E6
330
17
100
AcDbEntity
  8
Fixtures
100
AcDbPolyline
 90
4
 70
1
 10
-3837.4280686487764
 20
3218.104837595914
 10
-3774.047455950677
 20
2943.5732427967464
 10
-3645.0070805461555
 20
2973.3645608485517
 10
-3708.387693244255
 20
3247.8961556477193
  0
TEXT
  5
5E7
330
17
100
AcDbEntity
  8
FixtureLabels
100
AcDbText
 10
-3741.217574597466
 20
3095.734699222233
 30
0.0
 40
26.48693346977234
  1
stool
 50
-77.0
 72
1
 11
-3741.217574597466
 21
3095.734699222233
 31
0.0
100
AcDbText
 73
2
  0
LWPOLYLINE
  5
5E8
330
17
100
AcDbEntity
  8
Fixtures
100
AcDbPolyline
 90
4
 70
1
 10
-2719.078148476257
 20
3476.2962607115614
 10
-2655.6975357781575
 20
3201.764665912394
 10
-2526.657160373636
 20
3231.555983964199
 10
-2590.0377730717355
 20
3506.0875787633668
  0
TEXT
  5
5E9
330
17
100
AcDbEntity
  8
FixtureLabels
100
AcDbText
 10
-2622.8676544249465
 20
3353.9261223378803
 30
0.0
 40
26.48693346977234
  1
stool
 50
-77.0
 72
1
 11
-2622.8676544249465
 21
3353.9261223378803
 31
0.0
100
AcDbText
 73
2
  0
LWPOLYLINE
  5
5EA
330
17
100
AcDbEntity
  8
Fixtures
100
AcDbPolyline
 90
4
 70
1
 10
-3709.599866170902
 20
211.3926003221345
 10
-3202.5549645861033
 20
-1984.8601580712038
 10
-2858.4472968407126
 20
-1905.4166432663892
 10
-3365.492198425511
 20
290.83611512694915
  0
TEXT
  5
5EB
330
17
100
AcDbEntity
  8
FixtureLabels
100
AcDbText
 10
-3284.023581505807
 20
-847.0120214721273
 30
0.0
 40
70.63182258605957
  1
pickup_rack
 50
-77.0
 72
1
 11
-3284.023581505807
 21
-847.0120214721273
 31
0.0
100
AcDbText
 73
2
  0
INSERT
  5
5F1
330
17
100
AcDbEntity
  8
0
100
AcDbBlockReference
  2
VC_FIXTURE_LARGE_3
 10
-4073.4601673217485
 20
-4884.789980783894
 30
0.0
 50
-77.0
  0
INSERT
  5
5F8
330
17
100
AcDbEntity
  8
0
100
AcDbBlockReference
  2
VC_FIXTURE_LARGE_4
 10
-3299.2179148946198
 20
-4706.042072473061
 30
0.0
 50
-77.0
  0
INSERT
  5
61E
330
17
100
AcDbEntity
  8
0
100
AcDbBlockReference
  2
VC_FIXTURE_MEDIUM_1
 10
-2524.975662467491
 20
-4527.294164162228
 30
0.0
 50
-77.0
  0
INSERT
  5
625
330
17
100
AcDbEntity
  8
0
100
AcDbBlockReference
  2
VC_FIXTURE_LARGE_5
 10
-1750.7334100403623
 20
-4348.5462558513955
 30
0.0
 50
-77.0
  0
INSERT
  5
62C
330
17
100
AcDbEntity
  8
0
100
AcDbBlockReference
  2
VC_FIXTURE_LARGE_6
 10
-976.4911576132345
 20
-4169.798347540564
 30
0.0
 50
-77.0
  0
INSERT
  5
65E
330
17
100
AcDbEntity
  8
0
100
AcDbBlockReference
  2
JJ_SUPER_HYBRID_LARGE_1
 10
-116.22198824975749
 20
-3971.1895605285263
 30
0.0
 50
-77.0
  0
LWPOLYLINE
  5
660
330
17
100
AcDbEntity
  8
Fixtures
100
AcDbPolyline
 90
4
 70
1
 10
-1545.3972385572501
 20
-1313.110989247964
 10
-1418.6360131610506
 20
-1862.1741788462987
 10
-1074.5283454156602
 20
-1782.730664041484
 10
-1201.2895708118597
 20
-1233.6674744431493
  0
TEXT
  5
661
330
17
100
AcDbEntity
  8
FixtureLabels
100
AcDbText
 10
-1309.9627919864552
 20
-1547.920826644724
 30
0.0
 40
70.63182258605957
  1
water_distpenser
 50
-77.0
 72
1
 11
-1309.9627919864552
 21
-1547.920826644724
 31
0.0
100
AcDbText
 73
2
  0
INSERT
  5
673
330
17
100
AcDbEntity
  8
0
100
AcDbBlockReference
  2
SCREEN_65_1
 10
-67.89051309549905
 20
-2610.5986033275976
 30
0.0
 50
-77.0
  0
LWPOLYLINE
  5
675
330
17
100
AcDbEntity
  8
Fixtures
100
AcDbPolyline
 90
4
 70
1
 10
-828.4578654726963
 20
683.7805342624101
 10
-236.9054802904316
 20
-1878.5143505298183
 10
107.2021874549589
 20
-1799.0708357250037
 10
-484.35019772730584
 20
763.2240490672248
  0
TEXT
  5
676
330
17
100
AcDbEntity
  8
FixtureLabels
100
AcDbText
 10
-360.6278390088687
 20
-557.6451507312968
 30
0.0
 40
70.63182258605957
  1
bench
 50
-77.0
 72
1
 11
-360.6278390088687
 21
-557.6451507312968
 31
0.0
100
AcDbText
 73
2
  0
LWPOLYLINE
  5
677
330
17
100
AcDbEntity
  8
Fixtures
100
AcDbPolyline
 90
4
 70
1
 10
-194.6517384916982
 20
-2061.5354137292634
 10
227.8856794956337
 20
-3891.746045723712
 10
571.9933472410243
 20
-3812.302530918898
 10
149.45592925369235
 20
-1982.091898924449
  0
TEXT
  5
678
330
17
100
AcDbEntity
  8
FixtureLabels
100
AcDbText
 10
188.67080437466302
 20
-2936.9189723240806
 30
0.0
 40
70.63182258605957
  1
bench
 50
-77.0
 72
1
 11
188.67080437466302
 21
-2936.9189723240806
 31
0.0
100
AcDbText
 73
2
  0
LWPOLYLINE
  5
679
330
17
100
AcDbEntity
  8
Fixtures
100
AcDbPolyline
 90
4
 70
1
 10
-3711.5886244892813
 20
10620.843298674054
 10
-3204.5437229044833
 20
8424.590540280715
 10
-2946.4629720954404
 20
8484.173176384325
 10
-3453.5078736802384
 20
10680.425934777664
  0
TEXT
  5
67A
330
17
100
AcDbEntity
  8
FixtureLabels
100
AcDbText
 10
-3329.025798292361
 20
9552.50823752919
 30
0.0
 40
52.97386693954468
  1
bench
 50
-77.0
 72
1
 11
-3329.025798292361
 21
9552.50823752919
 31
0.0
100
AcDbText
 73
2
  0
LWPOLYLINE
  5
67B
330
17
100
AcDbEntity
  8
Fixtures
100
AcDbPolyline
 90
4
 70
1
 10
-2866.5137885146178
 20
6960.422034685156
 10
-2359.4688869298197
 20
4764.169276291818
 10
-2101.388136120777
 20
4823.75191239543
 10
-2608.433037705575
 20
7020.004670788768
  0
TEXT
  5
67C
330
17
100
AcDbEntity
  8
FixtureLabels
100
AcDbText
 10
-2483.9509623176973
 20
5892.086973540293
 30
0.0
 40
52.97386693954468
  1
bench
 50
-77.0
 72
1
 11
-2483.9509623176973
 21
5892.086973540293
 31
0.0
100
AcDbText
 73
2
  0
INSERT
  5
682
330
17
100
AcDbEntity
  8
0
100
AcDbBlockReference
  2
VC_FIXTURE_MEDIUM_2
 10
-2520.1269707609054
 20
7618.720057140111
 30
0.0
 50
-77.0
  0
INSERT
  5
689
330
17
100
AcDbEntity
  8
0
100
AcDbBlockReference
  2
VC_FIXTURE_MEDIUM_3
 10
-2003.9654691428195
 20
7737.885329347333
 30
0.0
 50
-77.0
  0
INSERT
  5
690
330
17
100
AcDbEntity
  8
0
100
AcDbBlockReference
  2
VC_FIXTURE_MEDIUM_4
 10
-1487.8039675247337
 20
7857.050601554554
 30
0.0
 50
-77.0
  0
INSERT
  5
697
330
17
100
AcDbEntity
  8
0
100
AcDbBlockReference
  2
VC_FIXTURE_MEDIUM_5
 10
-1083.4997496039769
 20
1396.0039083589854
 30
0.0
 50
-77.0
  0
INSERT
  5
69E
330
17
100
AcDbEntity
  8
0
100
AcDbBlockReference
  2
VC_FIXTURE_MEDIUM_6
 10
-567.338247985891
 20
1515.1691805662074
 30
0.0
 50
-77.0
  0
INSERT
  5
6A5
330
17
100
AcDbEntity
  8
0
100
AcDbBlockReference
  2
VC_FIXTURE_MEDIUM_7
 10
-51.17674636780521
 20
1634.3344527734293
 30
0.0
 50
-77.0
  0
ENDSEC
  0
SECTION
  2
OBJECTS
  0
DICTIONARY
  5
A
330
0
100
AcDbDictionary
281
1
  3
ACAD_COLOR
350
B
  3
ACAD_GROUP
350
C
  3
ACAD_LAYOUT
350
D
  3
ACAD_MATERIAL
350
E
  3
ACAD_MLEADERSTYLE
350
F
  3
ACAD_MLINESTYLE
350
10
  3
ACAD_PLOTSETTINGS
350
11
  3
ACAD_PLOTSTYLENAME
350
12
  3
ACAD_SCALELIST
350
14
  3
ACAD_TABLESTYLE
350
15
  3
ACAD_VISUALSTYLE
350
16
  3
EZDXF_META
350
2D
  0
DICTIONARY
  5
B
330
A
100
AcDbDictionary
281
1
  0
DICTIONARY
  5
C
330
A
100
AcDbDictionary
281
1
  0
DICTIONARY
  5
D
330
A
100
AcDbDictionary
281
1
  3
Model
350
1A
  3
Layout1
350
1E
  0
DICTIONARY
  5
E
330
A
100
AcDbDictionary
281
1
  3
ByBlock
350
1F
  3
ByLayer
350
20
  3
Global
350
21
  0
DICTIONARY
  5
F
330
A
100
AcDbDictionary
281
1
  3
Standard
350
2C
  0
DICTIONARY
  5
10
330
A
100
AcDbDictionary
281
1
  3
Standard
350
22
  0
DICTIONARY
  5
11
330
A
100
AcDbDictionary
281
1
  0
ACDBDICTIONARYWDFLT
  5
12
330
A
100
AcDbDictionary
281
1
  3
Normal
350
13
100
AcDbDictionaryWithDefault
340
13
  0
ACDBPLACEHOLDER
  5
13
330
12
  0
DICTIONARY
  5
14
330
A
100
AcDbDictionary
281
1
  0
DICTIONARY
  5
15
330
A
100
AcDbDictionary
281
1
  0
DICTIONARY
  5
16
330
A
100
AcDbDictionary
281
1
  0
LAYOUT
  5
1A
330
D
100
AcDbPlotSettings
  1

  4
A3
  6

 40
7.5
 41
20.0
 42
7.5
 43
20.0
 44
420.0
 45
297.0
 46
0.0
 47
0.0
 48
0.0
 49
0.0
140
0.0
141
0.0
142
1.0
143
1.0
 70
1024
 72
1
 73
0
 74
5
  7

 75
16
 76
0
 77
2
 78
300
147
1.0
148
0.0
149
0.0
100
AcDbLayout
  1
Model
 70
1
 71
0
 10
0.0
 20
0.0
 11
420.0
 21
297.0
 12
0.0
 22
0.0
 32
0.0
 14
1e+20
 24
1e+20
 34
1e+20
 15
-1e+20
 25
-1e+20
 35
-1e+20
146
0.0
 13
0.0
 23
0.0
 33
0.0
 16
1.0
 26
0.0
 36
0.0
 17
0.0
 27
1.0
 37
0.0
 76
1
330
17
  0
LAYOUT
  5
1E
330
D
100
AcDbPlotSettings
  1

  4
A3
  6

 40
7.5
 41
20.0
 42
7.5
 43
20.0
 44
420.0
 45
297.0
 46
0.0
 47
0.0
 48
0.0
 49
0.0
140
0.0
141
0.0
142
1.0
143
1.0
 70
0
 72
1
 73
0
 74
5
  7

 75
16
 76
0
 77
2
 78
300
147
1.0
148
0.0
149
0.0
100
AcDbLayout
  1
Layout1
 70
1
 71
1
 10
0.0
 20
0.0
 11
420.0
 21
297.0
 12
0.0
 22
0.0
 32
0.0
 14
1e+20
 24
1e+20
 34
1e+20
 15
-1e+20
 25
-1e+20
 35
-1e+20
146
0.0
 13
0.0
 23
0.0
 33
0.0
 16
1.0
 26
0.0
 36
0.0
 17
0.0
 27
1.0
 37
0.0
 76
1
330
1B
  0
MATERIAL
  5
1F
102
{ACAD_REACTORS
330
E
102
}
330
E
100
AcDbMaterial
  1
ByBlock
  2

 70
0
 40
1.0
 71
1
 41
1.0
 91
-1023410177
 42
1.0
 72
1
  3

 73
1
 74
1
 75
1
 44
0.5
 73
0
 45
1.0
 46
1.0
 77
1
  4

 78
1
 79
1
170
1
 48
1.0
171
1
  6

172
1
173
1
174
1
140
1.0
141
1.0
175
1
  7

176
1
177
1
178
1
143
1.0
179
1
  8

270
1
271
1
272
1
145
1.0
146
1.0
273
1
  9

274
1
275
1
276
1
 42
1.0
 72
1
  3

 73
1
 74
1
 75
1
 94
63
  0
MATERIAL
  5
20
102
{ACAD_REACTORS
330
E
102
}
330
E
100
AcDbMaterial
  1
ByLayer
  2

 70
0
 40
1.0
 71
1
 41
1.0
 91
-1023410177
 42
1.0
 72
1
  3

 73
1
 74
1
 75
1
 44
0.5
 73
0
 45
1.0
 46
1.0
 77
1
  4

 78
1
 79
1
170
1
 48
1.0
171
1
  6

172
1
173
1
174
1
140
1.0
141
1.0
175
1
  7

176
1
177
1
178
1
143
1.0
179
1
  8

270
1
271
1
272
1
145
1.0
146
1.0
273
1
  9

274
1
275
1
276
1
 42
1.0
 72
1
  3

 73
1
 74
1
 75
1
 94
63
  0
MATERIAL
  5
21
102
{ACAD_REACTORS
330
E
102
}
330
E
100
AcDbMaterial
  1
Global
  2

 70
0
 40
1.0
 71
1
 41
1.0
 91
-1023410177
 42
1.0
 72
1
  3

 73
1
 74
1
 75
1
 44
0.5
 73
0
 45
1.0
 46
1.0
 77
1
  4

 78
1
 79
1
170
1
 48
1.0
171
1
  6

172
1
173
1
174
1
140
1.0
141
1.0
175
1
  7

176
1
177
1
178
1
143
1.0
179
1
  8

270
1
271
1
272
1
145
1.0
146
1.0
273
1
  9

274
1
275
1
276
1
 42
1.0
 72
1
  3

 73
1
 74
1
 75
1
 94
63
  0
MLINESTYLE
  5
22
102
{ACAD_REACTORS
330
10
102
}
330
10
100
AcDbMlineStyle
  2
Standard
 70
0
  3

 62
256
 51
90.0
 52
90.0
 71
2
 49
0.5
 62
256
  6
BYLAYER
 49
-0.5
 62
256
  6
BYLAYER
  0
MLEADERSTYLE
  5
2C
102
{ACAD_REACTORS
330
F
102
}
330
F
100
AcDbMLeaderStyle
179
2
170
2
171
1
172
0
 90
2
 40
0.0
 41
0.0
173
1
 91
-1056964608
 92
-2
290
1
 42
2.0
291
1
 43
8.0
  3
Standard
 44
4.0
300

342
29
174
1
175
1
176
0
178
1
 93
-1056964608
 45
4.0
292
0
297
0
 46
4.0
 94
-1056964608
 47
1.0
 49
1.0
140
1.0
294
1
141
0.0
177
0
142
1.0
295
0
296
0
143
3.75
271
0
272
9
273
9
  0
DICTIONARY
  5
2D
330
A
100
AcDbDictionary
280
1
281
1
  3
CREATED_BY_EZDXF
350
2E
  3
WRITTEN_BY_EZDXF
350
6A9
  0
DICTIONARYVAR
  5
2E
330
2D
100
DictionaryVariables
280
0
  1
1.4.2 @ 2025-09-29T07:11:46.192423+00:00
  0
DICTIONARY
  5
2B7
330
2B6
100
AcDbDictionary
280
1
281
1
  0
DICTIONARY
  5
2C3
330
2C2
100
AcDbDictionary
280
1
281
1
  0
DICTIONARY
  5
3DD
330
3DC
100
AcDbDictionary
280
1
281
1
  0
DICTIONARY
  5
489
330
488
100
AcDbDictionary
280
1
281
1
  0
DICTIONARY
  5
596
330
595
100
AcDbDictionary
280
1
281
1
  0
DICTIONARY
  5
5A1
330
5A0
100
AcDbDictionary
280
1
281
1
  0
DICTIONARY
  5
66A
330
669
100
AcDbDictionary
280
1
281
1
  0
DICTIONARY
  5
672
330
671
100
AcDbDictionary
280
1
281
1
  0
DICTIONARYVAR
  5
6A9
330
2D
100
DictionaryVariables
280
0
  1
1.4.2 @ 2025-09-29T07:11:46.861583+00:00
  0
ENDSEC
  0
EOF
