  0
SECTION
  2
HEADER
  9
$ACADVER
  1
AC1027
  9
$ACADMAINTVER
 70
105
  9
$DWGCODEPAGE
  3
ANSI_1252
  9
$LASTSAVEDBY
  1
ezdxf
  9
$REQUIREDVERSIONS
160
0
  9
$INSBASE
 10
0.0
 20
0.0
 30
0.0
  9
$EXTMIN
 10
1e+20
 20
1e+20
 30
1e+20
  9
$EXTMAX
 10
-1e+20
 20
-1e+20
 30
-1e+20
  9
$LIMMIN
 10
0.0
 20
0.0
  9
$LIMMAX
 10
420.0
 20
297.0
  9
$ORTHOMODE
 70
0
  9
$REGENMODE
 70
1
  9
$FILLMODE
 70
1
  9
$QTEXTMODE
 70
0
  9
$MIRRTEXT
 70
1
  9
$LTSCALE
 40
1.0
  9
$ATTMODE
 70
1
  9
$TEXTSIZE
 40
2.5
  9
$TRACEWID
 40
1.0
  9
$TEXTSTYLE
  7
Standard
  9
$CLAYER
  8
0
  9
$CELTYPE
  6
ByLayer
  9
$CECOLOR
 62
256
  9
$CELTSCALE
 40
1.0
  9
$DISPSILH
 70
0
  9
$DIMSCALE
 40
1.0
  9
$DIMASZ
 40
2.5
  9
$DIMEXO
 40
0.625
  9
$DIMDLI
 40
3.75
  9
$DIMRND
 40
0.0
  9
$DIMDLE
 40
0.0
  9
$DIMEXE
 40
1.25
  9
$DIMTP
 40
0.0
  9
$DIMTM
 40
0.0
  9
$DIMTXT
 40
2.5
  9
$DIMCEN
 40
2.5
  9
$DIMTSZ
 40
0.0
  9
$DIMTOL
 70
0
  9
$DIMLIM
 70
0
  9
$DIMTIH
 70
0
  9
$DIMTOH
 70
0
  9
$DIMSE1
 70
0
  9
$DIMSE2
 70
0
  9
$DIMTAD
 70
1
  9
$DIMZIN
 70
8
  9
$DIMBLK
  1

  9
$DIMASO
 70
1
  9
$DIMSHO
 70
1
  9
$DIMPOST
  1

  9
$DIMAPOST
  1

  9
$DIMALT
 70
0
  9
$DIMALTD
 70
3
  9
$DIMALTF
 40
0.03937007874
  9
$DIMLFAC
 40
1.0
  9
$DIMTOFL
 70
1
  9
$DIMTVP
 40
0.0
  9
$DIMTIX
 70
0
  9
$DIMSOXD
 70
0
  9
$DIMSAH
 70
0
  9
$DIMBLK1
  1

  9
$DIMBLK2
  1

  9
$DIMSTYLE
  2
ISO-25
  9
$DIMCLRD
 70
0
  9
$DIMCLRE
 70
0
  9
$DIMCLRT
 70
0
  9
$DIMTFAC
 40
1.0
  9
$DIMGAP
 40
0.625
  9
$DIMJUST
 70
0
  9
$DIMSD1
 70
0
  9
$DIMSD2
 70
0
  9
$DIMTOLJ
 70
0
  9
$DIMTZIN
 70
8
  9
$DIMALTZ
 70
0
  9
$DIMALTTZ
 70
0
  9
$DIMUPT
 70
0
  9
$DIMDEC
 70
2
  9
$DIMTDEC
 70
2
  9
$DIMALTU
 70
2
  9
$DIMALTTD
 70
3
  9
$DIMTXSTY
  7
Standard
  9
$DIMAUNIT
 70
0
  9
$DIMADEC
 70
0
  9
$DIMALTRND
 40
0.0
  9
$DIMAZIN
 70
0
  9
$DIMDSEP
 70
44
  9
$DIMATFIT
 70
3
  9
$DIMFRAC
 70
0
  9
$DIMLDRBLK
  1

  9
$DIMLUNIT
 70
2
  9
$DIMLWD
 70
-2
  9
$DIMLWE
 70
-2
  9
$DIMTMOVE
 70
0
  9
$DIMFXL
 40
1.0
  9
$DIMFXLON
 70
0
  9
$DIMJOGANG
 40
0.785398163397
  9
$DIMTFILL
 70
0
  9
$DIMTFILLCLR
 70
0
  9
$DIMARCSYM
 70
0
  9
$DIMLTYPE
  6

  9
$DIMLTEX1
  6

  9
$DIMLTEX2
  6

  9
$DIMTXTDIRECTION
 70
0
  9
$LUNITS
 70
2
  9
$LUPREC
 70
4
  9
$SKETCHINC
 40
1.0
  9
$FILLETRAD
 40
10.0
  9
$AUNITS
 70
0
  9
$AUPREC
 70
2
  9
$MENU
  1
.
  9
$ELEVATION
 40
0.0
  9
$PELEVATION
 40
0.0
  9
$THICKNESS
 40
0.0
  9
$LIMCHECK
 70
0
  9
$CHAMFERA
 40
0.0
  9
$CHAMFERB
 40
0.0
  9
$CHAMFERC
 40
0.0
  9
$CHAMFERD
 40
0.0
  9
$SKPOLY
 70
0
  9
$TDCREATE
 40
2460945.701875
  9
$TDUCREATE
 40
2458532.153996898
  9
$TDUPDATE
 40
2460945.701875
  9
$TDUUPDATE
 40
2458532.1544311
  9
$TDINDWG
 40
0.0
  9
$TDUSRTIMER
 40
0.0
  9
$USRTIMER
 70
1
  9
$ANGBASE
 50
0.0
  9
$ANGDIR
 70
0
  9
$PDMODE
 70
0
  9
$PDSIZE
 40
0.0
  9
$PLINEWID
 40
0.0
  9
$SPLFRAME
 70
0
  9
$SPLINETYPE
 70
6
  9
$SPLINESEGS
 70
8
  9
$HANDSEED
  5
51C
  9
$SURFTAB1
 70
6
  9
$SURFTAB2
 70
6
  9
$SURFTYPE
 70
6
  9
$SURFU
 70
6
  9
$SURFV
 70
6
  9
$UCSBASE
  2

  9
$UCSNAME
  2

  9
$UCSORG
 10
0.0
 20
0.0
 30
0.0
  9
$UCSXDIR
 10
1.0
 20
0.0
 30
0.0
  9
$UCSYDIR
 10
0.0
 20
1.0
 30
0.0
  9
$UCSORTHOREF
  2

  9
$UCSORTHOVIEW
 70
0
  9
$UCSORGTOP
 10
0.0
 20
0.0
 30
0.0
  9
$UCSORGBOTTOM
 10
0.0
 20
0.0
 30
0.0
  9
$UCSORGLEFT
 10
0.0
 20
0.0
 30
0.0
  9
$UCSORGRIGHT
 10
0.0
 20
0.0
 30
0.0
  9
$UCSORGFRONT
 10
0.0
 20
0.0
 30
0.0
  9
$UCSORGBACK
 10
0.0
 20
0.0
 30
0.0
  9
$PUCSBASE
  2

  9
$PUCSNAME
  2

  9
$PUCSORG
 10
0.0
 20
0.0
 30
0.0
  9
$PUCSXDIR
 10
1.0
 20
0.0
 30
0.0
  9
$PUCSYDIR
 10
0.0
 20
1.0
 30
0.0
  9
$PUCSORTHOREF
  2

  9
$PUCSORTHOVIEW
 70
0
  9
$PUCSORGTOP
 10
0.0
 20
0.0
 30
0.0
  9
$PUCSORGBOTTOM
 10
0.0
 20
0.0
 30
0.0
  9
$PUCSORGLEFT
 10
0.0
 20
0.0
 30
0.0
  9
$PUCSORGRIGHT
 10
0.0
 20
0.0
 30
0.0
  9
$PUCSORGFRONT
 10
0.0
 20
0.0
 30
0.0
  9
$PUCSORGBACK
 10
0.0
 20
0.0
 30
0.0
  9
$USERI1
 70
0
  9
$USERI2
 70
0
  9
$USERI3
 70
0
  9
$USERI4
 70
0
  9
$USERI5
 70
0
  9
$USERR1
 40
0.0
  9
$USERR2
 40
0.0
  9
$USERR3
 40
0.0
  9
$USERR4
 40
0.0
  9
$USERR5
 40
0.0
  9
$WORLDVIEW
 70
1
  9
$SHADEDGE
 70
3
  9
$SHADEDIF
 70
70
  9
$TILEMODE
 70
1
  9
$MAXACTVP
 70
64
  9
$PINSBASE
 10
0.0
 20
0.0
 30
0.0
  9
$PLIMCHECK
 70
0
  9
$PEXTMIN
 10
1e+20
 20
1e+20
 30
1e+20
  9
$PEXTMAX
 10
-1e+20
 20
-1e+20
 30
-1e+20
  9
$PLIMMIN
 10
0.0
 20
0.0
  9
$PLIMMAX
 10
420.0
 20
297.0
  9
$UNITMODE
 70
0
  9
$VISRETAIN
 70
1
  9
$PLINEGEN
 70
0
  9
$PSLTSCALE
 70
1
  9
$TREEDEPTH
 70
3020
  9
$CMLSTYLE
  2
Standard
  9
$CMLJUST
 70
0
  9
$CMLSCALE
 40
20.0
  9
$PROXYGRAPHICS
 70
1
  9
$MEASUREMENT
 70
1
  9
$CELWEIGHT
370
-1
  9
$ENDCAPS
280
0
  9
$JOINSTYLE
280
0
  9
$LWDISPLAY
290
0
  9
$INSUNITS
 70
6
  9
$HYPERLINKBASE
  1

  9
$STYLESHEET
  1

  9
$XEDIT
290
1
  9
$CEPSNTYPE
380
0
  9
$PSTYLEMODE
290
1
  9
$FINGERPRINTGUID
  2
{8F9AEA02-C74D-41A2-8528-E23A721DE44D}
  9
$VERSIONGUID
  2
{03D05305-3997-41C4-808C-307CDC65615F}
  9
$EXTNAMES
290
1
  9
$PSVPSCALE
 40
0.0
  9
$OLESTARTUP
290
0
  9
$SORTENTS
280
127
  9
$INDEXCTL
280
0
  9
$HIDETEXT
280
1
  9
$XCLIPFRAME
280
1
  9
$HALOGAP
280
0
  9
$OBSCOLOR
 70
257
  9
$OBSLTYPE
280
0
  9
$INTERSECTIONDISPLAY
280
0
  9
$INTERSECTIONCOLOR
 70
257
  9
$DIMASSOC
280
2
  9
$PROJECTNAME
  1

  9
$CAMERADISPLAY
290
0
  9
$LENSLENGTH
 40
50.0
  9
$CAMERAHEIGHT
 40
0.0
  9
$STEPSPERSEC
 40
24.0
  9
$STEPSIZE
 40
100.0
  9
$3DDWFPREC
 40
2.0
  9
$PSOLWIDTH
 40
0.005
  9
$PSOLHEIGHT
 40
0.08
  9
$LOFTANG1
 40
1.570796326795
  9
$LOFTANG2
 40
1.570796326795
  9
$LOFTMAG1
 40
0.0
  9
$LOFTMAG2
 40
0.0
  9
$LOFTPARAM
 70
7
  9
$LOFTNORMALS
280
1
  9
$LATITUDE
 40
37.795
  9
$LONGITUDE
 40
-122.394
  9
$NORTHDIRECTION
 40
0.0
  9
$TIMEZONE
 70
-8000
  9
$LIGHTGLYPHDISPLAY
280
1
  9
$TILEMODELIGHTSYNCH
280
1
  9
$CMATERIAL
347
20
  9
$SOLIDHIST
280
0
  9
$SHOWHIST
280
1
  9
$DWFFRAME
280
2
  9
$DGNFRAME
280
2
  9
$REALWORLDSCALE
290
1
  9
$INTERFERECOLOR
 62
256
  9
$CSHADOW
280
0
  9
$SHADOWPLANELOCATION
 40
0.0
  0
ENDSEC
  0
SECTION
  2
CLASSES
  0
CLASS
  1
ACDBDICTIONARYWDFLT
  2
AcDbDictionaryWithDefault
  3
ObjectDBX Classes
 90
0
 91
0
280
0
281
0
  0
CLASS
  1
SUN
  2
AcDbSun
  3
SCENEOE
 90
1153
 91
0
280
0
281
0
  0
CLASS
  1
VISUALSTYLE
  2
AcDbVisualStyle
  3
ObjectDBX Classes
 90
4095
 91
0
280
0
281
0
  0
CLASS
  1
MATERIAL
  2
AcDbMaterial
  3
ObjectDBX Classes
 90
1153
 91
0
280
0
281
0
  0
CLASS
  1
SCALE
  2
AcDbScale
  3
ObjectDBX Classes
 90
1153
 91
0
280
0
281
0
  0
CLASS
  1
TABLESTYLE
  2
AcDbTableStyle
  3
ObjectDBX Classes
 90
4095
 91
0
280
0
281
0
  0
CLASS
  1
MLEADERSTYLE
  2
AcDbMLeaderStyle
  3
ACDB_MLEADERSTYLE_CLASS
 90
4095
 91
0
280
0
281
0
  0
CLASS
  1
DICTIONARYVAR
  2
AcDbDictionaryVar
  3
ObjectDBX Classes
 90
0
 91
0
280
0
281
0
  0
CLASS
  1
CELLSTYLEMAP
  2
AcDbCellStyleMap
  3
ObjectDBX Classes
 90
1152
 91
0
280
0
281
0
  0
CLASS
  1
MENTALRAYRENDERSETTINGS
  2
AcDbMentalRayRenderSettings
  3
SCENEOE
 90
1024
 91
0
280
0
281
0
  0
CLASS
  1
ACDBDETAILVIEWSTYLE
  2
AcDbDetailViewStyle
  3
ObjectDBX Classes
 90
1025
 91
0
280
0
281
0
  0
CLASS
  1
ACDBSECTIONVIEWSTYLE
  2
AcDbSectionViewStyle
  3
ObjectDBX Classes
 90
1025
 91
0
280
0
281
0
  0
CLASS
  1
RASTERVARIABLES
  2
AcDbRasterVariables
  3
ISM
 90
0
 91
0
280
0
281
0
  0
CLASS
  1
ACDBPLACEHOLDER
  2
AcDbPlaceHolder
  3
ObjectDBX Classes
 90
0
 91
0
280
0
281
0
  0
CLASS
  1
LAYOUT
  2
AcDbLayout
  3
ObjectDBX Classes
 90
0
 91
0
280
0
281
0
  0
ENDSEC
  0
SECTION
  2
TABLES
  0
TABLE
  2
VPORT
  5
8
330
0
100
AcDbSymbolTable
 70
1
  0
VPORT
  5
23
330
8
100
AcDbSymbolTableRecord
100
AcDbViewportTableRecord
  2
*Active
 70
0
 10
0.0
 20
0.0
 11
1.0
 21
1.0
 12
0.0
 22
0.0
 13
0.0
 23
0.0
 14
0.5
 24
0.5
 15
0.5
 25
0.5
 16
0.0
 26
0.0
 36
1.0
 17
0.0
 27
0.0
 37
0.0
 40
1000.0
 41
1.34
 42
50.0
 43
0.0
 44
0.0
 50
0.0
 51
0.0
 71
0
 72
1000
 73
1
 74
3
 75
0
 76
0
 77
0
 78
0
281
0
 65
0
146
0.0
  0
ENDTAB
  0
TABLE
  2
LTYPE
  5
2
330
0
100
AcDbSymbolTable
 70
9
  0
LTYPE
  5
24
330
2
100
AcDbSymbolTableRecord
100
AcDbLinetypeTableRecord
  2
ByBlock
 70
0
  3

 72
65
 73
0
 40
0.0
  0
LTYPE
  5
25
330
2
100
AcDbSymbolTableRecord
100
AcDbLinetypeTableRecord
  2
ByLayer
 70
0
  3

 72
65
 73
0
 40
0.0
  0
LTYPE
  5
26
330
2
100
AcDbSymbolTableRecord
100
AcDbLinetypeTableRecord
  2
Continuous
 70
0
  3

 72
65
 73
0
 40
0.0
  0
LTYPE
  5
3B
330
2
100
AcDbSymbolTableRecord
100
AcDbLinetypeTableRecord
  2
HIDDEN
 70
0
  3
Hidden __ __ __ __ __ __ __ __ __ __ __ __ __ _
 72
65
 73
2
 40
9.525
 49
6.349999999999998
 74
0
 49
-3.174999999999998
 74
0
  0
LTYPE
  5
3C
330
2
100
AcDbSymbolTableRecord
100
AcDbLinetypeTableRecord
  2
a_p6_plan_L18$0$HIDDEN
 70
0
  3
Hidden __ __ __ __ __ __ __ __ __ __ __ __ __ _
 72
65
 73
2
 40
0.375
 49
0.25
 74
0
 49
-0.125
 74
0
  0
LTYPE
  5
3D
330
2
100
AcDbSymbolTableRecord
100
AcDbLinetypeTableRecord
  2
ACAD_ISO03W100
 70
0
  3
ISO dash space __    __    __    __    __    __
 72
65
 73
2
 40
30.0
 49
12.0
 74
0
 49
-18.0
 74
0
  0
LTYPE
  5
15B
330
2
100
AcDbSymbolTableRecord
100
AcDbLinetypeTableRecord
  2
HIDDENX2
 70
0
  3
Hidden (2x) ____ ____ ____ ____ ____ ____ ____
 72
65
 73
2
 40
0.75
 49
0.5
 74
0
 49
-0.25
 74
0
  0
LTYPE
  5
19A
330
2
100
AcDbSymbolTableRecord
100
AcDbLinetypeTableRecord
  2
DASHDOT2
 70
0
  3
Dash dot (.5x) _._._._._._._._._._._._._._._.
 72
65
 73
4
 40
0.5
 49
0.25
 74
0
 49
-0.125
 74
0
 49
0.0
 74
0
 49
-0.125
 74
0
  0
LTYPE
  5
50B
330
2
100
AcDbSymbolTableRecord
100
AcDbLinetypeTableRecord
  2
HIDDEN2
 70
0
  3
Hidden (.5x) _ _ _ _ _ _ _ _ _ _ _ _ _ _ _ _ _
 72
65
 73
2
 40
0.1875
 49
0.125
 74
0
 49
-0.0625
 74
0
  0
ENDTAB
  0
TABLE
  2
LAYER
  5
1
330
0
100
AcDbSymbolTable
 70
18
  0
LAYER
  5
27
330
1
100
AcDbSymbolTableRecord
100
AcDbLayerTableRecord
  2
0
 70
0
 62
7
  6
Continuous
370
-3
390
13
347
21
  0
LAYER
  5
28
330
1
100
AcDbSymbolTableRecord
100
AcDbLayerTableRecord
  2
Defpoints
 70
0
 62
7
  6
Continuous
290
0
370
-3
390
13
347
21
  0
LAYER
  5
2F
330
1
100
AcDbSymbolTableRecord
100
AcDbLayerTableRecord
  2
FloorPlan
 70
0
 62
1
  6
Continuous
370
-3
390
13
347
21
  0
LAYER
  5
30
330
1
100
AcDbSymbolTableRecord
100
AcDbLayerTableRecord
  2
Fixtures
 70
0
 62
3
  6
Continuous
370
-3
390
13
347
21
  0
LAYER
  5
31
330
1
100
AcDbSymbolTableRecord
100
AcDbLayerTableRecord
  2
FixtureLabels
 70
0
 62
2
  6
Continuous
370
-3
390
13
347
21
  0
LAYER
  5
3E
330
1
100
AcDbSymbolTableRecord
100
AcDbLayerTableRecord
  2
LN-ELEVATION-1
 70
0
 62
81
  6
Continuous
370
13
390
13
347
21
348
0
  0
LAYER
  5
3F
330
1
100
AcDbSymbolTableRecord
100
AcDbLayerTableRecord
  2
LN-ELEVATION-3
 70
0
 62
125
  6
a_p6_plan_L18$0$HIDDEN
370
18
390
13
347
21
348
0
  0
LAYER
  5
40
330
1
100
AcDbSymbolTableRecord
100
AcDbLayerTableRecord
  2
LN-ELEVATION-5
 70
0
 62
167
  6
Continuous
370
5
390
13
347
21
348
0
  0
LAYER
  5
41
330
1
100
AcDbSymbolTableRecord
100
AcDbLayerTableRecord
  2
I-LK FF&E
 70
0
 62
1
  6
Continuous
370
9
390
13
347
21
348
0
  0
LAYER
  5
42
330
1
100
AcDbSymbolTableRecord
100
AcDbLayerTableRecord
  2
I-LK TEXT
 70
0
 62
31
  6
Continuous
370
5
390
13
347
21
348
0
  0
LAYER
  5
43
330
1
100
AcDbSymbolTableRecord
100
AcDbLayerTableRecord
  2
Door
 70
0
 62
2
  6
Continuous
370
13
390
13
347
21
348
0
  0
LAYER
  5
6F
330
1
100
AcDbSymbolTableRecord
100
AcDbLayerTableRecord
  2
LN-ELEVATION-4
 70
0
 62
145
  6
Continuous
370
13
390
13
347
21
348
0
  0
LAYER
  5
70
330
1
100
AcDbSymbolTableRecord
100
AcDbLayerTableRecord
  2
LN-ELEVATION-2
 70
0
 62
103
  6
Continuous
370
20
390
13
347
21
348
0
  0
LAYER
  5
140
330
1
100
AcDbSymbolTableRecord
100
AcDbLayerTableRecord
  2
LN-HATCH
 70
0
 62
251
  6
Continuous
370
0
390
13
347
21
348
0
  0
LAYER
  5
19B
330
1
100
AcDbSymbolTableRecord
100
AcDbLayerTableRecord
  2
I-LK IT
 70
0
 62
3
  6
Continuous
370
18
390
13
347
21
348
0
  0
LAYER
  5
19C
330
1
100
AcDbSymbolTableRecord
100
AcDbLayerTableRecord
  2
I-LK EQPMT
 70
0
 62
3
  6
Continuous
370
18
390
13
347
21
348
0
  0
LAYER
  5
1BA
330
1
100
AcDbSymbolTableRecord
100
AcDbLayerTableRecord
  2
I-LK DIM
 70
0
 62
252
  6
Continuous
370
5
390
13
347
21
348
0
  0
LAYER
  5
50C
330
1
100
AcDbSymbolTableRecord
100
AcDbLayerTableRecord
  2
I-LK HATCH
 70
0
 62
251
  6
Continuous
370
5
390
13
347
21
348
0
  0
ENDTAB
  0
TABLE
  2
STYLE
  5
5
330
0
100
AcDbSymbolTable
 70
2
  0
STYLE
  5
29
330
5
100
AcDbSymbolTableRecord
100
AcDbTextStyleTableRecord
  2
Standard
 70
0
 40
0.0
 41
1.0
 50
0.0
 71
0
 42
2.5
  3
txt
  4

  0
STYLE
  5
44
330
5
100
AcDbSymbolTableRecord
100
AcDbTextStyleTableRecord
  2
LK TXT
 70
0
 40
0.0
 41
1.0
 50
0.0
 71
0
 42
250.0
  3
Arial Narrow.ttf
  4

  0
ENDTAB
  0
TABLE
  2
VIEW
  5
7
330
0
100
AcDbSymbolTable
 70
0
  0
ENDTAB
  0
TABLE
  2
UCS
  5
6
330
0
100
AcDbSymbolTable
 70
0
  0
ENDTAB
  0
TABLE
  2
APPID
  5
3
330
0
100
AcDbSymbolTable
 70
3
  0
APPID
  5
2A
330
3
100
AcDbSymbolTableRecord
100
AcDbRegAppTableRecord
  2
ACAD
 70
0
  0
APPID
  5
519
330
3
100
AcDbSymbolTableRecord
100
AcDbRegAppTableRecord
  2
HATCHBACKGROUNDCOLOR
 70
0
  0
APPID
  5
51A
330
3
100
AcDbSymbolTableRecord
100
AcDbRegAppTableRecord
  2
EZDXF
 70
0
  0
ENDTAB
  0
TABLE
  2
DIMSTYLE
  5
4
330
0
100
AcDbSymbolTable
 70
2
100
AcDbDimStyleTable
  0
DIMSTYLE
105
2B
330
4
100
AcDbSymbolTableRecord
100
AcDbDimStyleTableRecord
  2
Standard
 70
0
 40
1.0
 41
2.5
 42
0.625
 43
3.75
 44
1.25
 45
0.0
 46
0.0
 47
0.0
 48
0.0
 49
2.5
140
2.5
141
2.5
142
0.0
143
0.03937007874
144
1.0
145
0.0
146
1.0
147
0.625
148
0.0
 69
0
 70
0
 71
0
 72
0
 73
0
 74
0
 75
0
 76
0
 77
1
 78
8
 79
3
170
0
171
3
172
1
173
0
174
0
175
0
176
0
177
0
178
0
179
2
271
2
272
2
273
2
274
3
275
0
276
0
277
2
278
44
279
0
280
0
281
0
282
0
283
0
284
8
285
0
286
0
288
0
289
3
290
0
371
-2
372
-2
  0
DIMSTYLE
105
45
330
4
100
AcDbSymbolTableRecord
100
AcDbDimStyleTableRecord
  2
LK-MM 100
 70
0
 40
0.8
 41
50.0
 42
50.0
 43
50.0
 44
50.0
 45
0.0
 46
50.0
 47
0.0
 48
0.0
 49
3.0
140
100.0
141
0.0
142
0.0
143
0.03937
144
1.0
145
0.0
146
1.0
147
25.0
148
0.0
 69
0
 70
0
 71
0
 72
0
 73
0
 74
0
 75
0
 76
0
 77
1
 78
8
 79
3
170
0
171
1
172
1
173
0
174
0
175
0
176
8
177
8
178
256
179
2
271
0
272
0
273
6
274
1
275
0
276
0
277
2
278
44
279
1
280
0
281
0
282
0
283
0
284
8
285
8
286
8
288
0
289
3
290
0
340
44
342
46
343
46
344
46
345
25
346
3B
347
3B
371
5
372
0
  0
ENDTAB
  0
TABLE
  2
BLOCK_RECORD
  5
9
330
0
100
AcDbSymbolTable
 70
52
  0
BLOCK_RECORD
  5
17
330
9
100
AcDbSymbolTableRecord
100
AcDbBlockTableRecord
  2
*Model_Space
340
1A
 70
0
280
1
281
0
  0
BLOCK_RECORD
  5
1B
330
9
100
AcDbSymbolTableRecord
100
AcDbBlockTableRecord
  2
*Paper_Space
340
1E
 70
0
280
1
281
0
  0
BLOCK_RECORD
  5
33
330
9
100
AcDbSymbolTableRecord
100
AcDbBlockTableRecord
  2
REPAIR_TABLE_MEDIUM_1
340
0
 70
0
280
1
281
0
  0
BLOCK_RECORD
  5
46
330
9
100
AcDbSymbolTableRecord
100
AcDbBlockTableRecord
  2
_archtick
340
0
 70
0
280
1
281
0
  0
BLOCK_RECORD
  5
4A
330
9
100
AcDbSymbolTableRecord
100
AcDbBlockTableRecord
  2
dfghthrtwe
340
0
 70
0
280
1
281
0
  0
BLOCK_RECORD
  5
6A
330
9
100
AcDbSymbolTableRecord
100
AcDbBlockTableRecord
  2
POS_WITHOUT_SCREEN_1
340
0
 70
0
280
1
281
0
  0
BLOCK_RECORD
  5
71
330
9
100
AcDbSymbolTableRecord
100
AcDbBlockTableRecord
  2
pos900
340
0
 70
0
280
1
281
0
  0
BLOCK_RECORD
  5
13B
330
9
100
AcDbSymbolTableRecord
100
AcDbBlockTableRecord
  2
JJ_FIXTURE_MEDIUM_1
340
0
 70
0
280
1
281
0
  0
BLOCK_RECORD
  5
141
330
9
100
AcDbSymbolTableRecord
100
AcDbBlockTableRecord
  2
jj 900
340
0
 70
0
280
1
281
0
  0
BLOCK_RECORD
  5
154
330
9
100
AcDbSymbolTableRecord
100
AcDbBlockTableRecord
  2
LENSBAR_1
340
0
 70
0
280
1
281
0
  0
BLOCK_RECORD
  5
15C
330
9
100
AcDbSymbolTableRecord
100
AcDbBlockTableRecord
  2
ipad
340
0
 70
0
280
1
281
0
  0
BLOCK_RECORD
  5
161
330
9
100
AcDbSymbolTableRecord
100
AcDbBlockTableRecord
  2
lensbar
340
0
 70
0
280
1
281
0
  0
BLOCK_RECORD
  5
177
330
9
100
AcDbSymbolTableRecord
100
AcDbBlockTableRecord
  2
STORAGE_RACK_1
340
0
 70
0
280
1
281
0
  0
BLOCK_RECORD
  5
17F
330
9
100
AcDbSymbolTableRecord
100
AcDbBlockTableRecord
  2
QC_TABLE_MEDIUM_1
340
0
 70
0
280
1
281
0
  0
BLOCK_RECORD
  5
189
330
9
100
AcDbSymbolTableRecord
100
AcDbBlockTableRecord
  2
SCREEN_55_1
340
0
 70
0
280
1
281
0
  0
BLOCK_RECORD
  5
19D
330
9
100
AcDbSymbolTableRecord
100
AcDbBlockTableRecord
  2
it 55inch tv
340
0
 70
0
280
1
281
0
  0
BLOCK_RECORD
  5
1B5
330
9
100
AcDbSymbolTableRecord
100
AcDbBlockTableRecord
  2
EURO_CENTRE_1
340
0
 70
0
280
1
281
0
  0
BLOCK_RECORD
  5
1BB
330
9
100
AcDbSymbolTableRecord
100
AcDbBlockTableRecord
  2
euro mirror
340
0
 70
0
280
1
281
0
  0
BLOCK_RECORD
  5
20B
330
9
100
AcDbSymbolTableRecord
100
AcDbBlockTableRecord
  2
eurocenter 1040
340
0
 70
0
280
1
281
0
  0
BLOCK_RECORD
  5
29F
330
9
100
AcDbSymbolTableRecord
100
AcDbBlockTableRecord
  2
STAFF_RACK_1
340
0
 70
0
280
1
281
0
  0
BLOCK_RECORD
  5
2A7
330
9
100
AcDbSymbolTableRecord
100
AcDbBlockTableRecord
  2
VC_FIXTURE_MEDIUM_1
340
0
 70
0
280
1
281
0
  0
BLOCK_RECORD
  5
2AC
330
9
100
AcDbSymbolTableRecord
100
AcDbBlockTableRecord
  2
1010mm vc plan
340
0
 70
0
280
1
281
0
  0
BLOCK_RECORD
  5
2CD
330
9
100
AcDbSymbolTableRecord
100
AcDbBlockTableRecord
  2
VC_FIXTURE_MEDIUM_2
340
0
 70
0
280
1
281
0
  0
BLOCK_RECORD
  5
2D4
330
9
100
AcDbSymbolTableRecord
100
AcDbBlockTableRecord
  2
VC_FIXTURE_MEDIUM_3
340
0
 70
0
280
1
281
0
  0
BLOCK_RECORD
  5
2DB
330
9
100
AcDbSymbolTableRecord
100
AcDbBlockTableRecord
  2
VC_FIXTURE_MEDIUM_4
340
0
 70
0
280
1
281
0
  0
BLOCK_RECORD
  5
2E2
330
9
100
AcDbSymbolTableRecord
100
AcDbBlockTableRecord
  2
JJ_FIXTURE_MEDIUM_2
340
0
 70
0
280
1
281
0
  0
BLOCK_RECORD
  5
2E9
330
9
100
AcDbSymbolTableRecord
100
AcDbBlockTableRecord
  2
POS_WITH_SCREEN_MEDIUM_1
340
0
 70
0
280
1
281
0
  0
BLOCK_RECORD
  5
2EE
330
9
100
AcDbSymbolTableRecord
100
AcDbBlockTableRecord
  2
pos1500
340
0
 70
0
280
1
281
0
  0
BLOCK_RECORD
  5
44E
330
9
100
AcDbSymbolTableRecord
100
AcDbBlockTableRecord
  2
MIRROR_DIFFERENT_1
340
0
 70
0
280
1
281
0
  0
BLOCK_RECORD
  5
453
330
9
100
AcDbSymbolTableRecord
100
AcDbBlockTableRecord
  2
mirror unit
340
0
 70
0
280
1
281
0
  0
BLOCK_RECORD
  5
463
330
9
100
AcDbSymbolTableRecord
100
AcDbBlockTableRecord
  2
JJ_FIXTURE_LARGE_1
340
0
 70
0
280
1
281
0
  0
BLOCK_RECORD
  5
468
330
9
100
AcDbSymbolTableRecord
100
AcDbBlockTableRecord
  2
jj 1200
340
0
 70
0
280
1
281
0
  0
BLOCK_RECORD
  5
477
330
9
100
AcDbSymbolTableRecord
100
AcDbBlockTableRecord
  2
MIRROR_1
340
0
 70
0
280
1
281
0
  0
BLOCK_RECORD
  5
47C
330
9
100
AcDbSymbolTableRecord
100
AcDbBlockTableRecord
  2
mirror unit see thru
340
0
 70
0
280
1
281
0
  0
BLOCK_RECORD
  5
48C
330
9
100
AcDbSymbolTableRecord
100
AcDbBlockTableRecord
  2
MIRROR_2
340
0
 70
0
280
1
281
0
  0
BLOCK_RECORD
  5
493
330
9
100
AcDbSymbolTableRecord
100
AcDbBlockTableRecord
  2
EURO_CENTRE_2
340
0
 70
0
280
1
281
0
  0
BLOCK_RECORD
  5
49A
330
9
100
AcDbSymbolTableRecord
100
AcDbBlockTableRecord
  2
EURO_CENTRE_3
340
0
 70
0
280
1
281
0
  0
BLOCK_RECORD
  5
4A1
330
9
100
AcDbSymbolTableRecord
100
AcDbBlockTableRecord
  2
EURO_CENTRE_4
340
0
 70
0
280
1
281
0
  0
BLOCK_RECORD
  5
4A8
330
9
100
AcDbSymbolTableRecord
100
AcDbBlockTableRecord
  2
EURO_CENTRE_5
340
0
 70
0
280
1
281
0
  0
BLOCK_RECORD
  5
4AF
330
9
100
AcDbSymbolTableRecord
100
AcDbBlockTableRecord
  2
EURO_CENTRE_6
340
0
 70
0
280
1
281
0
  0
BLOCK_RECORD
  5
4B6
330
9
100
AcDbSymbolTableRecord
100
AcDbBlockTableRecord
  2
LENSBAR_2
340
0
 70
0
280
1
281
0
  0
BLOCK_RECORD
  5
4BF
330
9
100
AcDbSymbolTableRecord
100
AcDbBlockTableRecord
  2
LENSBAR_3
340
0
 70
0
280
1
281
0
  0
BLOCK_RECORD
  5
4C8
330
9
100
AcDbSymbolTableRecord
100
AcDbBlockTableRecord
  2
LENSBAR_4
340
0
 70
0
280
1
281
0
  0
BLOCK_RECORD
  5
4D1
330
9
100
AcDbSymbolTableRecord
100
AcDbBlockTableRecord
  2
LENSBAR_5
340
0
 70
0
280
1
281
0
  0
BLOCK_RECORD
  5
4DA
330
9
100
AcDbSymbolTableRecord
100
AcDbBlockTableRecord
  2
MIRROR_3
340
0
 70
0
280
1
281
0
  0
BLOCK_RECORD
  5
4E1
330
9
100
AcDbSymbolTableRecord
100
AcDbBlockTableRecord
  2
EURO_CENTRE_7
340
0
 70
0
280
1
281
0
  0
BLOCK_RECORD
  5
4E8
330
9
100
AcDbSymbolTableRecord
100
AcDbBlockTableRecord
  2
LENSBAR_6
340
0
 70
0
280
1
281
0
  0
BLOCK_RECORD
  5
4F1
330
9
100
AcDbSymbolTableRecord
100
AcDbBlockTableRecord
  2
JJ_FIXTURE_MEDIUM_3
340
0
 70
0
280
1
281
0
  0
BLOCK_RECORD
  5
4F8
330
9
100
AcDbSymbolTableRecord
100
AcDbBlockTableRecord
  2
LENSOMETER_SMALL_1
340
0
 70
0
280
1
281
0
  0
BLOCK_RECORD
  5
4FF
330
9
100
AcDbSymbolTableRecord
100
AcDbBlockTableRecord
  2
lensometer
340
0
 70
0
280
1
281
0
  0
BLOCK_RECORD
  5
506
330
9
100
AcDbSymbolTableRecord
100
AcDbBlockTableRecord
  2
LARGE_BENCH_1
340
0
 70
0
280
1
281
0
  0
BLOCK_RECORD
  5
50D
330
9
100
AcDbSymbolTableRecord
100
AcDbBlockTableRecord
  2
3 seater bench
340
0
 70
0
280
1
281
0
  0
ENDTAB
  0
ENDSEC
  0
SECTION
  2
BLOCKS
  0
BLOCK
  5
18
330
17
100
AcDbEntity
  8
0
100
AcDbBlockBegin
  2
*Model_Space
 70
0
 10
0.0
 20
0.0
 30
0.0
  3
*Model_Space
  1

  0
ENDBLK
  5
19
330
17
100
AcDbEntity
  8
0
100
AcDbBlockEnd
  0
BLOCK
  5
1C
330
1B
100
AcDbEntity
  8
0
100
AcDbBlockBegin
  2
*Paper_Space
 70
0
 10
0.0
 20
0.0
 30
0.0
  3
*Paper_Space
  1

  0
ENDBLK
  5
1D
330
1B
100
AcDbEntity
  8
0
100
AcDbBlockEnd
  0
BLOCK
  5
34
330
33
100
AcDbEntity
  8
0
100
AcDbBlockBegin
  2
REPAIR_TABLE_MEDIUM_1
 70
0
 10
0.0
 20
0.0
 30
0.0
  3
REPAIR_TABLE_MEDIUM_1
  1

  0
LWPOLYLINE
  5
36
330
33
100
AcDbEntity
  8
I-LK FF&E
100
AcDbPolyline
 90
4
 70
1
 10
0.0
 20
38.65681990390658
 10
900.0
 20
38.65681990390658
 10
900.0
 20
488.6568199039065
 10
0.0
 20
488.6568199039065
  0
INSERT
  5
37
330
33
100
AcDbEntity
  8
I-LK FF&E
100
AcDbBlockReference
  2
DFGHTHRTWE
 10
450.0
 20
563.6568199039065
 30
0.0
 50
180.0
  0
MTEXT
  5
39
102
{ACAD_XDICTIONARY
360
3A
102
}
330
33
100
AcDbEntity
  8
I-LK TEXT
  6
Continuous
 62
0
 48
3.0
100
AcDbMText
 10
93.64152574225665
 20
387.2212480823007
 30
0.0
 40
100.0
 41
783.9636358173434
 46
0.0
 71
1
 72
5
  1
\pxqc;REPAIR TABLE
  7
LK TXT
 11
1.0
 21
-1.1e-15
 31
0.0
1001
ACAD
1000
ACAD_MTEXT_COLUMN_INFO_BEGIN
1070
75
1070
2
1070
79
1070
0
1070
76
1070
1
1070
78
1070
0
1070
48
1040
783.9636358173434
1070
49
1040
0.9999999999999992
1070
50
1070
1
1040
0.0
1000
ACAD_MTEXT_COLUMN_INFO_END
1000
ACAD_MTEXT_COLUMNS_BEGIN
1070
47
1070
1
1000
ACAD_MTEXT_COLUMNS_END
  0
ENDBLK
  5
35
330
33
100
AcDbEntity
  8
0
100
AcDbBlockEnd
  0
BLOCK
  5
47
330
46
100
AcDbEntity
  8
0
100
AcDbBlockBegin
  2
_archtick
 70
0
 10
0.0
 20
0.0
 30
0.0
  3
_archtick
  1

  0
LWPOLYLINE
  5
49
330
46
100
AcDbEntity
  8
0
100
AcDbPolyline
 90
2
 70
0
 43
0.15
 10
-0.5
 20
-0.5
 10
0.5
 20
0.5
  0
ENDBLK
  5
48
330
46
100
AcDbEntity
  8
0
100
AcDbBlockEnd
  0
BLOCK
  5
4B
330
4A
100
AcDbEntity
  8
0
100
AcDbBlockBegin
  2
dfghthrtwe
 70
0
 10
0.0
 20
0.0
 30
0.0
  3
dfghthrtwe
  1

  0
LWPOLYLINE
  5
4D
330
4A
100
AcDbEntity
  8
LN-ELEVATION-1
 48
0.5
100
AcDbPolyline
 90
8
 70
1
 10
130.0
 20
-225.0
 10
-130.0
 20
-225.0
 42
-0.4142135623730951
 10
-150.0
 20
-205.0
 10
-150.0
 20
55.0
 42
-0.4142135623730951
 10
-130.0
 20
75.0
 10
130.0
 20
75.0
 42
-0.4142135623730951
 10
150.0
 20
55.0
 10
150.0
 20
-205.0
 42
-0.4142135623730951
  0
LWPOLYLINE
  5
4E
330
4A
100
AcDbEntity
  8
LN-ELEVATION-3
  6
ACAD_ISO03W100
 48
0.05
100
AcDbPolyline
 90
4
 70
1
 10
100.0
 20
-175.0
 10
-100.0
 20
-175.0
 10
-100.0
 20
25.0
 10
100.0
 20
25.0
  0
LWPOLYLINE
  5
4F
330
4A
100
AcDbEntity
  8
LN-ELEVATION-3
  6
ACAD_ISO03W100
 48
0.05
100
AcDbPolyline
 90
4
 70
1
 10
75.0
 20
-150.0
 10
-75.0
 20
-150.0
 10
-75.0
 20
0.0
 10
75.0
 20
0.0
  0
LWPOLYLINE
  5
50
330
4A
100
AcDbEntity
  8
LN-ELEVATION-3
  6
ACAD_ISO03W100
 48
0.05
100
AcDbPolyline
 90
4
 70
0
 10
132.2008663183078
 20
74.87853584764525
 10
124.696699141059
 20
67.37436867039649
 10
142.3743686708621
 20
49.69669914105907
 10
149.8785358476452
 20
57.20086631807498
  0
LWPOLYLINE
  5
51
330
4A
100
AcDbEntity
  8
LN-ELEVATION-5
 48
0.5
100
AcDbPolyline
 90
4
 70
0
 10
149.8785358476452
 20
57.20086631807498
 10
160.0520382001995
 20
67.37436867062934
 10
142.3743686708621
 20
85.05203819996677
 10
132.2008663183078
 20
74.87853584787806
  0
LWPOLYLINE
  5
52
330
4A
100
AcDbEntity
  8
LN-ELEVATION-3
  6
ACAD_ISO03W100
 48
0.05
100
AcDbPolyline
 90
4
 70
0
 10
-132.2008663183078
 20
74.87853584764525
 10
-124.696699141059
 20
67.37436867039649
 10
-142.3743686708621
 20
49.69669914105907
 10
-149.8785358476452
 20
57.20086631807498
  0
LWPOLYLINE
  5
53
330
4A
100
AcDbEntity
  8
LN-ELEVATION-5
 48
0.5
100
AcDbPolyline
 90
4
 70
0
 10
-149.8785358476452
 20
57.20086631807498
 10
-160.0520382001995
 20
67.37436867062934
 10
-142.3743686708621
 20
85.05203819996677
 10
-132.2008663183078
 20
74.87853584787806
  0
LWPOLYLINE
  5
54
330
4A
100
AcDbEntity
  8
LN-ELEVATION-3
  6
ACAD_ISO03W100
 48
0.05
100
AcDbPolyline
 90
4
 70
0
 10
132.2008663183078
 20
-224.8785358476453
 10
124.696699141059
 20
-217.3743686703965
 10
142.3743686708621
 20
-199.6966991410591
 10
149.8785358476452
 20
-207.200866318075
  0
LWPOLYLINE
  5
55
330
4A
100
AcDbEntity
  8
LN-ELEVATION-5
 48
0.5
100
AcDbPolyline
 90
4
 70
0
 10
149.8785358476452
 20
-207.200866318075
 10
160.0520382001995
 20
-217.3743686706294
 10
142.3743686708621
 20
-235.0520381999668
 10
132.2008663183078
 20
-224.8785358478781
  0
LWPOLYLINE
  5
56
330
4A
100
AcDbEntity
  8
LN-ELEVATION-5
 48
0.5
100
AcDbPolyline
 90
4
 70
0
 10
-149.8785358476452
 20
-207.200866318075
 10
-160.0520382001995
 20
-217.3743686706294
 10
-142.3743686708621
 20
-235.0520381999668
 10
-132.2008663183078
 20
-224.8785358478781
  0
LWPOLYLINE
  5
57
330
4A
100
AcDbEntity
  8
LN-ELEVATION-3
  6
ACAD_ISO03W100
 48
0.05
100
AcDbPolyline
 90
4
 70
0
 10
-132.2008663183078
 20
-224.8785358476453
 10
-124.696699141059
 20
-217.3743686703965
 10
-142.3743686708621
 20
-199.6966991410591
 10
-149.8785358476452
 20
-207.200866318075
  0
LINE
  5
58
330
4A
100
AcDbEntity
  8
LN-ELEVATION-3
  6
ACAD_ISO03W100
 48
0.05
100
AcDbLine
 10
82.3223304701969
 20
25.0
 30
0.0
 11
124.6966991401277
 21
67.374368671095
 31
0.0
  0
LINE
  5
59
330
4A
100
AcDbEntity
  8
LN-ELEVATION-3
  6
ACAD_ISO03W100
 48
0.05
100
AcDbLine
 10
100.0
 20
7.322330470196902
 30
0.0
 11
142.3743686703965
 21
49.69669914152472
 31
0.0
  0
LINE
  5
5A
330
4A
100
AcDbEntity
  8
LN-ELEVATION-3
  6
ACAD_ISO03W100
 48
0.05
100
AcDbLine
 10
-82.3223304701969
 20
25.0
 30
0.0
 11
-124.6966991401277
 21
67.374368671095
 31
0.0
  0
LINE
  5
5B
330
4A
100
AcDbEntity
  8
LN-ELEVATION-3
  6
ACAD_ISO03W100
 48
0.05
100
AcDbLine
 10
-100.0
 20
7.322330470196902
 30
0.0
 11
-142.3743686703965
 21
49.69669914152472
 31
0.0
  0
LINE
  5
5C
330
4A
100
AcDbEntity
  8
LN-ELEVATION-3
  6
ACAD_ISO03W100
 48
0.05
100
AcDbLine
 10
82.3223304701969
 20
-175.0
 30
0.0
 11
124.6966991401277
 21
-217.374368671095
 31
0.0
  0
LINE
  5
5D
330
4A
100
AcDbEntity
  8
LN-ELEVATION-3
  6
ACAD_ISO03W100
 48
0.05
100
AcDbLine
 10
100.0
 20
-157.3223304701969
 30
0.0
 11
142.3743686703965
 21
-199.6966991415247
 31
0.0
  0
LINE
  5
5E
330
4A
100
AcDbEntity
  8
LN-ELEVATION-3
  6
ACAD_ISO03W100
 48
0.05
100
AcDbLine
 10
-82.3223304701969
 20
-175.0
 30
0.0
 11
-124.6966991401277
 21
-217.374368671095
 31
0.0
  0
LINE
  5
5F
330
4A
100
AcDbEntity
  8
LN-ELEVATION-3
  6
ACAD_ISO03W100
 48
0.05
100
AcDbLine
 10
-100.0
 20
-157.3223304701969
 30
0.0
 11
-142.3743686703965
 21
-199.6966991415247
 31
0.0
  0
LINE
  5
60
330
4A
100
AcDbEntity
  8
LN-ELEVATION-3
  6
ACAD_ISO03W100
 48
0.05
100
AcDbLine
 10
142.3743686708621
 20
-199.6966991410591
 30
0.0
 11
142.3743686708621
 21
49.69669914105907
 31
0.0
  0
LINE
  5
61
330
4A
100
AcDbEntity
  8
LN-ELEVATION-3
  6
ACAD_ISO03W100
 48
0.05
100
AcDbLine
 10
117.3743686703965
 20
-174.6966991408262
 30
0.0
 11
117.3743686703965
 21
24.69669914152473
 31
0.0
  0
LINE
  5
62
330
4A
100
AcDbEntity
  8
LN-ELEVATION-3
  6
ACAD_ISO03W100
 48
0.05
100
AcDbLine
 10
124.696699141059
 20
67.37436867039649
 30
0.0
 11
-124.6966991401277
 21
67.374368671095
 31
0.0
  0
LINE
  5
63
330
4A
100
AcDbEntity
  8
LN-ELEVATION-3
  6
ACAD_ISO03W100
 48
0.05
100
AcDbLine
 10
99.69669914059341
 20
42.3743686703965
 30
0.0
 11
-99.69669913966207
 21
42.374368671095
 31
0.0
  0
LINE
  5
64
330
4A
100
AcDbEntity
  8
LN-ELEVATION-3
  6
ACAD_ISO03W100
 48
0.05
100
AcDbLine
 10
124.696699141059
 20
-217.3743686703965
 30
0.0
 11
-124.6966991401277
 21
-217.374368671095
 31
0.0
  0
LINE
  5
65
330
4A
100
AcDbEntity
  8
LN-ELEVATION-3
  6
ACAD_ISO03W100
 48
0.05
100
AcDbLine
 10
99.69669914059341
 20
-192.3743686703965
 30
0.0
 11
-99.69669913966207
 21
-192.374368671095
 31
0.0
  0
LINE
  5
66
330
4A
100
AcDbEntity
  8
LN-ELEVATION-3
  6
ACAD_ISO03W100
 48
0.05
100
AcDbLine
 10
-142.3743686708621
 20
-199.6966991410591
 30
0.0
 11
-142.3743686708621
 21
49.69669914105907
 31
0.0
  0
LINE
  5
67
330
4A
100
AcDbEntity
  8
LN-ELEVATION-3
  6
ACAD_ISO03W100
 48
0.05
100
AcDbLine
 10
-117.3743686703965
 20
-174.6966991408262
 30
0.0
 11
-117.3743686703965
 21
24.69669914152473
 31
0.0
  0
ENDBLK
  5
4C
330
4A
100
AcDbEntity
  8
0
100
AcDbBlockEnd
  0
BLOCK
  5
6B
330
6A
100
AcDbEntity
  8
0
100
AcDbBlockBegin
  2
POS_WITHOUT_SCREEN_1
 70
0
 10
0.0
 20
0.0
 30
0.0
  3
POS_WITHOUT_SCREEN_1
  1

  0
INSERT
  5
6D
330
6A
100
AcDbEntity
  8
I-LK FF&E
100
AcDbBlockReference
  2
POS900
 10
450.0
 20
369.9999999996507
 30
0.0
  0
ENDBLK
  5
6C
330
6A
100
AcDbEntity
  8
0
100
AcDbBlockEnd
  0
BLOCK
  5
72
330
71
100
AcDbEntity
  8
0
100
AcDbBlockBegin
  2
pos900
 70
2
 10
0.0
 20
0.0
 30
0.0
  3
pos900
  1

  0
LWPOLYLINE
  5
74
330
71
100
AcDbEntity
  8
LN-ELEVATION-1
 48
0.5
100
AcDbPolyline
 90
4
 70
1
 10
-410.0000000009313
 20
49.00000000034925
 10
-390.0000000009313
 20
49.00000000034925
 10
-390.0000000009313
 20
-189.9999999996508
 10
-410.0000000009313
 20
-189.9999999996508
  0
LWPOLYLINE
  5
75
330
71
100
AcDbEntity
  8
LN-ELEVATION-2
 48
0.5
100
AcDbPolyline
 90
4
 70
1
 10
410.0
 20
49.00000000034925
 10
390.0
 20
49.00000000034925
 10
390.0
 20
-189.9999999996508
 10
410.0
 20
-189.9999999996508
  0
LWPOLYLINE
  5
76
330
71
100
AcDbEntity
  8
LN-ELEVATION-1
 48
0.5
100
AcDbPolyline
 90
4
 70
1
 10
410.0
 20
-189.9999999996508
 10
-410.0000000009313
 20
-189.9999999996508
 10
-410.0000000009313
 20
-209.9999999996508
 10
410.0
 20
-209.9999999996508
  0
LWPOLYLINE
  5
77
330
71
100
AcDbEntity
  8
LN-ELEVATION-4
 48
0.5
100
AcDbPolyline
 90
4
 70
1
 10
-146.6666666669771
 20
-219.9999999996508
 10
-126.6666666669771
 20
-219.9999999996508
 10
-126.6666666669771
 20
-339.9999999996508
 10
-146.6666666669771
 20
-339.9999999996508
  0
LWPOLYLINE
  5
78
330
71
100
AcDbEntity
  8
LN-ELEVATION-4
 48
0.5
100
AcDbPolyline
 90
2
 70
0
 10
-390.0000000009313
 20
49.00000000034925
 10
390.0
 20
49.00000000034925
  0
LWPOLYLINE
  5
79
330
71
100
AcDbEntity
  8
LN-ELEVATION-4
 48
0.5
100
AcDbPolyline
 90
8
 70
1
 10
440.0
 20
369.9999999996508
 10
420.0
 20
369.9999999996508
 10
420.0
 20
-339.9999999996508
 10
-420.0000000009313
 20
-339.9999999996508
 10
-420.0000000009313
 20
369.9999999996508
 10
-440.0000000009312
 20
369.9999999996508
 10
-440.0000000009312
 20
-359.9999999996508
 10
440.0
 20
-359.9999999996508
  0
LWPOLYLINE
  5
7A
330
71
100
AcDbEntity
  8
LN-ELEVATION-4
 48
0.5
100
AcDbPolyline
 90
2
 70
0
 10
-420.0000000009313
 20
369.9999999996508
 10
420.0
 20
369.9999999996508
  0
LWPOLYLINE
  5
7B
330
71
100
AcDbEntity
  8
LN-ELEVATION-4
 48
0.5
100
AcDbPolyline
 90
4
 70
1
 10
440.0
 20
359.9999999996508
 10
450.0
 20
359.9999999996508
 10
450.0
 20
369.9999999996508
 10
440.0
 20
369.9999999996508
  0
LWPOLYLINE
  5
7C
330
71
100
AcDbEntity
  8
LN-ELEVATION-4
 48
0.5
100
AcDbPolyline
 90
4
 70
1
 10
440.0
 20
349.9999999996508
 10
450.0
 20
349.9999999996508
 10
450.0
 20
339.9999999996508
 10
440.0
 20
339.9999999996508
  0
LWPOLYLINE
  5
7D
330
71
100
AcDbEntity
  8
LN-ELEVATION-4
 48
0.5
100
AcDbPolyline
 90
4
 70
1
 10
440.0
 20
329.9999999996508
 10
450.0
 20
329.9999999996508
 10
450.0
 20
319.9999999996508
 10
440.0
 20
319.9999999996508
  0
LWPOLYLINE
  5
7E
330
71
100
AcDbEntity
  8
LN-ELEVATION-4
 48
0.5
100
AcDbPolyline
 90
4
 70
1
 10
440.0
 20
309.9999999996508
 10
450.0
 20
309.9999999996508
 10
450.0
 20
299.9999999996508
 10
440.0
 20
299.9999999996508
  0
LWPOLYLINE
  5
7F
330
71
100
AcDbEntity
  8
LN-ELEVATION-4
 48
0.5
100
AcDbPolyline
 90
4
 70
1
 10
440.0
 20
289.9999999996508
 10
450.0
 20
289.9999999996508
 10
450.0
 20
279.9999999996508
 10
440.0
 20
279.9999999996508
  0
LWPOLYLINE
  5
80
330
71
100
AcDbEntity
  8
LN-ELEVATION-4
 48
0.5
100
AcDbPolyline
 90
4
 70
1
 10
440.0
 20
269.9999999996508
 10
450.0
 20
269.9999999996508
 10
450.0
 20
259.9999999996508
 10
440.0
 20
259.9999999996508
  0
LWPOLYLINE
  5
81
330
71
100
AcDbEntity
  8
LN-ELEVATION-4
 48
0.5
100
AcDbPolyline
 90
4
 70
1
 10
440.0
 20
249.9999999996508
 10
450.0
 20
249.9999999996508
 10
450.0
 20
239.9999999996508
 10
440.0
 20
239.9999999996508
  0
LWPOLYLINE
  5
82
330
71
100
AcDbEntity
  8
LN-ELEVATION-4
 48
0.5
100
AcDbPolyline
 90
4
 70
1
 10
440.0
 20
229.9999999996508
 10
450.0
 20
229.9999999996508
 10
450.0
 20
219.9999999996508
 10
440.0
 20
219.9999999996508
  0
LWPOLYLINE
  5
83
330
71
100
AcDbEntity
  8
LN-ELEVATION-4
 48
0.5
100
AcDbPolyline
 90
4
 70
1
 10
440.0
 20
209.9999999996508
 10
450.0
 20
209.9999999996508
 10
450.0
 20
199.9999999996508
 10
440.0
 20
199.9999999996508
  0
LWPOLYLINE
  5
84
330
71
100
AcDbEntity
  8
LN-ELEVATION-4
 48
0.5
100
AcDbPolyline
 90
4
 70
1
 10
440.0
 20
189.9999999996508
 10
450.0
 20
189.9999999996508
 10
450.0
 20
179.9999999996508
 10
440.0
 20
179.9999999996508
  0
LWPOLYLINE
  5
85
330
71
100
AcDbEntity
  8
LN-ELEVATION-4
 48
0.5
100
AcDbPolyline
 90
4
 70
1
 10
440.0
 20
169.9999999996508
 10
450.0
 20
169.9999999996508
 10
450.0
 20
159.9999999996508
 10
440.0
 20
159.9999999996508
  0
LWPOLYLINE
  5
86
330
71
100
AcDbEntity
  8
LN-ELEVATION-4
 48
0.5
100
AcDbPolyline
 90
4
 70
1
 10
440.0
 20
149.9999999996508
 10
450.0
 20
149.9999999996508
 10
450.0
 20
139.9999999996508
 10
440.0
 20
139.9999999996508
  0
LWPOLYLINE
  5
87
330
71
100
AcDbEntity
  8
LN-ELEVATION-4
 48
0.5
100
AcDbPolyline
 90
4
 70
1
 10
440.0
 20
129.9999999996508
 10
450.0
 20
129.9999999996508
 10
450.0
 20
119.9999999996508
 10
440.0
 20
119.9999999996508
  0
LWPOLYLINE
  5
88
330
71
100
AcDbEntity
  8
LN-ELEVATION-4
 48
0.5
100
AcDbPolyline
 90
4
 70
1
 10
440.0
 20
109.9999999996508
 10
450.0
 20
109.9999999996508
 10
450.0
 20
99.99999999965075
 10
440.0
 20
99.99999999965075
  0
LWPOLYLINE
  5
89
330
71
100
AcDbEntity
  8
LN-ELEVATION-4
 48
0.5
100
AcDbPolyline
 90
4
 70
1
 10
440.0
 20
89.99999999965075
 10
450.0
 20
89.99999999965075
 10
450.0
 20
79.99999999965074
 10
440.0
 20
79.99999999965074
  0
LWPOLYLINE
  5
8A
330
71
100
AcDbEntity
  8
LN-ELEVATION-4
 48
0.5
100
AcDbPolyline
 90
4
 70
1
 10
440.0
 20
69.99999999965074
 10
450.0
 20
69.99999999965074
 10
450.0
 20
59.99999999965075
 10
440.0
 20
59.99999999965075
  0
LWPOLYLINE
  5
8B
330
71
100
AcDbEntity
  8
LN-ELEVATION-4
 48
0.5
100
AcDbPolyline
 90
4
 70
1
 10
440.0
 20
49.99999999965075
 10
450.0
 20
49.99999999965075
 10
450.0
 20
39.99999999965075
 10
440.0
 20
39.99999999965075
  0
LWPOLYLINE
  5
8C
330
71
100
AcDbEntity
  8
LN-ELEVATION-4
 48
0.5
100
AcDbPolyline
 90
4
 70
1
 10
440.0
 20
29.99999999965075
 10
450.0
 20
29.99999999965075
 10
450.0
 20
19.99999999965075
 10
440.0
 20
19.99999999965075
  0
LWPOLYLINE
  5
8D
330
71
100
AcDbEntity
  8
LN-ELEVATION-4
 48
0.5
100
AcDbPolyline
 90
4
 70
1
 10
440.0
 20
9.999999999650754
 10
450.0
 20
9.999999999650754
 10
450.0
 20
-3.49246e-10
 10
440.0
 20
-3.49246e-10
  0
LWPOLYLINE
  5
8E
330
71
100
AcDbEntity
  8
LN-ELEVATION-4
 48
0.5
100
AcDbPolyline
 90
4
 70
1
 10
440.0
 20
-10.00000000034925
 10
450.0
 20
-10.00000000034925
 10
450.0
 20
-20.00000000034925
 10
440.0
 20
-20.00000000034925
  0
LWPOLYLINE
  5
8F
330
71
100
AcDbEntity
  8
LN-ELEVATION-4
 48
0.5
100
AcDbPolyline
 90
4
 70
1
 10
440.0
 20
-30.00000000034925
 10
450.0
 20
-30.00000000034925
 10
450.0
 20
-40.00000000034925
 10
440.0
 20
-40.00000000034925
  0
LWPOLYLINE
  5
90
330
71
100
AcDbEntity
  8
LN-ELEVATION-4
 48
0.5
100
AcDbPolyline
 90
4
 70
1
 10
440.0
 20
-50.00000000034925
 10
450.0
 20
-50.00000000034925
 10
450.0
 20
-60.00000000034925
 10
440.0
 20
-60.00000000034925
  0
LWPOLYLINE
  5
91
330
71
100
AcDbEntity
  8
LN-ELEVATION-4
 48
0.5
100
AcDbPolyline
 90
4
 70
1
 10
440.0
 20
-70.00000000034926
 10
450.0
 20
-70.00000000034926
 10
450.0
 20
-80.00000000034926
 10
440.0
 20
-80.00000000034926
  0
LWPOLYLINE
  5
92
330
71
100
AcDbEntity
  8
LN-ELEVATION-4
 48
0.5
100
AcDbPolyline
 90
4
 70
1
 10
440.0
 20
-90.00000000034927
 10
450.0
 20
-90.00000000034927
 10
450.0
 20
-100.0000000003492
 10
440.0
 20
-100.0000000003492
  0
LWPOLYLINE
  5
93
330
71
100
AcDbEntity
  8
LN-ELEVATION-4
 48
0.5
100
AcDbPolyline
 90
4
 70
1
 10
440.0
 20
-110.0000000003492
 10
450.0
 20
-110.0000000003492
 10
450.0
 20
-120.0000000003492
 10
440.0
 20
-120.0000000003492
  0
LWPOLYLINE
  5
94
330
71
100
AcDbEntity
  8
LN-ELEVATION-4
 48
0.5
100
AcDbPolyline
 90
4
 70
1
 10
440.0
 20
-130.0000000003492
 10
450.0
 20
-130.0000000003492
 10
450.0
 20
-140.0000000003492
 10
440.0
 20
-140.0000000003492
  0
LWPOLYLINE
  5
95
330
71
100
AcDbEntity
  8
LN-ELEVATION-4
 48
0.5
100
AcDbPolyline
 90
4
 70
1
 10
440.0
 20
-150.0000000003492
 10
450.0
 20
-150.0000000003492
 10
450.0
 20
-160.0000000003492
 10
440.0
 20
-160.0000000003492
  0
LWPOLYLINE
  5
96
330
71
100
AcDbEntity
  8
LN-ELEVATION-4
 48
0.5
100
AcDbPolyline
 90
4
 70
1
 10
440.0
 20
-170.0000000003492
 10
450.0
 20
-170.0000000003492
 10
450.0
 20
-180.0000000003492
 10
440.0
 20
-180.0000000003492
  0
LWPOLYLINE
  5
97
330
71
100
AcDbEntity
  8
LN-ELEVATION-4
 48
0.5
100
AcDbPolyline
 90
4
 70
1
 10
440.0
 20
-190.0000000003492
 10
450.0
 20
-190.0000000003492
 10
450.0
 20
-200.0000000003492
 10
440.0
 20
-200.0000000003492
  0
LWPOLYLINE
  5
98
330
71
100
AcDbEntity
  8
LN-ELEVATION-4
 48
0.5
100
AcDbPolyline
 90
4
 70
1
 10
440.0
 20
-210.0000000003492
 10
450.0
 20
-210.0000000003492
 10
450.0
 20
-220.0000000003492
 10
440.0
 20
-220.0000000003492
  0
LWPOLYLINE
  5
99
330
71
100
AcDbEntity
  8
LN-ELEVATION-4
 48
0.5
100
AcDbPolyline
 90
4
 70
1
 10
440.0
 20
-230.0000000003492
 10
450.0
 20
-230.0000000003492
 10
450.0
 20
-240.0000000003492
 10
440.0
 20
-240.0000000003492
  0
LWPOLYLINE
  5
9A
330
71
100
AcDbEntity
  8
LN-ELEVATION-4
 48
0.5
100
AcDbPolyline
 90
4
 70
1
 10
440.0
 20
-250.0000000003492
 10
450.0
 20
-250.0000000003492
 10
450.0
 20
-260.0000000003492
 10
440.0
 20
-260.0000000003492
  0
LWPOLYLINE
  5
9B
330
71
100
AcDbEntity
  8
LN-ELEVATION-4
 48
0.5
100
AcDbPolyline
 90
4
 70
1
 10
440.0
 20
-270.0000000003492
 10
450.0
 20
-270.0000000003492
 10
450.0
 20
-280.0000000003492
 10
440.0
 20
-280.0000000003492
  0
LWPOLYLINE
  5
9C
330
71
100
AcDbEntity
  8
LN-ELEVATION-4
 48
0.5
100
AcDbPolyline
 90
4
 70
1
 10
440.0
 20
-290.0000000003492
 10
450.0
 20
-290.0000000003492
 10
450.0
 20
-300.0000000003492
 10
440.0
 20
-300.0000000003492
  0
LWPOLYLINE
  5
9D
330
71
100
AcDbEntity
  8
LN-ELEVATION-4
 48
0.5
100
AcDbPolyline
 90
4
 70
1
 10
440.0
 20
-310.0000000003492
 10
450.0
 20
-310.0000000003492
 10
450.0
 20
-320.0000000003492
 10
440.0
 20
-320.0000000003492
  0
LWPOLYLINE
  5
9E
330
71
100
AcDbEntity
  8
LN-ELEVATION-4
 48
0.5
100
AcDbPolyline
 90
4
 70
1
 10
440.0
 20
-330.0000000003492
 10
450.0
 20
-330.0000000003492
 10
450.0
 20
-340.0000000003492
 10
440.0
 20
-340.0000000003492
  0
LWPOLYLINE
  5
9F
330
71
100
AcDbEntity
  8
LN-ELEVATION-4
 48
0.5
100
AcDbPolyline
 90
4
 70
1
 10
440.0
 20
-350.0000000003492
 10
450.0
 20
-350.0000000003492
 10
450.0
 20
-360.0000000003492
 10
440.0
 20
-360.0000000003492
  0
LWPOLYLINE
  5
A0
330
71
100
AcDbEntity
  8
LN-ELEVATION-4
 48
0.5
100
AcDbPolyline
 90
4
 70
1
 10
440.0
 20
-359.9999999996508
 10
440.0
 20
-369.9999999996508
 10
430.0
 20
-369.9999999996508
 10
430.0
 20
-359.9999999996508
  0
LWPOLYLINE
  5
A1
330
71
100
AcDbEntity
  8
LN-ELEVATION-4
 48
0.5
100
AcDbPolyline
 90
4
 70
1
 10
420.0
 20
-359.9999999996508
 10
420.0
 20
-369.9999999996508
 10
410.0
 20
-369.9999999996508
 10
410.0
 20
-359.9999999996508
  0
LWPOLYLINE
  5
A2
330
71
100
AcDbEntity
  8
LN-ELEVATION-4
 48
0.5
100
AcDbPolyline
 90
4
 70
1
 10
400.0
 20
-359.9999999996508
 10
400.0
 20
-369.9999999996508
 10
390.0
 20
-369.9999999996508
 10
390.0
 20
-359.9999999996508
  0
LWPOLYLINE
  5
A3
330
71
100
AcDbEntity
  8
LN-ELEVATION-4
 48
0.5
100
AcDbPolyline
 90
4
 70
1
 10
380.0
 20
-359.9999999996508
 10
380.0
 20
-369.9999999996508
 10
370.0
 20
-369.9999999996508
 10
370.0
 20
-359.9999999996508
  0
LWPOLYLINE
  5
A4
330
71
100
AcDbEntity
  8
LN-ELEVATION-4
 48
0.5
100
AcDbPolyline
 90
4
 70
1
 10
360.0
 20
-359.9999999996508
 10
360.0
 20
-369.9999999996508
 10
350.0
 20
-369.9999999996508
 10
350.0
 20
-359.9999999996508
  0
LWPOLYLINE
  5
A5
330
71
100
AcDbEntity
  8
LN-ELEVATION-4
 48
0.5
100
AcDbPolyline
 90
4
 70
1
 10
340.0
 20
-359.9999999996508
 10
340.0
 20
-369.9999999996508
 10
330.0
 20
-369.9999999996508
 10
330.0
 20
-359.9999999996508
  0
LWPOLYLINE
  5
A6
330
71
100
AcDbEntity
  8
LN-ELEVATION-4
 48
0.5
100
AcDbPolyline
 90
4
 70
1
 10
320.0
 20
-359.9999999996508
 10
320.0
 20
-369.9999999996508
 10
310.0
 20
-369.9999999996508
 10
310.0
 20
-359.9999999996508
  0
LWPOLYLINE
  5
A7
330
71
100
AcDbEntity
  8
LN-ELEVATION-4
 48
0.5
100
AcDbPolyline
 90
4
 70
1
 10
300.0
 20
-359.9999999996508
 10
300.0
 20
-369.9999999996508
 10
290.0
 20
-369.9999999996508
 10
290.0
 20
-359.9999999996508
  0
LWPOLYLINE
  5
A8
330
71
100
AcDbEntity
  8
LN-ELEVATION-4
 48
0.5
100
AcDbPolyline
 90
4
 70
1
 10
280.0
 20
-359.9999999996508
 10
280.0
 20
-369.9999999996508
 10
270.0
 20
-369.9999999996508
 10
270.0
 20
-359.9999999996508
  0
LWPOLYLINE
  5
A9
330
71
100
AcDbEntity
  8
LN-ELEVATION-4
 48
0.5
100
AcDbPolyline
 90
4
 70
1
 10
260.0
 20
-359.9999999996508
 10
260.0
 20
-369.9999999996508
 10
250.0
 20
-369.9999999996508
 10
250.0
 20
-359.9999999996508
  0
LWPOLYLINE
  5
AA
330
71
100
AcDbEntity
  8
LN-ELEVATION-4
 48
0.5
100
AcDbPolyline
 90
4
 70
1
 10
240.0
 20
-359.9999999996508
 10
240.0
 20
-369.9999999996508
 10
230.0
 20
-369.9999999996508
 10
230.0
 20
-359.9999999996508
  0
LWPOLYLINE
  5
AB
330
71
100
AcDbEntity
  8
LN-ELEVATION-4
 48
0.5
100
AcDbPolyline
 90
4
 70
1
 10
220.0
 20
-359.9999999996508
 10
220.0
 20
-369.9999999996508
 10
210.0
 20
-369.9999999996508
 10
210.0
 20
-359.9999999996508
  0
LWPOLYLINE
  5
AC
330
71
100
AcDbEntity
  8
LN-ELEVATION-4
 48
0.5
100
AcDbPolyline
 90
4
 70
1
 10
200.0
 20
-359.9999999996508
 10
200.0
 20
-369.9999999996508
 10
190.0
 20
-369.9999999996508
 10
190.0
 20
-359.9999999996508
  0
LWPOLYLINE
  5
AD
330
71
100
AcDbEntity
  8
LN-ELEVATION-4
 48
0.5
100
AcDbPolyline
 90
4
 70
1
 10
180.0
 20
-359.9999999996508
 10
180.0
 20
-369.9999999996508
 10
170.0
 20
-369.9999999996508
 10
170.0
 20
-359.9999999996508
  0
LWPOLYLINE
  5
AE
330
71
100
AcDbEntity
  8
LN-ELEVATION-4
 48
0.5
100
AcDbPolyline
 90
4
 70
1
 10
160.0
 20
-359.9999999996508
 10
160.0
 20
-369.9999999996508
 10
150.0
 20
-369.9999999996508
 10
150.0
 20
-359.9999999996508
  0
LWPOLYLINE
  5
AF
330
71
100
AcDbEntity
  8
LN-ELEVATION-4
 48
0.5
100
AcDbPolyline
 90
4
 70
1
 10
140.0
 20
-359.9999999996508
 10
140.0
 20
-369.9999999996508
 10
130.0
 20
-369.9999999996508
 10
130.0
 20
-359.9999999996508
  0
LWPOLYLINE
  5
B0
330
71
100
AcDbEntity
  8
LN-ELEVATION-4
 48
0.5
100
AcDbPolyline
 90
4
 70
1
 10
120.0
 20
-359.9999999996508
 10
120.0
 20
-369.9999999996508
 10
110.0
 20
-369.9999999996508
 10
110.0
 20
-359.9999999996508
  0
LWPOLYLINE
  5
B1
330
71
100
AcDbEntity
  8
LN-ELEVATION-4
 48
0.5
100
AcDbPolyline
 90
4
 70
1
 10
100.0
 20
-359.9999999996508
 10
100.0
 20
-369.9999999996508
 10
90.0
 20
-369.9999999996508
 10
90.0
 20
-359.9999999996508
  0
LWPOLYLINE
  5
B2
330
71
100
AcDbEntity
  8
LN-ELEVATION-4
 48
0.5
100
AcDbPolyline
 90
4
 70
1
 10
80.0
 20
-359.9999999996508
 10
80.0
 20
-369.9999999996508
 10
70.0
 20
-369.9999999996508
 10
70.0
 20
-359.9999999996508
  0
LWPOLYLINE
  5
B3
330
71
100
AcDbEntity
  8
LN-ELEVATION-4
 48
0.5
100
AcDbPolyline
 90
4
 70
1
 10
60.0
 20
-359.9999999996508
 10
60.0
 20
-369.9999999996508
 10
50.0
 20
-369.9999999996508
 10
50.0
 20
-359.9999999996508
  0
LWPOLYLINE
  5
B4
330
71
100
AcDbEntity
  8
LN-ELEVATION-4
 48
0.5
100
AcDbPolyline
 90
4
 70
1
 10
40.0
 20
-359.9999999996508
 10
40.0
 20
-369.9999999996508
 10
30.0
 20
-369.9999999996508
 10
30.0
 20
-359.9999999996508
  0
LWPOLYLINE
  5
B5
330
71
100
AcDbEntity
  8
LN-ELEVATION-4
 48
0.5
100
AcDbPolyline
 90
4
 70
1
 10
20.0
 20
-359.9999999996508
 10
20.0
 20
-369.9999999996508
 10
10.0
 20
-369.9999999996508
 10
10.0
 20
-359.9999999996508
  0
LWPOLYLINE
  5
B6
330
71
100
AcDbEntity
  8
LN-ELEVATION-4
 48
0.5
100
AcDbPolyline
 90
4
 70
1
 10
0.0
 20
-359.9999999996508
 10
0.0
 20
-369.9999999996508
 10
-10.0
 20
-369.9999999996508
 10
-10.0
 20
-359.9999999996508
  0
LWPOLYLINE
  5
B7
330
71
100
AcDbEntity
  8
LN-ELEVATION-4
 48
0.5
100
AcDbPolyline
 90
4
 70
1
 10
-20.0
 20
-359.9999999996508
 10
-20.0
 20
-369.9999999996508
 10
-30.0
 20
-369.9999999996508
 10
-30.0
 20
-359.9999999996508
  0
LWPOLYLINE
  5
B8
330
71
100
AcDbEntity
  8
LN-ELEVATION-4
 48
0.5
100
AcDbPolyline
 90
4
 70
1
 10
-40.0
 20
-359.9999999996508
 10
-40.0
 20
-369.9999999996508
 10
-50.0
 20
-369.9999999996508
 10
-50.0
 20
-359.9999999996508
  0
LWPOLYLINE
  5
B9
330
71
100
AcDbEntity
  8
LN-ELEVATION-4
 48
0.5
100
AcDbPolyline
 90
4
 70
1
 10
-60.0
 20
-359.9999999996508
 10
-60.0
 20
-369.9999999996508
 10
-70.0
 20
-369.9999999996508
 10
-70.0
 20
-359.9999999996508
  0
LWPOLYLINE
  5
BA
330
71
100
AcDbEntity
  8
LN-ELEVATION-4
 48
0.5
100
AcDbPolyline
 90
4
 70
1
 10
-80.0
 20
-359.9999999996508
 10
-80.0
 20
-369.9999999996508
 10
-90.0
 20
-369.9999999996508
 10
-90.0
 20
-359.9999999996508
  0
LWPOLYLINE
  5
BB
330
71
100
AcDbEntity
  8
LN-ELEVATION-4
 48
0.5
100
AcDbPolyline
 90
4
 70
1
 10
-100.0
 20
-359.9999999996508
 10
-100.0
 20
-369.9999999996508
 10
-110.0
 20
-369.9999999996508
 10
-110.0
 20
-359.9999999996508
  0
LWPOLYLINE
  5
BC
330
71
100
AcDbEntity
  8
LN-ELEVATION-4
 48
0.5
100
AcDbPolyline
 90
4
 70
1
 10
-120.0
 20
-359.9999999996508
 10
-120.0
 20
-369.9999999996508
 10
-130.0
 20
-369.9999999996508
 10
-130.0
 20
-359.9999999996508
  0
LWPOLYLINE
  5
BD
330
71
100
AcDbEntity
  8
LN-ELEVATION-4
 48
0.5
100
AcDbPolyline
 90
4
 70
1
 10
-140.0
 20
-359.9999999996508
 10
-140.0
 20
-369.9999999996508
 10
-150.0
 20
-369.9999999996508
 10
-150.0
 20
-359.9999999996508
  0
LWPOLYLINE
  5
BE
330
71
100
AcDbEntity
  8
LN-ELEVATION-4
 48
0.5
100
AcDbPolyline
 90
4
 70
1
 10
-160.0
 20
-359.9999999996508
 10
-160.0
 20
-369.9999999996508
 10
-170.0
 20
-369.9999999996508
 10
-170.0
 20
-359.9999999996508
  0
LWPOLYLINE
  5
BF
330
71
100
AcDbEntity
  8
LN-ELEVATION-4
 48
0.5
100
AcDbPolyline
 90
4
 70
1
 10
-180.0
 20
-359.9999999996508
 10
-180.0
 20
-369.9999999996508
 10
-190.0
 20
-369.9999999996508
 10
-190.0
 20
-359.9999999996508
  0
LWPOLYLINE
  5
C0
330
71
100
AcDbEntity
  8
LN-ELEVATION-4
 48
0.5
100
AcDbPolyline
 90
4
 70
1
 10
-200.0
 20
-359.9999999996508
 10
-200.0
 20
-369.9999999996508
 10
-210.0
 20
-369.9999999996508
 10
-210.0
 20
-359.9999999996508
  0
LWPOLYLINE
  5
C1
330
71
100
AcDbEntity
  8
LN-ELEVATION-4
 48
0.5
100
AcDbPolyline
 90
4
 70
1
 10
-220.0
 20
-359.9999999996508
 10
-220.0
 20
-369.9999999996508
 10
-230.0
 20
-369.9999999996508
 10
-230.0
 20
-359.9999999996508
  0
LWPOLYLINE
  5
C2
330
71
100
AcDbEntity
  8
LN-ELEVATION-4
 48
0.5
100
AcDbPolyline
 90
4
 70
1
 10
-240.0
 20
-359.9999999996508
 10
-240.0
 20
-369.9999999996508
 10
-250.0
 20
-369.9999999996508
 10
-250.0
 20
-359.9999999996508
  0
LWPOLYLINE
  5
C3
330
71
100
AcDbEntity
  8
LN-ELEVATION-4
 48
0.5
100
AcDbPolyline
 90
4
 70
1
 10
-260.0
 20
-359.9999999996508
 10
-260.0
 20
-369.9999999996508
 10
-270.0
 20
-369.9999999996508
 10
-270.0
 20
-359.9999999996508
  0
LWPOLYLINE
  5
C4
330
71
100
AcDbEntity
  8
LN-ELEVATION-4
 48
0.5
100
AcDbPolyline
 90
4
 70
1
 10
-280.0
 20
-359.9999999996508
 10
-280.0
 20
-369.9999999996508
 10
-290.0
 20
-369.9999999996508
 10
-290.0
 20
-359.9999999996508
  0
LWPOLYLINE
  5
C5
330
71
100
AcDbEntity
  8
LN-ELEVATION-4
 48
0.5
100
AcDbPolyline
 90
4
 70
1
 10
-300.0
 20
-359.9999999996508
 10
-300.0
 20
-369.9999999996508
 10
-310.0
 20
-369.9999999996508
 10
-310.0
 20
-359.9999999996508
  0
LWPOLYLINE
  5
C6
330
71
100
AcDbEntity
  8
LN-ELEVATION-4
 48
0.5
100
AcDbPolyline
 90
4
 70
1
 10
-320.0
 20
-359.9999999996508
 10
-320.0
 20
-369.9999999996508
 10
-330.0
 20
-369.9999999996508
 10
-330.0
 20
-359.9999999996508
  0
LWPOLYLINE
  5
C7
330
71
100
AcDbEntity
  8
LN-ELEVATION-4
 48
0.5
100
AcDbPolyline
 90
4
 70
1
 10
-340.0
 20
-359.9999999996508
 10
-340.0
 20
-369.9999999996508
 10
-350.0
 20
-369.9999999996508
 10
-350.0
 20
-359.9999999996508
  0
LWPOLYLINE
  5
C8
330
71
100
AcDbEntity
  8
LN-ELEVATION-4
 48
0.5
100
AcDbPolyline
 90
4
 70
1
 10
-360.0
 20
-359.9999999996508
 10
-360.0
 20
-369.9999999996508
 10
-370.0
 20
-369.9999999996508
 10
-370.0
 20
-359.9999999996508
  0
LWPOLYLINE
  5
C9
330
71
100
AcDbEntity
  8
LN-ELEVATION-4
 48
0.5
100
AcDbPolyline
 90
4
 70
1
 10
-380.0
 20
-359.9999999996508
 10
-380.0
 20
-369.9999999996508
 10
-390.0
 20
-369.9999999996508
 10
-390.0
 20
-359.9999999996508
  0
LWPOLYLINE
  5
CA
330
71
100
AcDbEntity
  8
LN-ELEVATION-4
 48
0.5
100
AcDbPolyline
 90
4
 70
1
 10
-400.0
 20
-359.9999999996508
 10
-400.0
 20
-369.9999999996508
 10
-410.0
 20
-369.9999999996508
 10
-410.0
 20
-359.9999999996508
  0
LWPOLYLINE
  5
CB
330
71
100
AcDbEntity
  8
LN-ELEVATION-4
 48
0.5
100
AcDbPolyline
 90
4
 70
1
 10
-420.0
 20
-359.9999999996508
 10
-420.0
 20
-369.9999999996508
 10
-430.0
 20
-369.9999999996508
 10
-430.0
 20
-359.9999999996508
  0
LWPOLYLINE
  5
CC
330
71
100
AcDbEntity
  8
LN-ELEVATION-4
 48
0.5
100
AcDbPolyline
 90
4
 70
1
 10
-440.0
 20
-359.9999999996508
 10
-440.0
 20
-369.9999999996508
 10
-450.0
 20
-369.9999999996508
 10
-450.0
 20
-359.9999999996508
  0
LWPOLYLINE
  5
CD
330
71
100
AcDbEntity
  8
LN-ELEVATION-4
 48
0.5
100
AcDbPolyline
 90
4
 70
1
 10
-440.0
 20
-120.0000000003492
 10
-450.0
 20
-120.0000000003492
 10
-450.0
 20
-130.0000000003492
 10
-440.0
 20
-130.0000000003492
  0
LWPOLYLINE
  5
CE
330
71
100
AcDbEntity
  8
LN-ELEVATION-4
 48
0.5
100
AcDbPolyline
 90
4
 70
1
 10
-440.0
 20
-140.0000000003492
 10
-450.0
 20
-140.0000000003492
 10
-450.0
 20
-150.0000000003492
 10
-440.0
 20
-150.0000000003492
  0
LWPOLYLINE
  5
CF
330
71
100
AcDbEntity
  8
LN-ELEVATION-4
 48
0.5
100
AcDbPolyline
 90
4
 70
1
 10
-440.0
 20
-160.0000000003492
 10
-450.0
 20
-160.0000000003492
 10
-450.0
 20
-170.0000000003492
 10
-440.0
 20
-170.0000000003492
  0
LWPOLYLINE
  5
D0
330
71
100
AcDbEntity
  8
LN-ELEVATION-4
 48
0.5
100
AcDbPolyline
 90
4
 70
1
 10
-440.0
 20
-180.0000000003492
 10
-450.0
 20
-180.0000000003492
 10
-450.0
 20
-190.0000000003492
 10
-440.0
 20
-190.0000000003492
  0
LWPOLYLINE
  5
D1
330
71
100
AcDbEntity
  8
LN-ELEVATION-4
 48
0.5
100
AcDbPolyline
 90
4
 70
1
 10
-440.0
 20
-200.0000000003492
 10
-450.0
 20
-200.0000000003492
 10
-450.0
 20
-210.0000000003492
 10
-440.0
 20
-210.0000000003492
  0
LWPOLYLINE
  5
D2
330
71
100
AcDbEntity
  8
LN-ELEVATION-4
 48
0.5
100
AcDbPolyline
 90
4
 70
1
 10
-440.0
 20
-220.0000000003492
 10
-450.0
 20
-220.0000000003492
 10
-450.0
 20
-230.0000000003492
 10
-440.0
 20
-230.0000000003492
  0
LWPOLYLINE
  5
D3
330
71
100
AcDbEntity
  8
LN-ELEVATION-4
 48
0.5
100
AcDbPolyline
 90
4
 70
1
 10
-440.0
 20
-240.0000000003492
 10
-450.0
 20
-240.0000000003492
 10
-450.0
 20
-250.0000000003492
 10
-440.0
 20
-250.0000000003492
  0
LWPOLYLINE
  5
D4
330
71
100
AcDbEntity
  8
LN-ELEVATION-4
 48
0.5
100
AcDbPolyline
 90
4
 70
1
 10
-440.0
 20
-260.0000000003492
 10
-450.0
 20
-260.0000000003492
 10
-450.0
 20
-270.0000000003492
 10
-440.0
 20
-270.0000000003492
  0
LWPOLYLINE
  5
D5
330
71
100
AcDbEntity
  8
LN-ELEVATION-4
 48
0.5
100
AcDbPolyline
 90
4
 70
1
 10
-440.0
 20
-280.0000000003492
 10
-450.0
 20
-280.0000000003492
 10
-450.0
 20
-290.0000000003492
 10
-440.0
 20
-290.0000000003492
  0
LWPOLYLINE
  5
D6
330
71
100
AcDbEntity
  8
LN-ELEVATION-4
 48
0.5
100
AcDbPolyline
 90
4
 70
1
 10
-440.0
 20
-300.0000000003492
 10
-450.0
 20
-300.0000000003492
 10
-450.0
 20
-310.0000000003492
 10
-440.0
 20
-310.0000000003492
  0
LWPOLYLINE
  5
D7
330
71
100
AcDbEntity
  8
LN-ELEVATION-4
 48
0.5
100
AcDbPolyline
 90
4
 70
1
 10
-440.0
 20
-320.0000000003492
 10
-450.0
 20
-320.0000000003492
 10
-450.0
 20
-330.0000000003492
 10
-440.0
 20
-330.0000000003492
  0
LWPOLYLINE
  5
D8
330
71
100
AcDbEntity
  8
LN-ELEVATION-4
 48
0.5
100
AcDbPolyline
 90
4
 70
1
 10
-440.0
 20
-340.0000000003492
 10
-450.0
 20
-340.0000000003492
 10
-450.0
 20
-350.0000000003492
 10
-440.0
 20
-350.0000000003492
  0
LWPOLYLINE
  5
D9
330
71
100
AcDbEntity
  8
LN-ELEVATION-4
 48
0.5
100
AcDbPolyline
 90
4
 70
1
 10
-440.0
 20
119.9999999989523
 10
-450.0
 20
119.9999999989523
 10
-450.0
 20
109.9999999989523
 10
-440.0
 20
109.9999999989523
  0
LWPOLYLINE
  5
DA
330
71
100
AcDbEntity
  8
LN-ELEVATION-4
 48
0.5
100
AcDbPolyline
 90
4
 70
1
 10
-440.0
 20
99.99999999895228
 10
-450.0
 20
99.99999999895228
 10
-450.0
 20
89.99999999895228
 10
-440.0
 20
89.99999999895228
  0
LWPOLYLINE
  5
DB
330
71
100
AcDbEntity
  8
LN-ELEVATION-4
 48
0.5
100
AcDbPolyline
 90
4
 70
1
 10
-440.0
 20
79.99999999895226
 10
-450.0
 20
79.99999999895226
 10
-450.0
 20
69.99999999895226
 10
-440.0
 20
69.99999999895226
  0
LWPOLYLINE
  5
DC
330
71
100
AcDbEntity
  8
LN-ELEVATION-4
 48
0.5
100
AcDbPolyline
 90
4
 70
1
 10
-440.0
 20
59.99999999895226
 10
-450.0
 20
59.99999999895226
 10
-450.0
 20
49.99999999895226
 10
-440.0
 20
49.99999999895226
  0
LWPOLYLINE
  5
DD
330
71
100
AcDbEntity
  8
LN-ELEVATION-4
 48
0.5
100
AcDbPolyline
 90
4
 70
1
 10
-440.0
 20
39.99999999895226
 10
-450.0
 20
39.99999999895226
 10
-450.0
 20
29.99999999895226
 10
-440.0
 20
29.99999999895226
  0
LWPOLYLINE
  5
DE
330
71
100
AcDbEntity
  8
LN-ELEVATION-4
 48
0.5
100
AcDbPolyline
 90
4
 70
1
 10
-440.0
 20
19.99999999895226
 10
-450.0
 20
19.99999999895226
 10
-450.0
 20
9.99999999895226
 10
-440.0
 20
9.99999999895226
  0
LWPOLYLINE
  5
DF
330
71
100
AcDbEntity
  8
LN-ELEVATION-4
 48
0.5
100
AcDbPolyline
 90
4
 70
1
 10
-440.0
 20
-1.0477379e-09
 10
-450.0
 20
-1.0477379e-09
 10
-450.0
 20
-10.00000000104774
 10
-440.0
 20
-10.00000000104774
  0
LWPOLYLINE
  5
E0
330
71
100
AcDbEntity
  8
LN-ELEVATION-4
 48
0.5
100
AcDbPolyline
 90
4
 70
1
 10
-440.0
 20
-20.00000000104774
 10
-450.0
 20
-20.00000000104774
 10
-450.0
 20
-30.00000000104774
 10
-440.0
 20
-30.00000000104774
  0
LWPOLYLINE
  5
E1
330
71
100
AcDbEntity
  8
LN-ELEVATION-4
 48
0.5
100
AcDbPolyline
 90
4
 70
1
 10
-440.0
 20
-40.00000000104772
 10
-450.0
 20
-40.00000000104772
 10
-450.0
 20
-50.00000000104774
 10
-440.0
 20
-50.00000000104774
  0
LWPOLYLINE
  5
E2
330
71
100
AcDbEntity
  8
LN-ELEVATION-4
 48
0.5
100
AcDbPolyline
 90
4
 70
1
 10
-440.0
 20
-60.00000000104774
 10
-450.0
 20
-60.00000000104774
 10
-450.0
 20
-70.00000000104772
 10
-440.0
 20
-70.00000000104772
  0
LWPOLYLINE
  5
E3
330
71
100
AcDbEntity
  8
LN-ELEVATION-4
 48
0.5
100
AcDbPolyline
 90
4
 70
1
 10
-440.0
 20
-80.00000000104774
 10
-450.0
 20
-80.00000000104774
 10
-450.0
 20
-90.00000000104772
 10
-440.0
 20
-90.00000000104772
  0
LWPOLYLINE
  5
E4
330
71
100
AcDbEntity
  8
LN-ELEVATION-4
 48
0.5
100
AcDbPolyline
 90
4
 70
1
 10
-440.0
 20
-100.0000000010477
 10
-450.0
 20
-100.0000000010477
 10
-450.0
 20
-110.0000000010477
 10
-440.0
 20
-110.0000000010477
  0
LWPOLYLINE
  5
E5
330
71
100
AcDbEntity
  8
LN-ELEVATION-4
 48
0.5
100
AcDbPolyline
 90
4
 70
1
 10
-440.0
 20
359.9999999982538
 10
-450.0
 20
359.9999999982538
 10
-450.0
 20
349.9999999982538
 10
-440.0
 20
349.9999999982538
  0
LWPOLYLINE
  5
E6
330
71
100
AcDbEntity
  8
LN-ELEVATION-4
 48
0.5
100
AcDbPolyline
 90
4
 70
1
 10
-440.0
 20
339.9999999982538
 10
-450.0
 20
339.9999999982538
 10
-450.0
 20
329.9999999982538
 10
-440.0
 20
329.9999999982538
  0
LWPOLYLINE
  5
E7
330
71
100
AcDbEntity
  8
LN-ELEVATION-4
 48
0.5
100
AcDbPolyline
 90
4
 70
1
 10
-440.0
 20
319.9999999982538
 10
-450.0
 20
319.9999999982538
 10
-450.0
 20
309.9999999982538
 10
-440.0
 20
309.9999999982538
  0
LWPOLYLINE
  5
E8
330
71
100
AcDbEntity
  8
LN-ELEVATION-4
 48
0.5
100
AcDbPolyline
 90
4
 70
1
 10
-440.0
 20
299.9999999982538
 10
-450.0
 20
299.9999999982538
 10
-450.0
 20
289.9999999982538
 10
-440.0
 20
289.9999999982538
  0
LWPOLYLINE
  5
E9
330
71
100
AcDbEntity
  8
LN-ELEVATION-4
 48
0.5
100
AcDbPolyline
 90
4
 70
1
 10
-440.0
 20
279.9999999982538
 10
-450.0
 20
279.9999999982538
 10
-450.0
 20
269.9999999982538
 10
-440.0
 20
269.9999999982538
  0
LWPOLYLINE
  5
EA
330
71
100
AcDbEntity
  8
LN-ELEVATION-4
 48
0.5
100
AcDbPolyline
 90
4
 70
1
 10
-440.0
 20
259.9999999982538
 10
-450.0
 20
259.9999999982538
 10
-450.0
 20
249.9999999982538
 10
-440.0
 20
249.9999999982538
  0
LWPOLYLINE
  5
EB
330
71
100
AcDbEntity
  8
LN-ELEVATION-4
 48
0.5
100
AcDbPolyline
 90
4
 70
1
 10
-440.0
 20
239.9999999982538
 10
-450.0
 20
239.9999999982538
 10
-450.0
 20
229.9999999982538
 10
-440.0
 20
229.9999999982538
  0
LWPOLYLINE
  5
EC
330
71
100
AcDbEntity
  8
LN-ELEVATION-4
 48
0.5
100
AcDbPolyline
 90
4
 70
1
 10
-440.0
 20
219.9999999982538
 10
-450.0
 20
219.9999999982538
 10
-450.0
 20
209.9999999982538
 10
-440.0
 20
209.9999999982538
  0
LWPOLYLINE
  5
ED
330
71
100
AcDbEntity
  8
LN-ELEVATION-4
 48
0.5
100
AcDbPolyline
 90
4
 70
1
 10
-440.0
 20
199.9999999982538
 10
-450.0
 20
199.9999999982538
 10
-450.0
 20
189.9999999982538
 10
-440.0
 20
189.9999999982538
  0
LWPOLYLINE
  5
EE
330
71
100
AcDbEntity
  8
LN-ELEVATION-4
 48
0.5
100
AcDbPolyline
 90
4
 70
1
 10
-440.0
 20
179.9999999982538
 10
-450.0
 20
179.9999999982538
 10
-450.0
 20
169.9999999982538
 10
-440.0
 20
169.9999999982538
  0
LWPOLYLINE
  5
EF
330
71
100
AcDbEntity
  8
LN-ELEVATION-4
 48
0.5
100
AcDbPolyline
 90
4
 70
1
 10
-440.0
 20
159.9999999982538
 10
-450.0
 20
159.9999999982538
 10
-450.0
 20
149.9999999982538
 10
-440.0
 20
149.9999999982538
  0
LWPOLYLINE
  5
F0
330
71
100
AcDbEntity
  8
LN-ELEVATION-4
 48
0.5
100
AcDbPolyline
 90
4
 70
1
 10
-440.0
 20
139.9999999982538
 10
-450.0
 20
139.9999999982538
 10
-450.0
 20
129.9999999982538
 10
-440.0
 20
129.9999999982538
  0
LWPOLYLINE
  5
F1
330
71
100
AcDbEntity
  8
LN-ELEVATION-1
 48
0.5
100
AcDbPolyline
 90
4
 70
1
 10
420.0
 20
-209.9999999989523
 10
420.0
 20
-219.9999999989523
 10
410.0
 20
-219.9999999989523
 10
410.0
 20
-209.9999999989523
  0
LWPOLYLINE
  5
F2
330
71
100
AcDbEntity
  8
LN-ELEVATION-1
 48
0.5
100
AcDbPolyline
 90
4
 70
1
 10
400.0
 20
-209.9999999989523
 10
400.0
 20
-219.9999999989523
 10
390.0
 20
-219.9999999989523
 10
390.0
 20
-209.9999999989523
  0
LWPOLYLINE
  5
F3
330
71
100
AcDbEntity
  8
LN-ELEVATION-1
 48
0.5
100
AcDbPolyline
 90
4
 70
1
 10
380.0
 20
-209.9999999989523
 10
380.0
 20
-219.9999999989523
 10
370.0
 20
-219.9999999989523
 10
370.0
 20
-209.9999999989523
  0
LWPOLYLINE
  5
F4
330
71
100
AcDbEntity
  8
LN-ELEVATION-1
 48
0.5
100
AcDbPolyline
 90
4
 70
1
 10
360.0
 20
-209.9999999989523
 10
360.0
 20
-219.9999999989523
 10
350.0
 20
-219.9999999989523
 10
350.0
 20
-209.9999999989523
  0
LWPOLYLINE
  5
F5
330
71
100
AcDbEntity
  8
LN-ELEVATION-1
 48
0.5
100
AcDbPolyline
 90
4
 70
1
 10
340.0
 20
-209.9999999989523
 10
340.0
 20
-219.9999999989523
 10
330.0
 20
-219.9999999989523
 10
330.0
 20
-209.9999999989523
  0
LWPOLYLINE
  5
F6
330
71
100
AcDbEntity
  8
LN-ELEVATION-1
 48
0.5
100
AcDbPolyline
 90
4
 70
1
 10
320.0
 20
-209.9999999989523
 10
320.0
 20
-219.9999999989523
 10
310.0
 20
-219.9999999989523
 10
310.0
 20
-209.9999999989523
  0
LWPOLYLINE
  5
F7
330
71
100
AcDbEntity
  8
LN-ELEVATION-1
 48
0.5
100
AcDbPolyline
 90
4
 70
1
 10
300.0
 20
-209.9999999989523
 10
300.0
 20
-219.9999999989523
 10
290.0
 20
-219.9999999989523
 10
290.0
 20
-209.9999999989523
  0
LWPOLYLINE
  5
F8
330
71
100
AcDbEntity
  8
LN-ELEVATION-1
 48
0.5
100
AcDbPolyline
 90
4
 70
1
 10
280.0
 20
-209.9999999989523
 10
280.0
 20
-219.9999999989523
 10
270.0
 20
-219.9999999989523
 10
270.0
 20
-209.9999999989523
  0
LWPOLYLINE
  5
F9
330
71
100
AcDbEntity
  8
LN-ELEVATION-1
 48
0.5
100
AcDbPolyline
 90
4
 70
1
 10
260.0
 20
-209.9999999989523
 10
260.0
 20
-219.9999999989523
 10
250.0
 20
-219.9999999989523
 10
250.0
 20
-209.9999999989523
  0
LWPOLYLINE
  5
FA
330
71
100
AcDbEntity
  8
LN-ELEVATION-1
 48
0.5
100
AcDbPolyline
 90
4
 70
1
 10
240.0
 20
-209.9999999989523
 10
240.0
 20
-219.9999999989523
 10
230.0
 20
-219.9999999989523
 10
230.0
 20
-209.9999999989523
  0
LWPOLYLINE
  5
FB
330
71
100
AcDbEntity
  8
LN-ELEVATION-1
 48
0.5
100
AcDbPolyline
 90
4
 70
1
 10
220.0
 20
-209.9999999989523
 10
220.0
 20
-219.9999999989523
 10
210.0
 20
-219.9999999989523
 10
210.0
 20
-209.9999999989523
  0
LWPOLYLINE
  5
FC
330
71
100
AcDbEntity
  8
LN-ELEVATION-1
 48
0.5
100
AcDbPolyline
 90
4
 70
1
 10
200.0
 20
-209.9999999989523
 10
200.0
 20
-219.9999999989523
 10
190.0
 20
-219.9999999989523
 10
190.0
 20
-209.9999999989523
  0
LWPOLYLINE
  5
FD
330
71
100
AcDbEntity
  8
LN-ELEVATION-1
 48
0.5
100
AcDbPolyline
 90
4
 70
1
 10
180.0
 20
-209.9999999989523
 10
180.0
 20
-219.9999999989523
 10
170.0
 20
-219.9999999989523
 10
170.0
 20
-209.9999999989523
  0
LWPOLYLINE
  5
FE
330
71
100
AcDbEntity
  8
LN-ELEVATION-1
 48
0.5
100
AcDbPolyline
 90
4
 70
1
 10
160.0
 20
-209.9999999989523
 10
160.0
 20
-219.9999999989523
 10
150.0
 20
-219.9999999989523
 10
150.0
 20
-209.9999999989523
  0
LWPOLYLINE
  5
FF
330
71
100
AcDbEntity
  8
LN-ELEVATION-1
 48
0.5
100
AcDbPolyline
 90
4
 70
1
 10
140.0
 20
-209.9999999989523
 10
140.0
 20
-219.9999999989523
 10
130.0
 20
-219.9999999989523
 10
130.0
 20
-209.9999999989523
  0
LWPOLYLINE
  5
100
330
71
100
AcDbEntity
  8
LN-ELEVATION-1
 48
0.5
100
AcDbPolyline
 90
4
 70
1
 10
120.0
 20
-209.9999999989523
 10
120.0
 20
-219.9999999989523
 10
110.0
 20
-219.9999999989523
 10
110.0
 20
-209.9999999989523
  0
LWPOLYLINE
  5
101
330
71
100
AcDbEntity
  8
LN-ELEVATION-1
 48
0.5
100
AcDbPolyline
 90
4
 70
1
 10
100.0
 20
-209.9999999989523
 10
100.0
 20
-219.9999999989523
 10
90.0
 20
-219.9999999989523
 10
90.0
 20
-209.9999999989523
  0
LWPOLYLINE
  5
102
330
71
100
AcDbEntity
  8
LN-ELEVATION-1
 48
0.5
100
AcDbPolyline
 90
4
 70
1
 10
80.0
 20
-209.9999999989523
 10
80.0
 20
-219.9999999989523
 10
70.0
 20
-219.9999999989523
 10
70.0
 20
-209.9999999989523
  0
LWPOLYLINE
  5
103
330
71
100
AcDbEntity
  8
LN-ELEVATION-1
 48
0.5
100
AcDbPolyline
 90
4
 70
1
 10
60.0
 20
-209.9999999989523
 10
60.0
 20
-219.9999999989523
 10
50.0
 20
-219.9999999989523
 10
50.0
 20
-209.9999999989523
  0
LWPOLYLINE
  5
104
330
71
100
AcDbEntity
  8
LN-ELEVATION-1
 48
0.5
100
AcDbPolyline
 90
4
 70
1
 10
40.0
 20
-209.9999999989523
 10
40.0
 20
-219.9999999989523
 10
30.0
 20
-219.9999999989523
 10
30.0
 20
-209.9999999989523
  0
LWPOLYLINE
  5
105
330
71
100
AcDbEntity
  8
LN-ELEVATION-1
 48
0.5
100
AcDbPolyline
 90
4
 70
1
 10
20.0
 20
-209.9999999989523
 10
20.0
 20
-219.9999999989523
 10
10.0
 20
-219.9999999989523
 10
10.0
 20
-209.9999999989523
  0
LWPOLYLINE
  5
106
330
71
100
AcDbEntity
  8
LN-ELEVATION-1
 48
0.5
100
AcDbPolyline
 90
4
 70
1
 10
0.0
 20
-209.9999999989523
 10
0.0
 20
-219.9999999989523
 10
-10.0
 20
-219.9999999989523
 10
-10.0
 20
-209.9999999989523
  0
LWPOLYLINE
  5
107
330
71
100
AcDbEntity
  8
LN-ELEVATION-1
 48
0.5
100
AcDbPolyline
 90
4
 70
1
 10
-20.0
 20
-209.9999999989523
 10
-20.0
 20
-219.9999999989523
 10
-30.0
 20
-219.9999999989523
 10
-30.0
 20
-209.9999999989523
  0
LWPOLYLINE
  5
108
330
71
100
AcDbEntity
  8
LN-ELEVATION-1
 48
0.5
100
AcDbPolyline
 90
4
 70
1
 10
-40.0
 20
-209.9999999989523
 10
-40.0
 20
-219.9999999989523
 10
-50.0
 20
-219.9999999989523
 10
-50.0
 20
-209.9999999989523
  0
LWPOLYLINE
  5
109
330
71
100
AcDbEntity
  8
LN-ELEVATION-1
 48
0.5
100
AcDbPolyline
 90
4
 70
1
 10
-60.0
 20
-209.9999999989523
 10
-60.0
 20
-219.9999999989523
 10
-70.0
 20
-219.9999999989523
 10
-70.0
 20
-209.9999999989523
  0
LWPOLYLINE
  5
10A
330
71
100
AcDbEntity
  8
LN-ELEVATION-1
 48
0.5
100
AcDbPolyline
 90
4
 70
1
 10
-80.0
 20
-209.9999999989523
 10
-80.0
 20
-219.9999999989523
 10
-90.0
 20
-219.9999999989523
 10
-90.0
 20
-209.9999999989523
  0
LWPOLYLINE
  5
10B
330
71
100
AcDbEntity
  8
LN-ELEVATION-1
 48
0.5
100
AcDbPolyline
 90
4
 70
1
 10
-100.0
 20
-209.9999999989523
 10
-100.0
 20
-219.9999999989523
 10
-110.0
 20
-219.9999999989523
 10
-110.0
 20
-209.9999999989523
  0
LWPOLYLINE
  5
10C
330
71
100
AcDbEntity
  8
LN-ELEVATION-1
 48
0.5
100
AcDbPolyline
 90
4
 70
1
 10
-120.0
 20
-209.9999999989523
 10
-120.0
 20
-219.9999999989523
 10
-130.0
 20
-219.9999999989523
 10
-130.0
 20
-209.9999999989523
  0
LWPOLYLINE
  5
10D
330
71
100
AcDbEntity
  8
LN-ELEVATION-1
 48
0.5
100
AcDbPolyline
 90
4
 70
1
 10
-140.0
 20
-209.9999999989523
 10
-140.0
 20
-219.9999999989523
 10
-150.0
 20
-219.9999999989523
 10
-150.0
 20
-209.9999999989523
  0
LWPOLYLINE
  5
10E
330
71
100
AcDbEntity
  8
LN-ELEVATION-1
 48
0.5
100
AcDbPolyline
 90
4
 70
1
 10
-160.0
 20
-209.9999999989523
 10
-160.0
 20
-219.9999999989523
 10
-170.0
 20
-219.9999999989523
 10
-170.0
 20
-209.9999999989523
  0
LWPOLYLINE
  5
10F
330
71
100
AcDbEntity
  8
LN-ELEVATION-1
 48
0.5
100
AcDbPolyline
 90
4
 70
1
 10
-180.0
 20
-209.9999999989523
 10
-180.0
 20
-219.9999999989523
 10
-190.0
 20
-219.9999999989523
 10
-190.0
 20
-209.9999999989523
  0
LWPOLYLINE
  5
110
330
71
100
AcDbEntity
  8
LN-ELEVATION-1
 48
0.5
100
AcDbPolyline
 90
4
 70
1
 10
-200.0
 20
-209.9999999989523
 10
-200.0
 20
-219.9999999989523
 10
-210.0
 20
-219.9999999989523
 10
-210.0
 20
-209.9999999989523
  0
LWPOLYLINE
  5
111
330
71
100
AcDbEntity
  8
LN-ELEVATION-1
 48
0.5
100
AcDbPolyline
 90
4
 70
1
 10
-220.0
 20
-209.9999999989523
 10
-220.0
 20
-219.9999999989523
 10
-230.0
 20
-219.9999999989523
 10
-230.0
 20
-209.9999999989523
  0
LWPOLYLINE
  5
112
330
71
100
AcDbEntity
  8
LN-ELEVATION-1
 48
0.5
100
AcDbPolyline
 90
4
 70
1
 10
-240.0
 20
-209.9999999989523
 10
-240.0
 20
-219.9999999989523
 10
-250.0
 20
-219.9999999989523
 10
-250.0
 20
-209.9999999989523
  0
LWPOLYLINE
  5
113
330
71
100
AcDbEntity
  8
LN-ELEVATION-1
 48
0.5
100
AcDbPolyline
 90
4
 70
1
 10
-260.0
 20
-209.9999999989523
 10
-260.0
 20
-219.9999999989523
 10
-270.0
 20
-219.9999999989523
 10
-270.0
 20
-209.9999999989523
  0
LWPOLYLINE
  5
114
330
71
100
AcDbEntity
  8
LN-ELEVATION-1
 48
0.5
100
AcDbPolyline
 90
4
 70
1
 10
-280.0
 20
-209.9999999989523
 10
-280.0
 20
-219.9999999989523
 10
-290.0
 20
-219.9999999989523
 10
-290.0
 20
-209.9999999989523
  0
LWPOLYLINE
  5
115
330
71
100
AcDbEntity
  8
LN-ELEVATION-1
 48
0.5
100
AcDbPolyline
 90
4
 70
1
 10
-300.0
 20
-209.9999999989523
 10
-300.0
 20
-219.9999999989523
 10
-310.0
 20
-219.9999999989523
 10
-310.0
 20
-209.9999999989523
  0
LWPOLYLINE
  5
116
330
71
100
AcDbEntity
  8
LN-ELEVATION-1
 48
0.5
100
AcDbPolyline
 90
4
 70
1
 10
-320.0
 20
-209.9999999989523
 10
-320.0
 20
-219.9999999989523
 10
-330.0
 20
-219.9999999989523
 10
-330.0
 20
-209.9999999989523
  0
LWPOLYLINE
  5
117
330
71
100
AcDbEntity
  8
LN-ELEVATION-1
 48
0.5
100
AcDbPolyline
 90
4
 70
1
 10
-340.0
 20
-209.9999999989523
 10
-340.0
 20
-219.9999999989523
 10
-350.0
 20
-219.9999999989523
 10
-350.0
 20
-209.9999999989523
  0
LWPOLYLINE
  5
118
330
71
100
AcDbEntity
  8
LN-ELEVATION-1
 48
0.5
100
AcDbPolyline
 90
4
 70
1
 10
-360.0
 20
-209.9999999989523
 10
-360.0
 20
-219.9999999989523
 10
-370.0
 20
-219.9999999989523
 10
-370.0
 20
-209.9999999989523
  0
LWPOLYLINE
  5
119
330
71
100
AcDbEntity
  8
LN-ELEVATION-1
 48
0.5
100
AcDbPolyline
 90
4
 70
1
 10
-380.0
 20
-209.9999999989523
 10
-380.0
 20
-219.9999999989523
 10
-390.0
 20
-219.9999999989523
 10
-390.0
 20
-209.9999999989523
  0
LWPOLYLINE
  5
11A
330
71
100
AcDbEntity
  8
LN-ELEVATION-1
 48
0.5
100
AcDbPolyline
 90
4
 70
1
 10
-400.0
 20
-209.9999999989523
 10
-400.0
 20
-219.9999999989523
 10
-410.0
 20
-219.9999999989523
 10
-410.0
 20
-209.9999999989523
  0
LWPOLYLINE
  5
11B
330
71
100
AcDbEntity
  8
LN-ELEVATION-1
 48
0.5
100
AcDbPolyline
 90
4
 70
1
 10
410.0
 20
49.99999999965075
 10
420.0
 20
49.99999999965075
 10
420.0
 20
39.99999999965075
 10
410.0
 20
39.99999999965075
  0
LWPOLYLINE
  5
11C
330
71
100
AcDbEntity
  8
LN-ELEVATION-1
 48
0.5
100
AcDbPolyline
 90
4
 70
1
 10
410.0
 20
29.99999999965075
 10
420.0
 20
29.99999999965075
 10
420.0
 20
19.99999999965075
 10
410.0
 20
19.99999999965075
  0
LWPOLYLINE
  5
11D
330
71
100
AcDbEntity
  8
LN-ELEVATION-1
 48
0.5
100
AcDbPolyline
 90
4
 70
1
 10
410.0
 20
9.999999999650754
 10
420.0
 20
9.999999999650754
 10
420.0
 20
-3.49246e-10
 10
410.0
 20
-3.49246e-10
  0
LWPOLYLINE
  5
11E
330
71
100
AcDbEntity
  8
LN-ELEVATION-1
 48
0.5
100
AcDbPolyline
 90
4
 70
1
 10
410.0
 20
-10.00000000034925
 10
420.0
 20
-10.00000000034925
 10
420.0
 20
-20.00000000034925
 10
410.0
 20
-20.00000000034925
  0
LWPOLYLINE
  5
11F
330
71
100
AcDbEntity
  8
LN-ELEVATION-1
 48
0.5
100
AcDbPolyline
 90
4
 70
1
 10
410.0
 20
-30.00000000034925
 10
420.0
 20
-30.00000000034925
 10
420.0
 20
-40.00000000034925
 10
410.0
 20
-40.00000000034925
  0
LWPOLYLINE
  5
120
330
71
100
AcDbEntity
  8
LN-ELEVATION-1
 48
0.5
100
AcDbPolyline
 90
4
 70
1
 10
410.0
 20
-50.00000000034925
 10
420.0
 20
-50.00000000034925
 10
420.0
 20
-60.00000000034925
 10
410.0
 20
-60.00000000034925
  0
LWPOLYLINE
  5
121
330
71
100
AcDbEntity
  8
LN-ELEVATION-1
 48
0.5
100
AcDbPolyline
 90
4
 70
1
 10
410.0
 20
-70.00000000034926
 10
420.0
 20
-70.00000000034926
 10
420.0
 20
-80.00000000034926
 10
410.0
 20
-80.00000000034926
  0
LWPOLYLINE
  5
122
330
71
100
AcDbEntity
  8
LN-ELEVATION-1
 48
0.5
100
AcDbPolyline
 90
4
 70
1
 10
410.0
 20
-90.00000000034927
 10
420.0
 20
-90.00000000034927
 10
420.0
 20
-100.0000000003492
 10
410.0
 20
-100.0000000003492
  0
LWPOLYLINE
  5
123
330
71
100
AcDbEntity
  8
LN-ELEVATION-1
 48
0.5
100
AcDbPolyline
 90
4
 70
1
 10
410.0
 20
-110.0000000003492
 10
420.0
 20
-110.0000000003492
 10
420.0
 20
-120.0000000003492
 10
410.0
 20
-120.0000000003492
  0
LWPOLYLINE
  5
124
330
71
100
AcDbEntity
  8
LN-ELEVATION-1
 48
0.5
100
AcDbPolyline
 90
4
 70
1
 10
410.0
 20
-130.0000000003492
 10
420.0
 20
-130.0000000003492
 10
420.0
 20
-140.0000000003492
 10
410.0
 20
-140.0000000003492
  0
LWPOLYLINE
  5
125
330
71
100
AcDbEntity
  8
LN-ELEVATION-1
 48
0.5
100
AcDbPolyline
 90
4
 70
1
 10
410.0
 20
-150.0000000003492
 10
420.0
 20
-150.0000000003492
 10
420.0
 20
-160.0000000003492
 10
410.0
 20
-160.0000000003492
  0
LWPOLYLINE
  5
126
330
71
100
AcDbEntity
  8
LN-ELEVATION-1
 48
0.5
100
AcDbPolyline
 90
4
 70
1
 10
410.0
 20
-170.0000000003492
 10
420.0
 20
-170.0000000003492
 10
420.0
 20
-180.0000000003492
 10
410.0
 20
-180.0000000003492
  0
LWPOLYLINE
  5
127
330
71
100
AcDbEntity
  8
LN-ELEVATION-1
 48
0.5
100
AcDbPolyline
 90
4
 70
1
 10
410.0
 20
-190.0000000003492
 10
420.0
 20
-190.0000000003492
 10
420.0
 20
-200.0000000003492
 10
410.0
 20
-200.0000000003492
  0
LWPOLYLINE
  5
128
330
71
100
AcDbEntity
  8
LN-ELEVATION-1
 48
0.5
100
AcDbPolyline
 90
4
 70
1
 10
-410.0
 20
39.99999999965075
 10
-420.0
 20
39.99999999965075
 10
-420.0
 20
29.99999999965075
 10
-410.0
 20
29.99999999965075
  0
LWPOLYLINE
  5
129
330
71
100
AcDbEntity
  8
LN-ELEVATION-1
 48
0.5
100
AcDbPolyline
 90
4
 70
1
 10
-410.0
 20
19.99999999965075
 10
-420.0
 20
19.99999999965075
 10
-420.0
 20
9.999999999650754
 10
-410.0
 20
9.999999999650754
  0
LWPOLYLINE
  5
12A
330
71
100
AcDbEntity
  8
LN-ELEVATION-1
 48
0.5
100
AcDbPolyline
 90
4
 70
1
 10
-410.0
 20
-3.49246e-10
 10
-420.0
 20
-3.49246e-10
 10
-420.0
 20
-10.00000000034925
 10
-410.0
 20
-10.00000000034925
  0
LWPOLYLINE
  5
12B
330
71
100
AcDbEntity
  8
LN-ELEVATION-1
 48
0.5
100
AcDbPolyline
 90
4
 70
1
 10
-410.0
 20
-20.00000000034925
 10
-420.0
 20
-20.00000000034925
 10
-420.0
 20
-30.00000000034925
 10
-410.0
 20
-30.00000000034925
  0
LWPOLYLINE
  5
12C
330
71
100
AcDbEntity
  8
LN-ELEVATION-1
 48
0.5
100
AcDbPolyline
 90
4
 70
1
 10
-410.0
 20
-40.00000000034925
 10
-420.0
 20
-40.00000000034925
 10
-420.0
 20
-50.00000000034925
 10
-410.0
 20
-50.00000000034925
  0
LWPOLYLINE
  5
12D
330
71
100
AcDbEntity
  8
LN-ELEVATION-1
 48
0.5
100
AcDbPolyline
 90
4
 70
1
 10
-410.0
 20
-60.00000000034925
 10
-420.0
 20
-60.00000000034925
 10
-420.0
 20
-70.00000000034926
 10
-410.0
 20
-70.00000000034926
  0
LWPOLYLINE
  5
12E
330
71
100
AcDbEntity
  8
LN-ELEVATION-1
 48
0.5
100
AcDbPolyline
 90
4
 70
1
 10
-410.0
 20
-80.00000000034926
 10
-420.0
 20
-80.00000000034926
 10
-420.0
 20
-90.00000000034927
 10
-410.0
 20
-90.00000000034927
  0
LWPOLYLINE
  5
12F
330
71
100
AcDbEntity
  8
LN-ELEVATION-1
 48
0.5
100
AcDbPolyline
 90
4
 70
1
 10
-410.0
 20
-100.0000000003492
 10
-420.0
 20
-100.0000000003492
 10
-420.0
 20
-110.0000000003492
 10
-410.0
 20
-110.0000000003492
  0
LWPOLYLINE
  5
130
330
71
100
AcDbEntity
  8
LN-ELEVATION-1
 48
0.5
100
AcDbPolyline
 90
4
 70
1
 10
-410.0
 20
-120.0000000003492
 10
-420.0
 20
-120.0000000003492
 10
-420.0
 20
-130.0000000003492
 10
-410.0
 20
-130.0000000003492
  0
LWPOLYLINE
  5
131
330
71
100
AcDbEntity
  8
LN-ELEVATION-1
 48
0.5
100
AcDbPolyline
 90
4
 70
1
 10
-410.0
 20
-140.0000000003492
 10
-420.0
 20
-140.0000000003492
 10
-420.0
 20
-150.0000000003492
 10
-410.0
 20
-150.0000000003492
  0
LWPOLYLINE
  5
132
330
71
100
AcDbEntity
  8
LN-ELEVATION-1
 48
0.5
100
AcDbPolyline
 90
4
 70
1
 10
-410.0
 20
-160.0000000003492
 10
-420.0
 20
-160.0000000003492
 10
-420.0
 20
-170.0000000003492
 10
-410.0
 20
-170.0000000003492
  0
LWPOLYLINE
  5
133
330
71
100
AcDbEntity
  8
LN-ELEVATION-1
 48
0.5
100
AcDbPolyline
 90
4
 70
1
 10
-410.0
 20
-180.0000000003492
 10
-420.0
 20
-180.0000000003492
 10
-420.0
 20
-190.0000000003492
 10
-410.0
 20
-190.0000000003492
  0
LWPOLYLINE
  5
134
330
71
100
AcDbEntity
  8
LN-ELEVATION-1
 48
0.5
100
AcDbPolyline
 90
4
 70
1
 10
-410.0
 20
-200.0000000003492
 10
-420.0
 20
-200.0000000003492
 10
-420.0
 20
-210.0000000003492
 10
-410.0
 20
-210.0000000003492
  0
LWPOLYLINE
  5
135
330
71
100
AcDbEntity
  8
LN-ELEVATION-4
 48
0.5
100
AcDbPolyline
 90
4
 70
1
 10
146.6666666669771
 20
-219.9999999996508
 10
166.6666666669771
 20
-219.9999999996508
 10
166.6666666669771
 20
-339.9999999996508
 10
146.6666666669771
 20
-339.9999999996508
  0
LWPOLYLINE
  5
136
330
71
100
AcDbEntity
  8
Defpoints
100
AcDbPolyline
 90
4
 70
1
 10
-450.0
 20
-369.9999999996508
 10
450.0
 20
-369.9999999996508
 10
450.0
 20
369.9999999996508
 10
-450.0
 20
369.9999999996508
  0
ATTDEF
  5
137
330
71
100
AcDbEntity
  8
0
100
AcDbText
 10
-405.3339731184242
 20
-331.7007523537613
 30
0.0
 40
25.0
  1
900 X 740
100
AcDbAttributeDefinition
  3
W x D
  2
SIZE
 70
0
280
1
  0
ATTDEF
  5
138
330
71
100
AcDbEntity
  8
0
100
AcDbText
 10
-104.613814874494
 20
-486.5950236189528
 30
0.0
 40
100.0
  1
POS 900
 11
-104.613814874494
 21
-386.5950236189528
 31
0.0
100
AcDbAttributeDefinition
  3
TXT
  2
NAME
 70
0
 74
3
280
1
  0
ENDBLK
  5
73
330
71
100
AcDbEntity
  8
0
100
AcDbBlockEnd
  0
BLOCK
  5
13C
330
13B
100
AcDbEntity
  8
0
100
AcDbBlockBegin
  2
JJ_FIXTURE_MEDIUM_1
 70
0
 10
0.0
 20
0.0
 30
0.0
  3
JJ_FIXTURE_MEDIUM_1
  1

  0
INSERT
  5
13E
330
13B
100
AcDbEntity
  8
I-LK FF&E
100
AcDbBlockReference
  2
JJ 900
 10
911.7948143622633
 20
249.9999999999854
 30
0.0
  0
ENDBLK
  5
13D
330
13B
100
AcDbEntity
  8
0
100
AcDbBlockEnd
  0
BLOCK
  5
142
330
141
100
AcDbEntity
  8
0
100
AcDbBlockBegin
  2
jj 900
 70
0
 10
0.0
 20
0.0
 30
0.0
  3
jj 900
  1

  0
HATCH
  5
144
330
141
100
AcDbEntity
  8
LN-HATCH
 48
0.5
100
AcDbHatch
 10
0.0
 20
0.0
 30
0.0
210
0.0
220
0.0
230
1.0
  2
ANSI31
 70
0
 71
0
 91
1
 92
1
 93
8
 72
1
 10
-911.7948143622632
 20
1.45519e-11
 11
-911.7948143622632
 21
-189.9999999999854
 72
1
 10
-911.7948143622632
 20
-189.9999999999854
 11
-905.7948143622637
 21
-189.9999999999854
 72
1
 10
-905.7948143622637
 20
-189.9999999999854
 11
-905.7948143622637
 21
-199.9999999999854
 72
1
 10
-905.7948143622637
 20
-199.9999999999854
 11
-911.7948143622632
 21
-199.9999999999854
 72
1
 10
-911.7948143622632
 20
-199.9999999999854
 11
-911.7948143622632
 21
-243.9999999999855
 72
1
 10
-911.7948143622632
 20
-243.9999999999855
 11
-886.7948143622632
 21
-243.9999999999855
 72
1
 10
-886.7948143622632
 20
-243.9999999999855
 11
-886.7948143622632
 21
1.45519e-11
 72
1
 10
-886.7948143622632
 20
1.45519e-11
 11
-911.7948143622632
 21
1.45519e-11
 97
0
 75
1
 76
1
 52
0.0
 41
50.0
 77
0
 78
1
 53
45.0
 43
0.0
 44
0.0
 45
-4.419417382415921
 46
4.419417382415921
 79
0
 98
1
 10
-4097307.066417053
 20
1708580.267299229
  0
HATCH
  5
145
330
141
100
AcDbEntity
  8
LN-HATCH
 48
0.5
100
AcDbHatch
 10
0.0
 20
0.0
 30
0.0
210
0.0
220
0.0
230
1.0
  2
ANSI31
 70
0
 71
0
 91
1
 92
1
 93
4
 72
1
 10
-46.79481436226342
 20
-243.9999999999855
 11
-46.79481436226342
 21
-249.9999999999854
 72
1
 10
-46.79481436226342
 20
-249.9999999999854
 11
-11.79481436226342
 21
-249.9999999999854
 72
1
 10
-11.79481436226342
 20
-249.9999999999854
 11
-11.79481436226342
 21
-243.9999999999855
 72
1
 10
-11.79481436226342
 20
-243.9999999999855
 11
-46.79481436226342
 21
-243.9999999999855
 97
0
 75
1
 76
1
 52
0.0
 41
2.0
 77
0
 78
1
 53
45.0
 43
4208834.246730669
 44
1706614.740126447
 45
-4.490128060534575
 46
4.490128060534575
 79
0
 98
1
 10
-4097607.066417054
 20
1708580.267299229
  0
HATCH
  5
146
330
141
100
AcDbEntity
  8
LN-HATCH
 48
0.5
100
AcDbHatch
 10
0.0
 20
0.0
 30
0.0
210
0.0
220
0.0
230
1.0
  2
ANSI31
 70
0
 71
0
 91
1
 92
1
 93
8
 72
1
 10
-11.79481436226342
 20
1.45519e-11
 11
-11.79481436226342
 21
-189.9999999999854
 72
1
 10
-11.79481436226342
 20
-189.9999999999854
 11
-17.79481436226342
 21
-189.9999999999854
 72
1
 10
-17.79481436226342
 20
-189.9999999999854
 11
-17.79481436226342
 21
-199.9999999999854
 72
1
 10
-17.79481436226342
 20
-199.9999999999854
 11
-11.79481436226342
 21
-199.9999999999854
 72
1
 10
-11.79481436226342
 20
-199.9999999999854
 11
-11.79481436226342
 21
-243.9999999999855
 72
1
 10
-11.79481436226342
 20
-243.9999999999855
 11
-36.79481436226343
 21
-243.9999999999855
 72
1
 10
-36.79481436226343
 20
-243.9999999999855
 11
-36.79481436226343
 21
1.45519e-11
 72
1
 10
-36.79481436226343
 20
1.45519e-11
 11
-11.79481436226342
 21
1.45519e-11
 97
0
 75
1
 76
1
 52
0.0
 41
2.0
 77
0
 78
1
 53
45.0
 43
4208834.246730669
 44
1706614.740126447
 45
-4.490128060534575
 46
4.490128060534575
 79
0
 98
1
 10
-4097607.066417054
 20
1708580.267299229
  0
HATCH
  5
147
330
141
100
AcDbEntity
  8
LN-HATCH
 48
0.5
100
AcDbHatch
 10
0.0
 20
0.0
 30
0.0
210
0.0
220
0.0
230
1.0
  2
ANSI31
 70
0
 71
0
 91
1
 92
1
 93
4
 72
1
 10
-876.7948143622632
 20
-243.9999999999855
 11
-876.7948143622632
 21
-249.9999999999854
 72
1
 10
-876.7948143622632
 20
-249.9999999999854
 11
-911.7948143622632
 21
-249.9999999999854
 72
1
 10
-911.7948143622632
 20
-249.9999999999854
 11
-911.7948143622632
 21
-243.9999999999855
 72
1
 10
-911.7948143622632
 20
-243.9999999999855
 11
-876.7948143622632
 21
-243.9999999999855
 97
0
 75
1
 76
1
 52
0.0
 41
2.0
 77
0
 78
1
 53
45.0
 43
4209134.246730668
 44
1706614.740126447
 45
-4.490128060534575
 46
4.490128060534575
 79
0
 98
1
 10
-4097307.066417053
 20
1708580.267299229
  0
HATCH
  5
148
330
141
100
AcDbEntity
  8
LN-HATCH
 48
0.5
100
AcDbHatch
 10
0.0
 20
0.0
 30
0.0
210
0.0
220
0.0
230
1.0
  2
ANSI31
 70
0
 71
0
 91
1
 92
1
 93
4
 72
1
 10
-36.79481436224887
 20
-40.0
 11
-886.7948143622632
 21
-39.99999999998546
 72
1
 10
-886.7948143622632
 20
-39.99999999998546
 11
-886.7948143622632
 21
-33.99999999998545
 72
1
 10
-886.7948143622632
 20
-33.99999999998545
 11
-36.79481436224887
 21
-34.0
 72
1
 10
-36.79481436224887
 20
-34.0
 11
-36.79481436224887
 21
-40.0
 97
0
 75
1
 76
1
 52
0.0
 41
2.0
 77
0
 78
1
 53
45.0
 43
4209134.246730668
 44
1706614.740126447
 45
-4.490128060534575
 46
4.490128060534575
 79
0
 98
1
 10
-4097307.066417053
 20
1708580.267299229
  0
LWPOLYLINE
  5
149
330
141
100
AcDbEntity
  8
LN-ELEVATION-1
 48
0.5
100
AcDbPolyline
 90
8
 70
1
 10
-911.7948143622632
 20
1.45519e-11
 10
-911.7948143622632
 20
-189.9999999999854
 10
-905.7948143622637
 20
-189.9999999999854
 10
-905.7948143622637
 20
-199.9999999999854
 10
-911.7948143622632
 20
-199.9999999999854
 10
-911.7948143622632
 20
-243.9999999999855
 10
-886.7948143622632
 20
-243.9999999999855
 10
-886.7948143622632
 20
1.45519e-11
  0
LWPOLYLINE
  5
14A
330
141
100
AcDbEntity
  8
LN-ELEVATION-1
 48
0.5
100
AcDbPolyline
 90
8
 70
1
 10
-11.79481436226342
 20
1.45519e-11
 10
-11.79481436226342
 20
-189.9999999999854
 10
-17.79481436226342
 20
-189.9999999999854
 10
-17.79481436226342
 20
-199.9999999999854
 10
-11.79481436226342
 20
-199.9999999999854
 10
-11.79481436226342
 20
-243.9999999999855
 10
-36.79481436226343
 20
-243.9999999999855
 10
-36.79481436226343
 20
1.45519e-11
  0
LWPOLYLINE
  5
14B
330
141
100
AcDbEntity
  8
LN-ELEVATION-1
 48
0.5
100
AcDbPolyline
 90
4
 70
1
 10
-36.79481436226343
 20
-39.99999999998546
 10
-886.7948143622632
 20
-39.99999999998546
 10
-886.7948143622632
 20
-33.99999999998545
 10
-36.79481436226343
 20
-33.99999999998545
  0
LWPOLYLINE
  5
14C
330
141
100
AcDbEntity
  8
LN-ELEVATION-1
 48
0.5
100
AcDbPolyline
 90
4
 70
1
 10
-876.7948143622632
 20
-243.9999999999855
 10
-876.7948143622632
 20
-249.9999999999854
 10
-911.7948143622632
 20
-249.9999999999854
 10
-911.7948143622632
 20
-243.9999999999855
  0
LWPOLYLINE
  5
14D
330
141
100
AcDbEntity
  8
LN-ELEVATION-1
 48
0.5
100
AcDbPolyline
 90
4
 70
1
 10
-46.79481436226342
 20
-243.9999999999855
 10
-46.79481436226342
 20
-249.9999999999854
 10
-11.79481436226342
 20
-249.9999999999854
 10
-11.79481436226342
 20
-243.9999999999855
  0
LINE
  5
14E
330
141
100
AcDbEntity
  8
LN-ELEVATION-3
 48
0.5
100
AcDbLine
 10
-46.79481436226342
 20
-249.9999999999854
 30
0.0
 11
-876.7948143622632
 21
-249.9999999999854
 31
0.0
  0
LINE
  5
14F
330
141
100
AcDbEntity
  8
LN-ELEVATION-3
 48
0.5
100
AcDbLine
 10
-876.7948143622632
 20
-243.9999999999855
 30
0.0
 11
-46.79481436226342
 21
-243.9999999999855
 31
0.0
  0
LWPOLYLINE
  5
150
330
141
100
AcDbEntity
  8
LN-ELEVATION-4
  6
ACAD_ISO03W100
 48
0.05
100
AcDbPolyline
 90
4
 70
1
 10
-886.7948143622632
 20
-219.9999999999854
 10
-36.79481436226343
 20
-219.9999999999854
 10
-36.79481436226343
 20
-231.9999999999855
 10
-886.7948143622632
 20
-231.9999999999855
  0
LINE
  5
151
330
141
100
AcDbEntity
  8
LN-ELEVATION-3
 48
0.5
100
AcDbLine
 10
-886.7948143622632
 20
1.45519e-11
 30
0.0
 11
-36.79481436226343
 21
1.45519e-11
 31
0.0
  0
ENDBLK
  5
143
330
141
100
AcDbEntity
  8
0
100
AcDbBlockEnd
  0
BLOCK
  5
155
330
154
100
AcDbEntity
  8
0
100
AcDbBlockBegin
  2
LENSBAR_1
 70
0
 10
0.0
 20
0.0
 30
0.0
  3
LENSBAR_1
  1

  0
INSERT
  5
157
330
154
100
AcDbEntity
  8
I-LK FF&E
100
AcDbBlockReference
  2
LENSBAR
 10
-4.547e-13
 20
-2.91038e-11
 30
0.0
  0
MTEXT
  5
159
102
{ACAD_XDICTIONARY
360
15A
102
}
330
154
100
AcDbEntity
  8
I-LK TEXT
  6
Continuous
 62
0
 48
3.0
100
AcDbMText
 10
1162.022592768073
 20
705.1051356587304
 30
0.0
 40
100.0
 41
783.9636358173434
 46
0.0
 71
5
 72
5
  1
\pxql;LENSBAR
  7
LK TXT
  0
ENDBLK
  5
156
330
154
100
AcDbEntity
  8
0
100
AcDbBlockEnd
  0
BLOCK
  5
15D
330
15C
100
AcDbEntity
  8
0
100
AcDbBlockBegin
  2
ipad
 70
0
 10
0.0
 20
0.0
 30
0.0
  3
ipad
  1

  0
LWPOLYLINE
  5
15F
330
15C
100
AcDbEntity
  8
0
  6
Continuous
 62
3
100
AcDbPolyline
 90
8
 70
1
 10
357868.7410323085
 20
-232321.1361381283
 10
358122.7410323085
 20
-232321.1361381283
 42
0.4142135623713902
 10
358132.7410323086
 20
-232311.1361381283
 10
358132.7410323086
 20
-232129.1361381283
 42
0.4142135623713902
 10
358122.7410323085
 20
-232119.1361381283
 10
357868.7410323085
 20
-232119.1361381283
 42
0.4142135623713902
 10
357858.7410323085
 20
-232129.1361381283
 10
357858.7410323085
 20
-232311.1361381283
 42
0.4142135623713902
  0
LWPOLYLINE
  5
160
330
15C
100
AcDbEntity
  8
0
  6
Continuous
 62
3
370
25
100
AcDbPolyline
 90
8
 70
1
 10
358113.2410323085
 20
-232229.6755301424
 10
358113.2410323085
 20
-232302.1361381283
 10
357878.2410323086
 20
-232302.1361381283
 10
357878.2410323086
 20
-232138.1361381283
 10
358113.2410323085
 20
-232138.1361381283
 10
358113.2410323085
 20
-232210.5967461141
 42
0.3275382217372251
 10
358114.6410323081
 20
-232212.5046245168
 42
-0.733799385757267
 10
358114.6410323086
 20
-232227.7676517396
 42
0.3275382217372252
  0
ENDBLK
  5
15E
330
15C
100
AcDbEntity
  8
0
100
AcDbBlockEnd
  0
BLOCK
  5
162
330
161
100
AcDbEntity
  8
0
100
AcDbBlockBegin
  2
lensbar
 70
0
 10
0.0
 20
0.0
 30
0.0
  3
lensbar
  1

  0
LWPOLYLINE
  5
164
330
161
100
AcDbEntity
  8
0
  6
Continuous
 62
4
100
AcDbPolyline
 90
4
 70
1
 10
731.9999999999415
 20
848.0000000000291
 10
1367.988500335196
 20
848.0000000000291
 10
1367.988500335196
 20
582.5000000000581
 10
731.9999999999415
 20
582.5000000000581
  0
LWPOLYLINE
  5
165
330
161
100
AcDbEntity
  8
0
  6
HIDDENX2
 62
5
 48
0.05
100
AcDbPolyline
 90
4
 70
1
 10
739.9999999999415
 20
840.0000000000291
 10
1359.988500335196
 20
840.0000000000291
 10
1359.988500335196
 20
590.5000000000582
 10
739.9999999999415
 20
590.5000000000582
  0
LWPOLYLINE
  5
166
330
161
100
AcDbEntity
  8
0
  6
HIDDENX2
 62
5
 48
0.05
100
AcDbPolyline
 90
4
 70
1
 10
729.9999999999417
 20
850.0000000000291
 10
1369.988500335196
 20
850.0000000000291
 10
1369.988500335196
 20
570.500000000058
 10
729.9999999999417
 20
570.500000000058
  0
LWPOLYLINE
  5
167
330
161
100
AcDbEntity
  8
LN-ELEVATION-1
100
AcDbPolyline
 90
4
 70
1
 10
50.0
 20
441.5000000000291
 10
2050.0
 20
441.5
 10
2050.0
 20
458.4999999999998
 10
50.0
 20
458.5000000000291
  0
LWPOLYLINE
  5
168
330
161
100
AcDbEntity
  8
LN-ELEVATION-1
100
AcDbPolyline
 90
4
 70
1
 10
2100.0
 20
458.5000000000291
 10
0.0
 20
458.5000000000291
 10
0.0
 20
441.5000000000291
 10
2100.0
 20
441.5000000000291
  0
LWPOLYLINE
  5
169
330
161
100
AcDbEntity
  8
LN-ELEVATION-2
100
AcDbPolyline
 90
8
 70
1
 10
50.0
 20
2.91038e-11
 10
2050.0
 20
2.91038e-11
 42
0.4142135623725836
 10
2100.0
 20
50.0000000000291
 10
2100.0
 20
850.0000000000291
 42
0.4142135623725836
 10
2050.0
 20
900.0000000000291
 10
50.0
 20
900.0000000000291
 42
0.4142135623725837
 10
0.0
 20
850.0000000000291
 10
0.0
 20
50.0000000000291
 42
0.4142135623725836
  0
LWPOLYLINE
  5
16A
330
161
100
AcDbEntity
  8
0
  6
HIDDENX2
 62
5
 48
0.05
100
AcDbPolyline
 90
4
 70
1
 10
729.9999999999417
 20
50.0000000000291
 10
1369.988500335196
 20
50.0000000000291
 10
1369.988500335196
 20
319.5000000000291
 10
729.9999999999417
 20
319.5000000000291
  0
LWPOLYLINE
  5
16B
330
161
100
AcDbEntity
  8
0
  6
HIDDENX2
 62
5
 48
0.05
100
AcDbPolyline
 90
4
 70
1
 10
739.9999999999415
 20
60.0000000000291
 10
1359.988500335196
 20
60.0000000000291
 10
1359.988500335196
 20
309.5000000000291
 10
739.9999999999415
 20
309.5000000000291
  0
LWPOLYLINE
  5
16C
330
161
100
AcDbEntity
  8
0
  6
Continuous
 62
4
100
AcDbPolyline
 90
4
 70
1
 10
731.9999999999415
 20
52.0000000000291
 10
1367.988500335196
 20
52.0000000000291
 10
1367.988500335196
 20
317.5000000000291
 10
731.9999999999415
 20
317.5000000000291
  0
INSERT
  5
16D
330
161
100
AcDbEntity
  8
0
  6
Continuous
 62
2
100
AcDbBlockReference
  2
IPAD
 10
-357629.7410323086
 20
232441.1361381283
 30
0.0
  0
INSERT
  5
16F
330
161
100
AcDbEntity
  8
LN-ELEVATION-1
100
AcDbBlockReference
  2
IPAD
 10
359729.7410323085
 20
232441.1361381283
 30
0.0
 41
-1.0
  0
INSERT
  5
171
330
161
100
AcDbEntity
  8
0
  6
Continuous
 62
2
100
AcDbBlockReference
  2
IPAD
 10
-357629.7410323086
 20
-231541.1361381283
 30
0.0
 41
-1.0
 50
180.0
  0
INSERT
  5
173
330
161
100
AcDbEntity
  8
LN-ELEVATION-1
100
AcDbBlockReference
  2
IPAD
 10
359729.7410323085
 20
-231540.6361381283
 30
0.0
 50
180.0
  0
ENDBLK
  5
163
330
161
100
AcDbEntity
  8
0
100
AcDbBlockEnd
  0
BLOCK
  5
178
330
177
100
AcDbEntity
  8
0
100
AcDbBlockBegin
  2
STORAGE_RACK_1
 70
0
 10
0.0
 20
0.0
 30
0.0
  3
STORAGE_RACK_1
  1

  0
LWPOLYLINE
  5
17A
330
177
100
AcDbEntity
  8
I-LK FF&E
100
AcDbPolyline
 90
4
 70
1
 10
900.0
 20
468.1304884285964
 10
0.0
 20
468.1304884285964
 10
0.0
 20
18.13048842859643
 10
900.0
 20
18.13048842859643
  0
MTEXT
  5
17B
102
{ACAD_XDICTIONARY
360
17C
102
}
330
177
100
AcDbEntity
  8
I-LK TEXT
  6
Continuous
 62
0
 48
3.0
100
AcDbMText
 10
-123.9123020311005
 20
354.8439654858247
 30
0.0
 40
100.0
 41
1099.486866972409
 46
0.0
 71
1
 72
5
  1
\pxqc;STORAGE \PRACK
  7
LK TXT
 11
1.0
 21
-1.1e-15
 31
0.0
1001
ACAD
1000
ACAD_MTEXT_COLUMN_INFO_BEGIN
1070
75
1070
2
1070
79
1070
0
1070
76
1070
1
1070
78
1070
0
1070
48
1040
1099.486866972409
1070
49
1040
0.9999999999999992
1070
50
1070
1
1040
0.0
1000
ACAD_MTEXT_COLUMN_INFO_END
1000
ACAD_MTEXT_COLUMNS_BEGIN
1070
47
1070
1
1000
ACAD_MTEXT_COLUMNS_END
  0
ENDBLK
  5
179
330
177
100
AcDbEntity
  8
0
100
AcDbBlockEnd
  0
BLOCK
  5
180
330
17F
100
AcDbEntity
  8
0
100
AcDbBlockBegin
  2
QC_TABLE_MEDIUM_1
 70
0
 10
0.0
 20
0.0
 30
0.0
  3
QC_TABLE_MEDIUM_1
  1

  0
LWPOLYLINE
  5
182
330
17F
100
AcDbEntity
  8
I-LK FF&E
100
AcDbPolyline
 90
4
 70
1
 10
0.0
 20
0.0
 10
900.0
 20
0.0
 10
900.0
 20
450.0
 10
0.0
 20
450.0
  0
INSERT
  5
183
330
17F
100
AcDbEntity
  8
I-LK FF&E
100
AcDbBlockReference
  2
DFGHTHRTWE
 10
450.0
 20
525.0
 30
0.0
 50
180.0
  0
MTEXT
  5
185
102
{ACAD_XDICTIONARY
360
186
102
}
330
17F
100
AcDbEntity
  8
I-LK TEXT
  6
Continuous
 62
0
 48
3.0
100
AcDbMText
 10
110.7298650645933
 20
269.3452690711715
 30
0.0
 40
100.0
 41
783.9636358173434
 46
0.0
 71
1
 72
5
  1
\pxqc;QC TABLE
  7
LK TXT
 11
1.0
 21
-1.1e-15
 31
0.0
1001
ACAD
1000
ACAD_MTEXT_COLUMN_INFO_BEGIN
1070
75
1070
2
1070
79
1070
0
1070
76
1070
1
1070
78
1070
0
1070
48
1040
783.9636358173434
1070
49
1040
0.9999999999999992
1070
50
1070
1
1040
0.0
1000
ACAD_MTEXT_COLUMN_INFO_END
1000
ACAD_MTEXT_COLUMNS_BEGIN
1070
47
1070
1
1000
ACAD_MTEXT_COLUMNS_END
  0
ENDBLK
  5
181
330
17F
100
AcDbEntity
  8
0
100
AcDbBlockEnd
  0
BLOCK
  5
18A
330
189
100
AcDbEntity
  8
0
100
AcDbBlockBegin
  2
SCREEN_55_1
 70
0
 10
0.0
 20
0.0
 30
0.0
  3
SCREEN_55_1
  1

  0
LINE
  5
18C
330
189
100
AcDbEntity
  8
I-LK IT
  6
DASHDOT2
 62
1
 48
3.0
100
AcDbLine
 10
620.5001770032977
 20
23.08002232541912
 30
0.0
 11
620.5001770032977
 21
512.096999242578
 31
0.0
  0
MTEXT
  5
18D
102
{ACAD_XDICTIONARY
360
18E
102
}
330
189
100
AcDbEntity
  8
I-LK TEXT
  6
Continuous
 62
0
 48
3.0
100
AcDbMText
 10
612.037833511683
 20
38.80457025920623
 30
0.0
 40
75.0
 41
783.9636358173434
 46
0.0
 71
5
 72
5
  1
\pxqc,t3;55" SCREEN
  7
LK TXT
  0
INSERT
  5
18F
330
189
100
AcDbEntity
  8
I-LK IT
100
AcDbBlockReference
  2
IT 55INCH TV
 10
-1134449.450467437
 20
2111972.682131715
 30
0.0
 50
270.0
  0
INSERT
  5
191
330
189
100
AcDbEntity
  8
I-LK IT
100
AcDbBlockReference
  2
IT 55INCH TV
 10
-1134449.450467437
 20
-2111437.505110139
 30
0.0
 41
-1.0
 50
270.0
  0
CIRCLE
  5
193
330
189
100
AcDbEntity
  8
I-LK IT
 62
1
100
AcDbCircle
 10
620.5001770032977
 20
267.5885107849281
 30
0.0
 40
25.0
  0
LWPOLYLINE
  5
194
330
189
100
AcDbEntity
  8
I-LK IT
100
AcDbPolyline
 90
5
 70
0
 10
633.0001770032977
 20
289.2391458802485
 10
633.0001770032977
 20
355.0034541838359
 10
608.0001770032977
 20
355.0034541838359
 10
608.0001770032977
 20
289.2391458802485
 42
-0.26794919244356
 10
633.0001770032977
 20
289.2391458802485
 42
1.0
  0
LWPOLYLINE
  5
195
330
189
100
AcDbEntity
  8
I-LK IT
100
AcDbPolyline
 90
4
 70
1
 10
670.5001770032977
 20
365.0034541838359
 10
570.5001770032977
 20
365.0034541838359
 10
570.5001770032977
 20
355.0034541838359
 10
670.5001770032977
 20
355.0034541838359
  0
LWPOLYLINE
  5
196
330
189
100
AcDbEntity
  8
I-LK IT
100
AcDbPolyline
 90
5
 70
0
 10
633.0001770032977
 20
245.9378756896185
 10
633.0001770032977
 20
180.1735673860203
 10
608.0001770032977
 20
180.1735673860203
 10
608.0001770032977
 20
245.9378756896185
 42
0.26794919244356
 10
633.0001770032977
 20
245.9378756896185
 42
-1.0
  0
LWPOLYLINE
  5
197
330
189
100
AcDbEntity
  8
I-LK IT
100
AcDbPolyline
 90
4
 70
1
 10
670.5001770032977
 20
170.1735673860203
 10
570.5001770032977
 20
170.1735673860203
 10
570.5001770032977
 20
180.1735673860203
 10
670.5001770032977
 20
180.1735673860203
  0
MTEXT
  5
198
102
{ACAD_XDICTIONARY
360
199
102
}
330
189
100
AcDbEntity
  8
I-LK TEXT
  6
Continuous
 62
0
 48
3.0
100
AcDbMText
 10
612.037833511683
 20
485.8045702592062
 30
0.0
 40
75.0
 41
783.9636358173434
 46
0.0
 71
5
 72
5
  1
\pxqc,t3;55" SCREEN
  7
LK TXT
  0
ENDBLK
  5
18B
330
189
100
AcDbEntity
  8
0
100
AcDbBlockEnd
  0
BLOCK
  5
19E
330
19D
100
AcDbEntity
  8
0
100
AcDbBlockBegin
  2
it 55inch tv
 70
0
 10
0.0
 20
0.0
 30
0.0
  3
it 55inch tv
  1

  0
LWPOLYLINE
  5
1A0
330
19D
100
AcDbEntity
  8
I-LK EQPMT
100
AcDbPolyline
 90
4
 70
1
 10
2111627.20517066
 20
1134562.665896999
 10
2111627.205337125
 20
1134600.89927008
 10
2111665.438710206
 20
1134600.899103615
 10
2111665.438543742
 20
1134562.665730534
  0
LWPOLYLINE
  5
1A1
330
19D
100
AcDbEntity
  8
I-LK EQPMT
100
AcDbPolyline
 90
4
 70
1
 10
2111631.028524615
 20
1134566.489217661
 10
2111631.028657787
 20
1134597.075916125
 10
2111661.615356252
 20
1134597.075782954
 10
2111661.61522308
 20
1134566.489084489
  0
LWPOLYLINE
  5
1A2
330
19D
100
AcDbEntity
  8
I-LK EQPMT
100
AcDbPolyline
 90
4
 70
1
 10
2111627.204187012
 20
1135577.7428048
 10
2111627.204020548
 20
1135539.509431719
 10
2111665.437393629
 20
1135539.509265254
 10
2111665.437560093
 20
1135577.742638335
  0
LWPOLYLINE
  5
1A3
330
19D
100
AcDbEntity
  8
I-LK EQPMT
100
AcDbPolyline
 90
4
 70
1
 10
2111631.027507674
 20
1135573.919450845
 10
2111631.027374502
 20
1135543.33275238
 10
2111661.614072967
 20
1135543.332619209
 10
2111661.614206139
 20
1135573.919317673
  0
LINE
  5
1A4
330
19D
100
AcDbEntity
  8
I-LK EQPMT
100
AcDbLine
 10
2111661.615356252
 20
1134597.075782954
 30
0.0
 11
2111631.028524615
 21
1134566.489217661
 31
0.0
  0
LINE
  5
1A5
330
19D
100
AcDbEntity
  8
I-LK EQPMT
100
AcDbLine
 10
2111661.614072967
 20
1135543.332619209
 30
0.0
 11
2111631.027507674
 21
1135573.919450845
 31
0.0
  0
LINE
  5
1A6
330
19D
100
AcDbEntity
  8
I-LK EQPMT
100
AcDbLine
 10
2111661.614206139
 20
1135573.919317673
 30
0.0
 11
2111631.027374502
 21
1135543.33275238
 31
0.0
  0
LINE
  5
1A7
330
19D
100
AcDbEntity
  8
I-LK EQPMT
 48
12.0
100
AcDbLine
 10
2111627.205367106
 20
1134610.5634114
 30
0.0
 11
2111607.679381233
 21
1134610.563496415
 31
0.0
  0
LINE
  5
1A8
330
19D
100
AcDbEntity
  8
I-LK EQPMT
 48
12.0
100
AcDbLine
 10
2111627.205367106
 20
1134610.5634114
 30
0.0
 11
2111627.205112064
 21
1134551.985453779
 31
0.0
  0
LINE
  5
1A9
330
19D
100
AcDbEntity
  8
I-LK EQPMT
 48
12.0
100
AcDbLine
 10
2111607.678233332
 20
1135587.915183341
 30
0.0
 11
2111627.204219206
 21
1135587.915098327
 31
0.0
  0
LINE
  5
1AA
330
19D
100
AcDbEntity
  8
I-LK EQPMT
 48
12.0
100
AcDbLine
 10
2111627.203964163
 20
1135529.337140705
 30
0.0
 11
2111607.677978289
 21
1135529.33722572
 31
0.0
  0
LINE
  5
1AB
330
19D
100
AcDbEntity
  8
I-LK EQPMT
 48
12.0
100
AcDbLine
 10
2111607.678786133
 20
1134473.881595298
 30
0.0
 11
2111607.67857339
 21
1135666.019126837
 31
0.0
  0
LWPOLYLINE
  5
1AC
330
19D
100
AcDbEntity
  8
I-LK EQPMT
 48
12.0
100
AcDbPolyline
 90
4
 70
1
 10
2111542.593620929
 20
1135690.450644441
 10
2111558.8162113
 20
1135690.45057381
 10
2111558.8162113
 20
1134449.45057381
 10
2111542.593620929
 20
1134449.450644441
  0
LINE
  5
1AD
330
19D
100
AcDbEntity
  8
I-LK EQPMT
 48
12.0
100
AcDbLine
 10
2111558.8162113
 20
1135690.45057381
 30
0.0
 11
2111583.24744553
 21
1135690.450467439
 31
0.0
  0
LINE
  5
1AE
330
19D
100
AcDbEntity
  8
I-LK EQPMT
 48
12.0
100
AcDbLine
 10
2111558.8162113
 20
1134449.45057381
 30
0.0
 11
2111583.247445531
 21
1134449.450467438
 31
0.0
  0
LINE
  5
1AF
330
19D
100
AcDbEntity
  8
I-LK EQPMT
 48
12.0
100
AcDbLine
 10
2111583.24744553
 20
1135690.450467439
 30
0.0
 11
2111607.67857339
 21
1135666.019126837
 31
0.0
  0
LINE
  5
1B0
330
19D
100
AcDbEntity
  8
I-LK EQPMT
 48
12.0
100
AcDbLine
 10
2111583.247445531
 20
1134449.450467438
 30
0.0
 11
2111607.678786133
 21
1134473.881595298
 31
0.0
  0
LINE
  5
1B1
330
19D
100
AcDbEntity
  8
I-LK EQPMT
 48
12.0
100
AcDbLine
 10
2111607.679126189
 20
1134551.985538793
 30
0.0
 11
2111627.205112064
 21
1134551.985453779
 31
0.0
  0
LINE
  5
1B2
330
19D
100
AcDbEntity
  8
I-LK EQPMT
 48
12.0
100
AcDbLine
 10
2111627.204219206
 20
1135587.915098327
 30
0.0
 11
2111627.203964163
 21
1135529.337140705
 31
0.0
  0
ENDBLK
  5
19F
330
19D
100
AcDbEntity
  8
0
100
AcDbBlockEnd
  0
BLOCK
  5
1B6
330
1B5
100
AcDbEntity
  8
0
100
AcDbBlockBegin
  2
EURO_CENTRE_1
 70
0
 10
0.0
 20
0.0
 30
0.0
  3
EURO_CENTRE_1
  1

  0
INSERT
  5
1B8
330
1B5
100
AcDbEntity
  8
I-LK FF&E
100
AcDbBlockReference
  2
EUROCENTER 1040
 10
520.0000000000001
 20
517.434990927577
 30
0.0
  0
ENDBLK
  5
1B7
330
1B5
100
AcDbEntity
  8
0
100
AcDbBlockEnd
  0
BLOCK
  5
1BC
330
1BB
100
AcDbEntity
  8
0
100
AcDbBlockBegin
  2
euro mirror
 70
0
 10
0.0
 20
0.0
 30
0.0
  3
euro mirror
  1

  0
LWPOLYLINE
  5
1BE
330
1BB
100
AcDbEntity
  8
LN-ELEVATION-5
  6
ACAD_ISO03W100
 48
0.1
100
AcDbPolyline
 90
4
 70
1
 10
140.0
 20
-41.46233547315932
 10
140.0
 20
-67.14025533781387
 10
-160.0
 20
-67.14025533781387
 10
-160.0
 20
-41.46233547315932
  0
LWPOLYLINE
  5
1BF
330
1BB
100
AcDbEntity
  8
LN-ELEVATION-5
  6
ACAD_ISO03W100
 48
0.1
100
AcDbPolyline
 90
4
 70
0
 10
140.0
 20
-67.14025533781387
 10
140.0
 20
-241.0752462653909
 10
-160.0
 20
-241.0752462653909
 10
-160.0
 20
-67.14025533781387
  0
LWPOLYLINE
  5
1C0
330
1BB
100
AcDbEntity
  8
LN-ELEVATION-5
  6
ACAD_ISO03W100
 48
0.1
100
AcDbPolyline
 90
4
 70
1
 10
140.0
 20
72.9897628070321
 10
140.0
 20
47.31184294237753
 10
-160.0
 20
47.31184294237753
 10
-160.0
 20
72.9897628070321
  0
LWPOLYLINE
  5
1C1
330
1BB
100
AcDbEntity
  8
LN-ELEVATION-5
  6
ACAD_ISO03W100
 48
0.1
100
AcDbPolyline
 90
4
 70
0
 10
140.0
 20
72.9897628070321
 10
140.0
 20
246.9247537346091
 10
-160.0
 20
246.9247537346091
 10
-160.0
 20
72.9897628070321
  0
LWPOLYLINE
  5
1C2
330
1BB
100
AcDbEntity
  8
LN-ELEVATION-4
  6
ACAD_ISO03W100
 48
0.1
100
AcDbPolyline
 90
4
 70
1
 10
0.0
 20
47.31184294237753
 10
0.0
 20
-41.46233547315932
 10
-20.0
 20
-41.46233547315932
 10
-20.0
 20
47.31184294237753
  0
LINE
  5
1C3
330
1BB
100
AcDbEntity
  8
LN-ELEVATION-5
  6
ACAD_ISO03W100
 48
0.1
100
AcDbLine
 10
139.8999999999069
 20
246.9247537346091
 30
0.0
 11
139.8999999999069
 21
47.31184294237753
 31
0.0
  0
LINE
  5
1C4
330
1BB
100
AcDbEntity
  8
LN-ELEVATION-5
  6
ACAD_ISO03W100
 48
0.1
100
AcDbLine
 10
139.8999999999069
 20
-41.46233547315932
 30
0.0
 11
139.8999999999069
 21
-241.0752462653909
 31
0.0
  0
LINE
  5
1C5
330
1BB
100
AcDbEntity
  8
LN-ELEVATION-5
  6
ACAD_ISO03W100
 48
0.1
100
AcDbLine
 10
139.6999999997206
 20
246.9247537346091
 30
0.0
 11
139.6999999997206
 21
47.31184294237753
 31
0.0
  0
LINE
  5
1C6
330
1BB
100
AcDbEntity
  8
LN-ELEVATION-5
  6
ACAD_ISO03W100
 48
0.1
100
AcDbLine
 10
139.6999999997206
 20
-41.46233547315932
 30
0.0
 11
139.6999999997206
 21
-241.0752462653909
 31
0.0
  0
LINE
  5
1C7
330
1BB
100
AcDbEntity
  8
LN-ELEVATION-5
  6
ACAD_ISO03W100
 48
0.1
100
AcDbLine
 10
139.3999999999069
 20
246.9247537346091
 30
0.0
 11
139.3999999999069
 21
47.31184294237753
 31
0.0
  0
LINE
  5
1C8
330
1BB
100
AcDbEntity
  8
LN-ELEVATION-5
  6
ACAD_ISO03W100
 48
0.1
100
AcDbLine
 10
139.3999999999069
 20
-41.46233547315932
 30
0.0
 11
139.3999999999069
 21
-241.0752462653909
 31
0.0
  0
LINE
  5
1C9
330
1BB
100
AcDbEntity
  8
LN-ELEVATION-5
  6
ACAD_ISO03W100
 48
0.1
100
AcDbLine
 10
139.0
 20
246.9247537346091
 30
0.0
 11
139.0
 21
47.31184294237753
 31
0.0
  0
LINE
  5
1CA
330
1BB
100
AcDbEntity
  8
LN-ELEVATION-5
  6
ACAD_ISO03W100
 48
0.1
100
AcDbLine
 10
139.0
 20
-41.46233547315932
 30
0.0
 11
139.0
 21
-241.0752462653909
 31
0.0
  0
LINE
  5
1CB
330
1BB
100
AcDbEntity
  8
LN-ELEVATION-5
  6
ACAD_ISO03W100
 48
0.1
100
AcDbLine
 10
138.5
 20
246.9247537346091
 30
0.0
 11
138.5
 21
47.31184294237753
 31
0.0
  0
LINE
  5
1CC
330
1BB
100
AcDbEntity
  8
LN-ELEVATION-5
  6
ACAD_ISO03W100
 48
0.1
100
AcDbLine
 10
138.5
 20
-41.46233547315932
 30
0.0
 11
138.5
 21
-241.0752462653909
 31
0.0
  0
LINE
  5
1CD
330
1BB
100
AcDbEntity
  8
LN-ELEVATION-5
  6
ACAD_ISO03W100
 48
0.1
100
AcDbLine
 10
137.8999999999069
 20
246.9247537346091
 30
0.0
 11
137.8999999999069
 21
47.31184294237753
 31
0.0
  0
LINE
  5
1CE
330
1BB
100
AcDbEntity
  8
LN-ELEVATION-5
  6
ACAD_ISO03W100
 48
0.1
100
AcDbLine
 10
137.8999999999069
 20
-41.46233547315932
 30
0.0
 11
137.8999999999069
 21
-241.0752462653909
 31
0.0
  0
LINE
  5
1CF
330
1BB
100
AcDbEntity
  8
LN-ELEVATION-5
  6
ACAD_ISO03W100
 48
0.1
100
AcDbLine
 10
137.1000000000931
 20
246.9247537346091
 30
0.0
 11
137.1000000000931
 21
47.31184294237753
 31
0.0
  0
LINE
  5
1D0
330
1BB
100
AcDbEntity
  8
LN-ELEVATION-5
  6
ACAD_ISO03W100
 48
0.1
100
AcDbLine
 10
137.1000000000931
 20
-41.46233547315932
 30
0.0
 11
137.1000000000931
 21
-241.0752462653909
 31
0.0
  0
LINE
  5
1D1
330
1BB
100
AcDbEntity
  8
LN-ELEVATION-5
  6
ACAD_ISO03W100
 48
0.1
100
AcDbLine
 10
136.1000000000931
 20
246.9247537346091
 30
0.0
 11
136.1000000000931
 21
47.31184294237753
 31
0.0
  0
LINE
  5
1D2
330
1BB
100
AcDbEntity
  8
LN-ELEVATION-5
  6
ACAD_ISO03W100
 48
0.1
100
AcDbLine
 10
136.1000000000931
 20
-41.46233547315932
 30
0.0
 11
136.1000000000931
 21
-241.0752462653909
 31
0.0
  0
LINE
  5
1D3
330
1BB
100
AcDbEntity
  8
LN-ELEVATION-5
  6
ACAD_ISO03W100
 48
0.1
100
AcDbLine
 10
134.1000000000931
 20
246.9247537346091
 30
0.0
 11
134.1000000000931
 21
47.31184294237753
 31
0.0
  0
LINE
  5
1D4
330
1BB
100
AcDbEntity
  8
LN-ELEVATION-5
  6
ACAD_ISO03W100
 48
0.1
100
AcDbLine
 10
134.1000000000931
 20
-41.46233547315932
 30
0.0
 11
134.1000000000931
 21
-241.0752462653909
 31
0.0
  0
LINE
  5
1D5
330
1BB
100
AcDbEntity
  8
LN-ELEVATION-5
  6
ACAD_ISO03W100
 48
0.1
100
AcDbLine
 10
131.1000000000931
 20
246.9247537346091
 30
0.0
 11
131.1000000000931
 21
47.31184294237753
 31
0.0
  0
LINE
  5
1D6
330
1BB
100
AcDbEntity
  8
LN-ELEVATION-5
  6
ACAD_ISO03W100
 48
0.1
100
AcDbLine
 10
131.1000000000931
 20
-41.46233547315932
 30
0.0
 11
131.1000000000931
 21
-241.0752462653909
 31
0.0
  0
LINE
  5
1D7
330
1BB
100
AcDbEntity
  8
LN-ELEVATION-5
  6
ACAD_ISO03W100
 48
0.1
100
AcDbLine
 10
126.1000000000931
 20
246.9247537346091
 30
0.0
 11
126.1000000000931
 21
47.31184294237753
 31
0.0
  0
LINE
  5
1D8
330
1BB
100
AcDbEntity
  8
LN-ELEVATION-5
  6
ACAD_ISO03W100
 48
0.1
100
AcDbLine
 10
126.1000000000931
 20
-41.46233547315932
 30
0.0
 11
126.1000000000931
 21
-241.0752462653909
 31
0.0
  0
LINE
  5
1D9
330
1BB
100
AcDbEntity
  8
LN-ELEVATION-5
  6
ACAD_ISO03W100
 48
0.1
100
AcDbLine
 10
121.1000000000931
 20
246.9247537346091
 30
0.0
 11
121.1000000000931
 21
47.31184294237753
 31
0.0
  0
LINE
  5
1DA
330
1BB
100
AcDbEntity
  8
LN-ELEVATION-5
  6
ACAD_ISO03W100
 48
0.1
100
AcDbLine
 10
121.1000000000931
 20
-41.46233547315932
 30
0.0
 11
121.1000000000931
 21
-241.0752462653909
 31
0.0
  0
LINE
  5
1DB
330
1BB
100
AcDbEntity
  8
LN-ELEVATION-5
  6
ACAD_ISO03W100
 48
0.1
100
AcDbLine
 10
115.1000000000931
 20
246.9247537346091
 30
0.0
 11
115.1000000000931
 21
47.31184294237753
 31
0.0
  0
LINE
  5
1DC
330
1BB
100
AcDbEntity
  8
LN-ELEVATION-5
  6
ACAD_ISO03W100
 48
0.1
100
AcDbLine
 10
115.1000000000931
 20
-41.46233547315932
 30
0.0
 11
115.1000000000931
 21
-241.0752462653909
 31
0.0
  0
LINE
  5
1DD
330
1BB
100
AcDbEntity
  8
LN-ELEVATION-5
  6
ACAD_ISO03W100
 48
0.1
100
AcDbLine
 10
108.1000000000931
 20
246.9247537346091
 30
0.0
 11
108.1000000000931
 21
47.31184294237753
 31
0.0
  0
LINE
  5
1DE
330
1BB
100
AcDbEntity
  8
LN-ELEVATION-5
  6
ACAD_ISO03W100
 48
0.1
100
AcDbLine
 10
108.1000000000931
 20
-41.46233547315932
 30
0.0
 11
108.1000000000931
 21
-241.0752462653909
 31
0.0
  0
LINE
  5
1DF
330
1BB
100
AcDbEntity
  8
LN-ELEVATION-5
  6
ACAD_ISO03W100
 48
0.1
100
AcDbLine
 10
100.1000000000931
 20
246.9247537346091
 30
0.0
 11
100.1000000000931
 21
47.31184294237753
 31
0.0
  0
LINE
  5
1E0
330
1BB
100
AcDbEntity
  8
LN-ELEVATION-5
  6
ACAD_ISO03W100
 48
0.1
100
AcDbLine
 10
100.1000000000931
 20
-41.46233547315932
 30
0.0
 11
100.1000000000931
 21
-241.0752462653909
 31
0.0
  0
LINE
  5
1E1
330
1BB
100
AcDbEntity
  8
LN-ELEVATION-5
  6
ACAD_ISO03W100
 48
0.1
100
AcDbLine
 10
91.10000000009312
 20
246.9247537346091
 30
0.0
 11
91.10000000009312
 21
47.31184294237753
 31
0.0
  0
LINE
  5
1E2
330
1BB
100
AcDbEntity
  8
LN-ELEVATION-5
  6
ACAD_ISO03W100
 48
0.1
100
AcDbLine
 10
91.10000000009312
 20
-41.46233547315932
 30
0.0
 11
91.10000000009312
 21
-241.0752462653909
 31
0.0
  0
LINE
  5
1E3
330
1BB
100
AcDbEntity
  8
LN-ELEVATION-5
  6
ACAD_ISO03W100
 48
0.1
100
AcDbLine
 10
82.10000000009315
 20
246.9247537346091
 30
0.0
 11
82.10000000009315
 21
47.31184294237753
 31
0.0
  0
LINE
  5
1E4
330
1BB
100
AcDbEntity
  8
LN-ELEVATION-5
  6
ACAD_ISO03W100
 48
0.1
100
AcDbLine
 10
82.10000000009315
 20
-41.46233547315932
 30
0.0
 11
82.10000000009315
 21
-241.0752462653909
 31
0.0
  0
LINE
  5
1E5
330
1BB
100
AcDbEntity
  8
LN-ELEVATION-5
  6
ACAD_ISO03W100
 48
0.1
100
AcDbLine
 10
65.0
 20
246.9247537346091
 30
0.0
 11
65.0
 21
47.31184294237753
 31
0.0
  0
LINE
  5
1E6
330
1BB
100
AcDbEntity
  8
LN-ELEVATION-5
  6
ACAD_ISO03W100
 48
0.1
100
AcDbLine
 10
65.0
 20
-41.46233547315932
 30
0.0
 11
65.0
 21
-241.0752462653909
 31
0.0
  0
LINE
  5
1E7
330
1BB
100
AcDbEntity
  8
LN-ELEVATION-5
  6
ACAD_ISO03W100
 48
0.1
100
AcDbLine
 10
-159.8999999999069
 20
246.9247537346091
 30
0.0
 11
-159.8999999999069
 21
47.31184294237753
 31
0.0
  0
LINE
  5
1E8
330
1BB
100
AcDbEntity
  8
LN-ELEVATION-5
  6
ACAD_ISO03W100
 48
0.1
100
AcDbLine
 10
-159.8999999999069
 20
-41.46233547315932
 30
0.0
 11
-159.8999999999069
 21
-241.0752462653909
 31
0.0
  0
LINE
  5
1E9
330
1BB
100
AcDbEntity
  8
LN-ELEVATION-5
  6
ACAD_ISO03W100
 48
0.1
100
AcDbLine
 10
-159.6999999997206
 20
246.9247537346091
 30
0.0
 11
-159.6999999997206
 21
47.31184294237753
 31
0.0
  0
LINE
  5
1EA
330
1BB
100
AcDbEntity
  8
LN-ELEVATION-5
  6
ACAD_ISO03W100
 48
0.1
100
AcDbLine
 10
-159.6999999997206
 20
-41.46233547315932
 30
0.0
 11
-159.6999999997206
 21
-241.0752462653909
 31
0.0
  0
LINE
  5
1EB
330
1BB
100
AcDbEntity
  8
LN-ELEVATION-5
  6
ACAD_ISO03W100
 48
0.1
100
AcDbLine
 10
-159.3999999999069
 20
246.9247537346091
 30
0.0
 11
-159.3999999999069
 21
47.31184294237753
 31
0.0
  0
LINE
  5
1EC
330
1BB
100
AcDbEntity
  8
LN-ELEVATION-5
  6
ACAD_ISO03W100
 48
0.1
100
AcDbLine
 10
-159.3999999999069
 20
-41.46233547315932
 30
0.0
 11
-159.3999999999069
 21
-241.0752462653909
 31
0.0
  0
LINE
  5
1ED
330
1BB
100
AcDbEntity
  8
LN-ELEVATION-5
  6
ACAD_ISO03W100
 48
0.1
100
AcDbLine
 10
-159.0
 20
246.9247537346091
 30
0.0
 11
-159.0
 21
47.31184294237753
 31
0.0
  0
LINE
  5
1EE
330
1BB
100
AcDbEntity
  8
LN-ELEVATION-5
  6
ACAD_ISO03W100
 48
0.1
100
AcDbLine
 10
-159.0
 20
-41.46233547315932
 30
0.0
 11
-159.0
 21
-241.0752462653909
 31
0.0
  0
LINE
  5
1EF
330
1BB
100
AcDbEntity
  8
LN-ELEVATION-5
  6
ACAD_ISO03W100
 48
0.1
100
AcDbLine
 10
-158.5
 20
246.9247537346091
 30
0.0
 11
-158.5
 21
47.31184294237753
 31
0.0
  0
LINE
  5
1F0
330
1BB
100
AcDbEntity
  8
LN-ELEVATION-5
  6
ACAD_ISO03W100
 48
0.1
100
AcDbLine
 10
-158.5
 20
-41.46233547315932
 30
0.0
 11
-158.5
 21
-241.0752462653909
 31
0.0
  0
LINE
  5
1F1
330
1BB
100
AcDbEntity
  8
LN-ELEVATION-5
  6
ACAD_ISO03W100
 48
0.1
100
AcDbLine
 10
-157.8999999999069
 20
246.9247537346091
 30
0.0
 11
-157.8999999999069
 21
47.31184294237753
 31
0.0
  0
LINE
  5
1F2
330
1BB
100
AcDbEntity
  8
LN-ELEVATION-5
  6
ACAD_ISO03W100
 48
0.1
100
AcDbLine
 10
-157.8999999999069
 20
-41.46233547315932
 30
0.0
 11
-157.8999999999069
 21
-241.0752462653909
 31
0.0
  0
LINE
  5
1F3
330
1BB
100
AcDbEntity
  8
LN-ELEVATION-5
  6
ACAD_ISO03W100
 48
0.1
100
AcDbLine
 10
-157.1000000000931
 20
246.9247537346091
 30
0.0
 11
-157.1000000000931
 21
47.31184294237753
 31
0.0
  0
LINE
  5
1F4
330
1BB
100
AcDbEntity
  8
LN-ELEVATION-5
  6
ACAD_ISO03W100
 48
0.1
100
AcDbLine
 10
-157.1000000000931
 20
-41.46233547315932
 30
0.0
 11
-157.1000000000931
 21
-241.0752462653909
 31
0.0
  0
LINE
  5
1F5
330
1BB
100
AcDbEntity
  8
LN-ELEVATION-5
  6
ACAD_ISO03W100
 48
0.1
100
AcDbLine
 10
-156.1000000000931
 20
246.9247537346091
 30
0.0
 11
-156.1000000000931
 21
47.31184294237753
 31
0.0
  0
LINE
  5
1F6
330
1BB
100
AcDbEntity
  8
LN-ELEVATION-5
  6
ACAD_ISO03W100
 48
0.1
100
AcDbLine
 10
-156.1000000000931
 20
-41.46233547315932
 30
0.0
 11
-156.1000000000931
 21
-241.0752462653909
 31
0.0
  0
LINE
  5
1F7
330
1BB
100
AcDbEntity
  8
LN-ELEVATION-5
  6
ACAD_ISO03W100
 48
0.1
100
AcDbLine
 10
-154.1000000000931
 20
246.9247537346091
 30
0.0
 11
-154.1000000000931
 21
47.31184294237753
 31
0.0
  0
LINE
  5
1F8
330
1BB
100
AcDbEntity
  8
LN-ELEVATION-5
  6
ACAD_ISO03W100
 48
0.1
100
AcDbLine
 10
-154.1000000000931
 20
-41.46233547315932
 30
0.0
 11
-154.1000000000931
 21
-241.0752462653909
 31
0.0
  0
LINE
  5
1F9
330
1BB
100
AcDbEntity
  8
LN-ELEVATION-5
  6
ACAD_ISO03W100
 48
0.1
100
AcDbLine
 10
-151.1000000000931
 20
246.9247537346091
 30
0.0
 11
-151.1000000000931
 21
47.31184294237753
 31
0.0
  0
LINE
  5
1FA
330
1BB
100
AcDbEntity
  8
LN-ELEVATION-5
  6
ACAD_ISO03W100
 48
0.1
100
AcDbLine
 10
-151.1000000000931
 20
-41.46233547315932
 30
0.0
 11
-151.1000000000931
 21
-241.0752462653909
 31
0.0
  0
LINE
  5
1FB
330
1BB
100
AcDbEntity
  8
LN-ELEVATION-5
  6
ACAD_ISO03W100
 48
0.1
100
AcDbLine
 10
-146.1000000000931
 20
246.9247537346091
 30
0.0
 11
-146.1000000000931
 21
47.31184294237753
 31
0.0
  0
LINE
  5
1FC
330
1BB
100
AcDbEntity
  8
LN-ELEVATION-5
  6
ACAD_ISO03W100
 48
0.1
100
AcDbLine
 10
-146.1000000000931
 20
-41.46233547315932
 30
0.0
 11
-146.1000000000931
 21
-241.0752462653909
 31
0.0
  0
LINE
  5
1FD
330
1BB
100
AcDbEntity
  8
LN-ELEVATION-5
  6
ACAD_ISO03W100
 48
0.1
100
AcDbLine
 10
-141.1000000000931
 20
246.9247537346091
 30
0.0
 11
-141.1000000000931
 21
47.31184294237753
 31
0.0
  0
LINE
  5
1FE
330
1BB
100
AcDbEntity
  8
LN-ELEVATION-5
  6
ACAD_ISO03W100
 48
0.1
100
AcDbLine
 10
-141.1000000000931
 20
-41.46233547315932
 30
0.0
 11
-141.1000000000931
 21
-241.0752462653909
 31
0.0
  0
LINE
  5
1FF
330
1BB
100
AcDbEntity
  8
LN-ELEVATION-5
  6
ACAD_ISO03W100
 48
0.1
100
AcDbLine
 10
-135.1000000000931
 20
246.9247537346091
 30
0.0
 11
-135.1000000000931
 21
47.31184294237753
 31
0.0
  0
LINE
  5
200
330
1BB
100
AcDbEntity
  8
LN-ELEVATION-5
  6
ACAD_ISO03W100
 48
0.1
100
AcDbLine
 10
-135.1000000000931
 20
-41.46233547315932
 30
0.0
 11
-135.1000000000931
 21
-241.0752462653909
 31
0.0
  0
LINE
  5
201
330
1BB
100
AcDbEntity
  8
LN-ELEVATION-5
  6
ACAD_ISO03W100
 48
0.1
100
AcDbLine
 10
-128.1000000000931
 20
246.9247537346091
 30
0.0
 11
-128.1000000000931
 21
47.31184294237753
 31
0.0
  0
LINE
  5
202
330
1BB
100
AcDbEntity
  8
LN-ELEVATION-5
  6
ACAD_ISO03W100
 48
0.1
100
AcDbLine
 10
-128.1000000000931
 20
-41.46233547315932
 30
0.0
 11
-128.1000000000931
 21
-241.0752462653909
 31
0.0
  0
LINE
  5
203
330
1BB
100
AcDbEntity
  8
LN-ELEVATION-5
  6
ACAD_ISO03W100
 48
0.1
100
AcDbLine
 10
-120.1000000000931
 20
246.9247537346091
 30
0.0
 11
-120.1000000000931
 21
47.31184294237753
 31
0.0
  0
LINE
  5
204
330
1BB
100
AcDbEntity
  8
LN-ELEVATION-5
  6
ACAD_ISO03W100
 48
0.1
100
AcDbLine
 10
-120.1000000000931
 20
-41.46233547315932
 30
0.0
 11
-120.1000000000931
 21
-241.0752462653909
 31
0.0
  0
LINE
  5
205
330
1BB
100
AcDbEntity
  8
LN-ELEVATION-5
  6
ACAD_ISO03W100
 48
0.1
100
AcDbLine
 10
-111.1000000000931
 20
246.9247537346091
 30
0.0
 11
-111.1000000000931
 21
47.31184294237753
 31
0.0
  0
LINE
  5
206
330
1BB
100
AcDbEntity
  8
LN-ELEVATION-5
  6
ACAD_ISO03W100
 48
0.1
100
AcDbLine
 10
-111.1000000000931
 20
-41.46233547315932
 30
0.0
 11
-111.1000000000931
 21
-241.0752462653909
 31
0.0
  0
LINE
  5
207
330
1BB
100
AcDbEntity
  8
LN-ELEVATION-5
  6
ACAD_ISO03W100
 48
0.1
100
AcDbLine
 10
-102.1000000000931
 20
246.9247537346091
 30
0.0
 11
-102.1000000000931
 21
47.31184294237753
 31
0.0
  0
LINE
  5
208
330
1BB
100
AcDbEntity
  8
LN-ELEVATION-5
  6
ACAD_ISO03W100
 48
0.1
100
AcDbLine
 10
-102.1000000000931
 20
-41.46233547315932
 30
0.0
 11
-102.1000000000931
 21
-241.0752462653909
 31
0.0
  0
LINE
  5
209
330
1BB
100
AcDbEntity
  8
LN-ELEVATION-5
  6
ACAD_ISO03W100
 48
0.1
100
AcDbLine
 10
-85.0
 20
246.9247537346091
 30
0.0
 11
-85.0
 21
47.31184294237753
 31
0.0
  0
LINE
  5
20A
330
1BB
100
AcDbEntity
  8
LN-ELEVATION-5
  6
ACAD_ISO03W100
 48
0.1
100
AcDbLine
 10
-85.0
 20
-41.46233547315932
 30
0.0
 11
-85.0
 21
-241.0752462653909
 31
0.0
  0
ENDBLK
  5
1BD
330
1BB
100
AcDbEntity
  8
0
100
AcDbBlockEnd
  0
BLOCK
  5
20C
330
20B
100
AcDbEntity
  8
0
100
AcDbBlockBegin
  2
eurocenter 1040
 70
0
 10
0.0
 20
0.0
 30
0.0
  3
eurocenter 1040
  1

  0
LWPOLYLINE
  5
20E
330
20B
100
AcDbEntity
  8
LN-ELEVATION-2
100
AcDbPolyline
 90
4
 70
1
 10
-520.0
 20
-357.434990927577
 10
520.0
 20
-357.434990927577
 10
520.0
 20
497.565009072423
 10
-520.0
 20
497.565009072423
  0
LWPOLYLINE
  5
20F
330
20B
100
AcDbEntity
  8
LN-ELEVATION-1
100
AcDbPolyline
 90
4
 70
1
 10
-470.0
 20
-327.434990927577
 10
470.0
 20
-327.434990927577
 10
470.0
 20
467.565009072423
 10
-470.0
 20
467.565009072423
  0
LWPOLYLINE
  5
210
330
20B
100
AcDbEntity
  8
LN-ELEVATION-1
100
AcDbPolyline
 90
4
 70
1
 10
-470.0
 20
85.06500907242298
 10
470.0
 20
85.06500907242298
 10
470.0
 20
55.06500907242298
 10
-470.0
 20
55.06500907242298
  0
LWPOLYLINE
  5
211
330
20B
100
AcDbEntity
  8
LN-ELEVATION-1
100
AcDbPolyline
 90
4
 70
1
 10
-470.0
 20
55.06500907242298
 10
470.0
 20
55.06500907242298
 10
470.0
 20
-327.434990927577
 10
-470.0
 20
-327.434990927577
  0
LWPOLYLINE
  5
212
330
20B
100
AcDbEntity
  8
LN-ELEVATION-1
100
AcDbPolyline
 90
2
 70
0
 10
-464.0
 20
-171.059990927577
 10
-464.0
 20
-101.684990927577
  0
LWPOLYLINE
  5
213
330
20B
100
AcDbEntity
  8
LN-ELEVATION-1
100
AcDbPolyline
 90
2
 70
0
 10
-464.0
 20
-95.68499092757702
 10
-464.0
 20
-26.30999092757702
  0
LWPOLYLINE
  5
214
330
20B
100
AcDbEntity
  8
LN-ELEVATION-1
100
AcDbPolyline
 90
3
 70
0
 10
-464.0
 20
-20.30999092757702
 10
-464.0
 20
49.06500907242298
 10
-283.2000000029802
 20
49.06500907242298
  0
LWPOLYLINE
  5
215
330
20B
100
AcDbEntity
  8
LN-ELEVATION-1
100
AcDbPolyline
 90
2
 70
0
 10
-277.2000000029802
 20
49.06500907242298
 10
-96.40000000596046
 20
49.06500907242298
  0
LWPOLYLINE
  5
216
330
20B
100
AcDbEntity
  8
LN-ELEVATION-1
100
AcDbPolyline
 90
2
 70
0
 10
-90.40000000596045
 20
49.06500907242298
 10
90.3999999910593
 20
49.06500907242298
  0
LWPOLYLINE
  5
217
330
20B
100
AcDbEntity
  8
LN-ELEVATION-1
100
AcDbPolyline
 90
2
 70
0
 10
96.3999999910593
 20
49.06500907242298
 10
277.1999999880791
 20
49.06500907242298
  0
LWPOLYLINE
  5
218
330
20B
100
AcDbEntity
  8
LN-ELEVATION-1
100
AcDbPolyline
 90
3
 70
0
 10
283.1999999880791
 20
49.06500907242298
 10
464.0
 20
49.06500907242298
 10
464.0
 20
-20.30999092757702
  0
LWPOLYLINE
  5
219
330
20B
100
AcDbEntity
  8
LN-ELEVATION-1
100
AcDbPolyline
 90
2
 70
0
 10
464.0
 20
-26.30999092757702
 10
464.0
 20
-95.68499092757702
  0
LWPOLYLINE
  5
21A
330
20B
100
AcDbEntity
  8
LN-ELEVATION-1
100
AcDbPolyline
 90
2
 70
0
 10
464.0
 20
-101.684990927577
 10
464.0
 20
-171.059990927577
  0
LWPOLYLINE
  5
21B
330
20B
100
AcDbEntity
  8
LN-ELEVATION-1
100
AcDbPolyline
 90
3
 70
0
 10
464.0
 20
-177.059990927577
 10
464.0
 20
-321.434990927577
 10
283.1999999880791
 20
-321.434990927577
  0
LWPOLYLINE
  5
21C
330
20B
100
AcDbEntity
  8
LN-ELEVATION-1
100
AcDbPolyline
 90
2
 70
0
 10
277.1999999880791
 20
-321.434990927577
 10
96.3999999910593
 20
-321.434990927577
  0
LWPOLYLINE
  5
21D
330
20B
100
AcDbEntity
  8
LN-ELEVATION-1
100
AcDbPolyline
 90
2
 70
0
 10
90.3999999910593
 20
-321.434990927577
 10
-90.40000000596045
 20
-321.434990927577
  0
LWPOLYLINE
  5
21E
330
20B
100
AcDbEntity
  8
LN-ELEVATION-1
100
AcDbPolyline
 90
2
 70
0
 10
-96.40000000596046
 20
-321.434990927577
 10
-277.2000000029802
 20
-321.434990927577
  0
LWPOLYLINE
  5
21F
330
20B
100
AcDbEntity
  8
LN-ELEVATION-1
100
AcDbPolyline
 90
3
 70
0
 10
-283.2000000029802
 20
-321.434990927577
 10
-464.0
 20
-321.434990927577
 10
-464.0
 20
-177.059990927577
  0
LWPOLYLINE
  5
220
330
20B
100
AcDbEntity
  8
LN-ELEVATION-1
100
AcDbPolyline
 90
4
 70
1
 10
-283.2000000029802
 20
55.06500907242298
 10
-277.2000000029802
 20
55.06500907242298
 10
-277.2000000029802
 20
-327.434990927577
 10
-283.2000000029802
 20
-327.434990927577
  0
LWPOLYLINE
  5
221
330
20B
100
AcDbEntity
  8
LN-ELEVATION-1
100
AcDbPolyline
 90
4
 70
1
 10
-96.40000000596046
 20
55.06500907242298
 10
-90.40000000596045
 20
55.06500907242298
 10
-90.40000000596045
 20
-327.434990927577
 10
-96.40000000596046
 20
-327.434990927577
  0
LWPOLYLINE
  5
222
330
20B
100
AcDbEntity
  8
LN-ELEVATION-1
100
AcDbPolyline
 90
4
 70
1
 10
90.3999999910593
 20
55.06500907242298
 10
96.3999999910593
 20
55.06500907242298
 10
96.3999999910593
 20
-327.434990927577
 10
90.3999999910593
 20
-327.434990927577
  0
LWPOLYLINE
  5
223
330
20B
100
AcDbEntity
  8
LN-ELEVATION-1
100
AcDbPolyline
 90
4
 70
1
 10
277.1999999880791
 20
55.06500907242298
 10
283.1999999880791
 20
55.06500907242298
 10
283.1999999880791
 20
-327.434990927577
 10
277.1999999880791
 20
-327.434990927577
  0
LWPOLYLINE
  5
224
330
20B
100
AcDbEntity
  8
LN-ELEVATION-1
100
AcDbPolyline
 90
4
 70
1
 10
283.1999999880791
 20
-20.30999092757702
 10
470.0
 20
-20.30999092757702
 10
470.0
 20
-26.30999092757702
 10
283.1999999880791
 20
-26.30999092757702
  0
LWPOLYLINE
  5
225
330
20B
100
AcDbEntity
  8
LN-ELEVATION-1
100
AcDbPolyline
 90
4
 70
1
 10
283.1999999880791
 20
-95.68499092757702
 10
470.0
 20
-95.68499092757702
 10
470.0
 20
-101.684990927577
 10
283.1999999880791
 20
-101.684990927577
  0
LWPOLYLINE
  5
226
330
20B
100
AcDbEntity
  8
LN-ELEVATION-1
100
AcDbPolyline
 90
4
 70
1
 10
283.1999999880791
 20
-171.059990927577
 10
470.0
 20
-171.059990927577
 10
470.0
 20
-177.059990927577
 10
283.1999999880791
 20
-177.059990927577
  0
LWPOLYLINE
  5
227
330
20B
100
AcDbEntity
  8
LN-ELEVATION-1
100
AcDbPolyline
 90
4
 70
1
 10
96.39999997615817
 20
-20.30999092757702
 10
277.1999999880791
 20
-20.30999092757702
 10
277.1999999880791
 20
-26.30999092757702
 10
96.39999997615817
 20
-26.30999092757702
  0
LWPOLYLINE
  5
228
330
20B
100
AcDbEntity
  8
LN-ELEVATION-1
100
AcDbPolyline
 90
4
 70
1
 10
96.39999997615817
 20
-95.68499092757702
 10
277.1999999880791
 20
-95.68499092757702
 10
277.1999999880791
 20
-101.684990927577
 10
96.39999997615817
 20
-101.684990927577
  0
LWPOLYLINE
  5
229
330
20B
100
AcDbEntity
  8
LN-ELEVATION-1
100
AcDbPolyline
 90
4
 70
1
 10
96.39999997615817
 20
-171.059990927577
 10
277.1999999880791
 20
-171.059990927577
 10
277.1999999880791
 20
-177.059990927577
 10
96.39999997615817
 20
-177.059990927577
  0
LWPOLYLINE
  5
22A
330
20B
100
AcDbEntity
  8
LN-ELEVATION-1
100
AcDbPolyline
 90
4
 70
1
 10
-90.40000002086165
 20
-20.30999092757702
 10
90.3999999910593
 20
-20.30999092757702
 10
90.3999999910593
 20
-26.30999092757702
 10
-90.40000002086165
 20
-26.30999092757702
  0
LWPOLYLINE
  5
22B
330
20B
100
AcDbEntity
  8
LN-ELEVATION-1
100
AcDbPolyline
 90
4
 70
1
 10
-90.40000002086165
 20
-95.68499092757702
 10
90.3999999910593
 20
-95.68499092757702
 10
90.3999999910593
 20
-101.684990927577
 10
-90.40000002086165
 20
-101.684990927577
  0
LWPOLYLINE
  5
22C
330
20B
100
AcDbEntity
  8
LN-ELEVATION-1
100
AcDbPolyline
 90
4
 70
1
 10
-90.40000002086165
 20
-171.059990927577
 10
90.3999999910593
 20
-171.059990927577
 10
90.3999999910593
 20
-177.059990927577
 10
-90.40000002086165
 20
-177.059990927577
  0
LWPOLYLINE
  5
22D
330
20B
100
AcDbEntity
  8
LN-ELEVATION-1
100
AcDbPolyline
 90
4
 70
1
 10
-277.2000000178814
 20
-20.30999092757702
 10
-96.40000000596046
 20
-20.30999092757702
 10
-96.40000000596046
 20
-26.30999092757702
 10
-277.2000000178814
 20
-26.30999092757702
  0
LWPOLYLINE
  5
22E
330
20B
100
AcDbEntity
  8
LN-ELEVATION-1
100
AcDbPolyline
 90
4
 70
1
 10
-277.2000000178814
 20
-95.68499092757702
 10
-96.40000000596046
 20
-95.68499092757702
 10
-96.40000000596046
 20
-101.684990927577
 10
-277.2000000178814
 20
-101.684990927577
  0
LWPOLYLINE
  5
22F
330
20B
100
AcDbEntity
  8
LN-ELEVATION-1
100
AcDbPolyline
 90
4
 70
1
 10
-277.2000000178814
 20
-171.059990927577
 10
-96.40000000596046
 20
-171.059990927577
 10
-96.40000000596046
 20
-177.059990927577
 10
-277.2000000178814
 20
-177.059990927577
  0
LWPOLYLINE
  5
230
330
20B
100
AcDbEntity
  8
LN-ELEVATION-1
100
AcDbPolyline
 90
4
 70
1
 10
-470.0000000149012
 20
-20.30999092757702
 10
-283.2000000029802
 20
-20.30999092757702
 10
-283.2000000029802
 20
-26.30999092757702
 10
-470.0000000149012
 20
-26.30999092757702
  0
LWPOLYLINE
  5
231
330
20B
100
AcDbEntity
  8
LN-ELEVATION-1
100
AcDbPolyline
 90
4
 70
1
 10
-470.0000000149012
 20
-95.68499092757702
 10
-283.2000000029802
 20
-95.68499092757702
 10
-283.2000000029802
 20
-101.684990927577
 10
-470.0000000149012
 20
-101.684990927577
  0
LWPOLYLINE
  5
232
330
20B
100
AcDbEntity
  8
LN-ELEVATION-1
100
AcDbPolyline
 90
4
 70
1
 10
-470.0000000149012
 20
-171.059990927577
 10
-283.2000000029802
 20
-171.059990927577
 10
-283.2000000029802
 20
-177.059990927577
 10
-470.0000000149012
 20
-177.059990927577
  0
LWPOLYLINE
  5
233
330
20B
100
AcDbEntity
  8
LN-ELEVATION-2
100
AcDbPolyline
 90
2
 70
0
 10
470.0
 20
467.565009072423
 10
520.0
 20
497.565009072423
  0
LWPOLYLINE
  5
234
330
20B
100
AcDbEntity
  8
LN-ELEVATION-2
100
AcDbPolyline
 90
2
 70
0
 10
470.0
 20
-327.434990927577
 10
520.0
 20
-357.434990927577
  0
LWPOLYLINE
  5
235
330
20B
100
AcDbEntity
  8
LN-ELEVATION-2
100
AcDbPolyline
 90
2
 70
0
 10
-470.0
 20
467.565009072423
 10
-520.0
 20
497.565009072423
  0
LWPOLYLINE
  5
236
330
20B
100
AcDbEntity
  8
LN-ELEVATION-2
100
AcDbPolyline
 90
2
 70
0
 10
-470.0
 20
-327.434990927577
 10
-520.0
 20
-357.434990927577
  0
LWPOLYLINE
  5
237
330
20B
100
AcDbEntity
  8
LN-ELEVATION-3
100
AcDbPolyline
 90
4
 70
1
 10
-500.0
 20
-419.434990927577
 10
500.0
 20
-419.434990927577
 10
500.0
 20
-437.4349909275768
 10
-500.0
 20
-437.4349909275768
  0
LWPOLYLINE
  5
238
330
20B
100
AcDbEntity
  8
LN-ELEVATION-3
100
AcDbPolyline
 90
4
 70
1
 10
470.0
 20
-357.434990927577
 10
500.0
 20
-357.434990927577
 10
500.0
 20
-419.434990927577
 10
470.0
 20
-419.434990927577
  0
LWPOLYLINE
  5
239
330
20B
100
AcDbEntity
  8
LN-ELEVATION-3
100
AcDbPolyline
 90
4
 70
1
 10
-500.0
 20
-357.434990927577
 10
-470.0
 20
-357.434990927577
 10
-470.0
 20
-419.434990927577
 10
-500.0
 20
-419.434990927577
  0
LWPOLYLINE
  5
23A
330
20B
100
AcDbEntity
  8
LN-ELEVATION-4
100
AcDbPolyline
 90
4
 70
1
 10
-500.0
 20
-499.4349909275769
 10
500.0
 20
-499.4349909275769
 10
500.0
 20
-517.434990927577
 10
-500.0
 20
-517.434990927577
  0
LWPOLYLINE
  5
23B
330
20B
100
AcDbEntity
  8
LN-ELEVATION-4
100
AcDbPolyline
 90
4
 70
1
 10
470.0
 20
-437.4349909275768
 10
500.0
 20
-437.4349909275768
 10
500.0
 20
-499.4349909275769
 10
470.0
 20
-499.4349909275769
  0
LWPOLYLINE
  5
23C
330
20B
100
AcDbEntity
  8
LN-ELEVATION-4
100
AcDbPolyline
 90
4
 70
1
 10
-500.0
 20
-437.4349909275768
 10
-470.0
 20
-437.4349909275768
 10
-470.0
 20
-499.4349909275769
 10
-500.0
 20
-499.4349909275769
  0
LWPOLYLINE
  5
23D
330
20B
100
AcDbEntity
  8
LN-ELEVATION-1
100
AcDbPolyline
 90
4
 70
1
 10
-470.0
 20
85.06500907242298
 10
470.0
 20
85.06500907242298
 10
470.0
 20
467.565009072423
 10
-470.0
 20
467.565009072423
  0
LWPOLYLINE
  5
23E
330
20B
100
AcDbEntity
  8
LN-ELEVATION-1
100
AcDbPolyline
 90
2
 70
0
 10
-464.0
 20
311.190009072423
 10
-464.0
 20
241.815009072423
  0
LWPOLYLINE
  5
23F
330
20B
100
AcDbEntity
  8
LN-ELEVATION-1
100
AcDbPolyline
 90
2
 70
0
 10
-464.0
 20
235.815009072423
 10
-464.0
 20
166.440009072423
  0
LWPOLYLINE
  5
240
330
20B
100
AcDbEntity
  8
LN-ELEVATION-1
100
AcDbPolyline
 90
3
 70
0
 10
-464.0
 20
160.440009072423
 10
-464.0
 20
91.06500907242297
 10
-283.2000000029802
 20
91.06500907242297
  0
LWPOLYLINE
  5
241
330
20B
100
AcDbEntity
  8
LN-ELEVATION-1
100
AcDbPolyline
 90
2
 70
0
 10
-277.2000000029802
 20
91.06500907242297
 10
-96.40000000596046
 20
91.06500907242297
  0
LWPOLYLINE
  5
242
330
20B
100
AcDbEntity
  8
LN-ELEVATION-1
100
AcDbPolyline
 90
2
 70
0
 10
-90.40000000596045
 20
91.06500907242297
 10
90.3999999910593
 20
91.06500907242297
  0
LWPOLYLINE
  5
243
330
20B
100
AcDbEntity
  8
LN-ELEVATION-1
100
AcDbPolyline
 90
2
 70
0
 10
96.3999999910593
 20
91.06500907242297
 10
277.1999999880791
 20
91.06500907242297
  0
LWPOLYLINE
  5
244
330
20B
100
AcDbEntity
  8
LN-ELEVATION-1
100
AcDbPolyline
 90
3
 70
0
 10
283.1999999880791
 20
91.06500907242297
 10
464.0
 20
91.06500907242297
 10
464.0
 20
160.440009072423
  0
LWPOLYLINE
  5
245
330
20B
100
AcDbEntity
  8
LN-ELEVATION-1
100
AcDbPolyline
 90
2
 70
0
 10
464.0
 20
166.440009072423
 10
464.0
 20
235.815009072423
  0
LWPOLYLINE
  5
246
330
20B
100
AcDbEntity
  8
LN-ELEVATION-1
100
AcDbPolyline
 90
2
 70
0
 10
464.0
 20
241.815009072423
 10
464.0
 20
311.190009072423
  0
LWPOLYLINE
  5
247
330
20B
100
AcDbEntity
  8
LN-ELEVATION-1
100
AcDbPolyline
 90
3
 70
0
 10
464.0
 20
317.190009072423
 10
464.0
 20
461.565009072423
 10
283.1999999880791
 20
461.565009072423
  0
LWPOLYLINE
  5
248
330
20B
100
AcDbEntity
  8
LN-ELEVATION-1
100
AcDbPolyline
 90
2
 70
0
 10
277.1999999880791
 20
461.565009072423
 10
96.3999999910593
 20
461.565009072423
  0
LWPOLYLINE
  5
249
330
20B
100
AcDbEntity
  8
LN-ELEVATION-1
100
AcDbPolyline
 90
2
 70
0
 10
90.3999999910593
 20
461.565009072423
 10
-90.40000000596045
 20
461.565009072423
  0
LWPOLYLINE
  5
24A
330
20B
100
AcDbEntity
  8
LN-ELEVATION-1
100
AcDbPolyline
 90
2
 70
0
 10
-96.40000000596046
 20
461.565009072423
 10
-277.2000000029802
 20
461.565009072423
  0
LWPOLYLINE
  5
24B
330
20B
100
AcDbEntity
  8
LN-ELEVATION-1
100
AcDbPolyline
 90
3
 70
0
 10
-283.2000000029802
 20
461.565009072423
 10
-464.0
 20
461.565009072423
 10
-464.0
 20
317.190009072423
  0
LWPOLYLINE
  5
24C
330
20B
100
AcDbEntity
  8
LN-ELEVATION-1
100
AcDbPolyline
 90
4
 70
1
 10
-283.2000000029802
 20
85.06500907242298
 10
-277.2000000029802
 20
85.06500907242298
 10
-277.2000000029802
 20
467.565009072423
 10
-283.2000000029802
 20
467.565009072423
  0
LWPOLYLINE
  5
24D
330
20B
100
AcDbEntity
  8
LN-ELEVATION-1
100
AcDbPolyline
 90
4
 70
1
 10
-96.40000000596046
 20
85.06500907242298
 10
-90.40000000596045
 20
85.06500907242298
 10
-90.40000000596045
 20
467.565009072423
 10
-96.40000000596046
 20
467.565009072423
  0
LWPOLYLINE
  5
24E
330
20B
100
AcDbEntity
  8
LN-ELEVATION-1
100
AcDbPolyline
 90
4
 70
1
 10
90.3999999910593
 20
85.06500907242298
 10
96.3999999910593
 20
85.06500907242298
 10
96.3999999910593
 20
467.565009072423
 10
90.3999999910593
 20
467.565009072423
  0
LWPOLYLINE
  5
24F
330
20B
100
AcDbEntity
  8
LN-ELEVATION-1
100
AcDbPolyline
 90
4
 70
1
 10
277.1999999880791
 20
85.06500907242298
 10
283.1999999880791
 20
85.06500907242298
 10
283.1999999880791
 20
467.565009072423
 10
277.1999999880791
 20
467.565009072423
  0
LWPOLYLINE
  5
250
330
20B
100
AcDbEntity
  8
LN-ELEVATION-1
100
AcDbPolyline
 90
4
 70
1
 10
283.1999999880791
 20
160.440009072423
 10
470.0
 20
160.440009072423
 10
470.0
 20
166.440009072423
 10
283.1999999880791
 20
166.440009072423
  0
LWPOLYLINE
  5
251
330
20B
100
AcDbEntity
  8
LN-ELEVATION-1
100
AcDbPolyline
 90
4
 70
1
 10
283.1999999880791
 20
235.815009072423
 10
470.0
 20
235.815009072423
 10
470.0
 20
241.815009072423
 10
283.1999999880791
 20
241.815009072423
  0
LWPOLYLINE
  5
252
330
20B
100
AcDbEntity
  8
LN-ELEVATION-1
100
AcDbPolyline
 90
4
 70
1
 10
283.1999999880791
 20
311.190009072423
 10
470.0
 20
311.190009072423
 10
470.0
 20
317.190009072423
 10
283.1999999880791
 20
317.190009072423
  0
LWPOLYLINE
  5
253
330
20B
100
AcDbEntity
  8
LN-ELEVATION-1
100
AcDbPolyline
 90
4
 70
1
 10
96.39999997615817
 20
160.440009072423
 10
277.1999999880791
 20
160.440009072423
 10
277.1999999880791
 20
166.440009072423
 10
96.39999997615817
 20
166.440009072423
  0
LWPOLYLINE
  5
254
330
20B
100
AcDbEntity
  8
LN-ELEVATION-1
100
AcDbPolyline
 90
4
 70
1
 10
96.39999997615817
 20
235.815009072423
 10
277.1999999880791
 20
235.815009072423
 10
277.1999999880791
 20
241.815009072423
 10
96.39999997615817
 20
241.815009072423
  0
LWPOLYLINE
  5
255
330
20B
100
AcDbEntity
  8
LN-ELEVATION-1
100
AcDbPolyline
 90
4
 70
1
 10
96.39999997615817
 20
311.190009072423
 10
277.1999999880791
 20
311.190009072423
 10
277.1999999880791
 20
317.190009072423
 10
96.39999997615817
 20
317.190009072423
  0
LWPOLYLINE
  5
256
330
20B
100
AcDbEntity
  8
LN-ELEVATION-1
100
AcDbPolyline
 90
4
 70
1
 10
-90.40000002086165
 20
160.440009072423
 10
90.3999999910593
 20
160.440009072423
 10
90.3999999910593
 20
166.440009072423
 10
-90.40000002086165
 20
166.440009072423
  0
LWPOLYLINE
  5
257
330
20B
100
AcDbEntity
  8
LN-ELEVATION-1
100
AcDbPolyline
 90
4
 70
1
 10
-90.40000002086165
 20
235.815009072423
 10
90.3999999910593
 20
235.815009072423
 10
90.3999999910593
 20
241.815009072423
 10
-90.40000002086165
 20
241.815009072423
  0
LWPOLYLINE
  5
258
330
20B
100
AcDbEntity
  8
LN-ELEVATION-1
100
AcDbPolyline
 90
4
 70
1
 10
-90.40000002086165
 20
311.190009072423
 10
90.3999999910593
 20
311.190009072423
 10
90.3999999910593
 20
317.190009072423
 10
-90.40000002086165
 20
317.190009072423
  0
LWPOLYLINE
  5
259
330
20B
100
AcDbEntity
  8
LN-ELEVATION-1
100
AcDbPolyline
 90
4
 70
1
 10
-277.2000000178814
 20
160.440009072423
 10
-96.40000000596046
 20
160.440009072423
 10
-96.40000000596046
 20
166.440009072423
 10
-277.2000000178814
 20
166.440009072423
  0
LWPOLYLINE
  5
25A
330
20B
100
AcDbEntity
  8
LN-ELEVATION-1
100
AcDbPolyline
 90
4
 70
1
 10
-277.2000000178814
 20
235.815009072423
 10
-96.40000000596046
 20
235.815009072423
 10
-96.40000000596046
 20
241.815009072423
 10
-277.2000000178814
 20
241.815009072423
  0
LWPOLYLINE
  5
25B
330
20B
100
AcDbEntity
  8
LN-ELEVATION-1
100
AcDbPolyline
 90
4
 70
1
 10
-277.2000000178814
 20
311.190009072423
 10
-96.40000000596046
 20
311.190009072423
 10
-96.40000000596046
 20
317.190009072423
 10
-277.2000000178814
 20
317.190009072423
  0
LWPOLYLINE
  5
25C
330
20B
100
AcDbEntity
  8
LN-ELEVATION-1
100
AcDbPolyline
 90
4
 70
1
 10
-470.0000000149012
 20
160.440009072423
 10
-283.2000000029802
 20
160.440009072423
 10
-283.2000000029802
 20
166.440009072423
 10
-470.0000000149012
 20
166.440009072423
  0
LWPOLYLINE
  5
25D
330
20B
100
AcDbEntity
  8
LN-ELEVATION-1
100
AcDbPolyline
 90
4
 70
1
 10
-470.0000000149012
 20
235.815009072423
 10
-283.2000000029802
 20
235.815009072423
 10
-283.2000000029802
 20
241.815009072423
 10
-470.0000000149012
 20
241.815009072423
  0
LWPOLYLINE
  5
25E
330
20B
100
AcDbEntity
  8
LN-ELEVATION-1
100
AcDbPolyline
 90
4
 70
1
 10
-470.0000000149012
 20
311.190009072423
 10
-283.2000000029802
 20
311.190009072423
 10
-283.2000000029802
 20
317.190009072423
 10
-470.0000000149012
 20
317.190009072423
  0
LWPOLYLINE
  5
25F
330
20B
100
AcDbEntity
  8
LN-ELEVATION-4
100
AcDbPolyline
 90
4
 70
1
 10
-470.0
 20
-357.434990927577
 10
-464.0
 20
-357.434990927577
 10
-464.0
 20
-419.434990927577
 10
-470.0
 20
-419.434990927577
  0
LWPOLYLINE
  5
260
330
20B
100
AcDbEntity
  8
LN-ELEVATION-4
100
AcDbPolyline
 90
4
 70
1
 10
-464.0
 20
-413.4349909275768
 10
-283.2000000029802
 20
-413.4349909275768
 10
-283.2000000029802
 20
-419.434990927577
 10
-464.0
 20
-419.434990927577
  0
LWPOLYLINE
  5
261
330
20B
100
AcDbEntity
  8
LN-ELEVATION-4
100
AcDbPolyline
 90
4
 70
1
 10
-283.2000000029802
 20
-357.434990927577
 10
-277.2000000029802
 20
-357.434990927577
 10
-277.2000000029802
 20
-419.434990927577
 10
-283.2000000029802
 20
-419.434990927577
  0
LWPOLYLINE
  5
262
330
20B
100
AcDbEntity
  8
LN-ELEVATION-4
100
AcDbPolyline
 90
4
 70
1
 10
-96.40000000596046
 20
-357.434990927577
 10
-90.40000000596045
 20
-357.434990927577
 10
-90.40000000596045
 20
-419.434990927577
 10
-96.40000000596046
 20
-419.434990927577
  0
LWPOLYLINE
  5
263
330
20B
100
AcDbEntity
  8
LN-ELEVATION-4
100
AcDbPolyline
 90
4
 70
1
 10
90.3999999910593
 20
-357.434990927577
 10
96.3999999910593
 20
-357.434990927577
 10
96.3999999910593
 20
-419.434990927577
 10
90.3999999910593
 20
-419.434990927577
  0
LWPOLYLINE
  5
264
330
20B
100
AcDbEntity
  8
LN-ELEVATION-4
100
AcDbPolyline
 90
4
 70
1
 10
277.1999999880791
 20
-357.434990927577
 10
283.1999999880791
 20
-357.434990927577
 10
283.1999999880791
 20
-419.434990927577
 10
277.1999999880791
 20
-419.434990927577
  0
LWPOLYLINE
  5
265
330
20B
100
AcDbEntity
  8
LN-ELEVATION-4
100
AcDbPolyline
 90
4
 70
1
 10
464.0
 20
-357.434990927577
 10
470.0
 20
-357.434990927577
 10
470.0
 20
-419.434990927577
 10
464.0
 20
-419.434990927577
  0
LWPOLYLINE
  5
266
330
20B
100
AcDbEntity
  8
LN-ELEVATION-4
100
AcDbPolyline
 90
4
 70
1
 10
-277.2000000029802
 20
-413.4349909275768
 10
-96.40000000596046
 20
-413.4349909275768
 10
-96.40000000596046
 20
-419.434990927577
 10
-277.2000000029802
 20
-419.434990927577
  0
LWPOLYLINE
  5
267
330
20B
100
AcDbEntity
  8
LN-ELEVATION-4
100
AcDbPolyline
 90
4
 70
1
 10
-90.40000000596045
 20
-413.4349909275768
 10
90.3999999910593
 20
-413.4349909275768
 10
90.3999999910593
 20
-419.434990927577
 10
-90.40000000596045
 20
-419.434990927577
  0
LWPOLYLINE
  5
268
330
20B
100
AcDbEntity
  8
LN-ELEVATION-4
100
AcDbPolyline
 90
4
 70
1
 10
96.3999999910593
 20
-413.4349909275768
 10
277.1999999880791
 20
-413.4349909275768
 10
277.1999999880791
 20
-419.434990927577
 10
96.3999999910593
 20
-419.434990927577
  0
LWPOLYLINE
  5
269
330
20B
100
AcDbEntity
  8
LN-ELEVATION-4
100
AcDbPolyline
 90
4
 70
1
 10
283.1999999880791
 20
-413.4349909275768
 10
463.9999999850988
 20
-413.4349909275768
 10
463.9999999850988
 20
-419.434990927577
 10
283.1999999880791
 20
-419.434990927577
  0
LWPOLYLINE
  5
26A
330
20B
100
AcDbEntity
  8
LN-ELEVATION-5
100
AcDbPolyline
 90
4
 70
1
 10
-470.0
 20
-437.4349909275768
 10
-464.0
 20
-437.4349909275768
 10
-464.0
 20
-499.4349909275769
 10
-470.0
 20
-499.4349909275769
  0
LWPOLYLINE
  5
26B
330
20B
100
AcDbEntity
  8
LN-ELEVATION-5
100
AcDbPolyline
 90
4
 70
1
 10
-464.0
 20
-493.4349909275769
 10
-283.2000000029802
 20
-493.4349909275769
 10
-283.2000000029802
 20
-499.4349909275769
 10
-464.0
 20
-499.4349909275769
  0
LWPOLYLINE
  5
26C
330
20B
100
AcDbEntity
  8
LN-ELEVATION-5
100
AcDbPolyline
 90
4
 70
1
 10
-283.2000000029802
 20
-437.4349909275768
 10
-277.2000000029802
 20
-437.4349909275768
 10
-277.2000000029802
 20
-499.4349909275769
 10
-283.2000000029802
 20
-499.4349909275769
  0
LWPOLYLINE
  5
26D
330
20B
100
AcDbEntity
  8
LN-ELEVATION-5
100
AcDbPolyline
 90
4
 70
1
 10
-96.40000000596046
 20
-437.4349909275768
 10
-90.40000000596045
 20
-437.4349909275768
 10
-90.40000000596045
 20
-499.4349909275769
 10
-96.40000000596046
 20
-499.4349909275769
  0
LWPOLYLINE
  5
26E
330
20B
100
AcDbEntity
  8
LN-ELEVATION-5
100
AcDbPolyline
 90
4
 70
1
 10
90.3999999910593
 20
-437.4349909275768
 10
96.3999999910593
 20
-437.4349909275768
 10
96.3999999910593
 20
-499.4349909275769
 10
90.3999999910593
 20
-499.4349909275769
  0
LWPOLYLINE
  5
26F
330
20B
100
AcDbEntity
  8
LN-ELEVATION-5
100
AcDbPolyline
 90
4
 70
1
 10
277.1999999880791
 20
-437.4349909275768
 10
283.1999999880791
 20
-437.4349909275768
 10
283.1999999880791
 20
-499.4349909275769
 10
277.1999999880791
 20
-499.4349909275769
  0
LWPOLYLINE
  5
270
330
20B
100
AcDbEntity
  8
LN-ELEVATION-5
100
AcDbPolyline
 90
4
 70
1
 10
464.0
 20
-437.4349909275768
 10
470.0
 20
-437.4349909275768
 10
470.0
 20
-499.4349909275769
 10
464.0
 20
-499.4349909275769
  0
LWPOLYLINE
  5
271
330
20B
100
AcDbEntity
  8
LN-ELEVATION-5
100
AcDbPolyline
 90
4
 70
1
 10
-277.2000000029802
 20
-493.4349909275769
 10
-96.40000000596046
 20
-493.4349909275769
 10
-96.40000000596046
 20
-499.4349909275769
 10
-277.2000000029802
 20
-499.4349909275769
  0
LWPOLYLINE
  5
272
330
20B
100
AcDbEntity
  8
LN-ELEVATION-5
100
AcDbPolyline
 90
4
 70
1
 10
-90.40000000596045
 20
-493.4349909275769
 10
90.3999999910593
 20
-493.4349909275769
 10
90.3999999910593
 20
-499.4349909275769
 10
-90.40000000596045
 20
-499.4349909275769
  0
LWPOLYLINE
  5
273
330
20B
100
AcDbEntity
  8
LN-ELEVATION-5
100
AcDbPolyline
 90
4
 70
1
 10
96.3999999910593
 20
-493.4349909275769
 10
277.1999999880791
 20
-493.4349909275769
 10
277.1999999880791
 20
-499.4349909275769
 10
96.3999999910593
 20
-499.4349909275769
  0
LWPOLYLINE
  5
274
330
20B
100
AcDbEntity
  8
LN-ELEVATION-5
100
AcDbPolyline
 90
4
 70
1
 10
283.1999999880791
 20
-493.4349909275769
 10
463.9999999850988
 20
-493.4349909275769
 10
463.9999999850988
 20
-499.4349909275769
 10
283.1999999880791
 20
-499.4349909275769
  0
LWPOLYLINE
  5
275
330
20B
100
AcDbEntity
  8
LN-ELEVATION-3
100
AcDbPolyline
 90
4
 70
1
 10
-500.0
 20
559.5650090724229
 10
500.0
 20
559.5650090724229
 10
500.0
 20
577.5650090724228
 10
-500.0
 20
577.5650090724228
  0
LWPOLYLINE
  5
276
330
20B
100
AcDbEntity
  8
LN-ELEVATION-3
100
AcDbPolyline
 90
4
 70
1
 10
470.0
 20
497.565009072423
 10
500.0
 20
497.565009072423
 10
500.0
 20
559.5650090724229
 10
470.0
 20
559.5650090724229
  0
LWPOLYLINE
  5
277
330
20B
100
AcDbEntity
  8
LN-ELEVATION-3
100
AcDbPolyline
 90
4
 70
1
 10
-500.0
 20
497.565009072423
 10
-470.0
 20
497.565009072423
 10
-470.0
 20
559.5650090724229
 10
-500.0
 20
559.5650090724229
  0
LWPOLYLINE
  5
278
330
20B
100
AcDbEntity
  8
LN-ELEVATION-4
100
AcDbPolyline
 90
4
 70
1
 10
-500.0
 20
639.5650090724228
 10
500.0
 20
639.5650090724228
 10
500.0
 20
657.565009072423
 10
-500.0
 20
657.565009072423
  0
LWPOLYLINE
  5
279
330
20B
100
AcDbEntity
  8
LN-ELEVATION-4
100
AcDbPolyline
 90
4
 70
1
 10
470.0
 20
577.5650090724228
 10
500.0
 20
577.5650090724228
 10
500.0
 20
639.5650090724228
 10
470.0
 20
639.5650090724228
  0
LWPOLYLINE
  5
27A
330
20B
100
AcDbEntity
  8
LN-ELEVATION-4
100
AcDbPolyline
 90
4
 70
1
 10
-500.0
 20
577.5650090724228
 10
-470.0
 20
577.5650090724228
 10
-470.0
 20
639.5650090724228
 10
-500.0
 20
639.5650090724228
  0
LWPOLYLINE
  5
27B
330
20B
100
AcDbEntity
  8
LN-ELEVATION-4
100
AcDbPolyline
 90
4
 70
1
 10
-470.0
 20
497.565009072423
 10
-464.0
 20
497.565009072423
 10
-464.0
 20
559.5650090724229
 10
-470.0
 20
559.5650090724229
  0
LWPOLYLINE
  5
27C
330
20B
100
AcDbEntity
  8
LN-ELEVATION-4
100
AcDbPolyline
 90
4
 70
1
 10
-464.0
 20
553.565009072423
 10
-283.2000000029802
 20
553.565009072423
 10
-283.2000000029802
 20
559.5650090724229
 10
-464.0
 20
559.5650090724229
  0
LWPOLYLINE
  5
27D
330
20B
100
AcDbEntity
  8
LN-ELEVATION-4
100
AcDbPolyline
 90
4
 70
1
 10
-283.2000000029802
 20
497.565009072423
 10
-277.2000000029802
 20
497.565009072423
 10
-277.2000000029802
 20
559.5650090724229
 10
-283.2000000029802
 20
559.5650090724229
  0
LWPOLYLINE
  5
27E
330
20B
100
AcDbEntity
  8
LN-ELEVATION-4
100
AcDbPolyline
 90
4
 70
1
 10
-96.40000000596046
 20
497.565009072423
 10
-90.40000000596045
 20
497.565009072423
 10
-90.40000000596045
 20
559.5650090724229
 10
-96.40000000596046
 20
559.5650090724229
  0
LWPOLYLINE
  5
27F
330
20B
100
AcDbEntity
  8
LN-ELEVATION-4
100
AcDbPolyline
 90
4
 70
1
 10
90.3999999910593
 20
497.565009072423
 10
96.3999999910593
 20
497.565009072423
 10
96.3999999910593
 20
559.5650090724229
 10
90.3999999910593
 20
559.5650090724229
  0
LWPOLYLINE
  5
280
330
20B
100
AcDbEntity
  8
LN-ELEVATION-4
100
AcDbPolyline
 90
4
 70
1
 10
277.1999999880791
 20
497.565009072423
 10
283.1999999880791
 20
497.565009072423
 10
283.1999999880791
 20
559.5650090724229
 10
277.1999999880791
 20
559.5650090724229
  0
LWPOLYLINE
  5
281
330
20B
100
AcDbEntity
  8
LN-ELEVATION-4
100
AcDbPolyline
 90
4
 70
1
 10
464.0
 20
497.565009072423
 10
470.0
 20
497.565009072423
 10
470.0
 20
559.5650090724229
 10
464.0
 20
559.5650090724229
  0
LWPOLYLINE
  5
282
330
20B
100
AcDbEntity
  8
LN-ELEVATION-4
100
AcDbPolyline
 90
4
 70
1
 10
-277.2000000029802
 20
553.565009072423
 10
-96.40000000596046
 20
553.565009072423
 10
-96.40000000596046
 20
559.5650090724229
 10
-277.2000000029802
 20
559.5650090724229
  0
LWPOLYLINE
  5
283
330
20B
100
AcDbEntity
  8
LN-ELEVATION-4
100
AcDbPolyline
 90
4
 70
1
 10
-90.40000000596045
 20
553.565009072423
 10
90.3999999910593
 20
553.565009072423
 10
90.3999999910593
 20
559.5650090724229
 10
-90.40000000596045
 20
559.5650090724229
  0
LWPOLYLINE
  5
284
330
20B
100
AcDbEntity
  8
LN-ELEVATION-4
100
AcDbPolyline
 90
4
 70
1
 10
96.3999999910593
 20
553.565009072423
 10
277.1999999880791
 20
553.565009072423
 10
277.1999999880791
 20
559.5650090724229
 10
96.3999999910593
 20
559.5650090724229
  0
LWPOLYLINE
  5
285
330
20B
100
AcDbEntity
  8
LN-ELEVATION-4
100
AcDbPolyline
 90
4
 70
1
 10
283.1999999880791
 20
553.565009072423
 10
463.9999999850988
 20
553.565009072423
 10
463.9999999850988
 20
559.5650090724229
 10
283.1999999880791
 20
559.5650090724229
  0
LWPOLYLINE
  5
286
330
20B
100
AcDbEntity
  8
LN-ELEVATION-5
100
AcDbPolyline
 90
4
 70
1
 10
-470.0
 20
577.5650090724228
 10
-464.0
 20
577.5650090724228
 10
-464.0
 20
639.5650090724228
 10
-470.0
 20
639.5650090724228
  0
LWPOLYLINE
  5
287
330
20B
100
AcDbEntity
  8
LN-ELEVATION-5
100
AcDbPolyline
 90
4
 70
1
 10
-464.0
 20
633.565009072423
 10
-283.2000000029802
 20
633.565009072423
 10
-283.2000000029802
 20
639.5650090724228
 10
-464.0
 20
639.5650090724228
  0
LWPOLYLINE
  5
288
330
20B
100
AcDbEntity
  8
LN-ELEVATION-5
100
AcDbPolyline
 90
4
 70
1
 10
-283.2000000029802
 20
577.5650090724228
 10
-277.2000000029802
 20
577.5650090724228
 10
-277.2000000029802
 20
639.5650090724228
 10
-283.2000000029802
 20
639.5650090724228
  0
LWPOLYLINE
  5
289
330
20B
100
AcDbEntity
  8
LN-ELEVATION-5
100
AcDbPolyline
 90
4
 70
1
 10
-96.40000000596046
 20
577.5650090724228
 10
-90.40000000596045
 20
577.5650090724228
 10
-90.40000000596045
 20
639.5650090724228
 10
-96.40000000596046
 20
639.5650090724228
  0
LWPOLYLINE
  5
28A
330
20B
100
AcDbEntity
  8
LN-ELEVATION-5
100
AcDbPolyline
 90
4
 70
1
 10
90.3999999910593
 20
577.5650090724228
 10
96.3999999910593
 20
577.5650090724228
 10
96.3999999910593
 20
639.5650090724228
 10
90.3999999910593
 20
639.5650090724228
  0
LWPOLYLINE
  5
28B
330
20B
100
AcDbEntity
  8
LN-ELEVATION-5
100
AcDbPolyline
 90
4
 70
1
 10
277.1999999880791
 20
577.5650090724228
 10
283.1999999880791
 20
577.5650090724228
 10
283.1999999880791
 20
639.5650090724228
 10
277.1999999880791
 20
639.5650090724228
  0
LWPOLYLINE
  5
28C
330
20B
100
AcDbEntity
  8
LN-ELEVATION-5
100
AcDbPolyline
 90
4
 70
1
 10
464.0
 20
577.5650090724228
 10
470.0
 20
577.5650090724228
 10
470.0
 20
639.5650090724228
 10
464.0
 20
639.5650090724228
  0
LWPOLYLINE
  5
28D
330
20B
100
AcDbEntity
  8
LN-ELEVATION-5
100
AcDbPolyline
 90
4
 70
1
 10
-277.2000000029802
 20
633.565009072423
 10
-96.40000000596046
 20
633.565009072423
 10
-96.40000000596046
 20
639.5650090724228
 10
-277.2000000029802
 20
639.5650090724228
  0
LWPOLYLINE
  5
28E
330
20B
100
AcDbEntity
  8
LN-ELEVATION-5
100
AcDbPolyline
 90
4
 70
1
 10
-90.40000000596045
 20
633.565009072423
 10
90.3999999910593
 20
633.565009072423
 10
90.3999999910593
 20
639.5650090724228
 10
-90.40000000596045
 20
639.5650090724228
  0
LWPOLYLINE
  5
28F
330
20B
100
AcDbEntity
  8
LN-ELEVATION-5
100
AcDbPolyline
 90
4
 70
1
 10
96.3999999910593
 20
633.565009072423
 10
277.1999999880791
 20
633.565009072423
 10
277.1999999880791
 20
639.5650090724228
 10
96.3999999910593
 20
639.5650090724228
  0
LWPOLYLINE
  5
290
330
20B
100
AcDbEntity
  8
LN-ELEVATION-5
100
AcDbPolyline
 90
4
 70
1
 10
283.1999999880791
 20
633.565009072423
 10
463.9999999850988
 20
633.565009072423
 10
463.9999999850988
 20
639.5650090724228
 10
283.1999999880791
 20
639.5650090724228
  0
INSERT
  5
291
330
20B
100
AcDbEntity
  8
I-LK DIM
100
AcDbBlockReference
  2
EURO MIRROR
 10
10.0
 20
67.14025533781387
 30
0.0
  0
LWPOLYLINE
  5
293
330
20B
100
AcDbEntity
  8
LN-ELEVATION-1
100
AcDbPolyline
 90
4
 70
1
 10
283.1999999880791
 20
-246.434990927577
 10
470.0
 20
-246.434990927577
 10
470.0
 20
-252.434990927577
 10
283.1999999880791
 20
-252.434990927577
  0
LWPOLYLINE
  5
294
330
20B
100
AcDbEntity
  8
LN-ELEVATION-1
100
AcDbPolyline
 90
4
 70
1
 10
96.39999997615817
 20
-246.434990927577
 10
277.1999999880791
 20
-246.434990927577
 10
277.1999999880791
 20
-252.434990927577
 10
96.39999997615817
 20
-252.434990927577
  0
LWPOLYLINE
  5
295
330
20B
100
AcDbEntity
  8
LN-ELEVATION-1
100
AcDbPolyline
 90
4
 70
1
 10
-90.40000002086165
 20
-246.434990927577
 10
90.3999999910593
 20
-246.434990927577
 10
90.3999999910593
 20
-252.434990927577
 10
-90.40000002086165
 20
-252.434990927577
  0
LWPOLYLINE
  5
296
330
20B
100
AcDbEntity
  8
LN-ELEVATION-1
100
AcDbPolyline
 90
4
 70
1
 10
-277.2000000178814
 20
-246.434990927577
 10
-96.40000000596046
 20
-246.434990927577
 10
-96.40000000596046
 20
-252.434990927577
 10
-277.2000000178814
 20
-252.434990927577
  0
LWPOLYLINE
  5
297
330
20B
100
AcDbEntity
  8
LN-ELEVATION-1
100
AcDbPolyline
 90
4
 70
1
 10
-470.0000000149012
 20
-246.434990927577
 10
-283.2000000029802
 20
-246.434990927577
 10
-283.2000000029802
 20
-252.434990927577
 10
-470.0000000149012
 20
-252.434990927577
  0
LWPOLYLINE
  5
298
330
20B
100
AcDbEntity
  8
LN-ELEVATION-1
100
AcDbPolyline
 90
4
 70
1
 10
283.1999999880791
 20
386.565009072423
 10
470.0
 20
386.565009072423
 10
470.0
 20
392.565009072423
 10
283.1999999880791
 20
392.565009072423
  0
LWPOLYLINE
  5
299
330
20B
100
AcDbEntity
  8
LN-ELEVATION-1
100
AcDbPolyline
 90
4
 70
1
 10
96.39999997615817
 20
386.565009072423
 10
277.1999999880791
 20
386.565009072423
 10
277.1999999880791
 20
392.565009072423
 10
96.39999997615817
 20
392.565009072423
  0
LWPOLYLINE
  5
29A
330
20B
100
AcDbEntity
  8
LN-ELEVATION-1
100
AcDbPolyline
 90
4
 70
1
 10
-90.40000002086165
 20
386.565009072423
 10
90.3999999910593
 20
386.565009072423
 10
90.3999999910593
 20
392.565009072423
 10
-90.40000002086165
 20
392.565009072423
  0
LWPOLYLINE
  5
29B
330
20B
100
AcDbEntity
  8
LN-ELEVATION-1
100
AcDbPolyline
 90
4
 70
1
 10
-277.2000000178814
 20
386.565009072423
 10
-96.40000000596046
 20
386.565009072423
 10
-96.40000000596046
 20
392.565009072423
 10
-277.2000000178814
 20
392.565009072423
  0
LWPOLYLINE
  5
29C
330
20B
100
AcDbEntity
  8
LN-ELEVATION-1
100
AcDbPolyline
 90
4
 70
1
 10
-470.0000000149012
 20
386.565009072423
 10
-283.2000000029802
 20
386.565009072423
 10
-283.2000000029802
 20
392.565009072423
 10
-470.0000000149012
 20
392.565009072423
  0
ENDBLK
  5
20D
330
20B
100
AcDbEntity
  8
0
100
AcDbBlockEnd
  0
BLOCK
  5
2A0
330
29F
100
AcDbEntity
  8
0
100
AcDbBlockBegin
  2
STAFF_RACK_1
 70
0
 10
0.0
 20
0.0
 30
0.0
  3
STAFF_RACK_1
  1

  0
LWPOLYLINE
  5
2A2
330
29F
100
AcDbEntity
  8
I-LK FF&E
100
AcDbPolyline
 90
4
 70
1
 10
900.0
 20
468.1304884285964
 10
0.0
 20
468.1304884285964
 10
0.0
 20
18.13048842859643
 10
900.0
 20
18.13048842859643
  0
MTEXT
  5
2A3
102
{ACAD_XDICTIONARY
360
2A4
102
}
330
29F
100
AcDbEntity
  8
I-LK TEXT
  6
Continuous
 62
0
 48
3.0
100
AcDbMText
 10
-97.90831983360341
 20
361.4909222841868
 30
0.0
 40
100.0
 41
1099.486866972409
 46
0.0
 71
1
 72
5
  1
\pxqc;STAFF\P RACK
  7
LK TXT
 11
1.0
 21
-1.1e-15
 31
0.0
1001
ACAD
1000
ACAD_MTEXT_COLUMN_INFO_BEGIN
1070
75
1070
2
1070
79
1070
0
1070
76
1070
1
1070
78
1070
0
1070
48
1040
1099.486866972409
1070
49
1040
0.9999999999999992
1070
50
1070
1
1040
0.0
1000
ACAD_MTEXT_COLUMN_INFO_END
1000
ACAD_MTEXT_COLUMNS_BEGIN
1070
47
1070
1
1000
ACAD_MTEXT_COLUMNS_END
  0
ENDBLK
  5
2A1
330
29F
100
AcDbEntity
  8
0
100
AcDbBlockEnd
  0
BLOCK
  5
2A8
330
2A7
100
AcDbEntity
  8
0
100
AcDbBlockBegin
  2
VC_FIXTURE_MEDIUM_1
 70
0
 10
0.0
 20
0.0
 30
0.0
  3
VC_FIXTURE_MEDIUM_1
  1

  0
INSERT
  5
2AA
330
2A7
100
AcDbEntity
  8
I-LK FF&E
100
AcDbBlockReference
  2
1010MM VC PLAN
 10
511.833333333022
 20
226.0
 30
0.0
 41
-1.0
  0
ENDBLK
  5
2A9
330
2A7
100
AcDbEntity
  8
0
100
AcDbBlockEnd
  0
BLOCK
  5
2AD
330
2AC
100
AcDbEntity
  8
0
100
AcDbBlockBegin
  2
1010mm vc plan
 70
0
 10
0.0
 20
0.0
 30
0.0
  3
1010mm vc plan
  1

  0
HATCH
  5
2AF
330
2AC
100
AcDbEntity
  8
LN-HATCH
 48
0.5
100
AcDbHatch
 10
0.0
 20
0.0
 30
0.0
210
0.0
220
0.0
230
1.0
  2
ANSI31
 70
0
 71
0
 91
1
 92
1
 93
8
 72
1
 10
-505.166666666977
 20
24.0
 11
-505.166666666977
 21
-166.0
 72
1
 10
-505.166666666977
 20
-166.0
 11
-499.1666666669771
 21
-166.0
 72
1
 10
-499.1666666669771
 20
-166.0
 11
-499.1666666669771
 21
-176.0
 72
1
 10
-499.1666666669771
 20
-176.0
 11
-505.166666666977
 21
-176.0
 72
1
 10
-505.166666666977
 20
-176.0
 11
-505.166666666977
 21
-220.0
 72
1
 10
-505.166666666977
 20
-220.0
 11
-487.1666666669772
 21
-220.0
 72
1
 10
-487.1666666669772
 20
-220.0
 11
-487.1666666669772
 21
24.0
 72
1
 10
-487.1666666669772
 20
24.0
 11
-505.166666666977
 21
24.0
 97
0
 75
1
 76
1
 52
0.0
 41
2.0
 77
0
 78
1
 53
45.0
 43
3761554.586240421
 44
1795022.935917533
 45
-4.490128060534575
 46
4.490128060534575
 79
0
 98
1
 10
-4096900.438269358
 20
1708604.267299229
  0
HATCH
  5
2B0
330
2AC
100
AcDbEntity
  8
LN-HATCH
 48
0.5
100
AcDbHatch
 10
0.0
 20
0.0
 30
0.0
210
0.0
220
0.0
230
1.0
  2
ANSI31
 70
0
 71
0
 91
1
 92
1
 93
4
 72
1
 10
476.8333333330228
 20
-220.0
 11
476.8333333330228
 21
-226.0
 72
1
 10
476.8333333330228
 20
-226.0
 11
511.8333333330228
 21
-226.0
 72
1
 10
511.8333333330228
 20
-226.0
 11
511.8333333330228
 21
-220.0
 72
1
 10
511.8333333330228
 20
-220.0
 11
476.8333333330228
 21
-220.0
 97
0
 75
1
 76
1
 52
0.0
 41
2.0
 77
0
 78
1
 53
45.0
 43
7858558.917008298
 44
3503823.203216763
 45
-4.490128060534575
 46
4.490128060534575
 79
0
 98
1
 10
-4097083.438269358
 20
1708604.267299229
  0
HATCH
  5
2B1
330
2AC
100
AcDbEntity
  8
LN-HATCH
 48
0.5
100
AcDbHatch
 10
0.0
 20
0.0
 30
0.0
210
0.0
220
0.0
230
1.0
  2
ANSI31
 70
0
 71
0
 91
1
 92
1
 93
8
 72
1
 10
504.8333333330228
 20
24.0
 11
504.8333333330228
 21
-166.0
 72
1
 10
504.8333333330228
 20
-166.0
 11
498.8333333330228
 21
-166.0
 72
1
 10
498.8333333330228
 20
-166.0
 11
498.8333333330228
 21
-176.0
 72
1
 10
498.8333333330228
 20
-176.0
 11
504.8333333330228
 21
-176.0
 72
1
 10
504.8333333330228
 20
-176.0
 11
504.8333333330228
 21
-220.0
 72
1
 10
504.8333333330228
 20
-220.0
 11
486.8333333330228
 21
-220.0
 72
1
 10
486.8333333330228
 20
-220.0
 11
486.8333333330228
 21
24.0
 72
1
 10
486.8333333330228
 20
24.0
 11
504.8333333330228
 21
24.0
 97
0
 75
1
 76
1
 52
0.0
 41
2.0
 77
0
 78
1
 53
45.0
 43
7858558.917008298
 44
3503823.203216763
 45
-4.490128060534575
 46
4.490128060534575
 79
0
 98
1
 10
-4097083.438269358
 20
1708604.267299229
  0
HATCH
  5
2B2
330
2AC
100
AcDbEntity
  8
LN-HATCH
 48
0.5
100
AcDbHatch
 10
0.0
 20
0.0
 30
0.0
210
0.0
220
0.0
230
1.0
  2
ANSI31
 70
0
 71
0
 91
1
 92
1
 93
4
 72
1
 10
-470.1666666669772
 20
-220.0
 11
-470.1666666669772
 21
-226.0
 72
1
 10
-470.1666666669772
 20
-226.0
 11
-505.166666666977
 21
-226.0
 72
1
 10
-505.166666666977
 20
-226.0
 11
-505.166666666977
 21
-220.0
 72
1
 10
-505.166666666977
 20
-220.0
 11
-470.1666666669772
 21
-220.0
 97
0
 75
1
 76
1
 52
0.0
 41
2.0
 77
0
 78
1
 53
45.0
 43
7858741.917008297
 44
3503823.203216763
 45
-4.490128060534575
 46
4.490128060534575
 79
0
 98
1
 10
-4096900.438269358
 20
1708604.267299229
  0
LWPOLYLINE
  5
2B3
330
2AC
100
AcDbEntity
  8
LN-ELEVATION-1
 48
0.5
100
AcDbPolyline
 90
8
 70
1
 10
-505.166666666977
 20
24.0
 10
-505.166666666977
 20
-166.0
 10
-499.1666666669771
 20
-166.0
 10
-499.1666666669771
 20
-176.0
 10
-505.166666666977
 20
-176.0
 10
-505.166666666977
 20
-220.0
 10
-487.1666666669772
 20
-220.0
 10
-487.1666666669772
 20
24.0
  0
LWPOLYLINE
  5
2B4
330
2AC
100
AcDbEntity
  8
LN-ELEVATION-1
 48
0.5
100
AcDbPolyline
 90
8
 70
1
 10
504.8333333330228
 20
24.0
 10
504.8333333330228
 20
-166.0
 10
498.8333333330228
 20
-166.0
 10
498.8333333330228
 20
-176.0
 10
504.8333333330228
 20
-176.0
 10
504.8333333330228
 20
-220.0
 10
486.8333333330228
 20
-220.0
 10
486.8333333330228
 20
24.0
  0
LWPOLYLINE
  5
2B5
330
2AC
100
AcDbEntity
  8
LN-ELEVATION-1
 48
0.5
100
AcDbPolyline
 90
4
 70
1
 10
486.8333333330228
 20
12.0
 10
-487.1666666669772
 20
12.0
 10
-487.1666666669772
 20
18.0
 10
486.8333333330228
 20
18.0
  0
LWPOLYLINE
  5
2B6
330
2AC
100
AcDbEntity
  8
LN-ELEVATION-1
 48
0.5
100
AcDbPolyline
 90
4
 70
1
 10
-470.1666666669772
 20
-220.0
 10
-470.1666666669772
 20
-226.0
 10
-505.166666666977
 20
-226.0
 10
-505.166666666977
 20
-220.0
  0
LWPOLYLINE
  5
2B7
330
2AC
100
AcDbEntity
  8
LN-ELEVATION-1
 48
0.5
100
AcDbPolyline
 90
4
 70
1
 10
469.8333333330228
 20
-220.0
 10
469.8333333330228
 20
-226.0
 10
504.8333333330228
 20
-226.0
 10
504.8333333330228
 20
-220.0
  0
LINE
  5
2B8
330
2AC
100
AcDbEntity
  8
LN-ELEVATION-3
 48
0.5
100
AcDbLine
 10
469.8333333330228
 20
-226.0
 30
0.0
 11
-470.1666666669772
 21
-226.0
 31
0.0
  0
LINE
  5
2B9
330
2AC
100
AcDbEntity
  8
LN-ELEVATION-3
 48
0.5
100
AcDbLine
 10
-470.1666666669772
 20
-220.0
 30
0.0
 11
469.8333333330228
 21
-220.0
 31
0.0
  0
LINE
  5
2BA
330
2AC
100
AcDbEntity
  8
LN-ELEVATION-3
 48
0.5
100
AcDbLine
 10
-487.1666666669772
 20
24.0
 30
0.0
 11
486.8333333330228
 21
24.0
 31
0.0
  0
LWPOLYLINE
  5
2BB
330
2AC
100
AcDbEntity
  8
LN-ELEVATION-3
 48
0.5
100
AcDbPolyline
 90
4
 70
1
 10
-470.1666666674428
 20
0.0
 10
-288.5000000004657
 20
0.0
 10
-288.5000000004657
 20
-64.0
 10
-470.1666666674428
 20
-64.0
  0
LWPOLYLINE
  5
2BC
330
2AC
100
AcDbEntity
  8
LN-ELEVATION-3
 48
0.5
100
AcDbPolyline
 90
4
 70
1
 10
-280.5000000004657
 20
0.0
 10
-98.83333333348855
 20
0.0
 10
-98.83333333348855
 20
-64.0
 10
-280.5000000004657
 20
-64.0
  0
LWPOLYLINE
  5
2BD
330
2AC
100
AcDbEntity
  8
LN-ELEVATION-3
 48
0.5
100
AcDbPolyline
 90
4
 70
1
 10
-280.5000000004657
 20
-72.0
 10
-98.83333333348855
 20
-72.0
 10
-98.83333333348855
 20
-136.0
 10
-280.5000000004657
 20
-136.0
  0
LWPOLYLINE
  5
2BE
330
2AC
100
AcDbEntity
  8
LN-ELEVATION-3
 48
0.5
100
AcDbPolyline
 90
4
 70
1
 10
-470.1666666674428
 20
-136.0
 10
-288.5000000004657
 20
-136.0
 10
-288.5000000004657
 20
-72.0
 10
-470.1666666674428
 20
-72.0
  0
LWPOLYLINE
  5
2BF
330
2AC
100
AcDbEntity
  8
LN-ELEVATION-3
 48
0.5
100
AcDbPolyline
 90
4
 70
1
 10
-470.1666666674428
 20
-144.0
 10
-288.5000000004657
 20
-144.0
 10
-288.5000000004657
 20
-208.0
 10
-470.1666666674428
 20
-208.0
  0
LWPOLYLINE
  5
2C0
330
2AC
100
AcDbEntity
  8
LN-ELEVATION-3
 48
0.5
100
AcDbPolyline
 90
4
 70
1
 10
-280.5000000004657
 20
-144.0
 10
-98.83333333348855
 20
-144.0
 10
-98.83333333348855
 20
-208.0
 10
-280.5000000004657
 20
-208.0
  0
LWPOLYLINE
  5
2C1
330
2AC
100
AcDbEntity
  8
LN-ELEVATION-3
 48
0.5
100
AcDbPolyline
 90
4
 70
1
 10
-90.83333333348855
 20
0.0
 10
90.83333333348855
 20
0.0
 10
90.83333333348855
 20
-64.0
 10
-90.83333333348855
 20
-64.0
  0
LWPOLYLINE
  5
2C2
330
2AC
100
AcDbEntity
  8
LN-ELEVATION-3
 48
0.5
100
AcDbPolyline
 90
4
 70
1
 10
-90.83333333348855
 20
-72.0
 10
90.83333333348855
 20
-72.0
 10
90.83333333348855
 20
-136.0
 10
-90.83333333348855
 20
-136.0
  0
LWPOLYLINE
  5
2C3
330
2AC
100
AcDbEntity
  8
LN-ELEVATION-3
 48
0.5
100
AcDbPolyline
 90
4
 70
1
 10
-90.83333333348855
 20
-144.0
 10
90.83333333348855
 20
-144.0
 10
90.83333333348855
 20
-208.0
 10
-90.83333333348855
 20
-208.0
  0
LWPOLYLINE
  5
2C4
330
2AC
100
AcDbEntity
  8
LN-ELEVATION-3
 48
0.5
100
AcDbPolyline
 90
4
 70
1
 10
98.83333333348855
 20
0.0
 10
280.5000000004657
 20
0.0
 10
280.5000000004657
 20
-64.0
 10
98.83333333348855
 20
-64.0
  0
LWPOLYLINE
  5
2C5
330
2AC
100
AcDbEntity
  8
LN-ELEVATION-3
 48
0.5
100
AcDbPolyline
 90
4
 70
1
 10
98.83333333348855
 20
-72.0
 10
280.5000000004657
 20
-72.0
 10
280.5000000004657
 20
-136.0
 10
98.83333333348855
 20
-136.0
  0
LWPOLYLINE
  5
2C6
330
2AC
100
AcDbEntity
  8
LN-ELEVATION-3
 48
0.5
100
AcDbPolyline
 90
4
 70
1
 10
98.83333333348855
 20
-144.0
 10
280.5000000004657
 20
-144.0
 10
280.5000000004657
 20
-208.0
 10
98.83333333348855
 20
-208.0
  0
LWPOLYLINE
  5
2C7
330
2AC
100
AcDbEntity
  8
LN-ELEVATION-3
 48
0.5
100
AcDbPolyline
 90
4
 70
1
 10
288.5000000004657
 20
0.0
 10
470.1666666674428
 20
0.0
 10
470.1666666674428
 20
-64.0
 10
288.5000000004657
 20
-64.0
  0
LWPOLYLINE
  5
2C8
330
2AC
100
AcDbEntity
  8
LN-ELEVATION-3
 48
0.5
100
AcDbPolyline
 90
4
 70
1
 10
288.5000000004657
 20
-72.0
 10
470.1666666674428
 20
-72.0
 10
470.1666666674428
 20
-136.0
 10
288.5000000004657
 20
-136.0
  0
LWPOLYLINE
  5
2C9
330
2AC
100
AcDbEntity
  8
LN-ELEVATION-3
 48
0.5
100
AcDbPolyline
 90
4
 70
1
 10
288.5000000004657
 20
-144.0
 10
470.1666666674428
 20
-144.0
 10
470.1666666674428
 20
-208.0
 10
288.5000000004657
 20
-208.0
  0
LWPOLYLINE
  5
2CA
330
2AC
100
AcDbEntity
  8
LN-ELEVATION-2
 48
0.5
100
AcDbPolyline
 90
4
 70
1
 10
470.1666666674428
 20
0.0
 10
-470.1666666674428
 20
0.0
 10
-470.1666666674428
 20
-208.0
 10
470.1666666674428
 20
-208.0
  0
ENDBLK
  5
2AE
330
2AC
100
AcDbEntity
  8
0
100
AcDbBlockEnd
  0
BLOCK
  5
2CE
330
2CD
100
AcDbEntity
  8
0
100
AcDbBlockBegin
  2
VC_FIXTURE_MEDIUM_2
 70
0
 10
0.0
 20
0.0
 30
0.0
  3
VC_FIXTURE_MEDIUM_2
  1

  0
INSERT
  5
2D0
330
2CD
100
AcDbEntity
  8
I-LK FF&E
100
AcDbBlockReference
  2
1010MM VC PLAN
 10
511.833333333022
 20
226.0
 30
0.0
 41
-1.0
  0
ENDBLK
  5
2CF
330
2CD
100
AcDbEntity
  8
0
100
AcDbBlockEnd
  0
BLOCK
  5
2D5
330
2D4
100
AcDbEntity
  8
0
100
AcDbBlockBegin
  2
VC_FIXTURE_MEDIUM_3
 70
0
 10
0.0
 20
0.0
 30
0.0
  3
VC_FIXTURE_MEDIUM_3
  1

  0
INSERT
  5
2D7
330
2D4
100
AcDbEntity
  8
I-LK FF&E
100
AcDbBlockReference
  2
1010MM VC PLAN
 10
511.833333333022
 20
226.0
 30
0.0
 41
-1.0
  0
ENDBLK
  5
2D6
330
2D4
100
AcDbEntity
  8
0
100
AcDbBlockEnd
  0
BLOCK
  5
2DC
330
2DB
100
AcDbEntity
  8
0
100
AcDbBlockBegin
  2
VC_FIXTURE_MEDIUM_4
 70
0
 10
0.0
 20
0.0
 30
0.0
  3
VC_FIXTURE_MEDIUM_4
  1

  0
INSERT
  5
2DE
330
2DB
100
AcDbEntity
  8
I-LK FF&E
100
AcDbBlockReference
  2
1010MM VC PLAN
 10
511.833333333022
 20
226.0
 30
0.0
 41
-1.0
  0
ENDBLK
  5
2DD
330
2DB
100
AcDbEntity
  8
0
100
AcDbBlockEnd
  0
BLOCK
  5
2E3
330
2E2
100
AcDbEntity
  8
0
100
AcDbBlockBegin
  2
JJ_FIXTURE_MEDIUM_2
 70
0
 10
0.0
 20
0.0
 30
0.0
  3
JJ_FIXTURE_MEDIUM_2
  1

  0
INSERT
  5
2E5
330
2E2
100
AcDbEntity
  8
I-LK FF&E
100
AcDbBlockReference
  2
JJ 900
 10
911.7948143622633
 20
249.9999999999854
 30
0.0
  0
ENDBLK
  5
2E4
330
2E2
100
AcDbEntity
  8
0
100
AcDbBlockEnd
  0
BLOCK
  5
2EA
330
2E9
100
AcDbEntity
  8
0
100
AcDbBlockBegin
  2
POS_WITH_SCREEN_MEDIUM_1
 70
0
 10
0.0
 20
0.0
 30
0.0
  3
POS_WITH_SCREEN_MEDIUM_1
  1

  0
INSERT
  5
2EC
330
2E9
100
AcDbEntity
  8
I-LK FF&E
100
AcDbBlockReference
  2
POS1500
 10
750.0
 20
442.0
 30
0.0
  0
ENDBLK
  5
2EB
330
2E9
100
AcDbEntity
  8
0
100
AcDbBlockEnd
  0
BLOCK
  5
2EF
330
2EE
100
AcDbEntity
  8
0
100
AcDbBlockBegin
  2
pos1500
 70
0
 10
0.0
 20
0.0
 30
0.0
  3
pos1500
  1

  0
LWPOLYLINE
  5
2F1
330
2EE
100
AcDbEntity
  8
LN-ELEVATION-3
  6
ByBlock
 48
0.5
100
AcDbPolyline
 90
2
 70
0
 10
-676.0
 20
298.0
 10
-713.9999999962745
 20
298.0
  0
LWPOLYLINE
  5
2F2
330
2EE
100
AcDbEntity
  8
LN-ELEVATION-1
 48
0.5
100
AcDbPolyline
 90
4
 70
1
 10
493.9999997224658
 20
-260.0
 10
493.9999997224658
 20
-268.0
 10
485.9999997224658
 20
-268.0
 10
485.9999997224658
 20
-260.0
  0
LWPOLYLINE
  5
2F3
330
2EE
100
AcDbEntity
  8
LN-ELEVATION-1
 48
0.5
100
AcDbPolyline
 90
4
 70
1
 10
509.9999997187406
 20
-260.0
 10
509.9999997187406
 20
-268.0
 10
501.9999997187406
 20
-268.0
 10
501.9999997187406
 20
-260.0
  0
LWPOLYLINE
  5
2F4
330
2EE
100
AcDbEntity
  8
LN-ELEVATION-1
 48
0.5
100
AcDbPolyline
 90
4
 70
1
 10
525.9999997150153
 20
-260.0
 10
525.9999997150153
 20
-268.0
 10
517.9999997150153
 20
-268.0
 10
517.9999997150153
 20
-260.0
  0
LWPOLYLINE
  5
2F5
330
2EE
100
AcDbEntity
  8
LN-ELEVATION-1
 48
0.5
100
AcDbPolyline
 90
4
 70
1
 10
541.99999971129
 20
-260.0
 10
541.99999971129
 20
-268.0
 10
533.99999971129
 20
-268.0
 10
533.99999971129
 20
-260.0
  0
LWPOLYLINE
  5
2F6
330
2EE
100
AcDbEntity
  8
LN-ELEVATION-1
 48
0.5
100
AcDbPolyline
 90
4
 70
1
 10
557.9999997075645
 20
-260.0
 10
557.9999997075645
 20
-268.0
 10
549.9999997075645
 20
-268.0
 10
549.9999997075645
 20
-260.0
  0
LWPOLYLINE
  5
2F7
330
2EE
100
AcDbEntity
  8
LN-ELEVATION-1
 48
0.5
100
AcDbPolyline
 90
4
 70
1
 10
573.9999997038393
 20
-260.0
 10
573.9999997038393
 20
-268.0
 10
565.9999997038393
 20
-268.0
 10
565.9999997038393
 20
-260.0
  0
LWPOLYLINE
  5
2F8
330
2EE
100
AcDbEntity
  8
LN-ELEVATION-1
 48
0.5
100
AcDbPolyline
 90
4
 70
1
 10
589.9999997001141
 20
-260.0
 10
589.9999997001141
 20
-268.0
 10
581.9999997001141
 20
-268.0
 10
581.9999997001141
 20
-260.0
  0
LWPOLYLINE
  5
2F9
330
2EE
100
AcDbEntity
  8
LN-ELEVATION-1
 48
0.5
100
AcDbPolyline
 90
4
 70
1
 10
605.9999996963887
 20
-260.0
 10
605.9999996963887
 20
-268.0
 10
597.9999996963887
 20
-268.0
 10
597.9999996963887
 20
-260.0
  0
LWPOLYLINE
  5
2FA
330
2EE
100
AcDbEntity
  8
LN-ELEVATION-1
 48
0.5
100
AcDbPolyline
 90
4
 70
1
 10
621.9999996926636
 20
-260.0
 10
621.9999996926636
 20
-268.0
 10
613.9999996926636
 20
-268.0
 10
613.9999996926636
 20
-260.0
  0
LWPOLYLINE
  5
2FB
330
2EE
100
AcDbEntity
  8
LN-ELEVATION-1
 48
0.5
100
AcDbPolyline
 90
4
 70
1
 10
637.9999996889381
 20
-260.0
 10
637.9999996889381
 20
-268.0
 10
629.9999996889383
 20
-268.0
 10
629.9999996889383
 20
-260.0
  0
LWPOLYLINE
  5
2FC
330
2EE
100
AcDbEntity
  8
LN-ELEVATION-1
 48
0.5
100
AcDbPolyline
 90
4
 70
1
 10
653.9999996852129
 20
-260.0
 10
653.9999996852129
 20
-268.0
 10
645.9999996852129
 20
-268.0
 10
645.9999996852129
 20
-260.0
  0
LWPOLYLINE
  5
2FD
330
2EE
100
AcDbEntity
  8
LN-ELEVATION-1
 48
0.5
100
AcDbPolyline
 90
4
 70
1
 10
669.9999996814876
 20
-260.0
 10
669.9999996814876
 20
-268.0
 10
661.9999996814876
 20
-268.0
 10
661.9999996814876
 20
-260.0
  0
LWPOLYLINE
  5
2FE
330
2EE
100
AcDbEntity
  8
LN-ELEVATION-1
 48
0.5
100
AcDbPolyline
 90
4
 70
1
 10
685.9999996777624
 20
-260.0
 10
685.9999996777624
 20
-268.0
 10
677.9999996777624
 20
-268.0
 10
677.9999996777624
 20
-260.0
  0
LWPOLYLINE
  5
2FF
330
2EE
100
AcDbEntity
  8
LN-ELEVATION-1
 48
0.5
100
AcDbPolyline
 90
4
 70
1
 10
701.9999996740373
 20
-260.0
 10
701.9999996740373
 20
-268.0
 10
693.9999996740373
 20
-268.0
 10
693.9999996740373
 20
-260.0
  0
LWPOLYLINE
  5
300
330
2EE
100
AcDbEntity
  8
LN-ELEVATION-3
  6
ByBlock
 48
0.5
100
AcDbPolyline
 90
4
 70
1
 10
434.0
 20
-434.0
 10
434.0
 20
-442.0
 10
426.0
 20
-442.0
 10
426.0
 20
-434.0
  0
LWPOLYLINE
  5
301
330
2EE
100
AcDbEntity
  8
LN-ELEVATION-3
  6
ByBlock
 48
0.5
100
AcDbPolyline
 90
4
 70
1
 10
450.0
 20
-434.0
 10
450.0
 20
-442.0
 10
442.0
 20
-442.0
 10
442.0
 20
-434.0
  0
LWPOLYLINE
  5
302
330
2EE
100
AcDbEntity
  8
LN-ELEVATION-3
  6
ByBlock
 48
0.5
100
AcDbPolyline
 90
4
 70
1
 10
466.0
 20
-434.0
 10
466.0
 20
-442.0
 10
458.0
 20
-442.0
 10
458.0
 20
-434.0
  0
LWPOLYLINE
  5
303
330
2EE
100
AcDbEntity
  8
LN-ELEVATION-3
  6
ByBlock
 48
0.5
100
AcDbPolyline
 90
4
 70
1
 10
482.0
 20
-434.0
 10
482.0
 20
-442.0
 10
474.0
 20
-442.0
 10
474.0
 20
-434.0
  0
LWPOLYLINE
  5
304
330
2EE
100
AcDbEntity
  8
LN-ELEVATION-3
  6
ByBlock
 48
0.5
100
AcDbPolyline
 90
4
 70
1
 10
498.0
 20
-434.0
 10
498.0
 20
-442.0
 10
490.0
 20
-442.0
 10
490.0
 20
-434.0
  0
LWPOLYLINE
  5
305
330
2EE
100
AcDbEntity
  8
LN-ELEVATION-3
  6
ByBlock
 48
0.5
100
AcDbPolyline
 90
4
 70
1
 10
514.0
 20
-434.0
 10
514.0
 20
-442.0
 10
506.0
 20
-442.0
 10
506.0
 20
-434.0
  0
LWPOLYLINE
  5
306
330
2EE
100
AcDbEntity
  8
LN-ELEVATION-3
  6
ByBlock
 48
0.5
100
AcDbPolyline
 90
4
 70
1
 10
530.0
 20
-434.0
 10
530.0
 20
-442.0
 10
522.0
 20
-442.0
 10
522.0
 20
-434.0
  0
LWPOLYLINE
  5
307
330
2EE
100
AcDbEntity
  8
LN-ELEVATION-3
  6
ByBlock
 48
0.5
100
AcDbPolyline
 90
4
 70
1
 10
546.0
 20
-434.0
 10
546.0
 20
-442.0
 10
538.0
 20
-442.0
 10
538.0
 20
-434.0
  0
LWPOLYLINE
  5
308
330
2EE
100
AcDbEntity
  8
LN-ELEVATION-3
  6
ByBlock
 48
0.5
100
AcDbPolyline
 90
4
 70
1
 10
562.0
 20
-434.0
 10
562.0
 20
-442.0
 10
554.0
 20
-442.0
 10
554.0
 20
-434.0
  0
LWPOLYLINE
  5
309
330
2EE
100
AcDbEntity
  8
LN-ELEVATION-3
  6
ByBlock
 48
0.5
100
AcDbPolyline
 90
4
 70
1
 10
578.0
 20
-434.0
 10
578.0
 20
-442.0
 10
570.0
 20
-442.0
 10
570.0
 20
-434.0
  0
LWPOLYLINE
  5
30A
330
2EE
100
AcDbEntity
  8
LN-ELEVATION-3
  6
ByBlock
 48
0.5
100
AcDbPolyline
 90
4
 70
1
 10
594.0
 20
-434.0
 10
594.0
 20
-442.0
 10
586.0
 20
-442.0
 10
586.0
 20
-434.0
  0
LWPOLYLINE
  5
30B
330
2EE
100
AcDbEntity
  8
LN-ELEVATION-3
  6
ByBlock
 48
0.5
100
AcDbPolyline
 90
4
 70
1
 10
610.0
 20
-434.0
 10
610.0
 20
-442.0
 10
602.0
 20
-442.0
 10
602.0
 20
-434.0
  0
LWPOLYLINE
  5
30C
330
2EE
100
AcDbEntity
  8
LN-ELEVATION-3
  6
ByBlock
 48
0.5
100
AcDbPolyline
 90
4
 70
1
 10
626.0
 20
-434.0
 10
626.0
 20
-442.0
 10
618.0
 20
-442.0
 10
618.0
 20
-434.0
  0
LWPOLYLINE
  5
30D
330
2EE
100
AcDbEntity
  8
LN-ELEVATION-3
  6
ByBlock
 48
0.5
100
AcDbPolyline
 90
4
 70
1
 10
642.0
 20
-434.0
 10
642.0
 20
-442.0
 10
634.0
 20
-442.0
 10
634.0
 20
-434.0
  0
LWPOLYLINE
  5
30E
330
2EE
100
AcDbEntity
  8
LN-ELEVATION-3
  6
ByBlock
 48
0.5
100
AcDbPolyline
 90
4
 70
1
 10
658.0
 20
-434.0
 10
658.0
 20
-442.0
 10
650.0
 20
-442.0
 10
650.0
 20
-434.0
  0
LWPOLYLINE
  5
30F
330
2EE
100
AcDbEntity
  8
LN-ELEVATION-3
  6
ByBlock
 48
0.5
100
AcDbPolyline
 90
4
 70
1
 10
674.0
 20
-434.0
 10
674.0
 20
-442.0
 10
666.0
 20
-442.0
 10
666.0
 20
-434.0
  0
LWPOLYLINE
  5
310
330
2EE
100
AcDbEntity
  8
LN-ELEVATION-3
  6
ByBlock
 48
0.5
100
AcDbPolyline
 90
4
 70
1
 10
690.0
 20
-434.0
 10
690.0
 20
-442.0
 10
682.0
 20
-442.0
 10
682.0
 20
-434.0
  0
LWPOLYLINE
  5
311
330
2EE
100
AcDbEntity
  8
LN-ELEVATION-3
  6
ByBlock
 48
0.5
100
AcDbPolyline
 90
4
 70
1
 10
706.0
 20
-434.0
 10
706.0
 20
-442.0
 10
698.0
 20
-442.0
 10
698.0
 20
-434.0
  0
LWPOLYLINE
  5
312
330
2EE
100
AcDbEntity
  8
LN-ELEVATION-3
  6
ByBlock
 48
0.5
100
AcDbPolyline
 90
4
 70
1
 10
722.0
 20
-434.0
 10
722.0
 20
-442.0
 10
714.0
 20
-442.0
 10
714.0
 20
-434.0
  0
LWPOLYLINE
  5
313
330
2EE
100
AcDbEntity
  8
LN-ELEVATION-3
  6
ByBlock
 48
0.5
100
AcDbPolyline
 90
4
 70
1
 10
738.0
 20
-434.0
 10
738.0
 20
-442.0
 10
730.0
 20
-442.0
 10
730.0
 20
-434.0
  0
LWPOLYLINE
  5
314
330
2EE
100
AcDbEntity
  8
LN-ELEVATION-3
  6
ByBlock
 48
0.5
100
AcDbPolyline
 90
4
 70
1
 10
-154.7999999988824
 20
-286.0
 10
-134.7999999988824
 20
-286.0
 10
-134.7999999988824
 20
-406.0
 10
-154.7999999988824
 20
-406.0
  0
LWPOLYLINE
  5
315
330
2EE
100
AcDbEntity
  8
LN-ELEVATION-3
  6
ByBlock
 48
0.5
100
AcDbPolyline
 90
4
 70
1
 10
134.8000000007451
 20
-286.0
 10
154.8000000007451
 20
-286.0
 10
154.8000000007451
 20
-406.0
 10
134.8000000007451
 20
-406.0
  0
LWPOLYLINE
  5
316
330
2EE
100
AcDbEntity
  8
LN-ELEVATION-3
  6
ByBlock
 48
0.5
100
AcDbPolyline
 90
4
 70
1
 10
424.4000000003723
 20
-286.0
 10
444.4000000003724
 20
-286.0
 10
444.4000000003724
 20
-406.0
 10
424.4000000003723
 20
-406.0
  0
LWPOLYLINE
  5
317
330
2EE
100
AcDbEntity
  8
LN-ELEVATION-3
 48
0.5
100
AcDbPolyline
 90
2
 70
0
 10
101.0
 20
298.0
 10
101.0
 20
0.0
  0
LWPOLYLINE
  5
318
330
2EE
100
AcDbEntity
  8
LN-ELEVATION-3
  6
ByBlock
 48
0.5
100
AcDbPolyline
 90
2
 70
0
 10
-676.0
 20
298.0
 10
-676.0
 20
0.0
  0
LWPOLYLINE
  5
319
330
2EE
100
AcDbEntity
  8
LN-ELEVATION-3
  6
ByBlock
 48
0.5
100
AcDbPolyline
 90
4
 70
1
 10
-444.3999999985098
 20
-286.0
 10
-424.3999999985097
 20
-286.0
 10
-424.3999999985097
 20
-406.0
 10
-444.3999999985098
 20
-406.0
  0
LWPOLYLINE
  5
31A
330
2EE
100
AcDbEntity
  8
LN-ELEVATION-3
  6
ByBlock
 48
0.5
100
AcDbPolyline
 90
4
 70
1
 10
-742.0
 20
-426.0
 10
-742.0
 20
-434.0
 10
-750.0
 20
-434.0
 10
-750.0
 20
-426.0
  0
LWPOLYLINE
  5
31B
330
2EE
100
AcDbEntity
  8
LN-ELEVATION-3
  6
ByBlock
 48
0.5
100
AcDbPolyline
 90
4
 70
1
 10
-742.0
 20
-410.0
 10
-742.0
 20
-418.0
 10
-750.0
 20
-418.0
 10
-750.0
 20
-410.0
  0
LWPOLYLINE
  5
31C
330
2EE
100
AcDbEntity
  8
LN-ELEVATION-3
  6
ByBlock
 48
0.5
100
AcDbPolyline
 90
4
 70
1
 10
-742.0
 20
-394.0
 10
-742.0
 20
-402.0
 10
-750.0
 20
-402.0
 10
-750.0
 20
-394.0
  0
LWPOLYLINE
  5
31D
330
2EE
100
AcDbEntity
  8
LN-ELEVATION-3
  6
ByBlock
 48
0.5
100
AcDbPolyline
 90
4
 70
1
 10
-742.0
 20
-378.0
 10
-742.0
 20
-386.0
 10
-750.0
 20
-386.0
 10
-750.0
 20
-378.0
  0
LWPOLYLINE
  5
31E
330
2EE
100
AcDbEntity
  8
LN-ELEVATION-3
  6
ByBlock
 48
0.5
100
AcDbPolyline
 90
4
 70
1
 10
-742.0
 20
-362.0
 10
-742.0
 20
-370.0
 10
-750.0
 20
-370.0
 10
-750.0
 20
-362.0
  0
LWPOLYLINE
  5
31F
330
2EE
100
AcDbEntity
  8
LN-ELEVATION-3
  6
ByBlock
 48
0.5
100
AcDbPolyline
 90
4
 70
1
 10
-742.0
 20
-346.0
 10
-742.0
 20
-354.0
 10
-750.0
 20
-354.0
 10
-750.0
 20
-346.0
  0
LWPOLYLINE
  5
320
330
2EE
100
AcDbEntity
  8
LN-ELEVATION-3
  6
ByBlock
 48
0.5
100
AcDbPolyline
 90
4
 70
1
 10
-742.0
 20
-330.0
 10
-742.0
 20
-338.0
 10
-750.0
 20
-338.0
 10
-750.0
 20
-330.0
  0
LWPOLYLINE
  5
321
330
2EE
100
AcDbEntity
  8
LN-ELEVATION-3
  6
ByBlock
 48
0.5
100
AcDbPolyline
 90
4
 70
1
 10
-742.0
 20
-314.0
 10
-742.0
 20
-322.0
 10
-750.0
 20
-322.0
 10
-750.0
 20
-314.0
  0
LWPOLYLINE
  5
322
330
2EE
100
AcDbEntity
  8
LN-ELEVATION-3
  6
ByBlock
 48
0.5
100
AcDbPolyline
 90
4
 70
1
 10
-742.0
 20
-298.0
 10
-742.0
 20
-306.0
 10
-750.0
 20
-306.0
 10
-750.0
 20
-298.0
  0
LWPOLYLINE
  5
323
330
2EE
100
AcDbEntity
  8
LN-ELEVATION-3
  6
ByBlock
 48
0.5
100
AcDbPolyline
 90
4
 70
1
 10
-742.0
 20
-282.0
 10
-742.0
 20
-290.0
 10
-750.0
 20
-290.0
 10
-750.0
 20
-282.0
  0
LWPOLYLINE
  5
324
330
2EE
100
AcDbEntity
  8
LN-ELEVATION-3
  6
ByBlock
 48
0.5
100
AcDbPolyline
 90
4
 70
1
 10
-742.0
 20
-266.0
 10
-742.0
 20
-274.0
 10
-750.0
 20
-274.0
 10
-750.0
 20
-266.0
  0
LWPOLYLINE
  5
325
330
2EE
100
AcDbEntity
  8
LN-ELEVATION-3
  6
ByBlock
 48
0.5
100
AcDbPolyline
 90
4
 70
1
 10
-742.0
 20
-250.0
 10
-742.0
 20
-258.0
 10
-750.0
 20
-258.0
 10
-750.0
 20
-250.0
  0
LWPOLYLINE
  5
326
330
2EE
100
AcDbEntity
  8
LN-ELEVATION-3
  6
ByBlock
 48
0.5
100
AcDbPolyline
 90
4
 70
1
 10
-742.0
 20
-234.0
 10
-742.0
 20
-242.0
 10
-750.0
 20
-242.0
 10
-750.0
 20
-234.0
  0
LWPOLYLINE
  5
327
330
2EE
100
AcDbEntity
  8
LN-ELEVATION-3
  6
ByBlock
 48
0.5
100
AcDbPolyline
 90
4
 70
1
 10
-742.0
 20
-218.0
 10
-742.0
 20
-226.0
 10
-750.0
 20
-226.0
 10
-750.0
 20
-218.0
  0
LWPOLYLINE
  5
328
330
2EE
100
AcDbEntity
  8
LN-ELEVATION-3
  6
ByBlock
 48
0.5
100
AcDbPolyline
 90
4
 70
1
 10
-742.0
 20
-202.0
 10
-742.0
 20
-210.0
 10
-750.0
 20
-210.0
 10
-750.0
 20
-202.0
  0
LWPOLYLINE
  5
329
330
2EE
100
AcDbEntity
  8
LN-ELEVATION-3
  6
ByBlock
 48
0.5
100
AcDbPolyline
 90
4
 70
1
 10
-742.0
 20
-186.0
 10
-742.0
 20
-194.0
 10
-750.0
 20
-194.0
 10
-750.0
 20
-186.0
  0
LWPOLYLINE
  5
32A
330
2EE
100
AcDbEntity
  8
LN-ELEVATION-3
  6
ByBlock
 48
0.5
100
AcDbPolyline
 90
4
 70
1
 10
-742.0
 20
-170.0
 10
-742.0
 20
-178.0
 10
-750.0
 20
-178.0
 10
-750.0
 20
-170.0
  0
LWPOLYLINE
  5
32B
330
2EE
100
AcDbEntity
  8
LN-ELEVATION-3
  6
ByBlock
 48
0.5
100
AcDbPolyline
 90
4
 70
1
 10
-742.0
 20
-154.0
 10
-742.0
 20
-162.0
 10
-750.0
 20
-162.0
 10
-750.0
 20
-154.0
  0
LWPOLYLINE
  5
32C
330
2EE
100
AcDbEntity
  8
LN-ELEVATION-3
  6
ByBlock
 48
0.5
100
AcDbPolyline
 90
4
 70
1
 10
-742.0
 20
-138.0
 10
-742.0
 20
-146.0
 10
-750.0
 20
-146.0
 10
-750.0
 20
-138.0
  0
LWPOLYLINE
  5
32D
330
2EE
100
AcDbEntity
  8
LN-ELEVATION-3
  6
ByBlock
 48
0.5
100
AcDbPolyline
 90
4
 70
1
 10
-742.0
 20
-122.0
 10
-742.0
 20
-130.0
 10
-750.0
 20
-130.0
 10
-750.0
 20
-122.0
  0
LWPOLYLINE
  5
32E
330
2EE
100
AcDbEntity
  8
LN-ELEVATION-3
  6
ByBlock
 48
0.5
100
AcDbPolyline
 90
4
 70
1
 10
-742.0
 20
-106.0
 10
-742.0
 20
-114.0
 10
-750.0
 20
-114.0
 10
-750.0
 20
-106.0
  0
LWPOLYLINE
  5
32F
330
2EE
100
AcDbEntity
  8
LN-ELEVATION-3
  6
ByBlock
 48
0.5
100
AcDbPolyline
 90
4
 70
1
 10
-742.0
 20
-90.0
 10
-742.0
 20
-98.0
 10
-750.0
 20
-98.0
 10
-750.0
 20
-90.0
  0
LWPOLYLINE
  5
330
330
2EE
100
AcDbEntity
  8
LN-ELEVATION-3
  6
ByBlock
 48
0.5
100
AcDbPolyline
 90
4
 70
1
 10
-742.0
 20
-74.0
 10
-742.0
 20
-82.0
 10
-750.0
 20
-82.0
 10
-750.0
 20
-74.0
  0
LWPOLYLINE
  5
331
330
2EE
100
AcDbEntity
  8
LN-ELEVATION-3
  6
ByBlock
 48
0.5
100
AcDbPolyline
 90
4
 70
1
 10
-742.0
 20
-58.0
 10
-742.0
 20
-66.0
 10
-750.0
 20
-66.0
 10
-750.0
 20
-58.0
  0
LWPOLYLINE
  5
332
330
2EE
100
AcDbEntity
  8
LN-ELEVATION-3
  6
ByBlock
 48
0.5
100
AcDbPolyline
 90
4
 70
1
 10
-742.0
 20
-42.0
 10
-742.0
 20
-50.0
 10
-750.0
 20
-50.0
 10
-750.0
 20
-42.0
  0
LWPOLYLINE
  5
333
330
2EE
100
AcDbEntity
  8
LN-ELEVATION-3
  6
ByBlock
 48
0.5
100
AcDbPolyline
 90
4
 70
1
 10
-742.0
 20
-26.0
 10
-742.0
 20
-34.0
 10
-750.0
 20
-34.0
 10
-750.0
 20
-26.0
  0
LWPOLYLINE
  5
334
330
2EE
100
AcDbEntity
  8
LN-ELEVATION-3
  6
ByBlock
 48
0.5
100
AcDbPolyline
 90
4
 70
1
 10
-742.0
 20
-10.0
 10
-742.0
 20
-18.0
 10
-750.0
 20
-18.0
 10
-750.0
 20
-10.0
  0
LWPOLYLINE
  5
335
330
2EE
100
AcDbEntity
  8
LN-ELEVATION-3
  6
ByBlock
 48
0.5
100
AcDbPolyline
 90
4
 70
1
 10
-742.0
 20
6.0
 10
-742.0
 20
-2.0
 10
-750.0
 20
-2.0
 10
-750.0
 20
6.0
  0
LWPOLYLINE
  5
336
330
2EE
100
AcDbEntity
  8
LN-ELEVATION-3
  6
ByBlock
 48
0.5
100
AcDbPolyline
 90
4
 70
1
 10
-742.0
 20
22.0
 10
-742.0
 20
14.0
 10
-750.0
 20
14.0
 10
-750.0
 20
22.0
  0
LWPOLYLINE
  5
337
330
2EE
100
AcDbEntity
  8
LN-ELEVATION-3
  6
ByBlock
 48
0.5
100
AcDbPolyline
 90
4
 70
1
 10
-742.0
 20
38.0
 10
-742.0
 20
30.0
 10
-750.0
 20
30.0
 10
-750.0
 20
38.0
  0
LWPOLYLINE
  5
338
330
2EE
100
AcDbEntity
  8
LN-ELEVATION-3
  6
ByBlock
 48
0.5
100
AcDbPolyline
 90
4
 70
1
 10
-742.0
 20
54.0
 10
-742.0
 20
46.0
 10
-750.0
 20
46.0
 10
-750.0
 20
54.0
  0
LWPOLYLINE
  5
339
330
2EE
100
AcDbEntity
  8
LN-ELEVATION-3
  6
ByBlock
 48
0.5
100
AcDbPolyline
 90
4
 70
1
 10
-742.0
 20
70.0
 10
-742.0
 20
62.0
 10
-750.0
 20
62.0
 10
-750.0
 20
70.0
  0
LWPOLYLINE
  5
33A
330
2EE
100
AcDbEntity
  8
LN-ELEVATION-3
  6
ByBlock
 48
0.5
100
AcDbPolyline
 90
4
 70
1
 10
-742.0
 20
86.0
 10
-742.0
 20
78.0
 10
-750.0
 20
78.0
 10
-750.0
 20
86.0
  0
LWPOLYLINE
  5
33B
330
2EE
100
AcDbEntity
  8
LN-ELEVATION-3
  6
ByBlock
 48
0.5
100
AcDbPolyline
 90
4
 70
1
 10
-742.0
 20
102.0
 10
-742.0
 20
94.0
 10
-750.0
 20
94.0
 10
-750.0
 20
102.0
  0
LWPOLYLINE
  5
33C
330
2EE
100
AcDbEntity
  8
LN-ELEVATION-3
  6
ByBlock
 48
0.5
100
AcDbPolyline
 90
4
 70
1
 10
-742.0
 20
118.0
 10
-742.0
 20
110.0
 10
-750.0
 20
110.0
 10
-750.0
 20
118.0
  0
LWPOLYLINE
  5
33D
330
2EE
100
AcDbEntity
  8
LN-ELEVATION-3
  6
ByBlock
 48
0.5
100
AcDbPolyline
 90
4
 70
1
 10
-742.0
 20
134.0
 10
-742.0
 20
126.0
 10
-750.0
 20
126.0
 10
-750.0
 20
134.0
  0
LWPOLYLINE
  5
33E
330
2EE
100
AcDbEntity
  8
LN-ELEVATION-3
  6
ByBlock
 48
0.5
100
AcDbPolyline
 90
4
 70
1
 10
-742.0
 20
150.0
 10
-742.0
 20
142.0
 10
-750.0
 20
142.0
 10
-750.0
 20
150.0
  0
LWPOLYLINE
  5
33F
330
2EE
100
AcDbEntity
  8
LN-ELEVATION-3
  6
ByBlock
 48
0.5
100
AcDbPolyline
 90
4
 70
1
 10
-742.0
 20
166.0
 10
-742.0
 20
158.0
 10
-750.0
 20
158.0
 10
-750.0
 20
166.0
  0
LWPOLYLINE
  5
340
330
2EE
100
AcDbEntity
  8
LN-ELEVATION-3
  6
ByBlock
 48
0.5
100
AcDbPolyline
 90
4
 70
1
 10
-742.0
 20
182.0
 10
-742.0
 20
174.0
 10
-750.0
 20
174.0
 10
-750.0
 20
182.0
  0
LWPOLYLINE
  5
341
330
2EE
100
AcDbEntity
  8
LN-ELEVATION-3
  6
ByBlock
 48
0.5
100
AcDbPolyline
 90
4
 70
1
 10
-742.0
 20
198.0
 10
-742.0
 20
190.0
 10
-750.0
 20
190.0
 10
-750.0
 20
198.0
  0
LWPOLYLINE
  5
342
330
2EE
100
AcDbEntity
  8
LN-ELEVATION-3
  6
ByBlock
 48
0.5
100
AcDbPolyline
 90
4
 70
1
 10
-742.0
 20
214.0
 10
-742.0
 20
206.0
 10
-750.0
 20
206.0
 10
-750.0
 20
214.0
  0
LWPOLYLINE
  5
343
330
2EE
100
AcDbEntity
  8
LN-ELEVATION-3
  6
ByBlock
 48
0.5
100
AcDbPolyline
 90
4
 70
1
 10
-741.9999999981372
 20
230.0
 10
-741.9999999981372
 20
222.0
 10
-749.9999999981374
 20
222.0
 10
-749.9999999981374
 20
230.0
  0
LWPOLYLINE
  5
344
330
2EE
100
AcDbEntity
  8
LN-ELEVATION-3
  6
ByBlock
 48
0.5
100
AcDbPolyline
 90
4
 70
1
 10
-741.9999999981372
 20
246.0
 10
-741.9999999981372
 20
238.0
 10
-749.9999999981374
 20
238.0
 10
-749.9999999981374
 20
246.0
  0
LWPOLYLINE
  5
345
330
2EE
100
AcDbEntity
  8
LN-ELEVATION-3
  6
ByBlock
 48
0.5
100
AcDbPolyline
 90
4
 70
1
 10
-741.9999999962747
 20
262.0
 10
-741.9999999962747
 20
254.0
 10
-749.9999999962747
 20
254.0
 10
-749.9999999962747
 20
262.0
  0
LWPOLYLINE
  5
346
330
2EE
100
AcDbEntity
  8
LN-ELEVATION-3
  6
ByBlock
 48
0.5
100
AcDbPolyline
 90
4
 70
1
 10
-741.9999999962747
 20
278.0
 10
-741.9999999962747
 20
270.0
 10
-749.9999999962747
 20
270.0
 10
-749.9999999962747
 20
278.0
  0
LWPOLYLINE
  5
347
330
2EE
100
AcDbEntity
  8
LN-ELEVATION-3
  6
ByBlock
 48
0.5
100
AcDbPolyline
 90
4
 70
1
 10
-741.9999999962747
 20
294.0
 10
-741.9999999962747
 20
286.0
 10
-749.9999999962747
 20
286.0
 10
-749.9999999962747
 20
294.0
  0
LWPOLYLINE
  5
348
330
2EE
100
AcDbEntity
  8
LN-ELEVATION-3
  6
ByBlock
 48
0.5
100
AcDbPolyline
 90
4
 70
1
 10
-734.0
 20
-434.0
 10
-734.0
 20
-442.0
 10
-742.0
 20
-442.0
 10
-742.0
 20
-434.0
  0
LWPOLYLINE
  5
349
330
2EE
100
AcDbEntity
  8
LN-ELEVATION-3
  6
ByBlock
 48
0.5
100
AcDbPolyline
 90
4
 70
1
 10
-718.0
 20
-434.0
 10
-718.0
 20
-442.0
 10
-726.0
 20
-442.0
 10
-726.0
 20
-434.0
  0
LWPOLYLINE
  5
34A
330
2EE
100
AcDbEntity
  8
LN-ELEVATION-3
  6
ByBlock
 48
0.5
100
AcDbPolyline
 90
4
 70
1
 10
-702.0
 20
-434.0
 10
-702.0
 20
-442.0
 10
-710.0
 20
-442.0
 10
-710.0
 20
-434.0
  0
LWPOLYLINE
  5
34B
330
2EE
100
AcDbEntity
  8
LN-ELEVATION-3
  6
ByBlock
 48
0.5
100
AcDbPolyline
 90
4
 70
1
 10
-686.0
 20
-434.0
 10
-686.0
 20
-442.0
 10
-694.0
 20
-442.0
 10
-694.0
 20
-434.0
  0
LWPOLYLINE
  5
34C
330
2EE
100
AcDbEntity
  8
LN-ELEVATION-3
  6
ByBlock
 48
0.5
100
AcDbPolyline
 90
4
 70
1
 10
-670.0
 20
-434.0
 10
-670.0
 20
-442.0
 10
-678.0
 20
-442.0
 10
-678.0
 20
-434.0
  0
LWPOLYLINE
  5
34D
330
2EE
100
AcDbEntity
  8
LN-ELEVATION-3
  6
ByBlock
 48
0.5
100
AcDbPolyline
 90
4
 70
1
 10
-654.0
 20
-434.0
 10
-654.0
 20
-442.0
 10
-662.0
 20
-442.0
 10
-662.0
 20
-434.0
  0
LWPOLYLINE
  5
34E
330
2EE
100
AcDbEntity
  8
LN-ELEVATION-3
  6
ByBlock
 48
0.5
100
AcDbPolyline
 90
4
 70
1
 10
-638.0
 20
-434.0
 10
-638.0
 20
-442.0
 10
-646.0
 20
-442.0
 10
-646.0
 20
-434.0
  0
LWPOLYLINE
  5
34F
330
2EE
100
AcDbEntity
  8
LN-ELEVATION-3
  6
ByBlock
 48
0.5
100
AcDbPolyline
 90
4
 70
1
 10
-622.0
 20
-434.0
 10
-622.0
 20
-442.0
 10
-630.0
 20
-442.0
 10
-630.0
 20
-434.0
  0
LWPOLYLINE
  5
350
330
2EE
100
AcDbEntity
  8
LN-ELEVATION-3
  6
ByBlock
 48
0.5
100
AcDbPolyline
 90
4
 70
1
 10
-606.0
 20
-434.0
 10
-606.0
 20
-442.0
 10
-614.0
 20
-442.0
 10
-614.0
 20
-434.0
  0
LWPOLYLINE
  5
351
330
2EE
100
AcDbEntity
  8
LN-ELEVATION-3
  6
ByBlock
 48
0.5
100
AcDbPolyline
 90
4
 70
1
 10
-590.0
 20
-434.0
 10
-590.0
 20
-442.0
 10
-598.0
 20
-442.0
 10
-598.0
 20
-434.0
  0
LWPOLYLINE
  5
352
330
2EE
100
AcDbEntity
  8
LN-ELEVATION-3
  6
ByBlock
 48
0.5
100
AcDbPolyline
 90
4
 70
1
 10
-574.0
 20
-434.0
 10
-574.0
 20
-442.0
 10
-582.0
 20
-442.0
 10
-582.0
 20
-434.0
  0
LWPOLYLINE
  5
353
330
2EE
100
AcDbEntity
  8
LN-ELEVATION-3
  6
ByBlock
 48
0.5
100
AcDbPolyline
 90
4
 70
1
 10
-558.0
 20
-434.0
 10
-558.0
 20
-442.0
 10
-566.0
 20
-442.0
 10
-566.0
 20
-434.0
  0
LWPOLYLINE
  5
354
330
2EE
100
AcDbEntity
  8
LN-ELEVATION-3
  6
ByBlock
 48
0.5
100
AcDbPolyline
 90
4
 70
1
 10
-542.0
 20
-434.0
 10
-542.0
 20
-442.0
 10
-550.0
 20
-442.0
 10
-550.0
 20
-434.0
  0
LWPOLYLINE
  5
355
330
2EE
100
AcDbEntity
  8
LN-ELEVATION-3
  6
ByBlock
 48
0.5
100
AcDbPolyline
 90
4
 70
1
 10
-526.0
 20
-434.0
 10
-526.0
 20
-442.0
 10
-534.0
 20
-442.0
 10
-534.0
 20
-434.0
  0
LWPOLYLINE
  5
356
330
2EE
100
AcDbEntity
  8
LN-ELEVATION-3
  6
ByBlock
 48
0.5
100
AcDbPolyline
 90
4
 70
1
 10
-510.0
 20
-434.0
 10
-510.0
 20
-442.0
 10
-518.0
 20
-442.0
 10
-518.0
 20
-434.0
  0
LWPOLYLINE
  5
357
330
2EE
100
AcDbEntity
  8
LN-ELEVATION-3
  6
ByBlock
 48
0.5
100
AcDbPolyline
 90
4
 70
1
 10
-494.0
 20
-434.0
 10
-494.0
 20
-442.0
 10
-502.0
 20
-442.0
 10
-502.0
 20
-434.0
  0
LWPOLYLINE
  5
358
330
2EE
100
AcDbEntity
  8
LN-ELEVATION-3
  6
ByBlock
 48
0.5
100
AcDbPolyline
 90
4
 70
1
 10
-478.0
 20
-434.0
 10
-478.0
 20
-442.0
 10
-486.0
 20
-442.0
 10
-486.0
 20
-434.0
  0
LWPOLYLINE
  5
359
330
2EE
100
AcDbEntity
  8
LN-ELEVATION-3
  6
ByBlock
 48
0.5
100
AcDbPolyline
 90
4
 70
1
 10
-462.0
 20
-434.0
 10
-462.0
 20
-442.0
 10
-470.0
 20
-442.0
 10
-470.0
 20
-434.0
  0
LWPOLYLINE
  5
35A
330
2EE
100
AcDbEntity
  8
LN-ELEVATION-3
  6
ByBlock
 48
0.5
100
AcDbPolyline
 90
4
 70
1
 10
-446.0
 20
-434.0
 10
-446.0
 20
-442.0
 10
-454.0
 20
-442.0
 10
-454.0
 20
-434.0
  0
LWPOLYLINE
  5
35B
330
2EE
100
AcDbEntity
  8
LN-ELEVATION-3
  6
ByBlock
 48
0.5
100
AcDbPolyline
 90
4
 70
1
 10
-430.0
 20
-434.0
 10
-430.0
 20
-442.0
 10
-438.0
 20
-442.0
 10
-438.0
 20
-434.0
  0
LWPOLYLINE
  5
35C
330
2EE
100
AcDbEntity
  8
LN-ELEVATION-3
  6
ByBlock
 48
0.5
100
AcDbPolyline
 90
4
 70
1
 10
-414.0
 20
-434.0
 10
-414.0
 20
-442.0
 10
-422.0
 20
-442.0
 10
-422.0
 20
-434.0
  0
LWPOLYLINE
  5
35D
330
2EE
100
AcDbEntity
  8
LN-ELEVATION-3
  6
ByBlock
 48
0.5
100
AcDbPolyline
 90
4
 70
1
 10
-398.0
 20
-434.0
 10
-398.0
 20
-442.0
 10
-406.0
 20
-442.0
 10
-406.0
 20
-434.0
  0
LWPOLYLINE
  5
35E
330
2EE
100
AcDbEntity
  8
LN-ELEVATION-3
  6
ByBlock
 48
0.5
100
AcDbPolyline
 90
4
 70
1
 10
-382.0
 20
-434.0
 10
-382.0
 20
-442.0
 10
-390.0
 20
-442.0
 10
-390.0
 20
-434.0
  0
LWPOLYLINE
  5
35F
330
2EE
100
AcDbEntity
  8
LN-ELEVATION-3
  6
ByBlock
 48
0.5
100
AcDbPolyline
 90
4
 70
1
 10
-366.0
 20
-434.0
 10
-366.0
 20
-442.0
 10
-374.0
 20
-442.0
 10
-374.0
 20
-434.0
  0
LWPOLYLINE
  5
360
330
2EE
100
AcDbEntity
  8
LN-ELEVATION-3
  6
ByBlock
 48
0.5
100
AcDbPolyline
 90
4
 70
1
 10
-350.0
 20
-434.0
 10
-350.0
 20
-442.0
 10
-358.0
 20
-442.0
 10
-358.0
 20
-434.0
  0
LWPOLYLINE
  5
361
330
2EE
100
AcDbEntity
  8
LN-ELEVATION-3
  6
ByBlock
 48
0.5
100
AcDbPolyline
 90
4
 70
1
 10
-334.0
 20
-434.0
 10
-334.0
 20
-442.0
 10
-342.0
 20
-442.0
 10
-342.0
 20
-434.0
  0
LWPOLYLINE
  5
362
330
2EE
100
AcDbEntity
  8
LN-ELEVATION-3
  6
ByBlock
 48
0.5
100
AcDbPolyline
 90
4
 70
1
 10
-318.0
 20
-434.0
 10
-318.0
 20
-442.0
 10
-326.0
 20
-442.0
 10
-326.0
 20
-434.0
  0
LWPOLYLINE
  5
363
330
2EE
100
AcDbEntity
  8
LN-ELEVATION-3
  6
ByBlock
 48
0.5
100
AcDbPolyline
 90
4
 70
1
 10
-302.0
 20
-434.0
 10
-302.0
 20
-442.0
 10
-310.0
 20
-442.0
 10
-310.0
 20
-434.0
  0
LWPOLYLINE
  5
364
330
2EE
100
AcDbEntity
  8
LN-ELEVATION-3
  6
ByBlock
 48
0.5
100
AcDbPolyline
 90
4
 70
1
 10
-286.0
 20
-434.0
 10
-286.0
 20
-442.0
 10
-294.0
 20
-442.0
 10
-294.0
 20
-434.0
  0
LWPOLYLINE
  5
365
330
2EE
100
AcDbEntity
  8
LN-ELEVATION-3
  6
ByBlock
 48
0.5
100
AcDbPolyline
 90
4
 70
1
 10
-270.0
 20
-434.0
 10
-270.0
 20
-442.0
 10
-278.0
 20
-442.0
 10
-278.0
 20
-434.0
  0
LWPOLYLINE
  5
366
330
2EE
100
AcDbEntity
  8
LN-ELEVATION-3
  6
ByBlock
 48
0.5
100
AcDbPolyline
 90
4
 70
1
 10
-254.0
 20
-434.0
 10
-254.0
 20
-442.0
 10
-262.0
 20
-442.0
 10
-262.0
 20
-434.0
  0
LWPOLYLINE
  5
367
330
2EE
100
AcDbEntity
  8
LN-ELEVATION-3
  6
ByBlock
 48
0.5
100
AcDbPolyline
 90
4
 70
1
 10
-238.0
 20
-434.0
 10
-238.0
 20
-442.0
 10
-246.0
 20
-442.0
 10
-246.0
 20
-434.0
  0
LWPOLYLINE
  5
368
330
2EE
100
AcDbEntity
  8
LN-ELEVATION-3
  6
ByBlock
 48
0.5
100
AcDbPolyline
 90
4
 70
1
 10
-222.0
 20
-434.0
 10
-222.0
 20
-442.0
 10
-230.0
 20
-442.0
 10
-230.0
 20
-434.0
  0
LWPOLYLINE
  5
369
330
2EE
100
AcDbEntity
  8
LN-ELEVATION-3
  6
ByBlock
 48
0.5
100
AcDbPolyline
 90
4
 70
1
 10
-206.0
 20
-434.0
 10
-206.0
 20
-442.0
 10
-214.0
 20
-442.0
 10
-214.0
 20
-434.0
  0
LWPOLYLINE
  5
36A
330
2EE
100
AcDbEntity
  8
LN-ELEVATION-3
  6
ByBlock
 48
0.5
100
AcDbPolyline
 90
4
 70
1
 10
-190.0
 20
-434.0
 10
-190.0
 20
-442.0
 10
-198.0
 20
-442.0
 10
-198.0
 20
-434.0
  0
LWPOLYLINE
  5
36B
330
2EE
100
AcDbEntity
  8
LN-ELEVATION-3
  6
ByBlock
 48
0.5
100
AcDbPolyline
 90
4
 70
1
 10
-174.0
 20
-434.0
 10
-174.0
 20
-442.0
 10
-182.0
 20
-442.0
 10
-182.0
 20
-434.0
  0
LWPOLYLINE
  5
36C
330
2EE
100
AcDbEntity
  8
LN-ELEVATION-3
  6
ByBlock
 48
0.5
100
AcDbPolyline
 90
4
 70
1
 10
-158.0
 20
-434.0
 10
-158.0
 20
-442.0
 10
-166.0
 20
-442.0
 10
-166.0
 20
-434.0
  0
LWPOLYLINE
  5
36D
330
2EE
100
AcDbEntity
  8
LN-ELEVATION-3
  6
ByBlock
 48
0.5
100
AcDbPolyline
 90
4
 70
1
 10
-142.0
 20
-434.0
 10
-142.0
 20
-442.0
 10
-150.0
 20
-442.0
 10
-150.0
 20
-434.0
  0
LWPOLYLINE
  5
36E
330
2EE
100
AcDbEntity
  8
LN-ELEVATION-3
  6
ByBlock
 48
0.5
100
AcDbPolyline
 90
4
 70
1
 10
-126.0
 20
-434.0
 10
-126.0
 20
-442.0
 10
-134.0
 20
-442.0
 10
-134.0
 20
-434.0
  0
LWPOLYLINE
  5
36F
330
2EE
100
AcDbEntity
  8
LN-ELEVATION-3
  6
ByBlock
 48
0.5
100
AcDbPolyline
 90
4
 70
1
 10
-110.0
 20
-434.0
 10
-110.0
 20
-442.0
 10
-118.0
 20
-442.0
 10
-118.0
 20
-434.0
  0
LWPOLYLINE
  5
370
330
2EE
100
AcDbEntity
  8
LN-ELEVATION-3
  6
ByBlock
 48
0.5
100
AcDbPolyline
 90
4
 70
1
 10
-94.0
 20
-434.0
 10
-94.0
 20
-442.0
 10
-102.0
 20
-442.0
 10
-102.0
 20
-434.0
  0
LWPOLYLINE
  5
371
330
2EE
100
AcDbEntity
  8
LN-ELEVATION-3
  6
ByBlock
 48
0.5
100
AcDbPolyline
 90
4
 70
1
 10
-78.0
 20
-434.0
 10
-78.0
 20
-442.0
 10
-86.0
 20
-442.0
 10
-86.0
 20
-434.0
  0
LWPOLYLINE
  5
372
330
2EE
100
AcDbEntity
  8
LN-ELEVATION-3
  6
ByBlock
 48
0.5
100
AcDbPolyline
 90
4
 70
1
 10
-62.0
 20
-434.0
 10
-62.0
 20
-442.0
 10
-70.0
 20
-442.0
 10
-70.0
 20
-434.0
  0
LWPOLYLINE
  5
373
330
2EE
100
AcDbEntity
  8
LN-ELEVATION-3
  6
ByBlock
 48
0.5
100
AcDbPolyline
 90
4
 70
1
 10
-46.0
 20
-434.0
 10
-46.0
 20
-442.0
 10
-54.0
 20
-442.0
 10
-54.0
 20
-434.0
  0
LWPOLYLINE
  5
374
330
2EE
100
AcDbEntity
  8
LN-ELEVATION-3
  6
ByBlock
 48
0.5
100
AcDbPolyline
 90
4
 70
1
 10
-30.0
 20
-434.0
 10
-30.0
 20
-442.0
 10
-38.0
 20
-442.0
 10
-38.0
 20
-434.0
  0
LWPOLYLINE
  5
375
330
2EE
100
AcDbEntity
  8
LN-ELEVATION-3
  6
ByBlock
 48
0.5
100
AcDbPolyline
 90
4
 70
1
 10
-14.0
 20
-434.0
 10
-14.0
 20
-442.0
 10
-22.0
 20
-442.0
 10
-22.0
 20
-434.0
  0
LWPOLYLINE
  5
376
330
2EE
100
AcDbEntity
  8
LN-ELEVATION-3
  6
ByBlock
 48
0.5
100
AcDbPolyline
 90
4
 70
1
 10
2.0
 20
-434.0
 10
2.0
 20
-442.0
 10
-6.0
 20
-442.0
 10
-6.0
 20
-434.0
  0
LWPOLYLINE
  5
377
330
2EE
100
AcDbEntity
  8
LN-ELEVATION-3
  6
ByBlock
 48
0.5
100
AcDbPolyline
 90
4
 70
1
 10
18.0
 20
-434.0
 10
18.0
 20
-442.0
 10
10.0
 20
-442.0
 10
10.0
 20
-434.0
  0
LWPOLYLINE
  5
378
330
2EE
100
AcDbEntity
  8
LN-ELEVATION-3
  6
ByBlock
 48
0.5
100
AcDbPolyline
 90
4
 70
1
 10
34.0
 20
-434.0
 10
34.0
 20
-442.0
 10
26.0
 20
-442.0
 10
26.0
 20
-434.0
  0
LWPOLYLINE
  5
379
330
2EE
100
AcDbEntity
  8
LN-ELEVATION-3
  6
ByBlock
 48
0.5
100
AcDbPolyline
 90
4
 70
1
 10
50.0
 20
-434.0
 10
50.0
 20
-442.0
 10
42.0
 20
-442.0
 10
42.0
 20
-434.0
  0
LWPOLYLINE
  5
37A
330
2EE
100
AcDbEntity
  8
LN-ELEVATION-3
  6
ByBlock
 48
0.5
100
AcDbPolyline
 90
4
 70
1
 10
66.0
 20
-434.0
 10
66.0
 20
-442.0
 10
58.0
 20
-442.0
 10
58.0
 20
-434.0
  0
LWPOLYLINE
  5
37B
330
2EE
100
AcDbEntity
  8
LN-ELEVATION-3
  6
ByBlock
 48
0.5
100
AcDbPolyline
 90
4
 70
1
 10
82.0
 20
-434.0
 10
82.0
 20
-442.0
 10
74.0
 20
-442.0
 10
74.0
 20
-434.0
  0
LWPOLYLINE
  5
37C
330
2EE
100
AcDbEntity
  8
LN-ELEVATION-3
  6
ByBlock
 48
0.5
100
AcDbPolyline
 90
4
 70
1
 10
98.0
 20
-434.0
 10
98.0
 20
-442.0
 10
90.0
 20
-442.0
 10
90.0
 20
-434.0
  0
LWPOLYLINE
  5
37D
330
2EE
100
AcDbEntity
  8
LN-ELEVATION-3
  6
ByBlock
 48
0.5
100
AcDbPolyline
 90
4
 70
1
 10
114.0
 20
-434.0
 10
114.0
 20
-442.0
 10
106.0
 20
-442.0
 10
106.0
 20
-434.0
  0
LWPOLYLINE
  5
37E
330
2EE
100
AcDbEntity
  8
LN-ELEVATION-3
  6
ByBlock
 48
0.5
100
AcDbPolyline
 90
4
 70
1
 10
130.0
 20
-434.0
 10
130.0
 20
-442.0
 10
122.0
 20
-442.0
 10
122.0
 20
-434.0
  0
LWPOLYLINE
  5
37F
330
2EE
100
AcDbEntity
  8
LN-ELEVATION-3
  6
ByBlock
 48
0.5
100
AcDbPolyline
 90
4
 70
1
 10
146.0
 20
-434.0
 10
146.0
 20
-442.0
 10
138.0
 20
-442.0
 10
138.0
 20
-434.0
  0
LWPOLYLINE
  5
380
330
2EE
100
AcDbEntity
  8
LN-ELEVATION-3
  6
ByBlock
 48
0.5
100
AcDbPolyline
 90
4
 70
1
 10
162.0
 20
-434.0
 10
162.0
 20
-442.0
 10
154.0
 20
-442.0
 10
154.0
 20
-434.0
  0
LWPOLYLINE
  5
381
330
2EE
100
AcDbEntity
  8
LN-ELEVATION-3
  6
ByBlock
 48
0.5
100
AcDbPolyline
 90
4
 70
1
 10
178.0
 20
-434.0
 10
178.0
 20
-442.0
 10
170.0
 20
-442.0
 10
170.0
 20
-434.0
  0
LWPOLYLINE
  5
382
330
2EE
100
AcDbEntity
  8
LN-ELEVATION-3
  6
ByBlock
 48
0.5
100
AcDbPolyline
 90
4
 70
1
 10
194.0
 20
-434.0
 10
194.0
 20
-442.0
 10
186.0
 20
-442.0
 10
186.0
 20
-434.0
  0
LWPOLYLINE
  5
383
330
2EE
100
AcDbEntity
  8
LN-ELEVATION-3
  6
ByBlock
 48
0.5
100
AcDbPolyline
 90
4
 70
1
 10
210.0
 20
-434.0
 10
210.0
 20
-442.0
 10
202.0
 20
-442.0
 10
202.0
 20
-434.0
  0
LWPOLYLINE
  5
384
330
2EE
100
AcDbEntity
  8
LN-ELEVATION-3
  6
ByBlock
 48
0.5
100
AcDbPolyline
 90
4
 70
1
 10
226.0
 20
-434.0
 10
226.0
 20
-442.0
 10
218.0
 20
-442.0
 10
218.0
 20
-434.0
  0
LWPOLYLINE
  5
385
330
2EE
100
AcDbEntity
  8
LN-ELEVATION-3
  6
ByBlock
 48
0.5
100
AcDbPolyline
 90
4
 70
1
 10
242.0
 20
-434.0
 10
242.0
 20
-442.0
 10
234.0
 20
-442.0
 10
234.0
 20
-434.0
  0
LWPOLYLINE
  5
386
330
2EE
100
AcDbEntity
  8
LN-ELEVATION-3
  6
ByBlock
 48
0.5
100
AcDbPolyline
 90
4
 70
1
 10
258.0
 20
-434.0
 10
258.0
 20
-442.0
 10
250.0
 20
-442.0
 10
250.0
 20
-434.0
  0
LWPOLYLINE
  5
387
330
2EE
100
AcDbEntity
  8
LN-ELEVATION-3
  6
ByBlock
 48
0.5
100
AcDbPolyline
 90
4
 70
1
 10
274.0
 20
-434.0
 10
274.0
 20
-442.0
 10
266.0
 20
-442.0
 10
266.0
 20
-434.0
  0
LWPOLYLINE
  5
388
330
2EE
100
AcDbEntity
  8
LN-ELEVATION-3
  6
ByBlock
 48
0.5
100
AcDbPolyline
 90
4
 70
1
 10
290.0
 20
-434.0
 10
290.0
 20
-442.0
 10
282.0
 20
-442.0
 10
282.0
 20
-434.0
  0
LWPOLYLINE
  5
389
330
2EE
100
AcDbEntity
  8
LN-ELEVATION-3
  6
ByBlock
 48
0.5
100
AcDbPolyline
 90
4
 70
1
 10
306.0
 20
-434.0
 10
306.0
 20
-442.0
 10
298.0
 20
-442.0
 10
298.0
 20
-434.0
  0
LWPOLYLINE
  5
38A
330
2EE
100
AcDbEntity
  8
LN-ELEVATION-3
  6
ByBlock
 48
0.5
100
AcDbPolyline
 90
4
 70
1
 10
322.0
 20
-434.0
 10
322.0
 20
-442.0
 10
314.0
 20
-442.0
 10
314.0
 20
-434.0
  0
LWPOLYLINE
  5
38B
330
2EE
100
AcDbEntity
  8
LN-ELEVATION-3
  6
ByBlock
 48
0.5
100
AcDbPolyline
 90
4
 70
1
 10
338.0
 20
-434.0
 10
338.0
 20
-442.0
 10
330.0
 20
-442.0
 10
330.0
 20
-434.0
  0
LWPOLYLINE
  5
38C
330
2EE
100
AcDbEntity
  8
LN-ELEVATION-3
  6
ByBlock
 48
0.5
100
AcDbPolyline
 90
4
 70
1
 10
354.0
 20
-434.0
 10
354.0
 20
-442.0
 10
346.0
 20
-442.0
 10
346.0
 20
-434.0
  0
LWPOLYLINE
  5
38D
330
2EE
100
AcDbEntity
  8
LN-ELEVATION-3
  6
ByBlock
 48
0.5
100
AcDbPolyline
 90
4
 70
1
 10
370.0
 20
-434.0
 10
370.0
 20
-442.0
 10
362.0
 20
-442.0
 10
362.0
 20
-434.0
  0
LWPOLYLINE
  5
38E
330
2EE
100
AcDbEntity
  8
LN-ELEVATION-3
  6
ByBlock
 48
0.5
100
AcDbPolyline
 90
4
 70
1
 10
386.0
 20
-434.0
 10
386.0
 20
-442.0
 10
378.0
 20
-442.0
 10
378.0
 20
-434.0
  0
LWPOLYLINE
  5
38F
330
2EE
100
AcDbEntity
  8
LN-ELEVATION-3
  6
ByBlock
 48
0.5
100
AcDbPolyline
 90
4
 70
1
 10
402.0
 20
-434.0
 10
402.0
 20
-442.0
 10
394.0
 20
-442.0
 10
394.0
 20
-434.0
  0
LWPOLYLINE
  5
390
330
2EE
100
AcDbEntity
  8
LN-ELEVATION-3
  6
ByBlock
 48
0.5
100
AcDbPolyline
 90
4
 70
1
 10
418.0
 20
-434.0
 10
418.0
 20
-442.0
 10
410.0
 20
-442.0
 10
410.0
 20
-434.0
  0
LWPOLYLINE
  5
391
330
2EE
100
AcDbEntity
  8
LN-ELEVATION-3
  6
ByBlock
 48
0.5
100
AcDbPolyline
 90
4
 70
1
 10
742.0
 20
-426.0
 10
742.0
 20
-434.0
 10
750.0
 20
-434.0
 10
750.0
 20
-426.0
  0
LWPOLYLINE
  5
392
330
2EE
100
AcDbEntity
  8
LN-ELEVATION-3
  6
ByBlock
 48
0.5
100
AcDbPolyline
 90
4
 70
1
 10
742.0
 20
-410.0
 10
742.0
 20
-418.0
 10
750.0
 20
-418.0
 10
750.0
 20
-410.0
  0
LWPOLYLINE
  5
393
330
2EE
100
AcDbEntity
  8
LN-ELEVATION-3
  6
ByBlock
 48
0.5
100
AcDbPolyline
 90
4
 70
1
 10
742.0
 20
-394.0
 10
742.0
 20
-402.0
 10
750.0
 20
-402.0
 10
750.0
 20
-394.0
  0
LWPOLYLINE
  5
394
330
2EE
100
AcDbEntity
  8
LN-ELEVATION-3
  6
ByBlock
 48
0.5
100
AcDbPolyline
 90
4
 70
1
 10
742.0
 20
-378.0
 10
742.0
 20
-386.0
 10
750.0
 20
-386.0
 10
750.0
 20
-378.0
  0
LWPOLYLINE
  5
395
330
2EE
100
AcDbEntity
  8
LN-ELEVATION-3
  6
ByBlock
 48
0.5
100
AcDbPolyline
 90
4
 70
1
 10
742.0
 20
-362.0
 10
742.0
 20
-370.0
 10
750.0
 20
-370.0
 10
750.0
 20
-362.0
  0
LWPOLYLINE
  5
396
330
2EE
100
AcDbEntity
  8
LN-ELEVATION-3
  6
ByBlock
 48
0.5
100
AcDbPolyline
 90
4
 70
1
 10
742.0
 20
-346.0
 10
742.0
 20
-354.0
 10
750.0
 20
-354.0
 10
750.0
 20
-346.0
  0
LWPOLYLINE
  5
397
330
2EE
100
AcDbEntity
  8
LN-ELEVATION-3
  6
ByBlock
 48
0.5
100
AcDbPolyline
 90
4
 70
1
 10
742.0
 20
-330.0
 10
742.0
 20
-338.0
 10
750.0
 20
-338.0
 10
750.0
 20
-330.0
  0
LWPOLYLINE
  5
398
330
2EE
100
AcDbEntity
  8
LN-ELEVATION-3
  6
ByBlock
 48
0.5
100
AcDbPolyline
 90
4
 70
1
 10
742.0
 20
-314.0
 10
742.0
 20
-322.0
 10
750.0
 20
-322.0
 10
750.0
 20
-314.0
  0
LWPOLYLINE
  5
399
330
2EE
100
AcDbEntity
  8
LN-ELEVATION-3
  6
ByBlock
 48
0.5
100
AcDbPolyline
 90
4
 70
1
 10
742.0
 20
-298.0
 10
742.0
 20
-306.0
 10
750.0
 20
-306.0
 10
750.0
 20
-298.0
  0
LWPOLYLINE
  5
39A
330
2EE
100
AcDbEntity
  8
LN-ELEVATION-3
  6
ByBlock
 48
0.5
100
AcDbPolyline
 90
4
 70
1
 10
742.0
 20
-282.0
 10
742.0
 20
-290.0
 10
750.0
 20
-290.0
 10
750.0
 20
-282.0
  0
LWPOLYLINE
  5
39B
330
2EE
100
AcDbEntity
  8
LN-ELEVATION-3
  6
ByBlock
 48
0.5
100
AcDbPolyline
 90
4
 70
1
 10
742.0
 20
-266.0
 10
742.0
 20
-274.0
 10
750.0
 20
-274.0
 10
750.0
 20
-266.0
  0
LWPOLYLINE
  5
39C
330
2EE
100
AcDbEntity
  8
LN-ELEVATION-3
  6
ByBlock
 48
0.5
100
AcDbPolyline
 90
4
 70
1
 10
742.0
 20
-250.0
 10
742.0
 20
-258.0
 10
750.0
 20
-258.0
 10
750.0
 20
-250.0
  0
LWPOLYLINE
  5
39D
330
2EE
100
AcDbEntity
  8
LN-ELEVATION-3
  6
ByBlock
 48
0.5
100
AcDbPolyline
 90
4
 70
1
 10
742.0
 20
-234.0
 10
742.0
 20
-242.0
 10
750.0
 20
-242.0
 10
750.0
 20
-234.0
  0
LWPOLYLINE
  5
39E
330
2EE
100
AcDbEntity
  8
LN-ELEVATION-3
  6
ByBlock
 48
0.5
100
AcDbPolyline
 90
4
 70
1
 10
742.0
 20
-218.0
 10
742.0
 20
-226.0
 10
750.0
 20
-226.0
 10
750.0
 20
-218.0
  0
LWPOLYLINE
  5
39F
330
2EE
100
AcDbEntity
  8
LN-ELEVATION-3
  6
ByBlock
 48
0.5
100
AcDbPolyline
 90
4
 70
1
 10
742.0
 20
-202.0
 10
742.0
 20
-210.0
 10
750.0
 20
-210.0
 10
750.0
 20
-202.0
  0
LWPOLYLINE
  5
3A0
330
2EE
100
AcDbEntity
  8
LN-ELEVATION-3
  6
ByBlock
 48
0.5
100
AcDbPolyline
 90
4
 70
1
 10
742.0
 20
-186.0
 10
742.0
 20
-194.0
 10
750.0
 20
-194.0
 10
750.0
 20
-186.0
  0
LWPOLYLINE
  5
3A1
330
2EE
100
AcDbEntity
  8
LN-ELEVATION-3
  6
ByBlock
 48
0.5
100
AcDbPolyline
 90
4
 70
1
 10
742.0
 20
-170.0
 10
742.0
 20
-178.0
 10
750.0
 20
-178.0
 10
750.0
 20
-170.0
  0
LWPOLYLINE
  5
3A2
330
2EE
100
AcDbEntity
  8
LN-ELEVATION-3
  6
ByBlock
 48
0.5
100
AcDbPolyline
 90
4
 70
1
 10
742.0
 20
-154.0
 10
742.0
 20
-162.0
 10
750.0
 20
-162.0
 10
750.0
 20
-154.0
  0
LWPOLYLINE
  5
3A3
330
2EE
100
AcDbEntity
  8
LN-ELEVATION-3
  6
ByBlock
 48
0.5
100
AcDbPolyline
 90
4
 70
1
 10
742.0
 20
-138.0
 10
742.0
 20
-146.0
 10
750.0
 20
-146.0
 10
750.0
 20
-138.0
  0
LWPOLYLINE
  5
3A4
330
2EE
100
AcDbEntity
  8
LN-ELEVATION-3
  6
ByBlock
 48
0.5
100
AcDbPolyline
 90
4
 70
1
 10
742.0
 20
-122.0
 10
742.0
 20
-130.0
 10
750.0
 20
-130.0
 10
750.0
 20
-122.0
  0
LWPOLYLINE
  5
3A5
330
2EE
100
AcDbEntity
  8
LN-ELEVATION-3
  6
ByBlock
 48
0.5
100
AcDbPolyline
 90
4
 70
1
 10
742.0
 20
-106.0
 10
742.0
 20
-114.0
 10
750.0
 20
-114.0
 10
750.0
 20
-106.0
  0
LWPOLYLINE
  5
3A6
330
2EE
100
AcDbEntity
  8
LN-ELEVATION-3
  6
ByBlock
 48
0.5
100
AcDbPolyline
 90
4
 70
1
 10
742.0
 20
-90.0
 10
742.0
 20
-98.0
 10
750.0
 20
-98.0
 10
750.0
 20
-90.0
  0
LWPOLYLINE
  5
3A7
330
2EE
100
AcDbEntity
  8
LN-ELEVATION-3
  6
ByBlock
 48
0.5
100
AcDbPolyline
 90
4
 70
1
 10
742.0
 20
-74.0
 10
742.0
 20
-82.0
 10
750.0
 20
-82.0
 10
750.0
 20
-74.0
  0
LWPOLYLINE
  5
3A8
330
2EE
100
AcDbEntity
  8
LN-ELEVATION-3
  6
ByBlock
 48
0.5
100
AcDbPolyline
 90
4
 70
1
 10
742.0
 20
-58.0
 10
742.0
 20
-66.0
 10
750.0
 20
-66.0
 10
750.0
 20
-58.0
  0
LWPOLYLINE
  5
3A9
330
2EE
100
AcDbEntity
  8
LN-ELEVATION-3
  6
ByBlock
 48
0.5
100
AcDbPolyline
 90
4
 70
1
 10
742.0
 20
-42.0
 10
742.0
 20
-50.0
 10
750.0
 20
-50.0
 10
750.0
 20
-42.0
  0
LWPOLYLINE
  5
3AA
330
2EE
100
AcDbEntity
  8
LN-ELEVATION-3
  6
ByBlock
 48
0.5
100
AcDbPolyline
 90
4
 70
1
 10
742.0
 20
-26.0
 10
742.0
 20
-34.0
 10
750.0
 20
-34.0
 10
750.0
 20
-26.0
  0
LWPOLYLINE
  5
3AB
330
2EE
100
AcDbEntity
  8
LN-ELEVATION-3
  6
ByBlock
 48
0.5
100
AcDbPolyline
 90
4
 70
1
 10
742.0
 20
-10.0
 10
742.0
 20
-18.0
 10
750.0
 20
-18.0
 10
750.0
 20
-10.0
  0
LWPOLYLINE
  5
3AC
330
2EE
100
AcDbEntity
  8
LN-ELEVATION-3
  6
ByBlock
 48
0.5
100
AcDbPolyline
 90
4
 70
1
 10
742.0
 20
6.0
 10
742.0
 20
-2.0
 10
750.0
 20
-2.0
 10
750.0
 20
6.0
  0
LWPOLYLINE
  5
3AD
330
2EE
100
AcDbEntity
  8
LN-ELEVATION-3
  6
ByBlock
 48
0.5
100
AcDbPolyline
 90
4
 70
1
 10
742.0
 20
22.0
 10
742.0
 20
14.0
 10
750.0
 20
14.0
 10
750.0
 20
22.0
  0
LWPOLYLINE
  5
3AE
330
2EE
100
AcDbEntity
  8
LN-ELEVATION-3
  6
ByBlock
 48
0.5
100
AcDbPolyline
 90
4
 70
1
 10
742.0
 20
38.0
 10
742.0
 20
30.0
 10
750.0
 20
30.0
 10
750.0
 20
38.0
  0
LWPOLYLINE
  5
3AF
330
2EE
100
AcDbEntity
  8
LN-ELEVATION-3
  6
ByBlock
 48
0.5
100
AcDbPolyline
 90
4
 70
1
 10
742.0
 20
54.0
 10
742.0
 20
46.0
 10
750.0
 20
46.0
 10
750.0
 20
54.0
  0
LWPOLYLINE
  5
3B0
330
2EE
100
AcDbEntity
  8
LN-ELEVATION-3
  6
ByBlock
 48
0.5
100
AcDbPolyline
 90
4
 70
1
 10
742.0
 20
70.0
 10
742.0
 20
62.0
 10
750.0
 20
62.0
 10
750.0
 20
70.0
  0
LWPOLYLINE
  5
3B1
330
2EE
100
AcDbEntity
  8
LN-ELEVATION-3
  6
ByBlock
 48
0.5
100
AcDbPolyline
 90
4
 70
1
 10
742.0
 20
86.0
 10
742.0
 20
78.0
 10
750.0
 20
78.0
 10
750.0
 20
86.0
  0
LWPOLYLINE
  5
3B2
330
2EE
100
AcDbEntity
  8
LN-ELEVATION-3
  6
ByBlock
 48
0.5
100
AcDbPolyline
 90
4
 70
1
 10
742.0
 20
102.0
 10
742.0
 20
94.0
 10
750.0
 20
94.0
 10
750.0
 20
102.0
  0
LWPOLYLINE
  5
3B3
330
2EE
100
AcDbEntity
  8
LN-ELEVATION-3
  6
ByBlock
 48
0.5
100
AcDbPolyline
 90
4
 70
1
 10
742.0
 20
118.0
 10
742.0
 20
110.0
 10
750.0
 20
110.0
 10
750.0
 20
118.0
  0
LWPOLYLINE
  5
3B4
330
2EE
100
AcDbEntity
  8
LN-ELEVATION-3
  6
ByBlock
 48
0.5
100
AcDbPolyline
 90
4
 70
1
 10
742.0
 20
134.0
 10
742.0
 20
126.0
 10
750.0
 20
126.0
 10
750.0
 20
134.0
  0
LWPOLYLINE
  5
3B5
330
2EE
100
AcDbEntity
  8
LN-ELEVATION-3
  6
ByBlock
 48
0.5
100
AcDbPolyline
 90
4
 70
1
 10
742.0
 20
150.0
 10
742.0
 20
142.0
 10
750.0
 20
142.0
 10
750.0
 20
150.0
  0
LWPOLYLINE
  5
3B6
330
2EE
100
AcDbEntity
  8
LN-ELEVATION-3
  6
ByBlock
 48
0.5
100
AcDbPolyline
 90
4
 70
1
 10
742.0
 20
166.0
 10
742.0
 20
158.0
 10
750.0
 20
158.0
 10
750.0
 20
166.0
  0
LWPOLYLINE
  5
3B7
330
2EE
100
AcDbEntity
  8
LN-ELEVATION-3
  6
ByBlock
 48
0.5
100
AcDbPolyline
 90
4
 70
1
 10
742.0
 20
182.0
 10
742.0
 20
174.0
 10
750.0
 20
174.0
 10
750.0
 20
182.0
  0
LWPOLYLINE
  5
3B8
330
2EE
100
AcDbEntity
  8
LN-ELEVATION-3
  6
ByBlock
 48
0.5
100
AcDbPolyline
 90
4
 70
1
 10
742.0
 20
198.0
 10
742.0
 20
190.0
 10
750.0
 20
190.0
 10
750.0
 20
198.0
  0
LWPOLYLINE
  5
3B9
330
2EE
100
AcDbEntity
  8
LN-ELEVATION-3
  6
ByBlock
 48
0.5
100
AcDbPolyline
 90
4
 70
1
 10
742.0
 20
214.0
 10
742.0
 20
206.0
 10
750.0
 20
206.0
 10
750.0
 20
214.0
  0
LWPOLYLINE
  5
3BA
330
2EE
100
AcDbEntity
  8
LN-ELEVATION-3
  6
ByBlock
 48
0.5
100
AcDbPolyline
 90
4
 70
1
 10
742.0
 20
230.0
 10
742.0
 20
222.0
 10
750.0
 20
222.0
 10
750.0
 20
230.0
  0
LWPOLYLINE
  5
3BB
330
2EE
100
AcDbEntity
  8
LN-ELEVATION-3
  6
ByBlock
 48
0.5
100
AcDbPolyline
 90
4
 70
1
 10
742.0
 20
246.0
 10
742.0
 20
238.0
 10
750.0
 20
238.0
 10
750.0
 20
246.0
  0
LWPOLYLINE
  5
3BC
330
2EE
100
AcDbEntity
  8
LN-ELEVATION-3
  6
ByBlock
 48
0.5
100
AcDbPolyline
 90
4
 70
1
 10
742.0
 20
262.0
 10
742.0
 20
254.0
 10
750.0
 20
254.0
 10
750.0
 20
262.0
  0
LWPOLYLINE
  5
3BD
330
2EE
100
AcDbEntity
  8
LN-ELEVATION-3
  6
ByBlock
 48
0.5
100
AcDbPolyline
 90
4
 70
1
 10
742.0
 20
278.0
 10
742.0
 20
270.0
 10
750.0
 20
270.0
 10
750.0
 20
278.0
  0
LWPOLYLINE
  5
3BE
330
2EE
100
AcDbEntity
  8
LN-ELEVATION-3
  6
ByBlock
 48
0.5
100
AcDbPolyline
 90
4
 70
1
 10
742.0
 20
294.0
 10
742.0
 20
286.0
 10
750.0
 20
286.0
 10
750.0
 20
294.0
  0
LWPOLYLINE
  5
3BF
330
2EE
100
AcDbEntity
  8
LN-ELEVATION-1
 48
0.5
100
AcDbPolyline
 90
4
 70
1
 10
-706.0
 20
-260.0
 10
-706.0
 20
-268.0
 10
-714.0
 20
-268.0
 10
-714.0
 20
-260.0
  0
LWPOLYLINE
  5
3C0
330
2EE
100
AcDbEntity
  8
LN-ELEVATION-1
 48
0.5
100
AcDbPolyline
 90
4
 70
1
 10
-706.0
 20
-244.0
 10
-706.0
 20
-252.0
 10
-714.0
 20
-252.0
 10
-714.0
 20
-244.0
  0
LWPOLYLINE
  5
3C1
330
2EE
100
AcDbEntity
  8
LN-ELEVATION-1
 48
0.5
100
AcDbPolyline
 90
4
 70
1
 10
-706.0
 20
-228.0
 10
-706.0
 20
-236.0
 10
-714.0
 20
-236.0
 10
-714.0
 20
-228.0
  0
LWPOLYLINE
  5
3C2
330
2EE
100
AcDbEntity
  8
LN-ELEVATION-1
 48
0.5
100
AcDbPolyline
 90
4
 70
1
 10
-706.0
 20
-212.0
 10
-706.0
 20
-220.0
 10
-714.0
 20
-220.0
 10
-714.0
 20
-212.0
  0
LWPOLYLINE
  5
3C3
330
2EE
100
AcDbEntity
  8
LN-ELEVATION-1
 48
0.5
100
AcDbPolyline
 90
4
 70
1
 10
-706.0
 20
-196.0
 10
-706.0
 20
-204.0
 10
-714.0
 20
-204.0
 10
-714.0
 20
-196.0
  0
LWPOLYLINE
  5
3C4
330
2EE
100
AcDbEntity
  8
LN-ELEVATION-1
 48
0.5
100
AcDbPolyline
 90
4
 70
1
 10
-706.0
 20
-180.0
 10
-706.0
 20
-188.0
 10
-714.0
 20
-188.0
 10
-714.0
 20
-180.0
  0
LWPOLYLINE
  5
3C5
330
2EE
100
AcDbEntity
  8
LN-ELEVATION-1
 48
0.5
100
AcDbPolyline
 90
4
 70
1
 10
-706.0
 20
-164.0
 10
-706.0
 20
-172.0
 10
-714.0
 20
-172.0
 10
-714.0
 20
-164.0
  0
LWPOLYLINE
  5
3C6
330
2EE
100
AcDbEntity
  8
LN-ELEVATION-1
 48
0.5
100
AcDbPolyline
 90
4
 70
1
 10
-706.0
 20
-148.0
 10
-706.0
 20
-156.0
 10
-714.0
 20
-156.0
 10
-714.0
 20
-148.0
  0
LWPOLYLINE
  5
3C7
330
2EE
100
AcDbEntity
  8
LN-ELEVATION-1
 48
0.5
100
AcDbPolyline
 90
4
 70
1
 10
-706.0
 20
-132.0
 10
-706.0
 20
-140.0
 10
-714.0
 20
-140.0
 10
-714.0
 20
-132.0
  0
LWPOLYLINE
  5
3C8
330
2EE
100
AcDbEntity
  8
LN-ELEVATION-1
 48
0.5
100
AcDbPolyline
 90
4
 70
1
 10
-706.0
 20
-116.0
 10
-706.0
 20
-124.0
 10
-714.0
 20
-124.0
 10
-714.0
 20
-116.0
  0
LWPOLYLINE
  5
3C9
330
2EE
100
AcDbEntity
  8
LN-ELEVATION-1
 48
0.5
100
AcDbPolyline
 90
4
 70
1
 10
-706.0
 20
-100.0
 10
-706.0
 20
-108.0
 10
-714.0
 20
-108.0
 10
-714.0
 20
-100.0
  0
LWPOLYLINE
  5
3CA
330
2EE
100
AcDbEntity
  8
LN-ELEVATION-1
 48
0.5
100
AcDbPolyline
 90
4
 70
1
 10
-706.0
 20
-84.0
 10
-706.0
 20
-92.0
 10
-714.0
 20
-92.0
 10
-714.0
 20
-84.0
  0
LWPOLYLINE
  5
3CB
330
2EE
100
AcDbEntity
  8
LN-ELEVATION-1
 48
0.5
100
AcDbPolyline
 90
4
 70
1
 10
-706.0
 20
-68.0
 10
-706.0
 20
-76.0
 10
-714.0
 20
-76.0
 10
-714.0
 20
-68.0
  0
LWPOLYLINE
  5
3CC
330
2EE
100
AcDbEntity
  8
LN-ELEVATION-1
 48
0.5
100
AcDbPolyline
 90
4
 70
1
 10
-706.0
 20
-52.0
 10
-706.0
 20
-60.0
 10
-714.0
 20
-60.0
 10
-714.0
 20
-52.0
  0
LWPOLYLINE
  5
3CD
330
2EE
100
AcDbEntity
  8
LN-ELEVATION-1
 48
0.5
100
AcDbPolyline
 90
4
 70
1
 10
-706.0
 20
-36.0
 10
-706.0
 20
-44.0
 10
-714.0
 20
-44.0
 10
-714.0
 20
-36.0
  0
LWPOLYLINE
  5
3CE
330
2EE
100
AcDbEntity
  8
LN-ELEVATION-3
  6
ByBlock
 48
0.5
100
AcDbPolyline
 90
4
 70
0
 10
742.0
 20
298.0
 10
742.0
 20
-434.0
 10
-742.0
 20
-434.0
 10
-741.9999999962747
 20
298.0
  0
LWPOLYLINE
  5
3CF
330
2EE
100
AcDbEntity
  8
LN-ELEVATION-3
  6
ByBlock
 48
0.5
100
AcDbPolyline
 90
4
 70
0
 10
734.0
 20
298.0
 10
734.0
 20
-426.0
 10
-734.0
 20
-426.0
 10
-733.9999999962746
 20
298.0
  0
LWPOLYLINE
  5
3D0
330
2EE
100
AcDbEntity
  8
LN-ELEVATION-3
  6
ByBlock
 48
0.5
100
AcDbPolyline
 90
4
 70
0
 10
732.0
 20
298.0
 10
732.0
 20
-424.0
 10
-732.0
 20
-424.0
 10
-731.9999999962747
 20
298.0
  0
LWPOLYLINE
  5
3D1
330
2EE
100
AcDbEntity
  8
LN-ELEVATION-3
  6
ByBlock
 48
0.5
100
AcDbPolyline
 90
4
 70
0
 10
714.0
 20
298.0
 10
714.0
 20
-406.0
 10
-714.0
 20
-406.0
 10
-713.9999999962745
 20
298.0
  0
LWPOLYLINE
  5
3D2
330
2EE
100
AcDbEntity
  8
LN-ELEVATION-3
  6
ByBlock
 48
0.5
100
AcDbPolyline
 90
4
 70
1
 10
714.0
 20
-268.0
 10
-713.9999999981372
 20
-268.0
 10
-713.9999999981372
 20
-286.0
 10
714.0
 20
-286.0
  0
LWPOLYLINE
  5
3D3
330
2EE
100
AcDbEntity
  8
LN-ELEVATION-3
  6
ByBlock
 48
0.5
100
AcDbPolyline
 90
2
 70
0
 10
-741.9999999962747
 20
298.0
 10
-713.9999999962745
 20
298.0
  0
LWPOLYLINE
  5
3D4
330
2EE
100
AcDbEntity
  8
LN-ELEVATION-1
 48
0.5
100
AcDbPolyline
 90
4
 70
0
 10
-697.9999999981372
 20
0.0
 10
-697.9999999981372
 20
-252.0
 10
698.0
 20
-252.0
 10
698.0
 20
0.0
  0
LWPOLYLINE
  5
3D5
330
2EE
100
AcDbEntity
  8
LN-ELEVATION-1
 48
0.5
100
AcDbPolyline
 90
4
 70
0
 10
-705.9999999981372
 20
0.0
 10
-705.9999999981372
 20
-260.0
 10
706.0
 20
-260.0
 10
706.0
 20
0.0
  0
LWPOLYLINE
  5
3D6
330
2EE
100
AcDbEntity
  8
LN-ELEVATION-1
 48
0.5
100
AcDbPolyline
 90
4
 70
0
 10
-695.9999999981372
 20
0.0
 10
-695.9999999981372
 20
-250.0
 10
696.0
 20
-250.0
 10
696.0
 20
0.0
  0
LWPOLYLINE
  5
3D7
330
2EE
100
AcDbEntity
  8
LN-ELEVATION-3
  6
ByBlock
 48
0.5
100
AcDbPolyline
 90
2
 70
0
 10
742.0
 20
298.0
 10
714.0
 20
298.0
  0
LWPOLYLINE
  5
3D8
330
2EE
100
AcDbEntity
  8
LN-ELEVATION-1
 48
0.5
100
AcDbPolyline
 90
2
 70
0
 10
-695.9999999981372
 20
0.0
 10
-713.9999999962745
 20
0.0
  0
LWPOLYLINE
  5
3D9
330
2EE
100
AcDbEntity
  8
LN-ELEVATION-1
 48
0.5
100
AcDbPolyline
 90
2
 70
0
 10
696.0
 20
0.0
 10
714.0
 20
0.0
  0
LWPOLYLINE
  5
3DA
330
2EE
100
AcDbEntity
  8
LN-ELEVATION-1
 48
0.5
100
AcDbPolyline
 90
2
 70
0
 10
-695.9999999981372
 20
0.0
 10
696.0
 20
0.0
  0
LWPOLYLINE
  5
3DB
330
2EE
100
AcDbEntity
  8
LN-ELEVATION-1
 48
0.5
100
AcDbPolyline
 90
4
 70
1
 10
-706.0
 20
-20.0
 10
-706.0
 20
-28.0
 10
-714.0
 20
-28.0
 10
-714.0
 20
-20.0
  0
LWPOLYLINE
  5
3DC
330
2EE
100
AcDbEntity
  8
LN-ELEVATION-1
 48
0.5
100
AcDbPolyline
 90
4
 70
1
 10
-706.0
 20
-4.0
 10
-706.0
 20
-12.0
 10
-714.0
 20
-12.0
 10
-714.0
 20
-4.0
  0
LWPOLYLINE
  5
3DD
330
2EE
100
AcDbEntity
  8
LN-ELEVATION-1
 48
0.5
100
AcDbPolyline
 90
4
 70
1
 10
-690.0000000018626
 20
-260.0
 10
-690.0000000018626
 20
-268.0
 10
-698.0000000018626
 20
-268.0
 10
-698.0000000018626
 20
-260.0
  0
LWPOLYLINE
  5
3DE
330
2EE
100
AcDbEntity
  8
LN-ELEVATION-1
 48
0.5
100
AcDbPolyline
 90
4
 70
1
 10
-674.0000000055878
 20
-260.0
 10
-674.0000000055878
 20
-268.0
 10
-682.0000000055878
 20
-268.0
 10
-682.0000000055878
 20
-260.0
  0
LWPOLYLINE
  5
3DF
330
2EE
100
AcDbEntity
  8
LN-ELEVATION-1
 48
0.5
100
AcDbPolyline
 90
4
 70
1
 10
-658.0000000093132
 20
-260.0
 10
-658.0000000093132
 20
-268.0
 10
-666.0000000093132
 20
-268.0
 10
-666.0000000093132
 20
-260.0
  0
LWPOLYLINE
  5
3E0
330
2EE
100
AcDbEntity
  8
LN-ELEVATION-1
 48
0.5
100
AcDbPolyline
 90
4
 70
1
 10
-642.0000000130385
 20
-260.0
 10
-642.0000000130385
 20
-268.0
 10
-650.0000000130385
 20
-268.0
 10
-650.0000000130385
 20
-260.0
  0
LWPOLYLINE
  5
3E1
330
2EE
100
AcDbEntity
  8
LN-ELEVATION-1
 48
0.5
100
AcDbPolyline
 90
4
 70
1
 10
-626.0000000167638
 20
-260.0
 10
-626.0000000167638
 20
-268.0
 10
-634.0000000167638
 20
-268.0
 10
-634.0000000167638
 20
-260.0
  0
LWPOLYLINE
  5
3E2
330
2EE
100
AcDbEntity
  8
LN-ELEVATION-1
 48
0.5
100
AcDbPolyline
 90
4
 70
1
 10
-610.0000000204889
 20
-260.0
 10
-610.0000000204889
 20
-268.0
 10
-618.000000020489
 20
-268.0
 10
-618.000000020489
 20
-260.0
  0
LWPOLYLINE
  5
3E3
330
2EE
100
AcDbEntity
  8
LN-ELEVATION-1
 48
0.5
100
AcDbPolyline
 90
4
 70
1
 10
-594.0000000242142
 20
-260.0
 10
-594.0000000242142
 20
-268.0
 10
-602.0000000242142
 20
-268.0
 10
-602.0000000242142
 20
-260.0
  0
LWPOLYLINE
  5
3E4
330
2EE
100
AcDbEntity
  8
LN-ELEVATION-1
 48
0.5
100
AcDbPolyline
 90
4
 70
1
 10
-578.0000000279398
 20
-260.0
 10
-578.0000000279398
 20
-268.0
 10
-586.0000000279398
 20
-268.0
 10
-586.0000000279398
 20
-260.0
  0
LWPOLYLINE
  5
3E5
330
2EE
100
AcDbEntity
  8
LN-ELEVATION-1
 48
0.5
100
AcDbPolyline
 90
4
 70
1
 10
-562.0000000316649
 20
-260.0
 10
-562.0000000316649
 20
-268.0
 10
-570.0000000316649
 20
-268.0
 10
-570.0000000316649
 20
-260.0
  0
LWPOLYLINE
  5
3E6
330
2EE
100
AcDbEntity
  8
LN-ELEVATION-1
 48
0.5
100
AcDbPolyline
 90
4
 70
1
 10
-546.0000000353903
 20
-260.0
 10
-546.0000000353903
 20
-268.0
 10
-554.0000000353903
 20
-268.0
 10
-554.0000000353903
 20
-260.0
  0
LWPOLYLINE
  5
3E7
330
2EE
100
AcDbEntity
  8
LN-ELEVATION-1
 48
0.5
100
AcDbPolyline
 90
4
 70
1
 10
-530.0000000391155
 20
-260.0
 10
-530.0000000391155
 20
-268.0
 10
-538.0000000391155
 20
-268.0
 10
-538.0000000391155
 20
-260.0
  0
LWPOLYLINE
  5
3E8
330
2EE
100
AcDbEntity
  8
LN-ELEVATION-1
 48
0.5
100
AcDbPolyline
 90
4
 70
1
 10
-514.0000000428408
 20
-260.0
 10
-514.0000000428408
 20
-268.0
 10
-522.0000000428408
 20
-268.0
 10
-522.0000000428408
 20
-260.0
  0
LWPOLYLINE
  5
3E9
330
2EE
100
AcDbEntity
  8
LN-ELEVATION-1
 48
0.5
100
AcDbPolyline
 90
4
 70
1
 10
-498.0000000465661
 20
-260.0
 10
-498.0000000465661
 20
-268.0
 10
-506.0000000465661
 20
-268.0
 10
-506.0000000465661
 20
-260.0
  0
LWPOLYLINE
  5
3EA
330
2EE
100
AcDbEntity
  8
LN-ELEVATION-1
 48
0.5
100
AcDbPolyline
 90
4
 70
1
 10
-482.0000000502913
 20
-260.0
 10
-482.0000000502913
 20
-268.0
 10
-490.0000000502912
 20
-268.0
 10
-490.0000000502912
 20
-260.0
  0
LWPOLYLINE
  5
3EB
330
2EE
100
AcDbEntity
  8
LN-ELEVATION-1
 48
0.5
100
AcDbPolyline
 90
4
 70
1
 10
-466.0000000540167
 20
-260.0
 10
-466.0000000540167
 20
-268.0
 10
-474.0000000540167
 20
-268.0
 10
-474.0000000540167
 20
-260.0
  0
LWPOLYLINE
  5
3EC
330
2EE
100
AcDbEntity
  8
LN-ELEVATION-1
 48
0.5
100
AcDbPolyline
 90
4
 70
1
 10
-450.0000000577418
 20
-260.0
 10
-450.0000000577418
 20
-268.0
 10
-458.0000000577418
 20
-268.0
 10
-458.0000000577418
 20
-260.0
  0
LWPOLYLINE
  5
3ED
330
2EE
100
AcDbEntity
  8
LN-ELEVATION-1
 48
0.5
100
AcDbPolyline
 90
4
 70
1
 10
-434.0000000614672
 20
-260.0
 10
-434.0000000614672
 20
-268.0
 10
-442.0000000614672
 20
-268.0
 10
-442.0000000614672
 20
-260.0
  0
LWPOLYLINE
  5
3EE
330
2EE
100
AcDbEntity
  8
LN-ELEVATION-1
 48
0.5
100
AcDbPolyline
 90
4
 70
1
 10
-418.0000000651926
 20
-260.0
 10
-418.0000000651926
 20
-268.0
 10
-426.0000000651926
 20
-268.0
 10
-426.0000000651926
 20
-260.0
  0
LWPOLYLINE
  5
3EF
330
2EE
100
AcDbEntity
  8
LN-ELEVATION-1
 48
0.5
100
AcDbPolyline
 90
4
 70
1
 10
-402.0000000689178
 20
-260.0
 10
-402.0000000689178
 20
-268.0
 10
-410.0000000689179
 20
-268.0
 10
-410.0000000689179
 20
-260.0
  0
LWPOLYLINE
  5
3F0
330
2EE
100
AcDbEntity
  8
LN-ELEVATION-1
 48
0.5
100
AcDbPolyline
 90
4
 70
1
 10
-386.0000000726432
 20
-260.0
 10
-386.0000000726432
 20
-268.0
 10
-394.0000000726432
 20
-268.0
 10
-394.0000000726432
 20
-260.0
  0
LWPOLYLINE
  5
3F1
330
2EE
100
AcDbEntity
  8
LN-ELEVATION-1
 48
0.5
100
AcDbPolyline
 90
4
 70
1
 10
-370.0000000763685
 20
-260.0
 10
-370.0000000763685
 20
-268.0
 10
-378.0000000763685
 20
-268.0
 10
-378.0000000763685
 20
-260.0
  0
LWPOLYLINE
  5
3F2
330
2EE
100
AcDbEntity
  8
LN-ELEVATION-1
 48
0.5
100
AcDbPolyline
 90
4
 70
1
 10
-354.0000000800937
 20
-260.0
 10
-354.0000000800937
 20
-268.0
 10
-362.0000000800937
 20
-268.0
 10
-362.0000000800937
 20
-260.0
  0
LWPOLYLINE
  5
3F3
330
2EE
100
AcDbEntity
  8
LN-ELEVATION-1
 48
0.5
100
AcDbPolyline
 90
4
 70
1
 10
-338.000000083819
 20
-260.0
 10
-338.000000083819
 20
-268.0
 10
-346.000000083819
 20
-268.0
 10
-346.000000083819
 20
-260.0
  0
LWPOLYLINE
  5
3F4
330
2EE
100
AcDbEntity
  8
LN-ELEVATION-1
 48
0.5
100
AcDbPolyline
 90
4
 70
1
 10
-322.0000000875443
 20
-260.0
 10
-322.0000000875443
 20
-268.0
 10
-330.0000000875443
 20
-268.0
 10
-330.0000000875443
 20
-260.0
  0
LWPOLYLINE
  5
3F5
330
2EE
100
AcDbEntity
  8
LN-ELEVATION-1
 48
0.5
100
AcDbPolyline
 90
4
 70
1
 10
-306.0000000912696
 20
-260.0
 10
-306.0000000912696
 20
-268.0
 10
-314.0000000912696
 20
-268.0
 10
-314.0000000912696
 20
-260.0
  0
LWPOLYLINE
  5
3F6
330
2EE
100
AcDbEntity
  8
LN-ELEVATION-1
 48
0.5
100
AcDbPolyline
 90
4
 70
1
 10
-290.0000000949949
 20
-260.0
 10
-290.0000000949949
 20
-268.0
 10
-298.0000000949949
 20
-268.0
 10
-298.0000000949949
 20
-260.0
  0
LWPOLYLINE
  5
3F7
330
2EE
100
AcDbEntity
  8
LN-ELEVATION-1
 48
0.5
100
AcDbPolyline
 90
4
 70
1
 10
-274.0000000987202
 20
-260.0
 10
-274.0000000987202
 20
-268.0
 10
-282.0000000987202
 20
-268.0
 10
-282.0000000987202
 20
-260.0
  0
LWPOLYLINE
  5
3F8
330
2EE
100
AcDbEntity
  8
LN-ELEVATION-1
 48
0.5
100
AcDbPolyline
 90
4
 70
1
 10
-258.0000001024455
 20
-260.0
 10
-258.0000001024455
 20
-268.0
 10
-266.0000001024455
 20
-268.0
 10
-266.0000001024455
 20
-260.0
  0
LWPOLYLINE
  5
3F9
330
2EE
100
AcDbEntity
  8
LN-ELEVATION-1
 48
0.5
100
AcDbPolyline
 90
4
 70
1
 10
-242.0000001061708
 20
-260.0
 10
-242.0000001061708
 20
-268.0
 10
-250.0000001061708
 20
-268.0
 10
-250.0000001061708
 20
-260.0
  0
LWPOLYLINE
  5
3FA
330
2EE
100
AcDbEntity
  8
LN-ELEVATION-1
 48
0.5
100
AcDbPolyline
 90
4
 70
1
 10
-226.0000001098961
 20
-260.0
 10
-226.0000001098961
 20
-268.0
 10
-234.0000001098961
 20
-268.0
 10
-234.0000001098961
 20
-260.0
  0
LWPOLYLINE
  5
3FB
330
2EE
100
AcDbEntity
  8
LN-ELEVATION-1
 48
0.5
100
AcDbPolyline
 90
4
 70
1
 10
-210.0000001136214
 20
-260.0
 10
-210.0000001136214
 20
-268.0
 10
-218.0000001136214
 20
-268.0
 10
-218.0000001136214
 20
-260.0
  0
LWPOLYLINE
  5
3FC
330
2EE
100
AcDbEntity
  8
LN-ELEVATION-1
 48
0.5
100
AcDbPolyline
 90
4
 70
1
 10
-194.0000001173466
 20
-260.0
 10
-194.0000001173466
 20
-268.0
 10
-202.0000001173466
 20
-268.0
 10
-202.0000001173466
 20
-260.0
  0
LWPOLYLINE
  5
3FD
330
2EE
100
AcDbEntity
  8
LN-ELEVATION-1
 48
0.5
100
AcDbPolyline
 90
4
 70
1
 10
-178.0000001210719
 20
-260.0
 10
-178.0000001210719
 20
-268.0
 10
-186.0000001210718
 20
-268.0
 10
-186.0000001210718
 20
-260.0
  0
LWPOLYLINE
  5
3FE
330
2EE
100
AcDbEntity
  8
LN-ELEVATION-1
 48
0.5
100
AcDbPolyline
 90
4
 70
1
 10
-162.0000001247972
 20
-260.0
 10
-162.0000001247972
 20
-268.0
 10
-170.0000001247972
 20
-268.0
 10
-170.0000001247972
 20
-260.0
  0
LWPOLYLINE
  5
3FF
330
2EE
100
AcDbEntity
  8
LN-ELEVATION-1
 48
0.5
100
AcDbPolyline
 90
4
 70
1
 10
-146.0000001285225
 20
-260.0
 10
-146.0000001285225
 20
-268.0
 10
-154.0000001285225
 20
-268.0
 10
-154.0000001285225
 20
-260.0
  0
LWPOLYLINE
  5
400
330
2EE
100
AcDbEntity
  8
LN-ELEVATION-1
 48
0.5
100
AcDbPolyline
 90
4
 70
1
 10
-130.0000001322477
 20
-260.0
 10
-130.0000001322477
 20
-268.0
 10
-138.0000001322478
 20
-268.0
 10
-138.0000001322478
 20
-260.0
  0
LWPOLYLINE
  5
401
330
2EE
100
AcDbEntity
  8
LN-ELEVATION-1
 48
0.5
100
AcDbPolyline
 90
4
 70
1
 10
-114.0000001359731
 20
-260.0
 10
-114.0000001359731
 20
-268.0
 10
-122.0000001359731
 20
-268.0
 10
-122.0000001359731
 20
-260.0
  0
LWPOLYLINE
  5
402
330
2EE
100
AcDbEntity
  8
LN-ELEVATION-1
 48
0.5
100
AcDbPolyline
 90
4
 70
1
 10
-98.00000013969841
 20
-260.0
 10
-98.00000013969841
 20
-268.0
 10
-106.0000001396984
 20
-268.0
 10
-106.0000001396984
 20
-260.0
  0
LWPOLYLINE
  5
403
330
2EE
100
AcDbEntity
  8
LN-ELEVATION-1
 48
0.5
100
AcDbPolyline
 90
4
 70
1
 10
-82.0000001434237
 20
-260.0
 10
-82.0000001434237
 20
-268.0
 10
-90.00000014342369
 20
-268.0
 10
-90.00000014342369
 20
-260.0
  0
LWPOLYLINE
  5
404
330
2EE
100
AcDbEntity
  8
LN-ELEVATION-1
 48
0.5
100
AcDbPolyline
 90
4
 70
1
 10
-66.00000014714897
 20
-260.0
 10
-66.00000014714897
 20
-268.0
 10
-74.00000014714897
 20
-268.0
 10
-74.00000014714897
 20
-260.0
  0
LWPOLYLINE
  5
405
330
2EE
100
AcDbEntity
  8
LN-ELEVATION-1
 48
0.5
100
AcDbPolyline
 90
4
 70
1
 10
-50.00000015087426
 20
-260.0
 10
-50.00000015087426
 20
-268.0
 10
-58.00000015087427
 20
-268.0
 10
-58.00000015087427
 20
-260.0
  0
LWPOLYLINE
  5
406
330
2EE
100
AcDbEntity
  8
LN-ELEVATION-1
 48
0.5
100
AcDbPolyline
 90
4
 70
1
 10
-34.00000015459955
 20
-260.0
 10
-34.00000015459955
 20
-268.0
 10
-42.00000015459955
 20
-268.0
 10
-42.00000015459955
 20
-260.0
  0
LWPOLYLINE
  5
407
330
2EE
100
AcDbEntity
  8
LN-ELEVATION-1
 48
0.5
100
AcDbPolyline
 90
4
 70
1
 10
-18.00000015832484
 20
-260.0
 10
-18.00000015832484
 20
-268.0
 10
-26.00000015832484
 20
-268.0
 10
-26.00000015832484
 20
-260.0
  0
LWPOLYLINE
  5
408
330
2EE
100
AcDbEntity
  8
LN-ELEVATION-1
 48
0.5
100
AcDbPolyline
 90
4
 70
1
 10
-2.000000162050128
 20
-260.0
 10
-2.000000162050128
 20
-268.0
 10
-10.00000016205013
 20
-268.0
 10
-10.00000016205013
 20
-260.0
  0
LWPOLYLINE
  5
409
330
2EE
100
AcDbEntity
  8
LN-ELEVATION-1
 48
0.5
100
AcDbPolyline
 90
4
 70
1
 10
13.99999983422458
 20
-260.0
 10
13.99999983422458
 20
-268.0
 10
5.99999983422458
 20
-268.0
 10
5.99999983422458
 20
-260.0
  0
LWPOLYLINE
  5
40A
330
2EE
100
AcDbEntity
  8
LN-ELEVATION-1
 48
0.5
100
AcDbPolyline
 90
4
 70
1
 10
29.99999983049929
 20
-260.0
 10
29.99999983049929
 20
-268.0
 10
21.99999983049929
 20
-268.0
 10
21.99999983049929
 20
-260.0
  0
LWPOLYLINE
  5
40B
330
2EE
100
AcDbEntity
  8
LN-ELEVATION-1
 48
0.5
100
AcDbPolyline
 90
4
 70
1
 10
45.99999982677399
 20
-260.0
 10
45.99999982677399
 20
-268.0
 10
37.999999826774
 20
-268.0
 10
37.999999826774
 20
-260.0
  0
LWPOLYLINE
  5
40C
330
2EE
100
AcDbEntity
  8
LN-ELEVATION-1
 48
0.5
100
AcDbPolyline
 90
4
 70
1
 10
61.99999982304872
 20
-260.0
 10
61.99999982304872
 20
-268.0
 10
53.99999982304872
 20
-268.0
 10
53.99999982304872
 20
-260.0
  0
LWPOLYLINE
  5
40D
330
2EE
100
AcDbEntity
  8
LN-ELEVATION-1
 48
0.5
100
AcDbPolyline
 90
4
 70
1
 10
77.99999981932342
 20
-260.0
 10
77.99999981932342
 20
-268.0
 10
69.99999981932342
 20
-268.0
 10
69.99999981932342
 20
-260.0
  0
LWPOLYLINE
  5
40E
330
2EE
100
AcDbEntity
  8
LN-ELEVATION-1
 48
0.5
100
AcDbPolyline
 90
4
 70
1
 10
93.99999981559814
 20
-260.0
 10
93.99999981559814
 20
-268.0
 10
85.99999981559813
 20
-268.0
 10
85.99999981559813
 20
-260.0
  0
LWPOLYLINE
  5
40F
330
2EE
100
AcDbEntity
  8
LN-ELEVATION-1
 48
0.5
100
AcDbPolyline
 90
4
 70
1
 10
109.9999998118728
 20
-260.0
 10
109.9999998118728
 20
-268.0
 10
101.9999998118727
 20
-268.0
 10
101.9999998118727
 20
-260.0
  0
LWPOLYLINE
  5
410
330
2EE
100
AcDbEntity
  8
LN-ELEVATION-1
 48
0.5
100
AcDbPolyline
 90
4
 70
1
 10
125.9999998081475
 20
-260.0
 10
125.9999998081475
 20
-268.0
 10
117.9999998081475
 20
-268.0
 10
117.9999998081475
 20
-260.0
  0
LWPOLYLINE
  5
411
330
2EE
100
AcDbEntity
  8
LN-ELEVATION-1
 48
0.5
100
AcDbPolyline
 90
4
 70
1
 10
141.9999998044223
 20
-260.0
 10
141.9999998044223
 20
-268.0
 10
133.9999998044223
 20
-268.0
 10
133.9999998044223
 20
-260.0
  0
LWPOLYLINE
  5
412
330
2EE
100
AcDbEntity
  8
LN-ELEVATION-1
 48
0.5
100
AcDbPolyline
 90
4
 70
1
 10
157.999999800697
 20
-260.0
 10
157.999999800697
 20
-268.0
 10
149.999999800697
 20
-268.0
 10
149.999999800697
 20
-260.0
  0
LWPOLYLINE
  5
413
330
2EE
100
AcDbEntity
  8
LN-ELEVATION-1
 48
0.5
100
AcDbPolyline
 90
4
 70
1
 10
173.9999997969717
 20
-260.0
 10
173.9999997969717
 20
-268.0
 10
165.9999997969717
 20
-268.0
 10
165.9999997969717
 20
-260.0
  0
LWPOLYLINE
  5
414
330
2EE
100
AcDbEntity
  8
LN-ELEVATION-1
 48
0.5
100
AcDbPolyline
 90
4
 70
1
 10
189.9999997932464
 20
-260.0
 10
189.9999997932464
 20
-268.0
 10
181.9999997932464
 20
-268.0
 10
181.9999997932464
 20
-260.0
  0
LWPOLYLINE
  5
415
330
2EE
100
AcDbEntity
  8
LN-ELEVATION-1
 48
0.5
100
AcDbPolyline
 90
4
 70
1
 10
205.9999997895211
 20
-260.0
 10
205.9999997895211
 20
-268.0
 10
197.9999997895211
 20
-268.0
 10
197.9999997895211
 20
-260.0
  0
LWPOLYLINE
  5
416
330
2EE
100
AcDbEntity
  8
LN-ELEVATION-1
 48
0.5
100
AcDbPolyline
 90
4
 70
1
 10
221.9999997857958
 20
-260.0
 10
221.9999997857958
 20
-268.0
 10
213.9999997857958
 20
-268.0
 10
213.9999997857958
 20
-260.0
  0
LWPOLYLINE
  5
417
330
2EE
100
AcDbEntity
  8
LN-ELEVATION-1
 48
0.5
100
AcDbPolyline
 90
4
 70
1
 10
237.9999997820705
 20
-260.0
 10
237.9999997820705
 20
-268.0
 10
229.9999997820705
 20
-268.0
 10
229.9999997820705
 20
-260.0
  0
LWPOLYLINE
  5
418
330
2EE
100
AcDbEntity
  8
LN-ELEVATION-1
 48
0.5
100
AcDbPolyline
 90
4
 70
1
 10
253.9999997783452
 20
-260.0
 10
253.9999997783452
 20
-268.0
 10
245.9999997783452
 20
-268.0
 10
245.9999997783452
 20
-260.0
  0
LWPOLYLINE
  5
419
330
2EE
100
AcDbEntity
  8
LN-ELEVATION-1
 48
0.5
100
AcDbPolyline
 90
4
 70
1
 10
269.9999997746199
 20
-260.0
 10
269.9999997746199
 20
-268.0
 10
261.9999997746199
 20
-268.0
 10
261.9999997746199
 20
-260.0
  0
LWPOLYLINE
  5
41A
330
2EE
100
AcDbEntity
  8
LN-ELEVATION-1
 48
0.5
100
AcDbPolyline
 90
4
 70
1
 10
285.9999997708946
 20
-260.0
 10
285.9999997708946
 20
-268.0
 10
277.9999997708946
 20
-268.0
 10
277.9999997708946
 20
-260.0
  0
LWPOLYLINE
  5
41B
330
2EE
100
AcDbEntity
  8
LN-ELEVATION-1
 48
0.5
100
AcDbPolyline
 90
4
 70
1
 10
301.9999997671694
 20
-260.0
 10
301.9999997671694
 20
-268.0
 10
293.9999997671693
 20
-268.0
 10
293.9999997671693
 20
-260.0
  0
LWPOLYLINE
  5
41C
330
2EE
100
AcDbEntity
  8
LN-ELEVATION-1
 48
0.5
100
AcDbPolyline
 90
4
 70
1
 10
317.9999997634441
 20
-260.0
 10
317.9999997634441
 20
-268.0
 10
309.9999997634441
 20
-268.0
 10
309.9999997634441
 20
-260.0
  0
LWPOLYLINE
  5
41D
330
2EE
100
AcDbEntity
  8
LN-ELEVATION-1
 48
0.5
100
AcDbPolyline
 90
4
 70
1
 10
333.9999997597189
 20
-260.0
 10
333.9999997597189
 20
-268.0
 10
325.9999997597188
 20
-268.0
 10
325.9999997597188
 20
-260.0
  0
LWPOLYLINE
  5
41E
330
2EE
100
AcDbEntity
  8
LN-ELEVATION-1
 48
0.5
100
AcDbPolyline
 90
4
 70
1
 10
349.9999997559935
 20
-260.0
 10
349.9999997559935
 20
-268.0
 10
341.9999997559935
 20
-268.0
 10
341.9999997559935
 20
-260.0
  0
LWPOLYLINE
  5
41F
330
2EE
100
AcDbEntity
  8
LN-ELEVATION-1
 48
0.5
100
AcDbPolyline
 90
4
 70
1
 10
365.9999997522682
 20
-260.0
 10
365.9999997522682
 20
-268.0
 10
357.9999997522682
 20
-268.0
 10
357.9999997522682
 20
-260.0
  0
LWPOLYLINE
  5
420
330
2EE
100
AcDbEntity
  8
LN-ELEVATION-1
 48
0.5
100
AcDbPolyline
 90
4
 70
1
 10
381.9999997485428
 20
-260.0
 10
381.9999997485428
 20
-268.0
 10
373.9999997485428
 20
-268.0
 10
373.9999997485428
 20
-260.0
  0
LWPOLYLINE
  5
421
330
2EE
100
AcDbEntity
  8
LN-ELEVATION-1
 48
0.5
100
AcDbPolyline
 90
4
 70
1
 10
397.9999997448177
 20
-260.0
 10
397.9999997448177
 20
-268.0
 10
389.9999997448177
 20
-268.0
 10
389.9999997448177
 20
-260.0
  0
LWPOLYLINE
  5
422
330
2EE
100
AcDbEntity
  8
LN-ELEVATION-1
 48
0.5
100
AcDbPolyline
 90
4
 70
1
 10
413.9999997410923
 20
-260.0
 10
413.9999997410923
 20
-268.0
 10
405.9999997410923
 20
-268.0
 10
405.9999997410923
 20
-260.0
  0
LWPOLYLINE
  5
423
330
2EE
100
AcDbEntity
  8
LN-ELEVATION-1
 48
0.5
100
AcDbPolyline
 90
4
 70
1
 10
429.999999737367
 20
-260.0
 10
429.999999737367
 20
-268.0
 10
421.999999737367
 20
-268.0
 10
421.999999737367
 20
-260.0
  0
LWPOLYLINE
  5
424
330
2EE
100
AcDbEntity
  8
LN-ELEVATION-1
 48
0.5
100
AcDbPolyline
 90
4
 70
1
 10
445.9999997336416
 20
-260.0
 10
445.9999997336416
 20
-268.0
 10
437.9999997336416
 20
-268.0
 10
437.9999997336416
 20
-260.0
  0
LWPOLYLINE
  5
425
330
2EE
100
AcDbEntity
  8
LN-ELEVATION-1
 48
0.5
100
AcDbPolyline
 90
4
 70
1
 10
461.9999997299164
 20
-260.0
 10
461.9999997299164
 20
-268.0
 10
453.9999997299164
 20
-268.0
 10
453.9999997299164
 20
-260.0
  0
LWPOLYLINE
  5
426
330
2EE
100
AcDbEntity
  8
LN-ELEVATION-1
 48
0.5
100
AcDbPolyline
 90
4
 70
1
 10
477.9999997261911
 20
-260.0
 10
477.9999997261911
 20
-268.0
 10
469.9999997261911
 20
-268.0
 10
469.9999997261911
 20
-260.0
  0
LWPOLYLINE
  5
427
330
2EE
100
AcDbEntity
  8
LN-ELEVATION-1
 48
0.5
100
AcDbPolyline
 90
4
 70
1
 10
713.9999996032567
 20
-252.0
 10
713.9999996032567
 20
-260.0
 10
705.9999996032567
 20
-260.0
 10
705.9999996032567
 20
-252.0
  0
LWPOLYLINE
  5
428
330
2EE
100
AcDbEntity
  8
LN-ELEVATION-1
 48
0.5
100
AcDbPolyline
 90
4
 70
1
 10
713.9999996032567
 20
-236.0
 10
713.9999996032567
 20
-244.0
 10
705.9999996032567
 20
-244.0
 10
705.9999996032567
 20
-236.0
  0
LWPOLYLINE
  5
429
330
2EE
100
AcDbEntity
  8
LN-ELEVATION-1
 48
0.5
100
AcDbPolyline
 90
4
 70
1
 10
714.0
 20
-220.0
 10
714.0
 20
-228.0
 10
706.0
 20
-228.0
 10
706.0
 20
-220.0
  0
LWPOLYLINE
  5
42A
330
2EE
100
AcDbEntity
  8
LN-ELEVATION-1
 48
0.5
100
AcDbPolyline
 90
4
 70
1
 10
714.0
 20
-204.0
 10
714.0
 20
-212.0
 10
706.0
 20
-212.0
 10
706.0
 20
-204.0
  0
LWPOLYLINE
  5
42B
330
2EE
100
AcDbEntity
  8
LN-ELEVATION-1
 48
0.5
100
AcDbPolyline
 90
4
 70
1
 10
713.9999996032567
 20
-188.0
 10
713.9999996032567
 20
-196.0
 10
705.9999996032567
 20
-196.0
 10
705.9999996032567
 20
-188.0
  0
LWPOLYLINE
  5
42C
330
2EE
100
AcDbEntity
  8
LN-ELEVATION-1
 48
0.5
100
AcDbPolyline
 90
4
 70
1
 10
714.0
 20
-172.0
 10
714.0
 20
-180.0
 10
706.0
 20
-180.0
 10
706.0
 20
-172.0
  0
LWPOLYLINE
  5
42D
330
2EE
100
AcDbEntity
  8
LN-ELEVATION-1
 48
0.5
100
AcDbPolyline
 90
4
 70
1
 10
714.0
 20
-156.0
 10
714.0
 20
-164.0
 10
706.0
 20
-164.0
 10
706.0
 20
-156.0
  0
LWPOLYLINE
  5
42E
330
2EE
100
AcDbEntity
  8
LN-ELEVATION-1
 48
0.5
100
AcDbPolyline
 90
4
 70
1
 10
713.9999996032567
 20
-140.0
 10
713.9999996032567
 20
-148.0
 10
705.9999996032567
 20
-148.0
 10
705.9999996032567
 20
-140.0
  0
LWPOLYLINE
  5
42F
330
2EE
100
AcDbEntity
  8
LN-ELEVATION-1
 48
0.5
100
AcDbPolyline
 90
4
 70
1
 10
714.0
 20
-124.0
 10
714.0
 20
-132.0
 10
706.0
 20
-132.0
 10
706.0
 20
-124.0
  0
LWPOLYLINE
  5
430
330
2EE
100
AcDbEntity
  8
LN-ELEVATION-1
 48
0.5
100
AcDbPolyline
 90
4
 70
1
 10
714.0
 20
-108.0
 10
714.0
 20
-116.0
 10
706.0
 20
-116.0
 10
706.0
 20
-108.0
  0
LWPOLYLINE
  5
431
330
2EE
100
AcDbEntity
  8
LN-ELEVATION-1
 48
0.5
100
AcDbPolyline
 90
4
 70
1
 10
713.9999996032567
 20
-92.0
 10
713.9999996032567
 20
-100.0
 10
705.9999996032567
 20
-100.0
 10
705.9999996032567
 20
-92.0
  0
LWPOLYLINE
  5
432
330
2EE
100
AcDbEntity
  8
LN-ELEVATION-1
 48
0.5
100
AcDbPolyline
 90
4
 70
1
 10
714.0
 20
-76.0
 10
714.0
 20
-84.0
 10
706.0
 20
-84.0
 10
706.0
 20
-76.0
  0
LWPOLYLINE
  5
433
330
2EE
100
AcDbEntity
  8
LN-ELEVATION-1
 48
0.5
100
AcDbPolyline
 90
4
 70
1
 10
714.0
 20
-60.0
 10
714.0
 20
-68.0
 10
706.0
 20
-68.0
 10
706.0
 20
-60.0
  0
LWPOLYLINE
  5
434
330
2EE
100
AcDbEntity
  8
LN-ELEVATION-1
 48
0.5
100
AcDbPolyline
 90
4
 70
1
 10
713.9999996032567
 20
-44.0
 10
713.9999996032567
 20
-52.0
 10
705.9999996032567
 20
-52.0
 10
705.9999996032567
 20
-44.0
  0
LWPOLYLINE
  5
435
330
2EE
100
AcDbEntity
  8
LN-ELEVATION-1
 48
0.5
100
AcDbPolyline
 90
4
 70
1
 10
714.0
 20
-28.0
 10
714.0
 20
-36.0
 10
706.0
 20
-36.0
 10
706.0
 20
-28.0
  0
LWPOLYLINE
  5
436
330
2EE
100
AcDbEntity
  8
LN-ELEVATION-1
 48
0.5
100
AcDbPolyline
 90
4
 70
1
 10
714.0
 20
-12.0
 10
714.0
 20
-20.0
 10
706.0
 20
-20.0
 10
706.0
 20
-12.0
  0
LWPOLYLINE
  5
437
330
2EE
100
AcDbEntity
  8
LN-ELEVATION-1
 48
0.5
100
AcDbPolyline
 90
4
 70
1
 10
714.0
 20
0.0
 10
714.0
 20
-4.0
 10
706.0
 20
-4.0
 10
706.0
 20
0.0
  0
LWPOLYLINE
  5
438
330
2EE
100
AcDbEntity
  8
LN-ELEVATION-3
  6
ByBlock
 48
0.5
100
AcDbPolyline
 90
2
 70
0
 10
714.0
 20
298.0000000018626
 10
101.0
 20
298.0
  0
LWPOLYLINE
  5
439
330
2EE
100
AcDbEntity
  8
LN-ELEVATION-5
 48
0.5
100
AcDbPolyline
 90
2
 70
0
 10
-676.0
 20
298.0
 10
101.0
 20
298.0
  0
LWPOLYLINE
  5
43A
330
2EE
100
AcDbEntity
  8
LN-ELEVATION-3
 62
13
 48
0.5
420
16732754
100
AcDbPolyline
 90
4
 70
1
 10
-102.5
 20
19.94398226588964
 10
-472.5
 20
19.94398226588964
 10
-522.5
 20
69.94398226588964
 10
-52.5
 20
69.94398226588964
  0
LWPOLYLINE
  5
43B
330
2EE
100
AcDbEntity
  8
LN-ELEVATION-3
 62
13
 48
0.5
420
16732754
100
AcDbPolyline
 90
4
 70
1
 10
-52.5
 20
69.94398226588964
 10
-522.5
 20
69.94398226588964
 10
-522.5
 20
81.94398226588964
 10
-52.5
 20
81.94398226588964
  0
MTEXT
  5
43C
330
2EE
100
AcDbEntity
  8
LN-ELEVATION-3
 62
13
 48
0.5
420
16732754
100
AcDbMText
 10
-405.5994535386561
 20
151.7763734068722
 30
0.0
 40
50.0
 41
506.5994535386561
 46
0.0
 71
1
 72
5
  1
POS SYSTEM
1001
ACAD
1000
ACAD_MTEXT_COLUMN_INFO_BEGIN
1070
75
1070
2
1070
79
1070
0
1070
76
1070
1
1070
78
1070
0
1070
48
1040
506.5994535386561
1070
49
1040
12.5
1070
50
1070
1
1040
0.0
1000
ACAD_MTEXT_COLUMN_INFO_END
1000
ACAD_MTEXT_COLUMNS_BEGIN
1070
47
1070
1
1000
ACAD_MTEXT_COLUMNS_END
  0
LWPOLYLINE
  5
43D
330
2EE
100
AcDbEntity
  8
LN-ELEVATION-3
 62
13
 48
0.5
420
16732754
100
AcDbPolyline
 90
4
 70
0
 10
101.0
 20
0.0
 10
101.0
 20
-143.0
 10
-676.0
 20
-143.0
 10
-676.0
 20
0.0
  0
CIRCLE
  5
43E
330
2EE
100
AcDbEntity
  8
LN-ELEVATION-3
 62
13
 48
0.5
420
16732754
100
AcDbCircle
 10
601.0
 20
-180.099442737177
 30
0.0
 40
20.0
  0
LINE
  5
43F
330
2EE
100
AcDbEntity
  8
LN-ELEVATION-3
 62
13
 48
0.5
420
16732754
100
AcDbLine
 10
-256.5952919460833
 20
-143.0
 30
0.0
 11
-256.5952919460833
 21
-161.0
 31
0.0
  0
LINE
  5
440
330
2EE
100
AcDbEntity
  8
LN-ELEVATION-3
 62
13
 48
0.5
420
16732754
100
AcDbLine
 10
-318.0166578367352
 20
-143.0
 30
0.0
 11
-318.0166578367352
 21
-161.0
 31
0.0
  0
LINE
  5
441
330
2EE
100
AcDbEntity
  8
LN-ELEVATION-3
 62
13
 48
0.5
420
16732754
100
AcDbLine
 10
-316.1554839015007
 20
-143.0
 30
0.0
 11
-316.1554839015007
 21
-161.0
 31
0.0
  0
LINE
  5
442
330
2EE
100
AcDbEntity
  8
LN-ELEVATION-3
 62
13
 48
0.5
420
16732754
100
AcDbLine
 10
-259.0332000274211
 20
-143.0
 30
0.0
 11
-259.0332000274211
 21
-161.0
 31
0.0
  0
LINE
  5
443
330
2EE
100
AcDbEntity
  8
LN-ELEVATION-3
 62
13
 48
0.5
420
16732754
100
AcDbLine
 10
-264.814656207338
 20
-143.0
 30
0.0
 11
-264.814656207338
 21
-161.0
 31
0.0
  0
LINE
  5
444
330
2EE
100
AcDbEntity
  8
LN-ELEVATION-3
 62
13
 48
0.5
420
16732754
100
AcDbLine
 10
-274.5410133339465
 20
-143.0
 30
0.0
 11
-274.5410133339465
 21
-161.0
 31
0.0
  0
LINE
  5
445
330
2EE
100
AcDbEntity
  8
LN-ELEVATION-3
 62
13
 48
0.5
420
16732754
100
AcDbLine
 10
-285.5783984493464
 20
-143.0
 30
0.0
 11
-285.5783984493464
 21
-161.0
 31
0.0
  0
LINE
  5
446
330
2EE
100
AcDbEntity
  8
LN-ELEVATION-3
 62
13
 48
0.5
420
16732754
100
AcDbLine
 10
-297.0096828117966
 20
-143.0
 30
0.0
 11
-297.0096828117966
 21
-161.0
 31
0.0
  0
LINE
  5
447
330
2EE
100
AcDbEntity
  8
LN-ELEVATION-3
 62
13
 48
0.5
420
16732754
100
AcDbLine
 10
-307.9157681781799
 20
-143.0
 30
0.0
 11
-307.9157681781799
 21
-161.0
 31
0.0
  0
LINE
  5
448
330
2EE
100
AcDbEntity
  8
LN-ELEVATION-3
 62
13
 48
0.5
420
16732754
100
AcDbLine
 10
-312.1203143764287
 20
-143.0
 30
0.0
 11
-312.1203143764287
 21
-161.0
 31
0.0
  0
LWPOLYLINE
  5
449
330
2EE
100
AcDbEntity
  8
LN-ELEVATION-3
 62
13
 48
0.5
420
16732754
100
AcDbPolyline
 90
4
 70
1
 10
-255.0
 20
-143.0
 10
-320.0
 20
-143.0
 10
-320.0
 20
-161.0
 10
-255.0
 20
-161.0
  0
LWPOLYLINE
  5
44A
330
2EE
100
AcDbEntity
  8
Defpoints
100
AcDbPolyline
 90
4
 70
1
 10
-749.9999999962747
 20
298.0
 10
750.0
 20
298.0
 10
750.0
 20
-442.0
 10
-749.9999999962747
 20
-442.0
  0
LWPOLYLINE
  5
44B
330
2EE
100
AcDbEntity
  8
0
100
AcDbPolyline
 90
2
 70
0
 10
1.8626451e-09
 20
-72.0
 10
1.8626451e-09
 20
-72.0
  0
ENDBLK
  5
2F0
330
2EE
100
AcDbEntity
  8
0
100
AcDbBlockEnd
  0
BLOCK
  5
44F
330
44E
100
AcDbEntity
  8
0
100
AcDbBlockBegin
  2
MIRROR_DIFFERENT_1
 70
0
 10
0.0
 20
0.0
 30
0.0
  3
MIRROR_DIFFERENT_1
  1

  0
INSERT
  5
451
330
44E
100
AcDbEntity
  8
I-LK FF&E
100
AcDbBlockReference
  2
MIRROR UNIT
 10
-212.9447889634028
 20
148.6592409225377
 30
0.0
  0
ENDBLK
  5
450
330
44E
100
AcDbEntity
  8
0
100
AcDbBlockEnd
  0
BLOCK
  5
454
330
453
100
AcDbEntity
  8
0
100
AcDbBlockBegin
  2
mirror unit
 70
0
 10
0.0
 20
0.0
 30
0.0
  3
mirror unit
  1

  0
LWPOLYLINE
  5
456
330
453
100
AcDbEntity
  8
LN-ELEVATION-1
100
AcDbPolyline
 90
8
 70
1
 10
504.944788963403
 20
-148.6592409225377
 10
504.944788963403
 20
-147.1592409225377
 10
509.444788963403
 20
-147.1592409225377
 10
509.444788963403
 20
-129.1592409225377
 10
487.9447889634028
 20
-129.1592409225377
 10
487.9447889634028
 20
-127.6592409225377
 10
510.9447889634028
 20
-127.6592409225377
 10
510.9447889634028
 20
-148.6592409225377
  0
LWPOLYLINE
  5
457
330
453
100
AcDbEntity
  8
LN-ELEVATION-1
100
AcDbPolyline
 90
8
 70
1
 10
259.944788963403
 20
-141.6592409225377
 10
259.944788963403
 20
-127.6592409225377
 10
214.944788963403
 20
-127.6592409225377
 10
214.944788963403
 20
-148.6592409225377
 10
223.944788963403
 20
-148.6592409225377
 10
223.944788963403
 20
-147.1592409225377
 10
216.444788963403
 20
-147.1592409225377
 10
216.444788963403
 20
-141.6592409225377
  0
LWPOLYLINE
  5
458
330
453
100
AcDbEntity
  8
LN-ELEVATION-1
100
AcDbPolyline
 90
8
 70
1
 10
442.944788963403
 20
-141.6592409225377
 10
442.944788963403
 20
-127.6592409225377
 10
487.9447889634028
 20
-127.6592409225377
 10
487.9447889634028
 20
-148.6592409225377
 10
478.9447889634026
 20
-148.6592409225377
 10
478.9447889634026
 20
-147.1592409225377
 10
486.4447889634027
 20
-147.1592409225377
 10
486.4447889634027
 20
-141.6592409225377
  0
LWPOLYLINE
  5
459
330
453
100
AcDbEntity
  8
LN-ELEVATION-2
100
AcDbPolyline
 90
4
 70
1
 10
259.944788963403
 20
-141.6592409225377
 10
442.944788963403
 20
-141.6592409225377
 10
442.944788963403
 20
-127.6592409225377
 10
259.944788963403
 20
-127.6592409225377
  0
LWPOLYLINE
  5
45A
330
453
100
AcDbEntity
  8
LN-ELEVATION-2
 62
4
370
0
100
AcDbPolyline
 90
4
 70
1
 10
216.444788963403
 20
-141.6592409225377
 10
486.4447889634027
 20
-141.6592409225377
 10
486.4447889634027
 20
-147.1592409225377
 10
216.444788963403
 20
-147.1592409225377
  0
LINE
  5
45B
330
453
100
AcDbEntity
  8
LN-ELEVATION-4
 48
0.5
100
AcDbLine
 10
478.9447889634026
 20
-148.6592409225377
 30
0.0
 11
223.944788963403
 21
-148.6592409225377
 31
0.0
  0
HATCH
  5
45C
330
453
100
AcDbEntity
  8
LN-HATCH
 48
0.5
100
AcDbHatch
 10
0.0
 20
0.0
 30
0.0
210
0.0
220
0.0
230
1.0
  2
ANSI31
 70
0
 71
0
 91
3
 92
1
 93
4
 72
1
 10
212.944788963403
 20
101.3407590774622
 11
230.944788963403
 21
101.3407590774622
 72
1
 10
230.944788963403
 20
101.3407590774622
 11
230.944788963403
 21
-127.6592409225377
 72
1
 10
230.944788963403
 20
-127.6592409225377
 11
212.944788963403
 21
-127.6592409225377
 72
1
 10
212.944788963403
 20
-127.6592409225377
 11
212.944788963403
 21
101.3407590774622
 97
0
 92
1
 93
4
 72
1
 10
230.944788963403
 20
95.34075907746227
 11
494.9447889634027
 21
95.34075907746227
 72
1
 10
494.9447889634027
 20
95.34075907746227
 11
494.9447889634027
 21
101.3407590774622
 72
1
 10
494.9447889634027
 20
101.3407590774622
 11
230.944788963403
 21
101.3407590774622
 72
1
 10
230.944788963403
 20
101.3407590774622
 11
230.944788963403
 21
95.34075907746227
 97
0
 92
1
 93
4
 72
1
 10
512.9447889634027
 20
101.3407590774622
 11
494.9447889634027
 21
101.3407590774622
 72
1
 10
494.9447889634027
 20
101.3407590774622
 11
494.9447889634027
 21
-127.6592409225377
 72
1
 10
494.9447889634027
 20
-127.6592409225377
 11
512.9447889634027
 21
-127.6592409225377
 72
1
 10
512.9447889634027
 20
-127.6592409225377
 11
512.9447889634027
 21
101.3407590774622
 97
0
 75
1
 76
1
 52
0.0
 41
2.0
 77
0
 78
1
 53
45.0
 43
4060433.741624544
 44
1708720.786904081
 45
-4.490128060534575
 46
4.490128060534575
 79
0
 98
1
 10
4060433.741624544
 20
1708720.786904081
  0
LWPOLYLINE
  5
45D
330
453
100
AcDbEntity
  8
LN-ELEVATION-1
100
AcDbPolyline
 90
4
 70
1
 10
512.9447889634027
 20
101.3407590774622
 10
494.9447889634027
 20
101.3407590774622
 10
494.9447889634027
 20
-127.6592409225377
 10
512.9447889634027
 20
-127.6592409225377
  0
LWPOLYLINE
  5
45E
330
453
100
AcDbEntity
  8
LN-ELEVATION-1
100
AcDbPolyline
 90
4
 70
1
 10
212.944788963403
 20
101.3407590774622
 10
230.944788963403
 20
101.3407590774622
 10
230.944788963403
 20
-127.6592409225377
 10
212.944788963403
 20
-127.6592409225377
  0
LWPOLYLINE
  5
45F
330
453
100
AcDbEntity
  8
LN-ELEVATION-1
100
AcDbPolyline
 90
4
 70
1
 10
230.944788963403
 20
95.34075907746227
 10
494.9447889634027
 20
95.34075907746227
 10
494.9447889634027
 20
101.3407590774622
 10
230.944788963403
 20
101.3407590774622
  0
LWPOLYLINE
  5
460
330
453
100
AcDbEntity
  8
Defpoints
100
AcDbPolyline
 90
4
 70
1
 10
512.9447889634027
 20
101.3407590774622
 10
212.944788963403
 20
101.3407590774622
 10
212.944788963403
 20
-148.6592409225377
 10
512.9447889634027
 20
-148.6592409225377
  0
ENDBLK
  5
455
330
453
100
AcDbEntity
  8
0
100
AcDbBlockEnd
  0
BLOCK
  5
464
330
463
100
AcDbEntity
  8
0
100
AcDbBlockBegin
  2
JJ_FIXTURE_LARGE_1
 70
0
 10
0.0
 20
0.0
 30
0.0
  3
JJ_FIXTURE_LARGE_1
  1

  0
INSERT
  5
466
330
463
100
AcDbEntity
  8
I-LK FF&E
100
AcDbBlockReference
  2
JJ 1200
 10
792.0591651862491
 20
30.0
 30
0.0
 41
-1.0
  0
ENDBLK
  5
465
330
463
100
AcDbEntity
  8
0
100
AcDbBlockEnd
  0
BLOCK
  5
469
330
468
100
AcDbEntity
  8
0
100
AcDbBlockBegin
  2
jj 1200
 70
0
 10
0.0
 20
0.0
 30
0.0
  3
jj 1200
  1

  0
HATCH
  5
46B
330
468
100
AcDbEntity
  8
LN-HATCH
 48
0.5
100
AcDbHatch
 10
0.0
 20
0.0
 30
0.0
210
0.0
220
0.0
230
1.0
  2
ANSI31
 70
0
 71
0
 91
5
 92
1
 93
8
 72
1
 10
792.0591651862488
 20
220.0
 11
792.0591651862488
 21
30.0
 72
1
 10
792.0591651862488
 20
30.0
 11
786.0591651862486
 21
30.0
 72
1
 10
786.0591651862486
 20
30.0
 11
786.0591651862486
 21
20.0
 72
1
 10
786.0591651862486
 20
20.0
 11
792.0591651862488
 21
20.0
 72
1
 10
792.0591651862488
 20
20.0
 11
792.0591651862488
 21
-24.0
 72
1
 10
792.0591651862488
 20
-24.0
 11
767.0591651862488
 21
-24.0
 72
1
 10
767.0591651862488
 20
-24.0
 11
767.0591651862488
 21
220.0
 72
1
 10
767.0591651862488
 20
220.0
 11
792.0591651862488
 21
220.0
 97
0
 92
1
 93
4
 72
1
 10
-382.9408348137513
 20
180.0
 11
767.0591651862487
 21
180.0
 72
1
 10
767.0591651862488
 20
180.0
 11
767.0591651862488
 21
186.0
 72
1
 10
767.0591651862488
 20
186.0
 11
-382.9408348137512
 21
186.0
 72
1
 10
-382.9408348137513
 20
186.0
 11
-382.9408348137513
 21
180.0
 97
0
 92
1
 93
4
 72
1
 10
757.0591651862486
 20
-24.0
 11
757.0591651862486
 21
-30.0
 72
1
 10
757.0591651862486
 20
-30.0
 11
792.0591651862488
 21
-30.0
 72
1
 10
792.0591651862488
 20
-30.0
 11
792.0591651862488
 21
-24.0
 72
1
 10
792.0591651862488
 20
-24.0
 11
757.0591651862486
 21
-24.0
 97
0
 92
1
 93
8
 72
1
 10
-407.9408348137512
 20
220.0
 11
-407.9408348137512
 21
30.0
 72
1
 10
-407.9408348137512
 20
30.0
 11
-401.9408348137512
 21
30.0
 72
1
 10
-401.9408348137512
 20
30.0
 11
-401.9408348137512
 21
20.0
 72
1
 10
-401.9408348137512
 20
20.0
 11
-407.9408348137512
 21
20.0
 72
1
 10
-407.9408348137512
 20
20.0
 11
-407.9408348137512
 21
-24.0
 72
1
 10
-407.9408348137512
 20
-24.0
 11
-382.9408348137513
 21
-24.0
 72
1
 10
-382.9408348137513
 20
-24.0
 11
-382.9408348137513
 21
220.0
 72
1
 10
-382.9408348137513
 20
220.0
 11
-407.9408348137512
 21
220.0
 97
0
 92
1
 93
4
 72
1
 10
-372.9408348137513
 20
-24.0
 11
-372.9408348137513
 21
-30.0
 72
1
 10
-372.9408348137513
 20
-30.0
 11
-407.9408348137512
 21
-30.0
 72
1
 10
-407.9408348137512
 20
-30.0
 11
-407.9408348137512
 21
-24.0
 72
1
 10
-407.9408348137512
 20
-24.0
 11
-372.9408348137513
 21
-24.0
 97
0
 75
1
 76
1
 52
0.0
 41
2.0
 77
0
 78
1
 53
45.0
 43
4097187.330767878
 44
1708800.267299229
 45
-4.490128060534575
 46
4.490128060534575
 79
0
 98
1
 10
4097187.330767878
 20
1708800.267299229
  0
LWPOLYLINE
  5
46C
330
468
100
AcDbEntity
  8
LN-ELEVATION-1
 48
0.5
100
AcDbPolyline
 90
8
 70
1
 10
792.0591651862488
 20
220.0
 10
792.0591651862488
 20
30.0
 10
786.0591651862486
 20
30.0
 10
786.0591651862486
 20
20.0
 10
792.0591651862488
 20
20.0
 10
792.0591651862488
 20
-24.0
 10
767.0591651862488
 20
-24.0
 10
767.0591651862488
 20
220.0
  0
LWPOLYLINE
  5
46D
330
468
100
AcDbEntity
  8
LN-ELEVATION-1
 48
0.5
100
AcDbPolyline
 90
8
 70
1
 10
-407.9408348137512
 20
220.0
 10
-407.9408348137512
 20
30.0
 10
-401.9408348137512
 20
30.0
 10
-401.9408348137512
 20
20.0
 10
-407.9408348137512
 20
20.0
 10
-407.9408348137512
 20
-24.0
 10
-382.9408348137513
 20
-24.0
 10
-382.9408348137513
 20
220.0
  0
LWPOLYLINE
  5
46E
330
468
100
AcDbEntity
  8
LN-ELEVATION-1
 48
0.5
100
AcDbPolyline
 90
4
 70
1
 10
-382.9408348137513
 20
180.0
 10
767.0591651862488
 20
180.0
 10
767.0591651862488
 20
186.0
 10
-382.9408348137513
 20
186.0
  0
LWPOLYLINE
  5
46F
330
468
100
AcDbEntity
  8
LN-ELEVATION-1
 48
0.5
100
AcDbPolyline
 90
4
 70
1
 10
757.0591651862486
 20
-24.0
 10
757.0591651862486
 20
-30.0
 10
792.0591651862488
 20
-30.0
 10
792.0591651862488
 20
-24.0
  0
LWPOLYLINE
  5
470
330
468
100
AcDbEntity
  8
LN-ELEVATION-1
 48
0.5
100
AcDbPolyline
 90
4
 70
1
 10
-372.9408348137513
 20
-24.0
 10
-372.9408348137513
 20
-30.0
 10
-407.9408348137512
 20
-30.0
 10
-407.9408348137512
 20
-24.0
  0
LINE
  5
471
330
468
100
AcDbEntity
  8
LN-ELEVATION-3
 48
0.5
100
AcDbLine
 10
-372.9408348137513
 20
-30.0
 30
0.0
 11
757.0591651862486
 21
-30.0
 31
0.0
  0
LINE
  5
472
330
468
100
AcDbEntity
  8
LN-ELEVATION-3
 48
0.5
100
AcDbLine
 10
757.0591651862486
 20
-24.0
 30
0.0
 11
-372.9408348137513
 21
-24.0
 31
0.0
  0
LWPOLYLINE
  5
473
330
468
100
AcDbEntity
  8
LN-ELEVATION-4
  6
ACAD_ISO03W100
 48
0.05
100
AcDbPolyline
 90
4
 70
1
 10
767.0591651862488
 20
0.0
 10
-382.9408348137513
 20
0.0
 10
-382.9408348137513
 20
-12.0
 10
767.0591651862488
 20
-12.0
  0
LINE
  5
474
330
468
100
AcDbEntity
  8
LN-ELEVATION-3
 48
0.5
100
AcDbLine
 10
767.0591651862488
 20
220.0
 30
0.0
 11
-382.9408348137513
 21
220.0
 31
0.0
  0
ENDBLK
  5
46A
330
468
100
AcDbEntity
  8
0
100
AcDbBlockEnd
  0
BLOCK
  5
478
330
477
100
AcDbEntity
  8
0
100
AcDbBlockBegin
  2
MIRROR_1
 70
0
 10
0.0
 20
0.0
 30
0.0
  3
MIRROR_1
  1

  0
INSERT
  5
47A
330
477
100
AcDbEntity
  8
I-LK FF&E
100
AcDbBlockReference
  2
MIRROR UNIT SEE THRU
 10
150.0000000000586
 20
300.0
 30
0.0
  0
ENDBLK
  5
479
330
477
100
AcDbEntity
  8
0
100
AcDbBlockEnd
  0
BLOCK
  5
47D
330
47C
100
AcDbEntity
  8
0
100
AcDbBlockBegin
  2
mirror unit see thru
 70
0
 10
0.0
 20
0.0
 30
0.0
  3
mirror unit see thru
  1

  0
LWPOLYLINE
  5
47F
330
47C
100
AcDbEntity
  8
LN-ELEVATION-1
100
AcDbPolyline
 90
8
 70
1
 10
141.9999999999418
 20
-300.0
 10
141.9999999999418
 20
-298.5
 10
146.4999999999418
 20
-298.5
 10
146.4999999999418
 20
-280.5
 10
124.9999999999418
 20
-280.5
 10
124.9999999999418
 20
-279.0
 10
147.9999999999418
 20
-279.0
 10
147.9999999999418
 20
-300.0
  0
LWPOLYLINE
  5
480
330
47C
100
AcDbEntity
  8
LN-ELEVATION-1
100
AcDbPolyline
 90
8
 70
1
 10
-103.0000000000582
 20
-293.0
 10
-103.0000000000582
 20
-279.0
 10
-148.0000000000582
 20
-279.0
 10
-148.0000000000582
 20
-300.0
 10
-139.0000000000582
 20
-300.0
 10
-139.0000000000582
 20
-298.5
 10
-146.5000000000582
 20
-298.5
 10
-146.5000000000582
 20
-293.0
  0
LWPOLYLINE
  5
481
330
47C
100
AcDbEntity
  8
LN-ELEVATION-1
100
AcDbPolyline
 90
8
 70
1
 10
79.99999999994179
 20
-293.0
 10
79.99999999994179
 20
-279.0
 10
124.9999999999418
 20
-279.0
 10
124.9999999999418
 20
-300.0
 10
115.9999999999418
 20
-300.0
 10
115.9999999999418
 20
-298.5
 10
123.4999999999418
 20
-298.5
 10
123.4999999999418
 20
-293.0
  0
LWPOLYLINE
  5
482
330
47C
100
AcDbEntity
  8
LN-ELEVATION-2
100
AcDbPolyline
 90
4
 70
1
 10
-103.0000000000582
 20
-293.0
 10
79.99999999994179
 20
-293.0
 10
79.99999999994179
 20
-279.0
 10
-103.0000000000582
 20
-279.0
  0
LWPOLYLINE
  5
483
330
47C
100
AcDbEntity
  8
LN-ELEVATION-2
 62
4
370
0
100
AcDbPolyline
 90
4
 70
1
 10
-146.5000000000582
 20
-293.0
 10
123.4999999999418
 20
-293.0
 10
123.4999999999418
 20
-298.5
 10
-146.5000000000582
 20
-298.5
  0
LINE
  5
484
330
47C
100
AcDbEntity
  8
LN-ELEVATION-4
 48
0.5
100
AcDbLine
 10
115.9999999999418
 20
-300.0
 30
0.0
 11
-139.0000000000582
 21
-300.0
 31
0.0
  0
HATCH
  5
485
330
47C
100
AcDbEntity
  8
LN-HATCH
 48
0.5
100
AcDbHatch
 10
0.0
 20
0.0
 30
0.0
210
0.0
220
0.0
230
1.0
  2
ANSI31
 70
0
 71
0
 91
3
 92
1
 93
4
 72
1
 10
-150.0
 20
0.0
 11
-132.0
 21
0.0
 72
1
 10
-132.0
 20
0.0
 11
-132.0000000000582
 21
-279.0
 72
1
 10
-132.0000000000582
 20
-279.0
 11
-150.0000000000581
 21
-279.0
 72
1
 10
-150.0000000000581
 20
-279.0
 11
-150.0
 21
0.0
 97
0
 92
1
 93
4
 72
1
 10
-132.0
 20
-6.0
 11
132.0
 21
-6.0
 72
1
 10
132.0
 20
-6.0
 11
132.0
 21
0.0
 72
1
 10
132.0
 20
0.0
 11
-132.0
 21
0.0
 72
1
 10
-132.0
 20
0.0
 11
-132.0
 21
-6.0
 97
0
 92
1
 93
4
 72
1
 10
150.0
 20
0.0
 11
132.0
 21
0.0
 72
1
 10
132.0
 20
0.0
 11
131.9999999999418
 21
-279.0
 72
1
 10
131.9999999999418
 20
-279.0
 11
149.9999999999418
 21
-279.0
 72
1
 10
149.9999999999418
 20
-279.0
 11
150.0
 21
0.0
 97
0
 75
1
 76
1
 52
0.0
 41
2.0
 77
0
 78
1
 53
45.0
 43
4060070.796835582
 44
1708569.446145004
 45
-4.490128060534577
 46
4.490128060534577
 79
0
 98
1
 10
4060070.796835582
 20
1708569.446145004
  0
LWPOLYLINE
  5
486
330
47C
100
AcDbEntity
  8
LN-ELEVATION-1
100
AcDbPolyline
 90
4
 70
1
 10
149.9999999999418
 20
0.0
 10
131.9999999999418
 20
0.0
 10
131.9999999999418
 20
-279.0
 10
149.9999999999418
 20
-279.0
  0
LWPOLYLINE
  5
487
330
47C
100
AcDbEntity
  8
LN-ELEVATION-1
100
AcDbPolyline
 90
4
 70
1
 10
-150.0000000000581
 20
0.0
 10
-132.0000000000582
 20
0.0
 10
-132.0000000000582
 20
-279.0
 10
-150.0000000000581
 20
-279.0
  0
LWPOLYLINE
  5
488
330
47C
100
AcDbEntity
  8
LN-ELEVATION-1
100
AcDbPolyline
 90
4
 70
1
 10
-132.0000000000582
 20
-6.0
 10
131.9999999999418
 20
-6.0
 10
131.9999999999418
 20
0.0
 10
-132.0000000000582
 20
0.0
  0
LWPOLYLINE
  5
489
330
47C
100
AcDbEntity
  8
Defpoints
100
AcDbPolyline
 90
4
 70
1
 10
149.9999999999418
 20
-300.0
 10
-150.0000000000581
 20
-300.0
 10
-150.0000000000581
 20
0.0
 10
149.9999999999418
 20
0.0
  0
ENDBLK
  5
47E
330
47C
100
AcDbEntity
  8
0
100
AcDbBlockEnd
  0
BLOCK
  5
48D
330
48C
100
AcDbEntity
  8
0
100
AcDbBlockBegin
  2
MIRROR_2
 70
0
 10
0.0
 20
0.0
 30
0.0
  3
MIRROR_2
  1

  0
INSERT
  5
48F
330
48C
100
AcDbEntity
  8
I-LK FF&E
100
AcDbBlockReference
  2
MIRROR UNIT SEE THRU
 10
150.0000000000586
 20
300.0
 30
0.0
  0
ENDBLK
  5
48E
330
48C
100
AcDbEntity
  8
0
100
AcDbBlockEnd
  0
BLOCK
  5
494
330
493
100
AcDbEntity
  8
0
100
AcDbBlockBegin
  2
EURO_CENTRE_2
 70
0
 10
0.0
 20
0.0
 30
0.0
  3
EURO_CENTRE_2
  1

  0
INSERT
  5
496
330
493
100
AcDbEntity
  8
I-LK FF&E
100
AcDbBlockReference
  2
EUROCENTER 1040
 10
520.0000000000001
 20
517.434990927577
 30
0.0
  0
ENDBLK
  5
495
330
493
100
AcDbEntity
  8
0
100
AcDbBlockEnd
  0
BLOCK
  5
49B
330
49A
100
AcDbEntity
  8
0
100
AcDbBlockBegin
  2
EURO_CENTRE_3
 70
0
 10
0.0
 20
0.0
 30
0.0
  3
EURO_CENTRE_3
  1

  0
INSERT
  5
49D
330
49A
100
AcDbEntity
  8
I-LK FF&E
100
AcDbBlockReference
  2
EUROCENTER 1040
 10
520.0000000000001
 20
517.434990927577
 30
0.0
  0
ENDBLK
  5
49C
330
49A
100
AcDbEntity
  8
0
100
AcDbBlockEnd
  0
BLOCK
  5
4A2
330
4A1
100
AcDbEntity
  8
0
100
AcDbBlockBegin
  2
EURO_CENTRE_4
 70
0
 10
0.0
 20
0.0
 30
0.0
  3
EURO_CENTRE_4
  1

  0
INSERT
  5
4A4
330
4A1
100
AcDbEntity
  8
I-LK FF&E
100
AcDbBlockReference
  2
EUROCENTER 1040
 10
520.0000000000001
 20
517.434990927577
 30
0.0
  0
ENDBLK
  5
4A3
330
4A1
100
AcDbEntity
  8
0
100
AcDbBlockEnd
  0
BLOCK
  5
4A9
330
4A8
100
AcDbEntity
  8
0
100
AcDbBlockBegin
  2
EURO_CENTRE_5
 70
0
 10
0.0
 20
0.0
 30
0.0
  3
EURO_CENTRE_5
  1

  0
INSERT
  5
4AB
330
4A8
100
AcDbEntity
  8
I-LK FF&E
100
AcDbBlockReference
  2
EUROCENTER 1040
 10
520.0000000000001
 20
517.434990927577
 30
0.0
  0
ENDBLK
  5
4AA
330
4A8
100
AcDbEntity
  8
0
100
AcDbBlockEnd
  0
BLOCK
  5
4B0
330
4AF
100
AcDbEntity
  8
0
100
AcDbBlockBegin
  2
EURO_CENTRE_6
 70
0
 10
0.0
 20
0.0
 30
0.0
  3
EURO_CENTRE_6
  1

  0
INSERT
  5
4B2
330
4AF
100
AcDbEntity
  8
I-LK FF&E
100
AcDbBlockReference
  2
EUROCENTER 1040
 10
520.0000000000001
 20
517.434990927577
 30
0.0
  0
ENDBLK
  5
4B1
330
4AF
100
AcDbEntity
  8
0
100
AcDbBlockEnd
  0
BLOCK
  5
4B7
330
4B6
100
AcDbEntity
  8
0
100
AcDbBlockBegin
  2
LENSBAR_2
 70
0
 10
0.0
 20
0.0
 30
0.0
  3
LENSBAR_2
  1

  0
INSERT
  5
4B9
330
4B6
100
AcDbEntity
  8
I-LK FF&E
100
AcDbBlockReference
  2
LENSBAR
 10
-4.547e-13
 20
-2.91038e-11
 30
0.0
  0
MTEXT
  5
4BB
102
{ACAD_XDICTIONARY
360
4BC
102
}
330
4B6
100
AcDbEntity
  8
I-LK TEXT
  6
Continuous
 62
0
 48
3.0
100
AcDbMText
 10
1162.022592768073
 20
705.1051356587304
 30
0.0
 40
100.0
 41
783.9636358173434
 46
0.0
 71
5
 72
5
  1
\pxql;LENSBAR
  7
LK TXT
  0
ENDBLK
  5
4B8
330
4B6
100
AcDbEntity
  8
0
100
AcDbBlockEnd
  0
BLOCK
  5
4C0
330
4BF
100
AcDbEntity
  8
0
100
AcDbBlockBegin
  2
LENSBAR_3
 70
0
 10
0.0
 20
0.0
 30
0.0
  3
LENSBAR_3
  1

  0
INSERT
  5
4C2
330
4BF
100
AcDbEntity
  8
I-LK FF&E
100
AcDbBlockReference
  2
LENSBAR
 10
-4.547e-13
 20
-2.91038e-11
 30
0.0
  0
MTEXT
  5
4C4
102
{ACAD_XDICTIONARY
360
4C5
102
}
330
4BF
100
AcDbEntity
  8
I-LK TEXT
  6
Continuous
 62
0
 48
3.0
100
AcDbMText
 10
1162.022592768073
 20
705.1051356587304
 30
0.0
 40
100.0
 41
783.9636358173434
 46
0.0
 71
5
 72
5
  1
\pxql;LENSBAR
  7
LK TXT
  0
ENDBLK
  5
4C1
330
4BF
100
AcDbEntity
  8
0
100
AcDbBlockEnd
  0
BLOCK
  5
4C9
330
4C8
100
AcDbEntity
  8
0
100
AcDbBlockBegin
  2
LENSBAR_4
 70
0
 10
0.0
 20
0.0
 30
0.0
  3
LENSBAR_4
  1

  0
INSERT
  5
4CB
330
4C8
100
AcDbEntity
  8
I-LK FF&E
100
AcDbBlockReference
  2
LENSBAR
 10
-4.547e-13
 20
-2.91038e-11
 30
0.0
  0
MTEXT
  5
4CD
102
{ACAD_XDICTIONARY
360
4CE
102
}
330
4C8
100
AcDbEntity
  8
I-LK TEXT
  6
Continuous
 62
0
 48
3.0
100
AcDbMText
 10
1162.022592768073
 20
705.1051356587304
 30
0.0
 40
100.0
 41
783.9636358173434
 46
0.0
 71
5
 72
5
  1
\pxql;LENSBAR
  7
LK TXT
  0
ENDBLK
  5
4CA
330
4C8
100
AcDbEntity
  8
0
100
AcDbBlockEnd
  0
BLOCK
  5
4D2
330
4D1
100
AcDbEntity
  8
0
100
AcDbBlockBegin
  2
LENSBAR_5
 70
0
 10
0.0
 20
0.0
 30
0.0
  3
LENSBAR_5
  1

  0
INSERT
  5
4D4
330
4D1
100
AcDbEntity
  8
I-LK FF&E
100
AcDbBlockReference
  2
LENSBAR
 10
-4.547e-13
 20
-2.91038e-11
 30
0.0
  0
MTEXT
  5
4D6
102
{ACAD_XDICTIONARY
360
4D7
102
}
330
4D1
100
AcDbEntity
  8
I-LK TEXT
  6
Continuous
 62
0
 48
3.0
100
AcDbMText
 10
1162.022592768073
 20
705.1051356587304
 30
0.0
 40
100.0
 41
783.9636358173434
 46
0.0
 71
5
 72
5
  1
\pxql;LENSBAR
  7
LK TXT
  0
ENDBLK
  5
4D3
330
4D1
100
AcDbEntity
  8
0
100
AcDbBlockEnd
  0
BLOCK
  5
4DB
330
4DA
100
AcDbEntity
  8
0
100
AcDbBlockBegin
  2
MIRROR_3
 70
0
 10
0.0
 20
0.0
 30
0.0
  3
MIRROR_3
  1

  0
INSERT
  5
4DD
330
4DA
100
AcDbEntity
  8
I-LK FF&E
100
AcDbBlockReference
  2
MIRROR UNIT SEE THRU
 10
150.0000000000586
 20
300.0
 30
0.0
  0
ENDBLK
  5
4DC
330
4DA
100
AcDbEntity
  8
0
100
AcDbBlockEnd
  0
BLOCK
  5
4E2
330
4E1
100
AcDbEntity
  8
0
100
AcDbBlockBegin
  2
EURO_CENTRE_7
 70
0
 10
0.0
 20
0.0
 30
0.0
  3
EURO_CENTRE_7
  1

  0
INSERT
  5
4E4
330
4E1
100
AcDbEntity
  8
I-LK FF&E
100
AcDbBlockReference
  2
EUROCENTER 1040
 10
520.0000000000001
 20
517.434990927577
 30
0.0
  0
ENDBLK
  5
4E3
330
4E1
100
AcDbEntity
  8
0
100
AcDbBlockEnd
  0
BLOCK
  5
4E9
330
4E8
100
AcDbEntity
  8
0
100
AcDbBlockBegin
  2
LENSBAR_6
 70
0
 10
0.0
 20
0.0
 30
0.0
  3
LENSBAR_6
  1

  0
INSERT
  5
4EB
330
4E8
100
AcDbEntity
  8
I-LK FF&E
100
AcDbBlockReference
  2
LENSBAR
 10
-4.547e-13
 20
-2.91038e-11
 30
0.0
  0
MTEXT
  5
4ED
102
{ACAD_XDICTIONARY
360
4EE
102
}
330
4E8
100
AcDbEntity
  8
I-LK TEXT
  6
Continuous
 62
0
 48
3.0
100
AcDbMText
 10
1162.022592768073
 20
705.1051356587304
 30
0.0
 40
100.0
 41
783.9636358173434
 46
0.0
 71
5
 72
5
  1
\pxql;LENSBAR
  7
LK TXT
  0
ENDBLK
  5
4EA
330
4E8
100
AcDbEntity
  8
0
100
AcDbBlockEnd
  0
BLOCK
  5
4F2
330
4F1
100
AcDbEntity
  8
0
100
AcDbBlockBegin
  2
JJ_FIXTURE_MEDIUM_3
 70
0
 10
0.0
 20
0.0
 30
0.0
  3
JJ_FIXTURE_MEDIUM_3
  1

  0
INSERT
  5
4F4
330
4F1
100
AcDbEntity
  8
I-LK FF&E
100
AcDbBlockReference
  2
JJ 900
 10
911.7948143622633
 20
249.9999999999854
 30
0.0
  0
ENDBLK
  5
4F3
330
4F1
100
AcDbEntity
  8
0
100
AcDbBlockEnd
  0
BLOCK
  5
4F9
330
4F8
100
AcDbEntity
  8
0
100
AcDbBlockBegin
  2
LENSOMETER_SMALL_1
 70
0
 10
0.0
 20
0.0
 30
0.0
  3
LENSOMETER_SMALL_1
  1

  0
INSERT
  5
4FB
330
4F8
100
AcDbEntity
  8
I-LK EQPMT
100
AcDbBlockReference
  2
LENSOMETER
 10
0.0
 20
120.832978286151
 30
0.0
  0
MTEXT
  5
4FD
102
{ACAD_XDICTIONARY
360
4FE
102
}
330
4F8
100
AcDbEntity
  8
I-LK TEXT
  6
Continuous
 62
0
 48
3.0
100
AcDbMText
 10
226.0999952814699
 20
268.4402000909504
 30
0.0
 40
100.0
 41
353.0555573365615
 46
0.0
 71
1
 72
5
  1
\pxqc;LENSO\PMETER
  7
LK TXT
 11
1.0
 21
-1.1e-15
 31
0.0
1001
ACAD
1000
ACAD_MTEXT_COLUMN_INFO_BEGIN
1070
75
1070
2
1070
79
1070
0
1070
76
1070
1
1070
78
1070
0
1070
48
1040
353.0555573365615
1070
49
1040
0.5
1070
50
1070
1
1040
0.0
1000
ACAD_MTEXT_COLUMN_INFO_END
1000
ACAD_MTEXT_COLUMNS_BEGIN
1070
47
1070
1
1000
ACAD_MTEXT_COLUMNS_END
  0
ENDBLK
  5
4FA
330
4F8
100
AcDbEntity
  8
0
100
AcDbBlockEnd
  0
BLOCK
  5
500
330
4FF
100
AcDbEntity
  8
0
100
AcDbBlockBegin
  2
lensometer
 70
0
 10
0.0
 20
0.0
 30
0.0
  3
lensometer
  1

  0
LWPOLYLINE
  5
502
330
4FF
100
AcDbEntity
  8
LN-ELEVATION-2
100
AcDbPolyline
 90
4
 70
1
 10
0.0
 20
300.0
 10
0.0
 20
0.0
 10
450.0
 20
0.0
 10
450.0
 20
300.0
  0
LWPOLYLINE
  5
503
330
4FF
100
AcDbEntity
  8
LN-ELEVATION-1
100
AcDbPolyline
 90
4
 70
1
 10
107.5
 20
27.0
 10
342.5
 20
27.0
 10
342.5
 20
273.0
 10
107.5
 20
273.0
  0
ENDBLK
  5
501
330
4FF
100
AcDbEntity
  8
0
100
AcDbBlockEnd
  0
BLOCK
  5
507
330
506
100
AcDbEntity
  8
0
100
AcDbBlockBegin
  2
LARGE_BENCH_1
 70
0
 10
0.0
 20
0.0
 30
0.0
  3
LARGE_BENCH_1
  1

  0
INSERT
  5
509
330
506
100
AcDbEntity
  8
I-LK FF&E
100
AcDbBlockReference
  2
3 SEATER BENCH
 10
716.4566375035791
 20
342.3863165820949
 30
0.0
 50
179.9999999999999
  0
ENDBLK
  5
508
330
506
100
AcDbEntity
  8
0
100
AcDbBlockEnd
  0
BLOCK
  5
50E
330
50D
100
AcDbEntity
  8
0
100
AcDbBlockBegin
  2
3 seater bench
 70
0
 10
0.0
 20
0.0
 30
0.0
  3
3 seater bench
  1

  0
HATCH
  5
510
330
50D
100
AcDbEntity
  8
I-LK HATCH
 62
177
370
0
100
AcDbHatch
 10
0.0
 20
0.0
 30
0.0
210
0.0
220
0.0
230
1.0
  2
STIP1
 70
0
 71
0
 91
3
 92
1
 93
4
 72
1
 10
-653.5433624973522
 20
-127.6136834179051
 11
-201.8766958303749
 21
-127.6136834179051
 72
1
 10
-201.876695830375
 20
-127.6136834179051
 11
-201.876695830375
 21
327.3863165820949
 72
1
 10
-201.876695830375
 20
327.3863165820949
 11
-653.5433624973522
 21
327.3863165820949
 72
1
 10
-653.5433624973522
 20
327.3863165820949
 11
-653.5433624973522
 21
-127.6136834179051
 97
1
330
71
 92
1
 93
4
 72
1
 10
249.7899708366022
 20
-127.6136834179051
 11
-201.876695830375
 21
-127.6136834179051
 72
1
 10
-201.876695830375
 20
-127.6136834179051
 11
-201.876695830375
 21
327.3863165820949
 72
1
 10
-201.876695830375
 20
327.3863165820949
 11
249.7899708366022
 21
327.3863165820949
 72
1
 10
249.7899708366022
 20
327.3863165820949
 11
249.7899708366022
 21
-127.6136834179051
 97
1
330
72
 92
1
 93
4
 72
1
 10
701.4566375035791
 20
-127.6136834179051
 11
249.7899708366022
 21
-127.6136834179051
 72
1
 10
249.7899708366022
 20
-127.6136834179051
 11
249.7899708366022
 21
327.3863165820949
 72
1
 10
249.7899708366022
 20
327.3863165820949
 11
701.4566375035791
 21
327.3863165820949
 72
1
 10
701.4566375035791
 20
327.3863165820949
 11
701.4566375035791
 21
-127.6136834179051
 97
1
330
73
 75
1
 76
2
 52
90.0
 41
100.0
 77
0
 78
20
 53
90.0
 43
-6617001.288737148
 44
170538.9926226293
 45
-100.0
 46
6.1e-15
 79
2
 49
0.0
 49
-100.0
 53
90.0
 43
-6616985.288737147
 44
170550.9926226293
 45
-100.0
 46
6.1e-15
 79
2
 49
0.0
 49
-100.0
 53
90.0
 43
-6616961.288737147
 44
170545.9926226293
 45
-100.0
 46
6.1e-15
 79
2
 49
0.0
 49
-100.0
 53
90.0
 43
-6616938.288737148
 44
170580.9926226293
 45
-100.0
 46
6.1e-15
 79
2
 49
0.0
 49
-100.0
 53
90.0
 43
-6616974.288737147
 44
170577.9926226293
 45
-100.0
 46
6.1e-15
 79
2
 49
0.0
 49
-100.0
 53
90.0
 43
-6616998.288737147
 44
170604.9926226293
 45
-100.0
 46
6.1e-15
 79
2
 49
0.0
 49
-100.0
 53
90.0
 43
-6617005.288737146
 44
170569.9926226293
 45
-100.0
 46
6.1e-15
 79
2
 49
0.0
 49
-100.0
 53
90.0
 43
-6616964.288737147
 44
170611.9926226293
 45
-100.0
 46
6.1e-15
 79
2
 49
0.0
 49
-100.0
 53
90.0
 43
-6616932.288737147
 44
170606.9926226293
 45
-100.0
 46
6.1e-15
 79
2
 49
0.0
 49
-100.0
 53
90.0
 43
-6616917.288737147
 44
170532.9926226293
 45
-100.0
 46
6.1e-15
 79
2
 49
0.0
 49
-100.0
 53
90.0
 43
-6616937.288737147
 44
170550.9926226293
 45
-100.0
 46
6.1e-15
 79
2
 49
0.0
 49
-100.0
 53
90.0
 43
-6616918.288737147
 44
170564.9926226293
 45
-100.0
 46
6.1e-15
 79
2
 49
0.0
 49
-100.0
 53
90.0
 43
-6616982.288737147
 44
170625.9926226293
 45
-100.0
 46
6.1e-15
 79
2
 49
0.0
 49
-100.0
 53
90.0
 43
-6616957.288737147
 44
170593.9926226293
 45
-100.0
 46
6.1e-15
 79
2
 49
0.0
 49
-100.0
 53
90.0
 43
-6616990.288737147
 44
170585.9926226293
 45
-100.0
 46
6.1e-15
 79
2
 49
0.0
 49
-100.0
 53
90.0
 43
-6616981.288737147
 44
170602.9926226293
 45
-100.0
 46
6.1e-15
 79
2
 49
0.0
 49
-100.0
 53
90.0
 43
-6616954.288737147
 44
170566.9926226293
 45
-100.0
 46
6.1e-15
 79
2
 49
0.0
 49
-100.0
 53
90.0
 43
-6617008.288737147
 44
170594.9926226293
 45
-100.0
 46
6.1e-15
 79
2
 49
0.0
 49
-100.0
 53
90.0
 43
-6616949.288737147
 44
170625.9926226293
 45
-100.0
 46
6.1e-15
 79
2
 49
0.0
 49
-100.0
 53
90.0
 43
-6616919.288737147
 44
170622.9926226293
 45
-100.0
 46
6.1e-15
 79
2
 49
0.0
 49
-100.0
 98
1
 10
4014857.156085737
 20
1679654.398913931
  0
LWPOLYLINE
  5
511
330
50D
100
AcDbEntity
  8
LN-ELEVATION-5
  6
HIDDEN2
 48
11.0
100
AcDbPolyline
 90
4
 70
1
 10
676.4566375035791
 20
-102.6136834179051
 10
-628.5433624973522
 20
-102.6136834179051
 10
-628.5433624973522
 20
302.3863165820949
 10
676.4566375035791
 20
302.3863165820949
  0
LWPOLYLINE
  5
512
330
50D
100
AcDbEntity
  8
LN-ELEVATION-5
 48
0.5
100
AcDbPolyline
 90
8
 70
1
 10
-658.5433624964207
 20
-142.6136834179051
 10
706.4566375035791
 20
-142.6136834179051
 42
0.4142135623730951
 10
716.4566375035791
 20
-132.6136834179051
 10
716.4566375035791
 20
332.3863165820949
 42
0.4142135623730951
 10
706.4566375035791
 20
342.3863165820949
 10
-658.5433624964207
 20
342.3863165820949
 42
0.4142135623730951
 10
-668.5433624964207
 20
332.3863165820949
 10
-668.5433624964207
 20
-132.6136834179051
 42
0.4142135623730951
  0
LWPOLYLINE
  5
513
330
50D
100
AcDbEntity
  8
LN-ELEVATION-5
 48
0.5
100
AcDbPolyline
 90
4
 70
1
 10
-653.5433624964207
 20
-127.6136834179051
 10
701.4566375035791
 20
-127.6136834179051
 10
701.4566375035791
 20
327.3863165820949
 10
-653.5433624964207
 20
327.3863165820949
  0
LWPOLYLINE
  5
514
330
50D
100
AcDbEntity
  8
LN-ELEVATION-2
 48
0.5
100
AcDbPolyline
 90
4
 70
1
 10
-653.5433624973522
 20
-127.6136834179051
 10
-201.876695830375
 20
-127.6136834179051
 10
-201.876695830375
 20
327.3863165820949
 10
-653.5433624973522
 20
327.3863165820949
  0
LWPOLYLINE
  5
515
330
50D
100
AcDbEntity
  8
LN-ELEVATION-2
 48
0.5
100
AcDbPolyline
 90
4
 70
1
 10
249.7899708366022
 20
-127.6136834179051
 10
-201.876695830375
 20
-127.6136834179051
 10
-201.876695830375
 20
327.3863165820949
 10
249.7899708366022
 20
327.3863165820949
  0
LWPOLYLINE
  5
516
330
50D
100
AcDbEntity
  8
LN-ELEVATION-2
 48
0.5
100
AcDbPolyline
 90
4
 70
1
 10
701.4566375035791
 20
-127.6136834179051
 10
249.7899708366022
 20
-127.6136834179051
 10
249.7899708366022
 20
327.3863165820949
 10
701.4566375035791
 20
327.3863165820949
  0
ENDBLK
  5
50F
330
50D
100
AcDbEntity
  8
0
100
AcDbBlockEnd
  0
ENDSEC
  0
SECTION
  2
ENTITIES
  0
LWPOLYLINE
  5
32
330
17
100
AcDbEntity
  8
FloorPlan
100
AcDbPolyline
 90
5
 70
1
 10
0.0
 20
0.0
 10
0.0
 20
10000.0
 10
5000.0
 20
10000.0
 10
5000.0
 20
0.0
 10
0.0
 20
0.0
  0
INSERT
  5
68
330
17
100
AcDbEntity
  8
0
100
AcDbBlockReference
  2
REPAIR_TABLE_MEDIUM_1
 10
915.0
 20
709.9999999999999
 30
0.0
  0
INSERT
  5
139
330
17
100
AcDbEntity
  8
0
100
AcDbBlockReference
  2
POS_WITHOUT_SCREEN_1
 10
875.0
 20
1470.0
 30
0.0
  0
INSERT
  5
152
330
17
100
AcDbEntity
  8
0
100
AcDbBlockReference
  2
JJ_FIXTURE_MEDIUM_1
 10
1665.0
 20
470.0
 30
0.0
  0
INSERT
  5
175
330
17
100
AcDbEntity
  8
0
100
AcDbBlockReference
  2
LENSBAR_1
 10
2834.9999999999995
 20
470.0
 30
0.0
  0
INSERT
  5
17D
330
17
100
AcDbEntity
  8
0
100
AcDbBlockReference
  2
STORAGE_RACK_1
 10
3915.0
 20
650.0
 30
0.0
  0
INSERT
  5
187
330
17
100
AcDbEntity
  8
0
100
AcDbBlockReference
  2
QC_TABLE_MEDIUM_1
 10
4064.9999999999995
 20
2560.0
 30
0.0
  0
INSERT
  5
1B3
330
17
100
AcDbEntity
  8
0
100
AcDbBlockReference
  2
SCREEN_55_1
 10
1585.0
 20
2240.0
 30
0.0
  0
INSERT
  5
29D
330
17
100
AcDbEntity
  8
0
100
AcDbBlockReference
  2
EURO_CENTRE_1
 10
2540.0
 20
2240.0
 30
0.0
  0
INSERT
  5
2A5
330
17
100
AcDbEntity
  8
0
100
AcDbBlockReference
  2
STAFF_RACK_1
 10
1250.0
 20
3240.0
 30
0.0
  0
INSERT
  5
2CB
330
17
100
AcDbEntity
  8
0
100
AcDbBlockReference
  2
VC_FIXTURE_MEDIUM_1
 10
290.0
 20
3240.0
 30
0.0
  0
INSERT
  5
2D2
330
17
100
AcDbEntity
  8
0
100
AcDbBlockReference
  2
VC_FIXTURE_MEDIUM_2
 10
290.0
 20
5290.0
 30
0.0
  0
INSERT
  5
2D9
330
17
100
AcDbEntity
  8
0
100
AcDbBlockReference
  2
VC_FIXTURE_MEDIUM_3
 10
290.0
 20
6590.0
 30
0.0
  0
INSERT
  5
2E0
330
17
100
AcDbEntity
  8
0
100
AcDbBlockReference
  2
VC_FIXTURE_MEDIUM_4
 10
290.0
 20
8000.0
 30
0.0
  0
INSERT
  5
2E7
330
17
100
AcDbEntity
  8
0
100
AcDbBlockReference
  2
JJ_FIXTURE_MEDIUM_2
 10
4710.0
 20
2470.0
 30
0.0
  0
INSERT
  5
44C
330
17
100
AcDbEntity
  8
0
100
AcDbBlockReference
  2
POS_WITH_SCREEN_MEDIUM_1
 10
4710.0
 20
3760.0
 30
0.0
  0
INSERT
  5
461
330
17
100
AcDbEntity
  8
0
100
AcDbBlockReference
  2
MIRROR_DIFFERENT_1
 10
4460.0
 20
5030.0
 30
0.0
  0
INSERT
  5
475
330
17
100
AcDbEntity
  8
0
100
AcDbBlockReference
  2
JJ_FIXTURE_LARGE_1
 10
4710.0
 20
6240.0
 30
0.0
  0
INSERT
  5
48A
330
17
100
AcDbEntity
  8
0
100
AcDbBlockReference
  2
MIRROR_1
 10
4460.0
 20
7820.0
 30
0.0
  0
INSERT
  5
491
330
17
100
AcDbEntity
  8
0
100
AcDbBlockReference
  2
MIRROR_2
 10
4460.0
 20
9240.0
 30
0.0
  0
INSERT
  5
498
330
17
100
AcDbEntity
  8
0
100
AcDbBlockReference
  2
EURO_CENTRE_2
 10
2500.0
 20
3350.0
 30
0.0
  0
INSERT
  5
49F
330
17
100
AcDbEntity
  8
0
100
AcDbBlockReference
  2
EURO_CENTRE_3
 10
2500.0
 20
4560.0
 30
0.0
  0
INSERT
  5
4A6
330
17
100
AcDbEntity
  8
0
100
AcDbBlockReference
  2
EURO_CENTRE_4
 10
2500.0
 20
5850.0
 30
0.0
  0
INSERT
  5
4AD
330
17
100
AcDbEntity
  8
0
100
AcDbBlockReference
  2
EURO_CENTRE_5
 10
2500.0
 20
7150.0
 30
0.0
  0
INSERT
  5
4B4
330
17
100
AcDbEntity
  8
0
100
AcDbBlockReference
  2
EURO_CENTRE_6
 10
2500.0
 20
8440.0
 30
0.0
  0
INSERT
  5
4BD
330
17
100
AcDbEntity
  8
0
100
AcDbBlockReference
  2
LENSBAR_2
 10
1019.9999999999999
 20
4880.0
 30
0.0
  0
INSERT
  5
4C6
330
17
100
AcDbEntity
  8
0
100
AcDbBlockReference
  2
LENSBAR_3
 10
1019.9999999999999
 20
6760.0
 30
0.0
  0
INSERT
  5
4CF
330
17
100
AcDbEntity
  8
0
100
AcDbBlockReference
  2
LENSBAR_4
 10
1019.9999999999999
 20
8410.0
 30
0.0
  0
INSERT
  5
4D8
330
17
100
AcDbEntity
  8
0
100
AcDbBlockReference
  2
LENSBAR_5
 10
3980.0
 20
4880.0
 30
0.0
  0
INSERT
  5
4DF
330
17
100
AcDbEntity
  8
0
100
AcDbBlockReference
  2
MIRROR_3
 10
3980.0
 20
7940.0
 30
0.0
  0
INSERT
  5
4E6
330
17
100
AcDbEntity
  8
0
100
AcDbBlockReference
  2
EURO_CENTRE_7
 10
1750.0
 20
5820.0
 30
0.0
  0
INSERT
  5
4EF
330
17
100
AcDbEntity
  8
0
100
AcDbBlockReference
  2
LENSBAR_6
 10
3565.0
 20
6850.000000000001
 30
0.0
  0
INSERT
  5
4F6
330
17
100
AcDbEntity
  8
0
100
AcDbBlockReference
  2
JJ_FIXTURE_MEDIUM_3
 10
1460.0
 20
9470.0
 30
0.0
  0
INSERT
  5
504
330
17
100
AcDbEntity
  8
0
100
AcDbBlockReference
  2
LENSOMETER_SMALL_1
 10
3540.0
 20
9470.0
 30
0.0
  0
INSERT
  5
517
330
17
100
AcDbEntity
  8
0
100
AcDbBlockReference
  2
LARGE_BENCH_1
 10
2500.0
 20
9530.0
 30
0.0
  0
ENDSEC
  0
SECTION
  2
OBJECTS
  0
DICTIONARY
  5
A
330
0
100
AcDbDictionary
281
1
  3
ACAD_COLOR
350
B
  3
ACAD_GROUP
350
C
  3
ACAD_LAYOUT
350
D
  3
ACAD_MATERIAL
350
E
  3
ACAD_MLEADERSTYLE
350
F
  3
ACAD_MLINESTYLE
350
10
  3
ACAD_PLOTSETTINGS
350
11
  3
ACAD_PLOTSTYLENAME
350
12
  3
ACAD_SCALELIST
350
14
  3
ACAD_TABLESTYLE
350
15
  3
ACAD_VISUALSTYLE
350
16
  3
EZDXF_META
350
2D
  0
DICTIONARY
  5
B
330
A
100
AcDbDictionary
281
1
  0
DICTIONARY
  5
C
330
A
100
AcDbDictionary
281
1
  0
DICTIONARY
  5
D
330
A
100
AcDbDictionary
281
1
  3
Model
350
1A
  3
Layout1
350
1E
  0
DICTIONARY
  5
E
330
A
100
AcDbDictionary
281
1
  3
ByBlock
350
1F
  3
ByLayer
350
20
  3
Global
350
21
  0
DICTIONARY
  5
F
330
A
100
AcDbDictionary
281
1
  3
Standard
350
2C
  0
DICTIONARY
  5
10
330
A
100
AcDbDictionary
281
1
  3
Standard
350
22
  0
DICTIONARY
  5
11
330
A
100
AcDbDictionary
281
1
  0
ACDBDICTIONARYWDFLT
  5
12
330
A
100
AcDbDictionary
281
1
  3
Normal
350
13
100
AcDbDictionaryWithDefault
340
13
  0
ACDBPLACEHOLDER
  5
13
330
12
  0
DICTIONARY
  5
14
330
A
100
AcDbDictionary
281
1
  0
DICTIONARY
  5
15
330
A
100
AcDbDictionary
281
1
  0
DICTIONARY
  5
16
330
A
100
AcDbDictionary
281
1
  0
LAYOUT
  5
1A
330
D
100
AcDbPlotSettings
  1

  4
A3
  6

 40
7.5
 41
20.0
 42
7.5
 43
20.0
 44
420.0
 45
297.0
 46
0.0
 47
0.0
 48
0.0
 49
0.0
140
0.0
141
0.0
142
1.0
143
1.0
 70
1024
 72
1
 73
0
 74
5
  7

 75
16
 76
0
 77
2
 78
300
147
1.0
148
0.0
149
0.0
100
AcDbLayout
  1
Model
 70
1
 71
0
 10
0.0
 20
0.0
 11
420.0
 21
297.0
 12
0.0
 22
0.0
 32
0.0
 14
1e+20
 24
1e+20
 34
1e+20
 15
-1e+20
 25
-1e+20
 35
-1e+20
146
0.0
 13
0.0
 23
0.0
 33
0.0
 16
1.0
 26
0.0
 36
0.0
 17
0.0
 27
1.0
 37
0.0
 76
1
330
17
  0
LAYOUT
  5
1E
330
D
100
AcDbPlotSettings
  1

  4
A3
  6

 40
7.5
 41
20.0
 42
7.5
 43
20.0
 44
420.0
 45
297.0
 46
0.0
 47
0.0
 48
0.0
 49
0.0
140
0.0
141
0.0
142
1.0
143
1.0
 70
0
 72
1
 73
0
 74
5
  7

 75
16
 76
0
 77
2
 78
300
147
1.0
148
0.0
149
0.0
100
AcDbLayout
  1
Layout1
 70
1
 71
1
 10
0.0
 20
0.0
 11
420.0
 21
297.0
 12
0.0
 22
0.0
 32
0.0
 14
1e+20
 24
1e+20
 34
1e+20
 15
-1e+20
 25
-1e+20
 35
-1e+20
146
0.0
 13
0.0
 23
0.0
 33
0.0
 16
1.0
 26
0.0
 36
0.0
 17
0.0
 27
1.0
 37
0.0
 76
1
330
1B
  0
MATERIAL
  5
1F
102
{ACAD_REACTORS
330
E
102
}
330
E
100
AcDbMaterial
  1
ByBlock
  2

 70
0
 40
1.0
 71
1
 41
1.0
 91
-1023410177
 42
1.0
 72
1
  3

 73
1
 74
1
 75
1
 44
0.5
 73
0
 45
1.0
 46
1.0
 77
1
  4

 78
1
 79
1
170
1
 48
1.0
171
1
  6

172
1
173
1
174
1
140
1.0
141
1.0
175
1
  7

176
1
177
1
178
1
143
1.0
179
1
  8

270
1
271
1
272
1
145
1.0
146
1.0
273
1
  9

274
1
275
1
276
1
 42
1.0
 72
1
  3

 73
1
 74
1
 75
1
 94
63
  0
MATERIAL
  5
20
102
{ACAD_REACTORS
330
E
102
}
330
E
100
AcDbMaterial
  1
ByLayer
  2

 70
0
 40
1.0
 71
1
 41
1.0
 91
-1023410177
 42
1.0
 72
1
  3

 73
1
 74
1
 75
1
 44
0.5
 73
0
 45
1.0
 46
1.0
 77
1
  4

 78
1
 79
1
170
1
 48
1.0
171
1
  6

172
1
173
1
174
1
140
1.0
141
1.0
175
1
  7

176
1
177
1
178
1
143
1.0
179
1
  8

270
1
271
1
272
1
145
1.0
146
1.0
273
1
  9

274
1
275
1
276
1
 42
1.0
 72
1
  3

 73
1
 74
1
 75
1
 94
63
  0
MATERIAL
  5
21
102
{ACAD_REACTORS
330
E
102
}
330
E
100
AcDbMaterial
  1
Global
  2

 70
0
 40
1.0
 71
1
 41
1.0
 91
-1023410177
 42
1.0
 72
1
  3

 73
1
 74
1
 75
1
 44
0.5
 73
0
 45
1.0
 46
1.0
 77
1
  4

 78
1
 79
1
170
1
 48
1.0
171
1
  6

172
1
173
1
174
1
140
1.0
141
1.0
175
1
  7

176
1
177
1
178
1
143
1.0
179
1
  8

270
1
271
1
272
1
145
1.0
146
1.0
273
1
  9

274
1
275
1
276
1
 42
1.0
 72
1
  3

 73
1
 74
1
 75
1
 94
63
  0
MLINESTYLE
  5
22
102
{ACAD_REACTORS
330
10
102
}
330
10
100
AcDbMlineStyle
  2
Standard
 70
0
  3

 62
256
 51
90.0
 52
90.0
 71
2
 49
0.5
 62
256
  6
BYLAYER
 49
-0.5
 62
256
  6
BYLAYER
  0
MLEADERSTYLE
  5
2C
102
{ACAD_REACTORS
330
F
102
}
330
F
100
AcDbMLeaderStyle
179
2
170
2
171
1
172
0
 90
2
 40
0.0
 41
0.0
173
1
 91
-1056964608
 92
-2
290
1
 42
2.0
291
1
 43
8.0
  3
Standard
 44
4.0
300

342
29
174
1
175
1
176
0
178
1
 93
-1056964608
 45
4.0
292
0
297
0
 46
4.0
 94
-1056964608
 47
1.0
 49
1.0
140
1.0
294
1
141
0.0
177
0
142
1.0
295
0
296
0
143
3.75
271
0
272
9
273
9
  0
DICTIONARY
  5
2D
330
A
100
AcDbDictionary
280
1
281
1
  3
CREATED_BY_EZDXF
350
2E
  3
WRITTEN_BY_EZDXF
350
51B
  0
DICTIONARYVAR
  5
2E
330
2D
100
DictionaryVariables
280
0
  1
1.4.2 @ 2025-09-26T11:20:42.203511+00:00
  0
DICTIONARY
  5
3A
330
39
100
AcDbDictionary
280
1
281
1
  0
DICTIONARY
  5
15A
330
159
100
AcDbDictionary
280
1
281
1
  0
DICTIONARY
  5
17C
330
17B
100
AcDbDictionary
280
1
281
1
  0
DICTIONARY
  5
186
330
185
100
AcDbDictionary
280
1
281
1
  0
DICTIONARY
  5
18E
330
18D
100
AcDbDictionary
280
1
281
1
  0
DICTIONARY
  5
199
330
198
100
AcDbDictionary
280
1
281
1
  0
DICTIONARY
  5
2A4
330
2A3
100
AcDbDictionary
280
1
281
1
  0
DICTIONARY
  5
4BC
330
4BB
100
AcDbDictionary
280
1
281
1
  0
DICTIONARY
  5
4C5
330
4C4
100
AcDbDictionary
280
1
281
1
  0
DICTIONARY
  5
4CE
330
4CD
100
AcDbDictionary
280
1
281
1
  0
DICTIONARY
  5
4D7
330
4D6
100
AcDbDictionary
280
1
281
1
  0
DICTIONARY
  5
4EE
330
4ED
100
AcDbDictionary
280
1
281
1
  0
DICTIONARY
  5
4FE
330
4FD
100
AcDbDictionary
280
1
281
1
  0
DICTIONARYVAR
  5
51B
330
2D
100
DictionaryVariables
280
0
  1
1.4.2 @ 2025-09-26T11:20:42.905414+00:00
  0
ENDSEC
  0
EOF
