  0
SECTION
  2
HEADER
  9
$ACADVER
  1
AC1027
  9
$ACADMAINTVER
 70
105
  9
$DWGCODEPAGE
  3
ANSI_1252
  9
$LASTSAVEDBY
  1
ezdxf
  9
$REQUIREDVERSIONS
160
0
  9
$INSBASE
 10
0.0
 20
0.0
 30
0.0
  9
$EXTMIN
 10
1e+20
 20
1e+20
 30
1e+20
  9
$EXTMAX
 10
-1e+20
 20
-1e+20
 30
-1e+20
  9
$LIMMIN
 10
0.0
 20
0.0
  9
$LIMMAX
 10
420.0
 20
297.0
  9
$ORTHOMODE
 70
0
  9
$REGENMODE
 70
1
  9
$FILLMODE
 70
1
  9
$QTEXTMODE
 70
0
  9
$MIRRTEXT
 70
1
  9
$LTSCALE
 40
1.0
  9
$ATTMODE
 70
1
  9
$TEXTSIZE
 40
2.5
  9
$TRACEWID
 40
1.0
  9
$TEXTSTYLE
  7
Standard
  9
$CLAYER
  8
0
  9
$CELTYPE
  6
ByLayer
  9
$CECOLOR
 62
256
  9
$CELTSCALE
 40
1.0
  9
$DISPSILH
 70
0
  9
$DIMSCALE
 40
1.0
  9
$DIMASZ
 40
2.5
  9
$DIMEXO
 40
0.625
  9
$DIMDLI
 40
3.75
  9
$DIMRND
 40
0.0
  9
$DIMDLE
 40
0.0
  9
$DIMEXE
 40
1.25
  9
$DIMTP
 40
0.0
  9
$DIMTM
 40
0.0
  9
$DIMTXT
 40
2.5
  9
$DIMCEN
 40
2.5
  9
$DIMTSZ
 40
0.0
  9
$DIMTOL
 70
0
  9
$DIMLIM
 70
0
  9
$DIMTIH
 70
0
  9
$DIMTOH
 70
0
  9
$DIMSE1
 70
0
  9
$DIMSE2
 70
0
  9
$DIMTAD
 70
1
  9
$DIMZIN
 70
8
  9
$DIMBLK
  1

  9
$DIMASO
 70
1
  9
$DIMSHO
 70
1
  9
$DIMPOST
  1

  9
$DIMAPOST
  1

  9
$DIMALT
 70
0
  9
$DIMALTD
 70
3
  9
$DIMALTF
 40
0.03937007874
  9
$DIMLFAC
 40
1.0
  9
$DIMTOFL
 70
1
  9
$DIMTVP
 40
0.0
  9
$DIMTIX
 70
0
  9
$DIMSOXD
 70
0
  9
$DIMSAH
 70
0
  9
$DIMBLK1
  1

  9
$DIMBLK2
  1

  9
$DIMSTYLE
  2
ISO-25
  9
$DIMCLRD
 70
0
  9
$DIMCLRE
 70
0
  9
$DIMCLRT
 70
0
  9
$DIMTFAC
 40
1.0
  9
$DIMGAP
 40
0.625
  9
$DIMJUST
 70
0
  9
$DIMSD1
 70
0
  9
$DIMSD2
 70
0
  9
$DIMTOLJ
 70
0
  9
$DIMTZIN
 70
8
  9
$DIMALTZ
 70
0
  9
$DIMALTTZ
 70
0
  9
$DIMUPT
 70
0
  9
$DIMDEC
 70
2
  9
$DIMTDEC
 70
2
  9
$DIMALTU
 70
2
  9
$DIMALTTD
 70
3
  9
$DIMTXSTY
  7
Standard
  9
$DIMAUNIT
 70
0
  9
$DIMADEC
 70
0
  9
$DIMALTRND
 40
0.0
  9
$DIMAZIN
 70
0
  9
$DIMDSEP
 70
44
  9
$DIMATFIT
 70
3
  9
$DIMFRAC
 70
0
  9
$DIMLDRBLK
  1

  9
$DIMLUNIT
 70
2
  9
$DIMLWD
 70
-2
  9
$DIMLWE
 70
-2
  9
$DIMTMOVE
 70
0
  9
$DIMFXL
 40
1.0
  9
$DIMFXLON
 70
0
  9
$DIMJOGANG
 40
0.785398163397
  9
$DIMTFILL
 70
0
  9
$DIMTFILLCLR
 70
0
  9
$DIMARCSYM
 70
0
  9
$DIMLTYPE
  6

  9
$DIMLTEX1
  6

  9
$DIMLTEX2
  6

  9
$DIMTXTDIRECTION
 70
0
  9
$LUNITS
 70
2
  9
$LUPREC
 70
4
  9
$SKETCHINC
 40
1.0
  9
$FILLETRAD
 40
10.0
  9
$AUNITS
 70
0
  9
$AUPREC
 70
2
  9
$MENU
  1
.
  9
$ELEVATION
 40
0.0
  9
$PELEVATION
 40
0.0
  9
$THICKNESS
 40
0.0
  9
$LIMCHECK
 70
0
  9
$CHAMFERA
 40
0.0
  9
$CHAMFERB
 40
0.0
  9
$CHAMFERC
 40
0.0
  9
$CHAMFERD
 40
0.0
  9
$SKPOLY
 70
0
  9
$TDCREATE
 40
2460946.880752315
  9
$TDUCREATE
 40
2458532.153996898
  9
$TDUPDATE
 40
2460946.880752315
  9
$TDUUPDATE
 40
2458532.1544311
  9
$TDINDWG
 40
0.0
  9
$TDUSRTIMER
 40
0.0
  9
$USRTIMER
 70
1
  9
$ANGBASE
 50
0.0
  9
$ANGDIR
 70
0
  9
$PDMODE
 70
0
  9
$PDSIZE
 40
0.0
  9
$PLINEWID
 40
0.0
  9
$SPLFRAME
 70
0
  9
$SPLINETYPE
 70
6
  9
$SPLINESEGS
 70
8
  9
$HANDSEED
  5
41A
  9
$SURFTAB1
 70
6
  9
$SURFTAB2
 70
6
  9
$SURFTYPE
 70
6
  9
$SURFU
 70
6
  9
$SURFV
 70
6
  9
$UCSBASE
  2

  9
$UCSNAME
  2

  9
$UCSORG
 10
0.0
 20
0.0
 30
0.0
  9
$UCSXDIR
 10
1.0
 20
0.0
 30
0.0
  9
$UCSYDIR
 10
0.0
 20
1.0
 30
0.0
  9
$UCSORTHOREF
  2

  9
$UCSORTHOVIEW
 70
0
  9
$UCSORGTOP
 10
0.0
 20
0.0
 30
0.0
  9
$UCSORGBOTTOM
 10
0.0
 20
0.0
 30
0.0
  9
$UCSORGLEFT
 10
0.0
 20
0.0
 30
0.0
  9
$UCSORGRIGHT
 10
0.0
 20
0.0
 30
0.0
  9
$UCSORGFRONT
 10
0.0
 20
0.0
 30
0.0
  9
$UCSORGBACK
 10
0.0
 20
0.0
 30
0.0
  9
$PUCSBASE
  2

  9
$PUCSNAME
  2

  9
$PUCSORG
 10
0.0
 20
0.0
 30
0.0
  9
$PUCSXDIR
 10
1.0
 20
0.0
 30
0.0
  9
$PUCSYDIR
 10
0.0
 20
1.0
 30
0.0
  9
$PUCSORTHOREF
  2

  9
$PUCSORTHOVIEW
 70
0
  9
$PUCSORGTOP
 10
0.0
 20
0.0
 30
0.0
  9
$PUCSORGBOTTOM
 10
0.0
 20
0.0
 30
0.0
  9
$PUCSORGLEFT
 10
0.0
 20
0.0
 30
0.0
  9
$PUCSORGRIGHT
 10
0.0
 20
0.0
 30
0.0
  9
$PUCSORGFRONT
 10
0.0
 20
0.0
 30
0.0
  9
$PUCSORGBACK
 10
0.0
 20
0.0
 30
0.0
  9
$USERI1
 70
0
  9
$USERI2
 70
0
  9
$USERI3
 70
0
  9
$USERI4
 70
0
  9
$USERI5
 70
0
  9
$USERR1
 40
0.0
  9
$USERR2
 40
0.0
  9
$USERR3
 40
0.0
  9
$USERR4
 40
0.0
  9
$USERR5
 40
0.0
  9
$WORLDVIEW
 70
1
  9
$SHADEDGE
 70
3
  9
$SHADEDIF
 70
70
  9
$TILEMODE
 70
1
  9
$MAXACTVP
 70
64
  9
$PINSBASE
 10
0.0
 20
0.0
 30
0.0
  9
$PLIMCHECK
 70
0
  9
$PEXTMIN
 10
1e+20
 20
1e+20
 30
1e+20
  9
$PEXTMAX
 10
-1e+20
 20
-1e+20
 30
-1e+20
  9
$PLIMMIN
 10
0.0
 20
0.0
  9
$PLIMMAX
 10
420.0
 20
297.0
  9
$UNITMODE
 70
0
  9
$VISRETAIN
 70
1
  9
$PLINEGEN
 70
0
  9
$PSLTSCALE
 70
1
  9
$TREEDEPTH
 70
3020
  9
$CMLSTYLE
  2
Standard
  9
$CMLJUST
 70
0
  9
$CMLSCALE
 40
20.0
  9
$PROXYGRAPHICS
 70
1
  9
$MEASUREMENT
 70
1
  9
$CELWEIGHT
370
-1
  9
$ENDCAPS
280
0
  9
$JOINSTYLE
280
0
  9
$LWDISPLAY
290
0
  9
$INSUNITS
 70
6
  9
$HYPERLINKBASE
  1

  9
$STYLESHEET
  1

  9
$XEDIT
290
1
  9
$CEPSNTYPE
380
0
  9
$PSTYLEMODE
290
1
  9
$FINGERPRINTGUID
  2
{0EE7FBBB-0594-4081-AF24-81F8CB70D2EF}
  9
$VERSIONGUID
  2
{28E62C48-F5FC-476C-8BB3-12CD5BC18FB7}
  9
$EXTNAMES
290
1
  9
$PSVPSCALE
 40
0.0
  9
$OLESTARTUP
290
0
  9
$SORTENTS
280
127
  9
$INDEXCTL
280
0
  9
$HIDETEXT
280
1
  9
$XCLIPFRAME
280
1
  9
$HALOGAP
280
0
  9
$OBSCOLOR
 70
257
  9
$OBSLTYPE
280
0
  9
$INTERSECTIONDISPLAY
280
0
  9
$INTERSECTIONCOLOR
 70
257
  9
$DIMASSOC
280
2
  9
$PROJECTNAME
  1

  9
$CAMERADISPLAY
290
0
  9
$LENSLENGTH
 40
50.0
  9
$CAMERAHEIGHT
 40
0.0
  9
$STEPSPERSEC
 40
24.0
  9
$STEPSIZE
 40
100.0
  9
$3DDWFPREC
 40
2.0
  9
$PSOLWIDTH
 40
0.005
  9
$PSOLHEIGHT
 40
0.08
  9
$LOFTANG1
 40
1.570796326795
  9
$LOFTANG2
 40
1.570796326795
  9
$LOFTMAG1
 40
0.0
  9
$LOFTMAG2
 40
0.0
  9
$LOFTPARAM
 70
7
  9
$LOFTNORMALS
280
1
  9
$LATITUDE
 40
37.795
  9
$LONGITUDE
 40
-122.394
  9
$NORTHDIRECTION
 40
0.0
  9
$TIMEZONE
 70
-8000
  9
$LIGHTGLYPHDISPLAY
280
1
  9
$TILEMODELIGHTSYNCH
280
1
  9
$CMATERIAL
347
20
  9
$SOLIDHIST
280
0
  9
$SHOWHIST
280
1
  9
$DWFFRAME
280
2
  9
$DGNFRAME
280
2
  9
$REALWORLDSCALE
290
1
  9
$INTERFERECOLOR
 62
256
  9
$CSHADOW
280
0
  9
$SHADOWPLANELOCATION
 40
0.0
  0
ENDSEC
  0
SECTION
  2
CLASSES
  0
CLASS
  1
ACDBDICTIONARYWDFLT
  2
AcDbDictionaryWithDefault
  3
ObjectDBX Classes
 90
0
 91
0
280
0
281
0
  0
CLASS
  1
SUN
  2
AcDbSun
  3
SCENEOE
 90
1153
 91
0
280
0
281
0
  0
CLASS
  1
VISUALSTYLE
  2
AcDbVisualStyle
  3
ObjectDBX Classes
 90
4095
 91
0
280
0
281
0
  0
CLASS
  1
MATERIAL
  2
AcDbMaterial
  3
ObjectDBX Classes
 90
1153
 91
0
280
0
281
0
  0
CLASS
  1
SCALE
  2
AcDbScale
  3
ObjectDBX Classes
 90
1153
 91
0
280
0
281
0
  0
CLASS
  1
TABLESTYLE
  2
AcDbTableStyle
  3
ObjectDBX Classes
 90
4095
 91
0
280
0
281
0
  0
CLASS
  1
MLEADERSTYLE
  2
AcDbMLeaderStyle
  3
ACDB_MLEADERSTYLE_CLASS
 90
4095
 91
0
280
0
281
0
  0
CLASS
  1
DICTIONARYVAR
  2
AcDbDictionaryVar
  3
ObjectDBX Classes
 90
0
 91
0
280
0
281
0
  0
CLASS
  1
CELLSTYLEMAP
  2
AcDbCellStyleMap
  3
ObjectDBX Classes
 90
1152
 91
0
280
0
281
0
  0
CLASS
  1
MENTALRAYRENDERSETTINGS
  2
AcDbMentalRayRenderSettings
  3
SCENEOE
 90
1024
 91
0
280
0
281
0
  0
CLASS
  1
ACDBDETAILVIEWSTYLE
  2
AcDbDetailViewStyle
  3
ObjectDBX Classes
 90
1025
 91
0
280
0
281
0
  0
CLASS
  1
ACDBSECTIONVIEWSTYLE
  2
AcDbSectionViewStyle
  3
ObjectDBX Classes
 90
1025
 91
0
280
0
281
0
  0
CLASS
  1
RASTERVARIABLES
  2
AcDbRasterVariables
  3
ISM
 90
0
 91
0
280
0
281
0
  0
CLASS
  1
ACDBPLACEHOLDER
  2
AcDbPlaceHolder
  3
ObjectDBX Classes
 90
0
 91
0
280
0
281
0
  0
CLASS
  1
LAYOUT
  2
AcDbLayout
  3
ObjectDBX Classes
 90
0
 91
0
280
0
281
0
  0
ENDSEC
  0
SECTION
  2
TABLES
  0
TABLE
  2
VPORT
  5
8
330
0
100
AcDbSymbolTable
 70
1
  0
VPORT
  5
23
330
8
100
AcDbSymbolTableRecord
100
AcDbViewportTableRecord
  2
*Active
 70
0
 10
0.0
 20
0.0
 11
1.0
 21
1.0
 12
0.0
 22
0.0
 13
0.0
 23
0.0
 14
0.5
 24
0.5
 15
0.5
 25
0.5
 16
0.0
 26
0.0
 36
1.0
 17
0.0
 27
0.0
 37
0.0
 40
1000.0
 41
1.34
 42
50.0
 43
0.0
 44
0.0
 50
0.0
 51
0.0
 71
0
 72
1000
 73
1
 74
3
 75
0
 76
0
 77
0
 78
0
281
0
 65
0
146
0.0
  0
ENDTAB
  0
TABLE
  2
LTYPE
  5
2
330
0
100
AcDbSymbolTable
 70
6
  0
LTYPE
  5
24
330
2
100
AcDbSymbolTableRecord
100
AcDbLinetypeTableRecord
  2
ByBlock
 70
0
  3

 72
65
 73
0
 40
0.0
  0
LTYPE
  5
25
330
2
100
AcDbSymbolTableRecord
100
AcDbLinetypeTableRecord
  2
ByLayer
 70
0
  3

 72
65
 73
0
 40
0.0
  0
LTYPE
  5
26
330
2
100
AcDbSymbolTableRecord
100
AcDbLinetypeTableRecord
  2
Continuous
 70
0
  3

 72
65
 73
0
 40
0.0
  0
LTYPE
  5
38
330
2
100
AcDbSymbolTableRecord
100
AcDbLinetypeTableRecord
  2
HIDDEN
 70
0
  3
Hidden __ __ __ __ __ __ __ __ __ __ __ __ __ _
 72
65
 73
2
 40
9.525
 49
6.349999999999998
 74
0
 49
-3.174999999999998
 74
0
  0
LTYPE
  5
60
330
2
100
AcDbSymbolTableRecord
100
AcDbLinetypeTableRecord
  2
a_p6_plan_L18$0$HIDDEN
 70
0
  3
Hidden __ __ __ __ __ __ __ __ __ __ __ __ __ _
 72
65
 73
2
 40
0.375
 49
0.25
 74
0
 49
-0.125
 74
0
  0
LTYPE
  5
61
330
2
100
AcDbSymbolTableRecord
100
AcDbLinetypeTableRecord
  2
ACAD_ISO03W100
 70
0
  3
ISO dash space __    __    __    __    __    __
 72
65
 73
2
 40
30.0
 49
12.0
 74
0
 49
-18.0
 74
0
  0
ENDTAB
  0
TABLE
  2
LAYER
  5
1
330
0
100
AcDbSymbolTable
 70
20
  0
LAYER
  5
27
330
1
100
AcDbSymbolTableRecord
100
AcDbLayerTableRecord
  2
0
 70
0
 62
7
  6
Continuous
370
-3
390
13
347
21
  0
LAYER
  5
28
330
1
100
AcDbSymbolTableRecord
100
AcDbLayerTableRecord
  2
Defpoints
 70
0
 62
7
  6
Continuous
290
0
370
-3
390
13
347
21
  0
LAYER
  5
2F
330
1
100
AcDbSymbolTableRecord
100
AcDbLayerTableRecord
  2
FloorPlan
 70
0
 62
1
  6
Continuous
370
-3
390
13
347
21
  0
LAYER
  5
30
330
1
100
AcDbSymbolTableRecord
100
AcDbLayerTableRecord
  2
Fixtures
 70
0
 62
3
  6
Continuous
370
-3
390
13
347
21
  0
LAYER
  5
31
330
1
100
AcDbSymbolTableRecord
100
AcDbLayerTableRecord
  2
FixtureLabels
 70
0
 62
2
  6
Continuous
370
-3
390
13
347
21
  0
LAYER
  5
39
330
1
100
AcDbSymbolTableRecord
100
AcDbLayerTableRecord
  2
LN-ELEVATION-1
 70
0
 62
81
  6
Continuous
370
13
390
13
347
21
348
0
  0
LAYER
  5
3A
330
1
100
AcDbSymbolTableRecord
100
AcDbLayerTableRecord
  2
I-LK FF&E
 70
0
 62
1
  6
Continuous
370
9
390
13
347
21
348
0
  0
LAYER
  5
3B
330
1
100
AcDbSymbolTableRecord
100
AcDbLayerTableRecord
  2
LN-ELEVATION-4
 70
0
 62
145
  6
Continuous
370
13
390
13
347
21
348
0
  0
LAYER
  5
3C
330
1
100
AcDbSymbolTableRecord
100
AcDbLayerTableRecord
  2
LN-ELEVATION-2
 70
0
 62
103
  6
Continuous
370
20
390
13
347
21
348
0
  0
LAYER
  5
3D
330
1
100
AcDbSymbolTableRecord
100
AcDbLayerTableRecord
  2
LN-HATCH
 70
0
 62
251
  6
Continuous
370
0
390
13
347
21
348
0
  0
LAYER
  5
3E
330
1
100
AcDbSymbolTableRecord
100
AcDbLayerTableRecord
  2
Door
 70
0
 62
2
  6
Continuous
370
13
390
13
347
21
348
0
  0
LAYER
  5
62
330
1
100
AcDbSymbolTableRecord
100
AcDbLayerTableRecord
  2
LN-ELEVATION-3
 70
0
 62
125
  6
a_p6_plan_L18$0$HIDDEN
370
18
390
13
347
21
348
0
  0
LAYER
  5
BF
330
1
100
AcDbSymbolTableRecord
100
AcDbLayerTableRecord
  2
I-LK PARTITION
 70
0
 62
21
  6
Continuous
370
25
390
13
347
21
348
0
  0
LAYER
  5
C0
330
1
100
AcDbSymbolTableRecord
100
AcDbLayerTableRecord
  2
I-LK CURTAIN
 70
0
 62
5
  6
a_p6_plan_L18$0$HIDDEN
370
9
390
13
347
21
348
0
  0
LAYER
  5
C1
330
1
100
AcDbSymbolTableRecord
100
AcDbLayerTableRecord
  2
I-LK IT
 70
0
 62
3
  6
Continuous
370
18
390
13
347
21
348
0
  0
LAYER
  5
C2
330
1
100
AcDbSymbolTableRecord
100
AcDbLayerTableRecord
  2
I-LK TEXT
 70
0
 62
31
  6
Continuous
370
5
390
13
347
21
348
0
  0
LAYER
  5
C3
330
1
100
AcDbSymbolTableRecord
100
AcDbLayerTableRecord
  2
I-LK DIM
 70
0
 62
252
  6
Continuous
370
5
390
13
347
21
348
0
  0
LAYER
  5
C4
330
1
100
AcDbSymbolTableRecord
100
AcDbLayerTableRecord
  2
I-LK FURNITURE
 70
0
 62
13
  6
Continuous
370
9
390
13
347
21
348
0
  0
LAYER
  5
C5
330
1
100
AcDbSymbolTableRecord
100
AcDbLayerTableRecord
  2
I-LK EQPMT
 70
0
 62
3
  6
Continuous
370
18
390
13
347
21
348
0
  0
LAYER
  5
2D3
330
1
100
AcDbSymbolTableRecord
100
AcDbLayerTableRecord
  2
LN-ELEVATION-5
 70
0
 62
167
  6
Continuous
370
5
390
13
347
21
348
0
  0
ENDTAB
  0
TABLE
  2
STYLE
  5
5
330
0
100
AcDbSymbolTable
 70
2
  0
STYLE
  5
29
330
5
100
AcDbSymbolTableRecord
100
AcDbTextStyleTableRecord
  2
Standard
 70
0
 40
0.0
 41
1.0
 50
0.0
 71
0
 42
2.5
  3
txt
  4

  0
STYLE
  5
3F
330
5
100
AcDbSymbolTableRecord
100
AcDbTextStyleTableRecord
  2
LK TXT
 70
0
 40
0.0
 41
1.0
 50
0.0
 71
0
 42
250.0
  3
Arial Narrow.ttf
  4

  0
ENDTAB
  0
TABLE
  2
VIEW
  5
7
330
0
100
AcDbSymbolTable
 70
0
  0
ENDTAB
  0
TABLE
  2
UCS
  5
6
330
0
100
AcDbSymbolTable
 70
0
  0
ENDTAB
  0
TABLE
  2
APPID
  5
3
330
0
100
AcDbSymbolTable
 70
3
  0
APPID
  5
2A
330
3
100
AcDbSymbolTableRecord
100
AcDbRegAppTableRecord
  2
ACAD
 70
0
  0
APPID
  5
417
330
3
100
AcDbSymbolTableRecord
100
AcDbRegAppTableRecord
  2
HATCHBACKGROUNDCOLOR
 70
0
  0
APPID
  5
418
330
3
100
AcDbSymbolTableRecord
100
AcDbRegAppTableRecord
  2
EZDXF
 70
0
  0
ENDTAB
  0
TABLE
  2
DIMSTYLE
  5
4
330
0
100
AcDbSymbolTable
 70
3
100
AcDbDimStyleTable
  0
DIMSTYLE
105
2B
330
4
100
AcDbSymbolTableRecord
100
AcDbDimStyleTableRecord
  2
Standard
 70
0
 40
1.0
 41
2.5
 42
0.625
 43
3.75
 44
1.25
 45
0.0
 46
0.0
 47
0.0
 48
0.0
 49
2.5
140
2.5
141
2.5
142
0.0
143
0.03937007874
144
1.0
145
0.0
146
1.0
147
0.625
148
0.0
 69
0
 70
0
 71
0
 72
0
 73
0
 74
0
 75
0
 76
0
 77
1
 78
8
 79
3
170
0
171
3
172
1
173
0
174
0
175
0
176
0
177
0
178
0
179
2
271
2
272
2
273
2
274
3
275
0
276
0
277
2
278
44
279
0
280
0
281
0
282
0
283
0
284
8
285
0
286
0
288
0
289
3
290
0
371
-2
372
-2
  0
DIMSTYLE
105
40
330
4
100
AcDbSymbolTableRecord
100
AcDbDimStyleTableRecord
  2
LK-MM 100
 70
0
 40
0.8
 41
50.0
 42
50.0
 43
50.0
 44
50.0
 45
0.0
 46
50.0
 47
0.0
 48
0.0
 49
3.0
140
100.0
141
0.0
142
0.0
143
0.03937
144
1.0
145
0.0
146
1.0
147
25.0
148
0.0
 69
0
 70
0
 71
0
 72
0
 73
0
 74
0
 75
0
 76
0
 77
1
 78
8
 79
3
170
0
171
1
172
1
173
0
174
0
175
0
176
8
177
8
178
256
179
2
271
0
272
0
273
6
274
1
275
0
276
0
277
2
278
44
279
1
280
0
281
0
282
0
283
0
284
8
285
8
286
8
288
0
289
3
290
0
340
3F
342
41
343
41
344
41
345
25
346
38
347
38
371
5
372
0
  0
DIMSTYLE
105
C6
330
4
100
AcDbSymbolTableRecord
100
AcDbDimStyleTableRecord
  2
LK-MM 75
 70
0
 40
0.8
 41
32.5
 42
32.0
 43
32.0
 44
32.0
 45
0.0
 46
32.0
 47
0.0
 48
0.0
 49
3.0
140
75.0
141
0.0
142
0.0
143
0.03937
144
1.0
145
0.0
146
1.0
147
25.0
148
0.0
 69
0
 70
0
 71
0
 72
0
 73
0
 74
0
 75
0
 76
0
 77
1
 78
8
 79
3
170
0
171
1
172
1
173
0
174
0
175
0
176
8
177
8
178
256
179
2
271
0
272
0
273
6
274
1
275
0
276
0
277
2
278
44
279
1
280
0
281
0
282
0
283
0
284
8
285
8
286
8
288
0
289
3
290
0
340
3F
342
41
343
41
344
41
345
25
346
38
347
38
371
5
372
0
  0
ENDTAB
  0
TABLE
  2
BLOCK_RECORD
  5
9
330
0
100
AcDbSymbolTable
 70
43
  0
BLOCK_RECORD
  5
17
330
9
100
AcDbSymbolTableRecord
100
AcDbBlockTableRecord
  2
*Model_Space
340
1A
 70
0
280
1
281
0
  0
BLOCK_RECORD
  5
1B
330
9
100
AcDbSymbolTableRecord
100
AcDbBlockTableRecord
  2
*Paper_Space
340
1E
 70
0
280
1
281
0
  0
BLOCK_RECORD
  5
33
330
9
100
AcDbSymbolTableRecord
100
AcDbBlockTableRecord
  2
MIRROR_DIFFERENT_1
340
0
 70
0
280
1
281
0
  0
BLOCK_RECORD
  5
41
330
9
100
AcDbSymbolTableRecord
100
AcDbBlockTableRecord
  2
_archtick
340
0
 70
0
280
1
281
0
  0
BLOCK_RECORD
  5
45
330
9
100
AcDbSymbolTableRecord
100
AcDbBlockTableRecord
  2
mirror unit
340
0
 70
0
280
1
281
0
  0
BLOCK_RECORD
  5
5B
330
9
100
AcDbSymbolTableRecord
100
AcDbBlockTableRecord
  2
JJ_FIXTURE_LARGE_1
340
0
 70
0
280
1
281
0
  0
BLOCK_RECORD
  5
63
330
9
100
AcDbSymbolTableRecord
100
AcDbBlockTableRecord
  2
jj 1200
340
0
 70
0
280
1
281
0
  0
BLOCK_RECORD
  5
72
330
9
100
AcDbSymbolTableRecord
100
AcDbBlockTableRecord
  2
JJ_FIXTURE_LARGE_2
340
0
 70
0
280
1
281
0
  0
BLOCK_RECORD
  5
7D
330
9
100
AcDbSymbolTableRecord
100
AcDbBlockTableRecord
  2
JJ_FIXTURE_MEDIUM_1
340
0
 70
0
280
1
281
0
  0
BLOCK_RECORD
  5
82
330
9
100
AcDbSymbolTableRecord
100
AcDbBlockTableRecord
  2
jj 900
340
0
 70
0
280
1
281
0
  0
BLOCK_RECORD
  5
95
330
9
100
AcDbSymbolTableRecord
100
AcDbBlockTableRecord
  2
JJ_FIXTURE_LARGE_3
340
0
 70
0
280
1
281
0
  0
BLOCK_RECORD
  5
9C
330
9
100
AcDbSymbolTableRecord
100
AcDbBlockTableRecord
  2
SOFA_1
340
0
 70
0
280
1
281
0
  0
BLOCK_RECORD
  5
A1
330
9
100
AcDbSymbolTableRecord
100
AcDbBlockTableRecord
  2
nesting tables
340
0
 70
0
280
1
281
0
  0
BLOCK_RECORD
  5
BA
330
9
100
AcDbSymbolTableRecord
100
AcDbBlockTableRecord
  2
ROC_CLINIC_1
340
0
 70
0
280
1
281
0
  0
BLOCK_RECORD
  5
C7
330
9
100
AcDbSymbolTableRecord
100
AcDbBlockTableRecord
  2
clinic screen
340
0
 70
0
280
1
281
0
  0
BLOCK_RECORD
  5
DE
330
9
100
AcDbSymbolTableRecord
100
AcDbBlockTableRecord
  2
clinic chair
340
0
 70
0
280
1
281
0
  0
BLOCK_RECORD
  5
148
330
9
100
AcDbSymbolTableRecord
100
AcDbBlockTableRecord
  2
it keyboard
340
0
 70
0
280
1
281
0
  0
BLOCK_RECORD
  5
150
330
9
100
AcDbSymbolTableRecord
100
AcDbBlockTableRecord
  2
it mic
340
0
 70
0
280
1
281
0
  0
BLOCK_RECORD
  5
156
330
9
100
AcDbSymbolTableRecord
100
AcDbBlockTableRecord
  2
a$c18799085
340
0
 70
0
280
1
281
0
  0
BLOCK_RECORD
  5
16D
330
9
100
AcDbSymbolTableRecord
100
AcDbBlockTableRecord
  2
clinic pc50s
340
0
 70
0
280
1
281
0
  0
BLOCK_RECORD
  5
184
330
9
100
AcDbSymbolTableRecord
100
AcDbBlockTableRecord
  2
clinic chair trial set
340
0
 70
0
280
1
281
0
  0
BLOCK_RECORD
  5
19A
330
9
100
AcDbSymbolTableRecord
100
AcDbBlockTableRecord
  2
a$c4fdbbfdd
340
0
 70
0
280
1
281
0
  0
BLOCK_RECORD
  5
1B5
330
9
100
AcDbSymbolTableRecord
100
AcDbBlockTableRecord
  2
doctors stool
340
0
 70
0
280
1
281
0
  0
BLOCK_RECORD
  5
1BA
330
9
100
AcDbSymbolTableRecord
100
AcDbBlockTableRecord
  2
*u10
340
0
 70
0
280
1
281
0
  0
BLOCK_RECORD
  5
1BE
330
9
100
AcDbSymbolTableRecord
100
AcDbBlockTableRecord
  2
*u11
340
0
 70
0
280
1
281
0
  0
BLOCK_RECORD
  5
1DF
330
9
100
AcDbSymbolTableRecord
100
AcDbBlockTableRecord
  2
*u12
340
0
 70
0
280
1
281
0
  0
BLOCK_RECORD
  5
1E3
330
9
100
AcDbSymbolTableRecord
100
AcDbBlockTableRecord
  2
*u13
340
0
 70
0
280
1
281
0
  0
BLOCK_RECORD
  5
2A4
330
9
100
AcDbSymbolTableRecord
100
AcDbBlockTableRecord
  2
*d14
340
0
 70
0
280
1
281
0
  0
BLOCK_RECORD
  5
2B3
330
9
100
AcDbSymbolTableRecord
100
AcDbBlockTableRecord
  2
roc_clinic
340
0
 70
0
280
1
281
0
  0
BLOCK_RECORD
  5
2C1
330
9
100
AcDbSymbolTableRecord
100
AcDbBlockTableRecord
  2
JJ_FIXTURE_MEDIUM_2
340
0
 70
0
280
1
281
0
  0
BLOCK_RECORD
  5
2CE
330
9
100
AcDbSymbolTableRecord
100
AcDbBlockTableRecord
  2
EURO_CENTRE_1
340
0
 70
0
280
1
281
0
  0
BLOCK_RECORD
  5
2D4
330
9
100
AcDbSymbolTableRecord
100
AcDbBlockTableRecord
  2
euro mirror
340
0
 70
0
280
1
281
0
  0
BLOCK_RECORD
  5
324
330
9
100
AcDbSymbolTableRecord
100
AcDbBlockTableRecord
  2
eurocenter 1040
340
0
 70
0
280
1
281
0
  0
BLOCK_RECORD
  5
3BE
330
9
100
AcDbSymbolTableRecord
100
AcDbBlockTableRecord
  2
SOFA_2
340
0
 70
0
280
1
281
0
  0
BLOCK_RECORD
  5
3C9
330
9
100
AcDbSymbolTableRecord
100
AcDbBlockTableRecord
  2
EURO_CENTRE_2
340
0
 70
0
280
1
281
0
  0
BLOCK_RECORD
  5
3D0
330
9
100
AcDbSymbolTableRecord
100
AcDbBlockTableRecord
  2
JJ_FIXTURE_LARGE_4
340
0
 70
0
280
1
281
0
  0
BLOCK_RECORD
  5
3D9
330
9
100
AcDbSymbolTableRecord
100
AcDbBlockTableRecord
  2
JJ_FIXTURE_LARGE_5
340
0
 70
0
280
1
281
0
  0
BLOCK_RECORD
  5
3E0
330
9
100
AcDbSymbolTableRecord
100
AcDbBlockTableRecord
  2
JJ_FIXTURE_LARGE_6
340
0
 70
0
280
1
281
0
  0
BLOCK_RECORD
  5
3E7
330
9
100
AcDbSymbolTableRecord
100
AcDbBlockTableRecord
  2
JJ_FIXTURE_MEDIUM_3
340
0
 70
0
280
1
281
0
  0
BLOCK_RECORD
  5
3EE
330
9
100
AcDbSymbolTableRecord
100
AcDbBlockTableRecord
  2
JJ_FIXTURE_LARGE_7
340
0
 70
0
280
1
281
0
  0
BLOCK_RECORD
  5
3F9
330
9
100
AcDbSymbolTableRecord
100
AcDbBlockTableRecord
  2
MIRROR_1
340
0
 70
0
280
1
281
0
  0
BLOCK_RECORD
  5
3FE
330
9
100
AcDbSymbolTableRecord
100
AcDbBlockTableRecord
  2
mirror unit see thru
340
0
 70
0
280
1
281
0
  0
BLOCK_RECORD
  5
410
330
9
100
AcDbSymbolTableRecord
100
AcDbBlockTableRecord
  2
MIRROR_2
340
0
 70
0
280
1
281
0
  0
ENDTAB
  0
ENDSEC
  0
SECTION
  2
BLOCKS
  0
BLOCK
  5
18
330
17
100
AcDbEntity
  8
0
100
AcDbBlockBegin
  2
*Model_Space
 70
0
 10
0.0
 20
0.0
 30
0.0
  3
*Model_Space
  1

  0
ENDBLK
  5
19
330
17
100
AcDbEntity
  8
0
100
AcDbBlockEnd
  0
BLOCK
  5
1C
330
1B
100
AcDbEntity
  8
0
100
AcDbBlockBegin
  2
*Paper_Space
 70
0
 10
0.0
 20
0.0
 30
0.0
  3
*Paper_Space
  1

  0
ENDBLK
  5
1D
330
1B
100
AcDbEntity
  8
0
100
AcDbBlockEnd
  0
BLOCK
  5
34
330
33
100
AcDbEntity
  8
0
100
AcDbBlockBegin
  2
MIRROR_DIFFERENT_1
 70
0
 10
0.0
 20
0.0
 30
0.0
  3
MIRROR_DIFFERENT_1
  1

  0
INSERT
  5
36
330
33
100
AcDbEntity
  8
I-LK FF&E
100
AcDbBlockReference
  2
MIRROR UNIT
 10
-212.9447889634028
 20
148.6592409225377
 30
0.0
  0
ENDBLK
  5
35
330
33
100
AcDbEntity
  8
0
100
AcDbBlockEnd
  0
BLOCK
  5
42
330
41
100
AcDbEntity
  8
0
100
AcDbBlockBegin
  2
_archtick
 70
0
 10
0.0
 20
0.0
 30
0.0
  3
_archtick
  1

  0
LWPOLYLINE
  5
44
330
41
100
AcDbEntity
  8
0
100
AcDbPolyline
 90
2
 70
0
 43
0.15
 10
-0.5
 20
-0.5
 10
0.5
 20
0.5
  0
ENDBLK
  5
43
330
41
100
AcDbEntity
  8
0
100
AcDbBlockEnd
  0
BLOCK
  5
46
330
45
100
AcDbEntity
  8
0
100
AcDbBlockBegin
  2
mirror unit
 70
0
 10
0.0
 20
0.0
 30
0.0
  3
mirror unit
  1

  0
LWPOLYLINE
  5
48
330
45
100
AcDbEntity
  8
LN-ELEVATION-1
100
AcDbPolyline
 90
8
 70
1
 10
504.944788963403
 20
-148.6592409225377
 10
504.944788963403
 20
-147.1592409225377
 10
509.444788963403
 20
-147.1592409225377
 10
509.444788963403
 20
-129.1592409225377
 10
487.9447889634028
 20
-129.1592409225377
 10
487.9447889634028
 20
-127.6592409225377
 10
510.9447889634028
 20
-127.6592409225377
 10
510.9447889634028
 20
-148.6592409225377
  0
LWPOLYLINE
  5
49
330
45
100
AcDbEntity
  8
LN-ELEVATION-1
100
AcDbPolyline
 90
8
 70
1
 10
259.944788963403
 20
-141.6592409225377
 10
259.944788963403
 20
-127.6592409225377
 10
214.944788963403
 20
-127.6592409225377
 10
214.944788963403
 20
-148.6592409225377
 10
223.944788963403
 20
-148.6592409225377
 10
223.944788963403
 20
-147.1592409225377
 10
216.444788963403
 20
-147.1592409225377
 10
216.444788963403
 20
-141.6592409225377
  0
LWPOLYLINE
  5
4A
330
45
100
AcDbEntity
  8
LN-ELEVATION-1
100
AcDbPolyline
 90
8
 70
1
 10
442.944788963403
 20
-141.6592409225377
 10
442.944788963403
 20
-127.6592409225377
 10
487.9447889634028
 20
-127.6592409225377
 10
487.9447889634028
 20
-148.6592409225377
 10
478.9447889634026
 20
-148.6592409225377
 10
478.9447889634026
 20
-147.1592409225377
 10
486.4447889634027
 20
-147.1592409225377
 10
486.4447889634027
 20
-141.6592409225377
  0
LWPOLYLINE
  5
4B
330
45
100
AcDbEntity
  8
LN-ELEVATION-2
100
AcDbPolyline
 90
4
 70
1
 10
259.944788963403
 20
-141.6592409225377
 10
442.944788963403
 20
-141.6592409225377
 10
442.944788963403
 20
-127.6592409225377
 10
259.944788963403
 20
-127.6592409225377
  0
LWPOLYLINE
  5
4C
330
45
100
AcDbEntity
  8
LN-ELEVATION-2
 62
4
370
0
100
AcDbPolyline
 90
4
 70
1
 10
216.444788963403
 20
-141.6592409225377
 10
486.4447889634027
 20
-141.6592409225377
 10
486.4447889634027
 20
-147.1592409225377
 10
216.444788963403
 20
-147.1592409225377
  0
LINE
  5
4D
330
45
100
AcDbEntity
  8
LN-ELEVATION-4
 48
0.5
100
AcDbLine
 10
478.9447889634026
 20
-148.6592409225377
 30
0.0
 11
223.944788963403
 21
-148.6592409225377
 31
0.0
  0
HATCH
  5
4E
330
45
100
AcDbEntity
  8
LN-HATCH
 48
0.5
100
AcDbHatch
 10
0.0
 20
0.0
 30
0.0
210
0.0
220
0.0
230
1.0
  2
ANSI31
 70
0
 71
0
 91
3
 92
1
 93
4
 72
1
 10
212.944788963403
 20
101.3407590774622
 11
230.944788963403
 21
101.3407590774622
 72
1
 10
230.944788963403
 20
101.3407590774622
 11
230.944788963403
 21
-127.6592409225377
 72
1
 10
230.944788963403
 20
-127.6592409225377
 11
212.944788963403
 21
-127.6592409225377
 72
1
 10
212.944788963403
 20
-127.6592409225377
 11
212.944788963403
 21
101.3407590774622
 97
0
 92
1
 93
4
 72
1
 10
230.944788963403
 20
95.34075907746227
 11
494.9447889634027
 21
95.34075907746227
 72
1
 10
494.9447889634027
 20
95.34075907746227
 11
494.9447889634027
 21
101.3407590774622
 72
1
 10
494.9447889634027
 20
101.3407590774622
 11
230.944788963403
 21
101.3407590774622
 72
1
 10
230.944788963403
 20
101.3407590774622
 11
230.944788963403
 21
95.34075907746227
 97
0
 92
1
 93
4
 72
1
 10
512.9447889634027
 20
101.3407590774622
 11
494.9447889634027
 21
101.3407590774622
 72
1
 10
494.9447889634027
 20
101.3407590774622
 11
494.9447889634027
 21
-127.6592409225377
 72
1
 10
494.9447889634027
 20
-127.6592409225377
 11
512.9447889634027
 21
-127.6592409225377
 72
1
 10
512.9447889634027
 20
-127.6592409225377
 11
512.9447889634027
 21
101.3407590774622
 97
0
 75
1
 76
1
 52
0.0
 41
2.0
 77
0
 78
1
 53
45.0
 43
4060433.741624544
 44
1708720.786904081
 45
-4.490128060534575
 46
4.490128060534575
 79
0
 98
1
 10
4060433.741624544
 20
1708720.786904081
  0
LWPOLYLINE
  5
4F
330
45
100
AcDbEntity
  8
LN-ELEVATION-1
100
AcDbPolyline
 90
4
 70
1
 10
512.9447889634027
 20
101.3407590774622
 10
494.9447889634027
 20
101.3407590774622
 10
494.9447889634027
 20
-127.6592409225377
 10
512.9447889634027
 20
-127.6592409225377
  0
LWPOLYLINE
  5
50
330
45
100
AcDbEntity
  8
LN-ELEVATION-1
100
AcDbPolyline
 90
4
 70
1
 10
212.944788963403
 20
101.3407590774622
 10
230.944788963403
 20
101.3407590774622
 10
230.944788963403
 20
-127.6592409225377
 10
212.944788963403
 20
-127.6592409225377
  0
LWPOLYLINE
  5
51
330
45
100
AcDbEntity
  8
LN-ELEVATION-1
100
AcDbPolyline
 90
4
 70
1
 10
230.944788963403
 20
95.34075907746227
 10
494.9447889634027
 20
95.34075907746227
 10
494.9447889634027
 20
101.3407590774622
 10
230.944788963403
 20
101.3407590774622
  0
LWPOLYLINE
  5
52
330
45
100
AcDbEntity
  8
Defpoints
100
AcDbPolyline
 90
4
 70
1
 10
512.9447889634027
 20
101.3407590774622
 10
212.944788963403
 20
101.3407590774622
 10
212.944788963403
 20
-148.6592409225377
 10
512.9447889634027
 20
-148.6592409225377
  0
ENDBLK
  5
47
330
45
100
AcDbEntity
  8
0
100
AcDbBlockEnd
  0
BLOCK
  5
5C
330
5B
100
AcDbEntity
  8
0
100
AcDbBlockBegin
  2
JJ_FIXTURE_LARGE_1
 70
0
 10
0.0
 20
0.0
 30
0.0
  3
JJ_FIXTURE_LARGE_1
  1

  0
INSERT
  5
5E
330
5B
100
AcDbEntity
  8
I-LK FF&E
100
AcDbBlockReference
  2
JJ 1200
 10
792.0591651862491
 20
30.0
 30
0.0
 41
-1.0
  0
ENDBLK
  5
5D
330
5B
100
AcDbEntity
  8
0
100
AcDbBlockEnd
  0
BLOCK
  5
64
330
63
100
AcDbEntity
  8
0
100
AcDbBlockBegin
  2
jj 1200
 70
0
 10
0.0
 20
0.0
 30
0.0
  3
jj 1200
  1

  0
HATCH
  5
66
330
63
100
AcDbEntity
  8
LN-HATCH
 48
0.5
100
AcDbHatch
 10
0.0
 20
0.0
 30
0.0
210
0.0
220
0.0
230
1.0
  2
ANSI31
 70
0
 71
0
 91
5
 92
1
 93
8
 72
1
 10
792.0591651862488
 20
220.0
 11
792.0591651862488
 21
30.0
 72
1
 10
792.0591651862488
 20
30.0
 11
786.0591651862486
 21
30.0
 72
1
 10
786.0591651862486
 20
30.0
 11
786.0591651862486
 21
20.0
 72
1
 10
786.0591651862486
 20
20.0
 11
792.0591651862488
 21
20.0
 72
1
 10
792.0591651862488
 20
20.0
 11
792.0591651862488
 21
-24.0
 72
1
 10
792.0591651862488
 20
-24.0
 11
767.0591651862488
 21
-24.0
 72
1
 10
767.0591651862488
 20
-24.0
 11
767.0591651862488
 21
220.0
 72
1
 10
767.0591651862488
 20
220.0
 11
792.0591651862488
 21
220.0
 97
0
 92
1
 93
4
 72
1
 10
-382.9408348137513
 20
180.0
 11
767.0591651862487
 21
180.0
 72
1
 10
767.0591651862488
 20
180.0
 11
767.0591651862488
 21
186.0
 72
1
 10
767.0591651862488
 20
186.0
 11
-382.9408348137512
 21
186.0
 72
1
 10
-382.9408348137513
 20
186.0
 11
-382.9408348137513
 21
180.0
 97
0
 92
1
 93
4
 72
1
 10
757.0591651862486
 20
-24.0
 11
757.0591651862486
 21
-30.0
 72
1
 10
757.0591651862486
 20
-30.0
 11
792.0591651862488
 21
-30.0
 72
1
 10
792.0591651862488
 20
-30.0
 11
792.0591651862488
 21
-24.0
 72
1
 10
792.0591651862488
 20
-24.0
 11
757.0591651862486
 21
-24.0
 97
0
 92
1
 93
8
 72
1
 10
-407.9408348137512
 20
220.0
 11
-407.9408348137512
 21
30.0
 72
1
 10
-407.9408348137512
 20
30.0
 11
-401.9408348137512
 21
30.0
 72
1
 10
-401.9408348137512
 20
30.0
 11
-401.9408348137512
 21
20.0
 72
1
 10
-401.9408348137512
 20
20.0
 11
-407.9408348137512
 21
20.0
 72
1
 10
-407.9408348137512
 20
20.0
 11
-407.9408348137512
 21
-24.0
 72
1
 10
-407.9408348137512
 20
-24.0
 11
-382.9408348137513
 21
-24.0
 72
1
 10
-382.9408348137513
 20
-24.0
 11
-382.9408348137513
 21
220.0
 72
1
 10
-382.9408348137513
 20
220.0
 11
-407.9408348137512
 21
220.0
 97
0
 92
1
 93
4
 72
1
 10
-372.9408348137513
 20
-24.0
 11
-372.9408348137513
 21
-30.0
 72
1
 10
-372.9408348137513
 20
-30.0
 11
-407.9408348137512
 21
-30.0
 72
1
 10
-407.9408348137512
 20
-30.0
 11
-407.9408348137512
 21
-24.0
 72
1
 10
-407.9408348137512
 20
-24.0
 11
-372.9408348137513
 21
-24.0
 97
0
 75
1
 76
1
 52
0.0
 41
2.0
 77
0
 78
1
 53
45.0
 43
4097187.330767878
 44
1708800.267299229
 45
-4.490128060534575
 46
4.490128060534575
 79
0
 98
1
 10
4097187.330767878
 20
1708800.267299229
  0
LWPOLYLINE
  5
67
330
63
100
AcDbEntity
  8
LN-ELEVATION-1
 48
0.5
100
AcDbPolyline
 90
8
 70
1
 10
792.0591651862488
 20
220.0
 10
792.0591651862488
 20
30.0
 10
786.0591651862486
 20
30.0
 10
786.0591651862486
 20
20.0
 10
792.0591651862488
 20
20.0
 10
792.0591651862488
 20
-24.0
 10
767.0591651862488
 20
-24.0
 10
767.0591651862488
 20
220.0
  0
LWPOLYLINE
  5
68
330
63
100
AcDbEntity
  8
LN-ELEVATION-1
 48
0.5
100
AcDbPolyline
 90
8
 70
1
 10
-407.9408348137512
 20
220.0
 10
-407.9408348137512
 20
30.0
 10
-401.9408348137512
 20
30.0
 10
-401.9408348137512
 20
20.0
 10
-407.9408348137512
 20
20.0
 10
-407.9408348137512
 20
-24.0
 10
-382.9408348137513
 20
-24.0
 10
-382.9408348137513
 20
220.0
  0
LWPOLYLINE
  5
69
330
63
100
AcDbEntity
  8
LN-ELEVATION-1
 48
0.5
100
AcDbPolyline
 90
4
 70
1
 10
-382.9408348137513
 20
180.0
 10
767.0591651862488
 20
180.0
 10
767.0591651862488
 20
186.0
 10
-382.9408348137513
 20
186.0
  0
LWPOLYLINE
  5
6A
330
63
100
AcDbEntity
  8
LN-ELEVATION-1
 48
0.5
100
AcDbPolyline
 90
4
 70
1
 10
757.0591651862486
 20
-24.0
 10
757.0591651862486
 20
-30.0
 10
792.0591651862488
 20
-30.0
 10
792.0591651862488
 20
-24.0
  0
LWPOLYLINE
  5
6B
330
63
100
AcDbEntity
  8
LN-ELEVATION-1
 48
0.5
100
AcDbPolyline
 90
4
 70
1
 10
-372.9408348137513
 20
-24.0
 10
-372.9408348137513
 20
-30.0
 10
-407.9408348137512
 20
-30.0
 10
-407.9408348137512
 20
-24.0
  0
LINE
  5
6C
330
63
100
AcDbEntity
  8
LN-ELEVATION-3
 48
0.5
100
AcDbLine
 10
-372.9408348137513
 20
-30.0
 30
0.0
 11
757.0591651862486
 21
-30.0
 31
0.0
  0
LINE
  5
6D
330
63
100
AcDbEntity
  8
LN-ELEVATION-3
 48
0.5
100
AcDbLine
 10
757.0591651862486
 20
-24.0
 30
0.0
 11
-372.9408348137513
 21
-24.0
 31
0.0
  0
LWPOLYLINE
  5
6E
330
63
100
AcDbEntity
  8
LN-ELEVATION-4
  6
ACAD_ISO03W100
 48
0.05
100
AcDbPolyline
 90
4
 70
1
 10
767.0591651862488
 20
0.0
 10
-382.9408348137513
 20
0.0
 10
-382.9408348137513
 20
-12.0
 10
767.0591651862488
 20
-12.0
  0
LINE
  5
6F
330
63
100
AcDbEntity
  8
LN-ELEVATION-3
 48
0.5
100
AcDbLine
 10
767.0591651862488
 20
220.0
 30
0.0
 11
-382.9408348137513
 21
220.0
 31
0.0
  0
ENDBLK
  5
65
330
63
100
AcDbEntity
  8
0
100
AcDbBlockEnd
  0
BLOCK
  5
73
330
72
100
AcDbEntity
  8
0
100
AcDbBlockBegin
  2
JJ_FIXTURE_LARGE_2
 70
0
 10
0.0
 20
0.0
 30
0.0
  3
JJ_FIXTURE_LARGE_2
  1

  0
INSERT
  5
75
330
72
100
AcDbEntity
  8
I-LK FF&E
100
AcDbBlockReference
  2
JJ 1200
 10
792.0591651862491
 20
30.0
 30
0.0
 41
-1.0
  0
ENDBLK
  5
74
330
72
100
AcDbEntity
  8
0
100
AcDbBlockEnd
  0
BLOCK
  5
7E
330
7D
100
AcDbEntity
  8
0
100
AcDbBlockBegin
  2
JJ_FIXTURE_MEDIUM_1
 70
0
 10
0.0
 20
0.0
 30
0.0
  3
JJ_FIXTURE_MEDIUM_1
  1

  0
INSERT
  5
80
330
7D
100
AcDbEntity
  8
I-LK FF&E
100
AcDbBlockReference
  2
JJ 900
 10
911.7948143622633
 20
249.9999999999854
 30
0.0
  0
ENDBLK
  5
7F
330
7D
100
AcDbEntity
  8
0
100
AcDbBlockEnd
  0
BLOCK
  5
83
330
82
100
AcDbEntity
  8
0
100
AcDbBlockBegin
  2
jj 900
 70
0
 10
0.0
 20
0.0
 30
0.0
  3
jj 900
  1

  0
HATCH
  5
85
330
82
100
AcDbEntity
  8
LN-HATCH
 48
0.5
100
AcDbHatch
 10
0.0
 20
0.0
 30
0.0
210
0.0
220
0.0
230
1.0
  2
ANSI31
 70
0
 71
0
 91
1
 92
1
 93
8
 72
1
 10
-911.7948143622632
 20
1.45519e-11
 11
-911.7948143622632
 21
-189.9999999999854
 72
1
 10
-911.7948143622632
 20
-189.9999999999854
 11
-905.7948143622637
 21
-189.9999999999854
 72
1
 10
-905.7948143622637
 20
-189.9999999999854
 11
-905.7948143622637
 21
-199.9999999999854
 72
1
 10
-905.7948143622637
 20
-199.9999999999854
 11
-911.7948143622632
 21
-199.9999999999854
 72
1
 10
-911.7948143622632
 20
-199.9999999999854
 11
-911.7948143622632
 21
-243.9999999999855
 72
1
 10
-911.7948143622632
 20
-243.9999999999855
 11
-886.7948143622632
 21
-243.9999999999855
 72
1
 10
-886.7948143622632
 20
-243.9999999999855
 11
-886.7948143622632
 21
1.45519e-11
 72
1
 10
-886.7948143622632
 20
1.45519e-11
 11
-911.7948143622632
 21
1.45519e-11
 97
0
 75
1
 76
1
 52
0.0
 41
50.0
 77
0
 78
1
 53
45.0
 43
0.0
 44
0.0
 45
-4.419417382415921
 46
4.419417382415921
 79
0
 98
1
 10
-4097307.066417053
 20
1708580.267299229
  0
HATCH
  5
86
330
82
100
AcDbEntity
  8
LN-HATCH
 48
0.5
100
AcDbHatch
 10
0.0
 20
0.0
 30
0.0
210
0.0
220
0.0
230
1.0
  2
ANSI31
 70
0
 71
0
 91
1
 92
1
 93
4
 72
1
 10
-46.79481436226342
 20
-243.9999999999855
 11
-46.79481436226342
 21
-249.9999999999854
 72
1
 10
-46.79481436226342
 20
-249.9999999999854
 11
-11.79481436226342
 21
-249.9999999999854
 72
1
 10
-11.79481436226342
 20
-249.9999999999854
 11
-11.79481436226342
 21
-243.9999999999855
 72
1
 10
-11.79481436226342
 20
-243.9999999999855
 11
-46.79481436226342
 21
-243.9999999999855
 97
0
 75
1
 76
1
 52
0.0
 41
2.0
 77
0
 78
1
 53
45.0
 43
4208834.246730669
 44
1706614.740126447
 45
-4.490128060534575
 46
4.490128060534575
 79
0
 98
1
 10
-4097607.066417054
 20
1708580.267299229
  0
HATCH
  5
87
330
82
100
AcDbEntity
  8
LN-HATCH
 48
0.5
100
AcDbHatch
 10
0.0
 20
0.0
 30
0.0
210
0.0
220
0.0
230
1.0
  2
ANSI31
 70
0
 71
0
 91
1
 92
1
 93
8
 72
1
 10
-11.79481436226342
 20
1.45519e-11
 11
-11.79481436226342
 21
-189.9999999999854
 72
1
 10
-11.79481436226342
 20
-189.9999999999854
 11
-17.79481436226342
 21
-189.9999999999854
 72
1
 10
-17.79481436226342
 20
-189.9999999999854
 11
-17.79481436226342
 21
-199.9999999999854
 72
1
 10
-17.79481436226342
 20
-199.9999999999854
 11
-11.79481436226342
 21
-199.9999999999854
 72
1
 10
-11.79481436226342
 20
-199.9999999999854
 11
-11.79481436226342
 21
-243.9999999999855
 72
1
 10
-11.79481436226342
 20
-243.9999999999855
 11
-36.79481436226343
 21
-243.9999999999855
 72
1
 10
-36.79481436226343
 20
-243.9999999999855
 11
-36.79481436226343
 21
1.45519e-11
 72
1
 10
-36.79481436226343
 20
1.45519e-11
 11
-11.79481436226342
 21
1.45519e-11
 97
0
 75
1
 76
1
 52
0.0
 41
2.0
 77
0
 78
1
 53
45.0
 43
4208834.246730669
 44
1706614.740126447
 45
-4.490128060534575
 46
4.490128060534575
 79
0
 98
1
 10
-4097607.066417054
 20
1708580.267299229
  0
HATCH
  5
88
330
82
100
AcDbEntity
  8
LN-HATCH
 48
0.5
100
AcDbHatch
 10
0.0
 20
0.0
 30
0.0
210
0.0
220
0.0
230
1.0
  2
ANSI31
 70
0
 71
0
 91
1
 92
1
 93
4
 72
1
 10
-876.7948143622632
 20
-243.9999999999855
 11
-876.7948143622632
 21
-249.9999999999854
 72
1
 10
-876.7948143622632
 20
-249.9999999999854
 11
-911.7948143622632
 21
-249.9999999999854
 72
1
 10
-911.7948143622632
 20
-249.9999999999854
 11
-911.7948143622632
 21
-243.9999999999855
 72
1
 10
-911.7948143622632
 20
-243.9999999999855
 11
-876.7948143622632
 21
-243.9999999999855
 97
0
 75
1
 76
1
 52
0.0
 41
2.0
 77
0
 78
1
 53
45.0
 43
4209134.246730668
 44
1706614.740126447
 45
-4.490128060534575
 46
4.490128060534575
 79
0
 98
1
 10
-4097307.066417053
 20
1708580.267299229
  0
HATCH
  5
89
330
82
100
AcDbEntity
  8
LN-HATCH
 48
0.5
100
AcDbHatch
 10
0.0
 20
0.0
 30
0.0
210
0.0
220
0.0
230
1.0
  2
ANSI31
 70
0
 71
0
 91
1
 92
1
 93
4
 72
1
 10
-36.79481436224887
 20
-40.0
 11
-886.7948143622632
 21
-39.99999999998546
 72
1
 10
-886.7948143622632
 20
-39.99999999998546
 11
-886.7948143622632
 21
-33.99999999998545
 72
1
 10
-886.7948143622632
 20
-33.99999999998545
 11
-36.79481436224887
 21
-34.0
 72
1
 10
-36.79481436224887
 20
-34.0
 11
-36.79481436224887
 21
-40.0
 97
0
 75
1
 76
1
 52
0.0
 41
2.0
 77
0
 78
1
 53
45.0
 43
4209134.246730668
 44
1706614.740126447
 45
-4.490128060534575
 46
4.490128060534575
 79
0
 98
1
 10
-4097307.066417053
 20
1708580.267299229
  0
LWPOLYLINE
  5
8A
330
82
100
AcDbEntity
  8
LN-ELEVATION-1
 48
0.5
100
AcDbPolyline
 90
8
 70
1
 10
-911.7948143622632
 20
1.45519e-11
 10
-911.7948143622632
 20
-189.9999999999854
 10
-905.7948143622637
 20
-189.9999999999854
 10
-905.7948143622637
 20
-199.9999999999854
 10
-911.7948143622632
 20
-199.9999999999854
 10
-911.7948143622632
 20
-243.9999999999855
 10
-886.7948143622632
 20
-243.9999999999855
 10
-886.7948143622632
 20
1.45519e-11
  0
LWPOLYLINE
  5
8B
330
82
100
AcDbEntity
  8
LN-ELEVATION-1
 48
0.5
100
AcDbPolyline
 90
8
 70
1
 10
-11.79481436226342
 20
1.45519e-11
 10
-11.79481436226342
 20
-189.9999999999854
 10
-17.79481436226342
 20
-189.9999999999854
 10
-17.79481436226342
 20
-199.9999999999854
 10
-11.79481436226342
 20
-199.9999999999854
 10
-11.79481436226342
 20
-243.9999999999855
 10
-36.79481436226343
 20
-243.9999999999855
 10
-36.79481436226343
 20
1.45519e-11
  0
LWPOLYLINE
  5
8C
330
82
100
AcDbEntity
  8
LN-ELEVATION-1
 48
0.5
100
AcDbPolyline
 90
4
 70
1
 10
-36.79481436226343
 20
-39.99999999998546
 10
-886.7948143622632
 20
-39.99999999998546
 10
-886.7948143622632
 20
-33.99999999998545
 10
-36.79481436226343
 20
-33.99999999998545
  0
LWPOLYLINE
  5
8D
330
82
100
AcDbEntity
  8
LN-ELEVATION-1
 48
0.5
100
AcDbPolyline
 90
4
 70
1
 10
-876.7948143622632
 20
-243.9999999999855
 10
-876.7948143622632
 20
-249.9999999999854
 10
-911.7948143622632
 20
-249.9999999999854
 10
-911.7948143622632
 20
-243.9999999999855
  0
LWPOLYLINE
  5
8E
330
82
100
AcDbEntity
  8
LN-ELEVATION-1
 48
0.5
100
AcDbPolyline
 90
4
 70
1
 10
-46.79481436226342
 20
-243.9999999999855
 10
-46.79481436226342
 20
-249.9999999999854
 10
-11.79481436226342
 20
-249.9999999999854
 10
-11.79481436226342
 20
-243.9999999999855
  0
LINE
  5
8F
330
82
100
AcDbEntity
  8
LN-ELEVATION-3
 48
0.5
100
AcDbLine
 10
-46.79481436226342
 20
-249.9999999999854
 30
0.0
 11
-876.7948143622632
 21
-249.9999999999854
 31
0.0
  0
LINE
  5
90
330
82
100
AcDbEntity
  8
LN-ELEVATION-3
 48
0.5
100
AcDbLine
 10
-876.7948143622632
 20
-243.9999999999855
 30
0.0
 11
-46.79481436226342
 21
-243.9999999999855
 31
0.0
  0
LWPOLYLINE
  5
91
330
82
100
AcDbEntity
  8
LN-ELEVATION-4
  6
ACAD_ISO03W100
 48
0.05
100
AcDbPolyline
 90
4
 70
1
 10
-886.7948143622632
 20
-219.9999999999854
 10
-36.79481436226343
 20
-219.9999999999854
 10
-36.79481436226343
 20
-231.9999999999855
 10
-886.7948143622632
 20
-231.9999999999855
  0
LINE
  5
92
330
82
100
AcDbEntity
  8
LN-ELEVATION-3
 48
0.5
100
AcDbLine
 10
-886.7948143622632
 20
1.45519e-11
 30
0.0
 11
-36.79481436226343
 21
1.45519e-11
 31
0.0
  0
ENDBLK
  5
84
330
82
100
AcDbEntity
  8
0
100
AcDbBlockEnd
  0
BLOCK
  5
96
330
95
100
AcDbEntity
  8
0
100
AcDbBlockBegin
  2
JJ_FIXTURE_LARGE_3
 70
0
 10
0.0
 20
0.0
 30
0.0
  3
JJ_FIXTURE_LARGE_3
  1

  0
INSERT
  5
98
330
95
100
AcDbEntity
  8
I-LK FF&E
100
AcDbBlockReference
  2
JJ 1200
 10
792.0591651862491
 20
30.0
 30
0.0
 41
-1.0
  0
ENDBLK
  5
97
330
95
100
AcDbEntity
  8
0
100
AcDbBlockEnd
  0
BLOCK
  5
9D
330
9C
100
AcDbEntity
  8
0
100
AcDbBlockBegin
  2
SOFA_1
 70
0
 10
0.0
 20
0.0
 30
0.0
  3
SOFA_1
  1

  0
INSERT
  5
9F
330
9C
100
AcDbEntity
  8
I-LK FF&E
100
AcDbBlockReference
  2
NESTING TABLES
 10
674.9999999999999
 20
487.5
 30
0.0
 50
180.0
  0
ENDBLK
  5
9E
330
9C
100
AcDbEntity
  8
0
100
AcDbBlockEnd
  0
BLOCK
  5
A2
330
A1
100
AcDbEntity
  8
0
100
AcDbBlockBegin
  2
nesting tables
 70
0
 10
0.0
 20
0.0
 30
0.0
  3
nesting tables
  1

  0
LWPOLYLINE
  5
A4
330
A1
100
AcDbEntity
  8
LN-ELEVATION-1
100
AcDbPolyline
 90
16
 70
1
 10
315.0
 20
487.4999999999998
 10
635.0
 20
487.4999999999998
 42
-0.4142135623730951
 10
675.0
 20
447.4999999999998
 10
674.9999999999998
 20
-447.5000000000001
 42
-0.4142135623730951
 10
634.9999999999997
 20
-487.5000000000001
 10
-635.0000000000002
 20
-487.4999999999998
 42
-0.4142135623730951
 10
-675.0000000000002
 20
-447.4999999999998
 10
-675.0
 20
447.5000000000001
 42
-0.4142135623730951
 10
-635.0
 20
487.5000000000001
 10
-315.0
 20
487.5000000000001
 42
-0.4142135623730951
 10
-275.0
 20
447.5
 10
-275.0
 20
-47.5
 42
0.4142135623730951
 10
-235.0000000000001
 20
-87.5
 10
234.9999999999998
 20
-87.5
 42
0.4142135623730951
 10
274.9999999999998
 20
-47.5
 10
275.0
 20
447.5
 42
-0.4142135623730951
  0
LWPOLYLINE
  5
A5
330
A1
100
AcDbEntity
  8
LN-ELEVATION-3
100
AcDbPolyline
 90
8
 70
1
 10
325.0
 20
437.5
 10
625.0
 20
437.4999999999998
 10
624.9999999999998
 20
-437.5000000000001
 10
-625.0
 20
-437.4999999999998
 10
-625.0
 20
437.5000000000001
 10
-325.0
 20
437.5
 10
-325.0000000000001
 20
-137.4999999999999
 10
324.9999999999998
 20
-137.5000000000001
  0
LWPOLYLINE
  5
A6
330
A1
100
AcDbEntity
  8
LN-ELEVATION-3
100
AcDbPolyline
 90
8
 70
1
 10
345.0
 20
417.4999999999998
 10
605.0
 20
417.4999999999998
 10
604.9999999999998
 20
-417.5000000000001
 10
-605.0000000000001
 20
-417.4999999999998
 10
-605.0
 20
417.5000000000001
 10
-345.0
 20
417.4999999999998
 10
-345.0000000000002
 20
-157.4999999999999
 10
344.9999999999998
 20
-157.5000000000001
  0
LWPOLYLINE
  5
A7
330
A1
100
AcDbEntity
  8
LN-ELEVATION-2
  6
ByBlock
 62
0
370
-2
100
AcDbPolyline
 90
8
 70
1
 10
-300.0
 20
447.5
 10
-300.0000000000001
 20
-72.5
 42
0.4142135623730951
 10
-260.0
 20
-112.5
 10
259.9999999999998
 20
-112.5
 42
0.4142135623730951
 10
299.9999999999998
 20
-72.5
 10
300.0
 20
447.5
 42
0.4142135623730951
 10
260.0
 20
487.5
 10
-260.0
 20
487.5
 42
0.4142135623730951
  0
LWPOLYLINE
  5
A8
330
A1
100
AcDbEntity
  8
LN-ELEVATION-3
100
AcDbPolyline
 90
4
 70
1
 10
-250.0
 20
437.5
 10
-250.0000000000001
 20
-62.5
 10
249.9999999999998
 20
-62.5
 10
250.0
 20
437.5
  0
LWPOLYLINE
  5
A9
330
A1
100
AcDbEntity
  8
LN-ELEVATION-3
100
AcDbPolyline
 90
4
 70
1
 10
-230.0
 20
417.4999999999998
 10
-230.0000000000001
 20
-42.5
 10
230.0
 20
-42.5
 10
230.0
 20
417.4999999999998
  0
LWPOLYLINE
  5
AA
330
A1
100
AcDbEntity
  8
LN-ELEVATION-3
100
AcDbPolyline
 90
4
 70
1
 10
230.0
 20
417.4999999999998
 10
230.0
 20
437.5
 10
250.0
 20
437.5
 10
250.0
 20
417.4999999999998
  0
LWPOLYLINE
  5
AB
330
A1
100
AcDbEntity
  8
LN-ELEVATION-3
100
AcDbPolyline
 90
4
 70
1
 10
230.0
 20
-42.5
 10
229.9999999999998
 20
-62.5
 10
249.9999999999998
 20
-62.5
 10
250.0
 20
-42.5
  0
LWPOLYLINE
  5
AC
330
A1
100
AcDbEntity
  8
LN-ELEVATION-3
100
AcDbPolyline
 90
4
 70
1
 10
-230.0
 20
417.4999999999998
 10
-230.0
 20
437.5
 10
-250.0
 20
437.5
 10
-250.0
 20
417.4999999999998
  0
LWPOLYLINE
  5
AD
330
A1
100
AcDbEntity
  8
LN-ELEVATION-3
100
AcDbPolyline
 90
4
 70
1
 10
-230.0000000000001
 20
-42.5
 10
-230.0000000000001
 20
-62.5
 10
-250.0000000000001
 20
-62.5
 10
-250.0000000000001
 20
-42.5
  0
LWPOLYLINE
  5
AE
330
A1
100
AcDbEntity
  8
LN-ELEVATION-3
100
AcDbPolyline
 90
4
 70
1
 10
605.0
 20
417.4999999999998
 10
605.0
 20
437.4999999999998
 10
625.0
 20
437.4999999999998
 10
625.0
 20
417.4999999999998
  0
LWPOLYLINE
  5
AF
330
A1
100
AcDbEntity
  8
LN-ELEVATION-3
100
AcDbPolyline
 90
4
 70
1
 10
345.0
 20
417.4999999999998
 10
345.0
 20
437.4999999999998
 10
325.0
 20
437.5
 10
325.0
 20
417.4999999999998
  0
LWPOLYLINE
  5
B0
330
A1
100
AcDbEntity
  8
LN-ELEVATION-3
100
AcDbPolyline
 90
4
 70
1
 10
604.9999999999998
 20
-417.5000000000001
 10
604.9999999999998
 20
-437.5000000000001
 10
624.9999999999998
 20
-437.5000000000001
 10
624.9999999999998
 20
-417.5000000000001
  0
LWPOLYLINE
  5
B1
330
A1
100
AcDbEntity
  8
LN-ELEVATION-3
100
AcDbPolyline
 90
4
 70
1
 10
324.9999999999998
 20
-137.5000000000001
 10
324.9999999999998
 20
-157.5000000000001
 10
344.9999999999998
 20
-157.5000000000001
 10
344.9999999999998
 20
-137.5000000000001
  0
LWPOLYLINE
  5
B2
330
A1
100
AcDbEntity
  8
LN-ELEVATION-3
100
AcDbPolyline
 90
4
 70
1
 10
-325.0000000000001
 20
-137.4999999999999
 10
-325.0000000000001
 20
-157.4999999999999
 10
-345.0000000000002
 20
-157.4999999999999
 10
-345.0000000000002
 20
-137.4999999999999
  0
LWPOLYLINE
  5
B3
330
A1
100
AcDbEntity
  8
LN-ELEVATION-3
100
AcDbPolyline
 90
4
 70
1
 10
-325.0
 20
437.5
 10
-325.0
 20
417.4999999999998
 10
-345.0
 20
417.4999999999998
 10
-345.0
 20
437.5000000000001
  0
LWPOLYLINE
  5
B4
330
A1
100
AcDbEntity
  8
LN-ELEVATION-3
100
AcDbPolyline
 90
4
 70
1
 10
-605.0
 20
417.5000000000001
 10
-605.0
 20
437.5000000000001
 10
-625.0
 20
437.5000000000001
 10
-625.0
 20
417.5000000000001
  0
LWPOLYLINE
  5
B5
330
A1
100
AcDbEntity
  8
LN-ELEVATION-3
100
AcDbPolyline
 90
4
 70
1
 10
-605.0000000000001
 20
-417.4999999999998
 10
-605.0000000000001
 20
-437.4999999999998
 10
-625.0
 20
-437.4999999999998
 10
-625.0
 20
-417.4999999999998
  0
ENDBLK
  5
A3
330
A1
100
AcDbEntity
  8
0
100
AcDbBlockEnd
  0
BLOCK
  5
BB
330
BA
100
AcDbEntity
  8
0
100
AcDbBlockBegin
  2
ROC_CLINIC_1
 70
0
 10
0.0
 20
0.0
 30
0.0
  3
ROC_CLINIC_1
  1

  0
INSERT
  5
BD
330
BA
100
AcDbEntity
  8
0
100
AcDbBlockReference
  2
ROC_clinic
 10
3.589530676092181
 20
1.761127815153485
 30
0.0
  0
ENDBLK
  5
BC
330
BA
100
AcDbEntity
  8
0
100
AcDbBlockEnd
  0
BLOCK
  5
C8
330
C7
100
AcDbEntity
  8
0
100
AcDbBlockBegin
  2
clinic screen
 70
0
 10
0.0
 20
0.0
 30
0.0
  3
clinic screen
  1

  0
LWPOLYLINE
  5
CA
330
C7
100
AcDbEntity
  8
I-LK EQPMT
100
AcDbPolyline
 90
4
 70
1
 10
130.0454854713244
 20
15.51421661919449
 10
99.66748210433435
 20
15.51421661919449
 10
99.66748210433435
 20
45.89221998606814
 10
130.0454854713244
 20
45.89221998606814
  0
LWPOLYLINE
  5
CB
330
C7
100
AcDbEntity
  8
I-LK EQPMT
100
AcDbPolyline
 90
4
 70
1
 10
127.007685134602
 20
18.55201695591666
 10
102.7052824410566
 20
18.55201695591666
 10
102.7052824410566
 20
42.85441964946222
 10
127.007685134602
 20
42.85441964946222
  0
LWPOLYLINE
  5
CC
330
C7
100
AcDbEntity
  8
I-LK EQPMT
100
AcDbPolyline
 90
4
 70
1
 10
-130.4492315140169
 20
15.51421661919449
 10
-100.0712281470269
 20
15.51421661919449
 10
-100.0712281470269
 20
45.89221998606814
 10
-130.4492315140169
 20
45.89221998606814
  0
LWPOLYLINE
  5
CD
330
C7
100
AcDbEntity
  8
I-LK EQPMT
100
AcDbPolyline
 90
4
 70
1
 10
-127.4114311772946
 20
18.55201695591666
 10
-103.1090284836337
 20
18.55201695591666
 10
-103.1090284836337
 20
42.85441964946222
 10
-127.4114311772946
 20
42.85441964946222
  0
LINE
  5
CE
330
C7
100
AcDbEntity
  8
I-LK EQPMT
100
AcDbLine
 10
102.7052824410566
 20
42.85441964946222
 30
0.0
 11
127.007685134602
 21
18.55201695591666
 31
0.0
  0
LINE
  5
CF
330
C7
100
AcDbEntity
  8
I-LK EQPMT
100
AcDbLine
 10
-103.1090284836337
 20
42.85441964946222
 30
0.0
 11
-127.4114311772946
 21
18.55201695591666
 31
0.0
  0
LINE
  5
D0
330
C7
100
AcDbEntity
  8
I-LK EQPMT
100
AcDbLine
 10
-127.4114311772946
 20
42.85441964946222
 30
0.0
 11
-103.1090284836337
 21
18.55201695591666
 31
0.0
  0
LINE
  5
D1
330
C7
100
AcDbEntity
  8
I-LK EQPMT
 48
12.0
100
AcDbLine
 10
91.98892031610741
 20
15.51420700864401
 30
0.0
 11
91.98892031610741
 21
0.0
 31
0.0
  0
LINE
  5
D2
330
C7
100
AcDbEntity
  8
I-LK EQPMT
 48
12.0
100
AcDbLine
 10
91.98892031610741
 20
15.51420700864401
 30
0.0
 11
138.5315413423596
 21
15.51420700864401
 31
0.0
  0
LINE
  5
D3
330
C7
100
AcDbEntity
  8
I-LK EQPMT
 48
12.0
100
AcDbLine
 10
-138.5315413423605
 20
0.0
 30
0.0
 11
-138.5315413423605
 21
15.51420700864401
 31
0.0
  0
LINE
  5
D4
330
C7
100
AcDbEntity
  8
I-LK EQPMT
 48
12.0
100
AcDbLine
 10
-91.98892031613741
 20
15.51420700864401
 30
0.0
 11
-91.98892031613741
 21
0.0
 31
0.0
  0
LINE
  5
D5
330
C7
100
AcDbEntity
  8
I-LK EQPMT
 48
12.0
100
AcDbLine
 10
200.5883693773148
 20
0.0
 30
0.0
 11
-200.5883693773148
 21
0.0
 31
0.0
  0
LWPOLYLINE
  5
D6
330
C7
100
AcDbEntity
  8
I-LK EQPMT
 48
12.0
100
AcDbPolyline
 90
4
 70
1
 10
-220.0000000000082
 20
-51.71278328332107
 10
-220.0000000000082
 20
-38.82326124538668
 10
219.9999999999918
 20
-38.82326124538668
 10
219.9999999999918
 20
-51.71278328332107
  0
LINE
  5
D7
330
C7
100
AcDbEntity
  8
I-LK EQPMT
 48
12.0
100
AcDbLine
 10
-220.0000000000082
 20
-38.82326124538668
 30
0.0
 11
-220.0000000000082
 21
-19.41163062257681
 31
0.0
  0
LINE
  5
D8
330
C7
100
AcDbEntity
  8
I-LK EQPMT
 48
12.0
100
AcDbLine
 10
219.9999999999918
 20
-38.82326124538668
 30
0.0
 11
219.9999999999918
 21
-19.41163062257681
 31
0.0
  0
LINE
  5
D9
330
C7
100
AcDbEntity
  8
I-LK EQPMT
 48
12.0
100
AcDbLine
 10
-220.0000000000082
 20
-19.41163062257681
 30
0.0
 11
-200.5883693773148
 21
0.0
 31
0.0
  0
LINE
  5
DA
330
C7
100
AcDbEntity
  8
I-LK EQPMT
 48
12.0
100
AcDbLine
 10
219.9999999999918
 20
-19.41163062257681
 30
0.0
 11
200.5883693773148
 21
0.0
 31
0.0
  0
LINE
  5
DB
330
C7
100
AcDbEntity
  8
I-LK EQPMT
 48
12.0
100
AcDbLine
 10
138.5315413423596
 20
0.0
 30
0.0
 11
138.5315413423596
 21
15.51420700864401
 31
0.0
  0
LINE
  5
DC
330
C7
100
AcDbEntity
  8
I-LK EQPMT
 48
12.0
100
AcDbLine
 10
-138.5315413423605
 20
15.51420700864401
 30
0.0
 11
-91.98892031613741
 21
15.51420700864401
 31
0.0
  0
MTEXT
  5
DD
330
C7
100
AcDbEntity
  8
I-LK EQPMT
 48
12.0
100
AcDbMText
 10
5.199680584678389
 20
-100.4085774972336
 30
0.0
 40
50.0
 41
466.4796511627907
 46
0.0
 71
1
 72
5
  1
LG SCREEN
1001
ACAD
1000
ACAD_MTEXT_COLUMN_INFO_BEGIN
1070
75
1070
2
1070
79
1070
0
1070
76
1070
1
1070
78
1070
0
1070
48
1040
466.4796511627907
1070
49
1040
12.5
1070
50
1070
1
1040
0.0
1000
ACAD_MTEXT_COLUMN_INFO_END
1000
ACAD_MTEXT_COLUMNS_BEGIN
1070
47
1070
1
1000
ACAD_MTEXT_COLUMNS_END
  0
ENDBLK
  5
C9
330
C7
100
AcDbEntity
  8
0
100
AcDbBlockEnd
  0
BLOCK
  5
DF
330
DE
100
AcDbEntity
  8
0
100
AcDbBlockBegin
  2
clinic chair
 70
0
 10
0.0
 20
0.0
 30
0.0
  3
clinic chair
  1

  0
LWPOLYLINE
  5
E1
330
DE
100
AcDbEntity
  8
I-LK FURNITURE
100
AcDbPolyline
 90
23
 70
0
 10
-214.8703261986375
 20
189.3640050691611
 10
-208.0771623300388
 20
190.3592400808701
 10
-187.3689696602523
 20
193.2901615410519
 10
-166.6242546243593
 20
195.919773319445
 10
-145.8430172204971
 20
198.2389448168105
 10
-125.0252572111785
 20
200.2476760368445
 10
-104.1709748348221
 20
201.9459669739881
 10
-83.30756180733442
 20
203.3429482312058
 10
-62.41675754077733
 20
204.4203586137155
 10
-41.51682190690189
 20
205.1964593107114
 10
-20.59862544760107
 20
205.652989134891
 10
0.3195710116997361
 20
205.8082092735567
 10
21.22863681986928
 20
205.6438585375145
 10
42.1468332791701
 20
205.178198117821
 10
63.04676843620836
 20
204.3929668253113
 10
83.93757317960262
 20
203.3064258454251
 10
104.8009862070903
 20
201.9094445900701
 10
125.6461376938969
 20
200.1928924563108
 10
146.4638977032155
 20
198.1750306425965
 10
167.2451351061463
 20
195.846728546021
 10
187.9898503813893
 20
193.2171167694905
 10
208.6980430502445
 20
190.2679341164185
 10
214.9342405218631
 20
189.3640050691611
  0
LWPOLYLINE
  5
E2
330
DE
100
AcDbEntity
  8
I-LK FURNITURE
100
AcDbPolyline
 90
54
 70
0
 10
214.9342405218631
 20
189.3640050691611
 10
228.018385052681
 20
189.3640050691611
 10
228.2649112101644
 20
189.3640050691611
 10
228.5023067155853
 20
189.3731356646749
 10
228.7397024594247
 20
189.3913968575653
 10
228.9862283784896
 20
189.4096580504556
 10
229.4610193902627
 20
189.464441627264
 10
229.6984148956835
 20
189.5009640130738
 10
229.9358104020357
 20
189.5466169980936
 10
230.6479969192296
 20
189.7109677341068
 10
230.8762620110065
 20
189.7748819083208
 10
231.1136572789401
 20
189.8479266780196
 10
231.3419223716483
 20
189.9301020469575
 10
231.5610565748066
 20
190.0122774140618
 10
231.7893214290962
 20
190.1035833803762
 10
232.0084558706731
 20
190.1948893429944
 10
232.2367207240313
 20
190.2953259048227
 10
232.446724514477
 20
190.3957624666509
 10
232.6658587176353
 20
190.5053296240221
 10
233.0858660591766
 20
190.7427251316258
 10
233.2958698496222
 20
190.8705534818581
 10
233.4967429880053
 20
190.9983818321198
 10
233.8984892647713
 20
191.2722997255041
 10
234.2819744776934
 20
191.5644788117788
 10
234.6471983874217
 20
191.8749190909439
 10
234.8298102235422
 20
192.039269826986
 10
235.0032914076
 20
192.2036205630284
 10
235.1767725925893
 20
192.3771018964471
 10
235.3411236014217
 20
192.5505832279741
 10
235.5054743736982
 20
192.7331951569067
 10
235.8159146141261
 20
193.0984190147719
 10
236.1080937888473
 20
193.4819040654984
 10
236.3820116622373
 20
193.8836503110069
 10
236.5098398281261
 20
194.0845234328299
 10
236.6376682324335
 20
194.2945271501376
 10
236.8750637378544
 20
194.7145345885365
 10
236.9846310783178
 20
194.9336689013871
 10
237.0850675273687
 20
195.1436726205866
 10
237.1855039782822
 20
195.3719375308136
 10
237.2768100146204
 20
195.5910718473896
 10
237.3681158144027
 20
195.8193367576168
 10
237.4502914380282
 20
196.0384710723301
 10
237.5324665848166
 20
196.2758665799046
 10
237.6055113198236
 20
196.5041314919945
 10
237.6694256402552
 20
196.7323964022216
 10
237.8337764125317
 20
197.4445829250617
 10
237.8794291922823
 20
197.6819784344989
 10
237.9159517977387
 20
197.9193739402399
 10
237.9707352295518
 20
198.3941649573098
 10
237.9889965318143
 20
198.6406910604273
 10
238.0072578350082
 20
198.878086568031
 10
238.0163882486522
 20
199.1154820756346
 10
238.0163882486522
 20
199.3620081787521
 10
238.0163882486522
 20
199.4624447406095
  0
LWPOLYLINE
  5
E3
330
DE
100
AcDbEntity
  8
I-LK FURNITURE
100
AcDbPolyline
 90
54
 70
0
 10
-237.9707354661077
 20
199.4624447406095
 10
-237.9707354661077
 20
199.3620081787521
 10
-237.9707354661077
 20
199.1154820756346
 10
-237.9524741638452
 20
198.6406910604273
 10
-237.9250824470073
 20
198.3941649573098
 10
-237.870298538357
 20
197.9193739402399
 10
-237.8337764106691
 20
197.6819784344989
 10
-237.7424703733996
 20
197.2071874174289
 10
-237.6876867031679
 20
196.969791911717
 10
-237.6237726202235
 20
196.7323964022216
 10
-237.5598585372791
 20
196.5041314919945
 10
-237.4868138032034
 20
196.2758665799046
 10
-237.4046381786466
 20
196.0384710723301
 10
-237.3224630318582
 20
195.8193367576168
 10
-237.2402876457199
 20
195.5910718473896
 10
-237.1398509573191
 20
195.3719375308136
 10
-237.0394142689183
 20
195.1436726205866
 10
-236.9389778189361
 20
194.9336689013871
 10
-236.8294107168913
 20
194.7145345885365
 10
-236.4733174592257
 20
194.0845234328299
 10
-236.336358403787
 20
193.8836503110069
 10
-236.2085299994797
 20
193.682777189184
 10
-236.062440530397
 20
193.4819040654984
 10
-235.770261593163
 20
193.0984190147719
 10
-235.4598211143166
 20
192.7331951569067
 10
-235.29547058139
 20
192.5505832279741
 10
-235.1311198100448
 20
192.3771018964471
 10
-234.957638386637
 20
192.2036205630284
 10
-234.7841572025791
 20
192.039269826986
 10
-234.6015451289714
 20
191.8749190909439
 10
-234.2363212183118
 20
191.5644788117788
 10
-233.8528362438083
 20
191.2722997255041
 10
-233.4510899670422
 20
190.9983818321198
 10
-233.2502168286592
 20
190.8705534818581
 10
-233.0402132775635
 20
190.7427251316258
 10
-232.6202059350908
 20
190.5053296240221
 10
-232.4102019071579
 20
190.3957624666509
 10
-231.9719335008413
 20
190.1948893429944
 10
-231.7436686465517
 20
190.1035833803762
 10
-231.5245339665562
 20
190.0122774140618
 10
-231.0680044963956
 20
189.8479266780196
 10
-230.8306087525561
 20
189.7748819083208
 10
-230.6023438982666
 20
189.7109677341068
 10
-230.3649483919144
 20
189.6561841535731
 10
-230.1366833001375
 20
189.601400574902
 10
-229.8992880322039
 20
189.5466169980936
 10
-229.661892526783
 20
189.5009640130738
 10
-229.4153663692996
 20
189.464441627264
 10
-228.9405753575265
 20
189.4096580504556
 10
-228.7031796136871
 20
189.3913968575653
 10
-228.4566536955535
 20
189.3731356646749
 10
-228.2192584276199
 20
189.3640050691611
 10
-227.9727320317179
 20
189.3640050691611
 10
-214.8703261986375
 20
189.3640050691611
  0
LWPOLYLINE
  5
E4
330
DE
100
AcDbEntity
  8
I-LK FURNITURE
100
AcDbPolyline
 90
88
 70
0
 10
-316.4938646722585
 20
290.6953644652967
 10
-318.4934651684017
 20
290.6953644652967
 10
-318.7856443449855
 20
290.2753570306231
 10
-319.0686928685755
 20
289.8553495922242
 10
-319.3426107419655
 20
289.435342155688
 10
-319.8904467262328
 20
288.5770660897541
 10
-320.1461032964289
 20
288.1387974603276
 10
-320.4108905177563
 20
287.700528830901
 10
-320.9039425933734
 20
286.8239915720769
 10
-321.1504689883441
 20
286.3765923452738
 10
-321.3878642562777
 20
285.9291931203334
 10
-321.6161293489859
 20
285.4817938935303
 10
-321.8443942032754
 20
285.0252640693507
 10
-322.2826628480107
 20
284.1122044266085
 10
-322.492666637525
 20
283.6465440087486
 10
-322.702670189552
 20
283.1900141845981
 10
-322.9035435663536
 20
282.7243537649047
 10
-323.0952860536054
 20
282.2495627496973
 10
-323.2870283024386
 20
281.7839023318666
 10
-323.4696403760463
 20
281.3091113166593
 10
-323.816602983512
 20
280.3595292862447
 10
-323.9900844059885
 20
279.8756076736609
 10
-324.1453045271336
 20
279.4008166584536
 10
-324.4557447666302
 20
278.432973433286
 10
-324.6018342357129
 20
277.9490518225648
 10
-324.7387932911515
 20
277.4559996144671
 10
-324.8757523465902
 20
276.9720780018833
 10
-325.0035805124789
 20
276.4790257937857
 10
-325.2409762572497
 20
275.4929213775904
 10
-325.4601104594767
 20
274.5068169613951
 10
-325.5514162583277
 20
274.0046341559209
 10
-325.6518529467285
 20
273.5115819478233
 10
-325.8983791042119
 20
272.0050335332635
 10
-326.0901215914637
 20
270.4984851205372
 10
-326.1449052607641
 20
269.9963023150631
 10
-326.1905582789332
 20
269.4941195114516
 10
-326.2270804084837
 20
268.9828061086009
 10
-326.2636030139402
 20
268.4806233049894
 10
-326.2909947298467
 20
267.9693099040014
 10
-326.318386444822
 20
267.4671270985273
 10
-326.3366477480158
 20
266.9649442930531
 10
-326.3457781616598
 20
266.453630892036
 10
-326.3549090512097
 20
265.951448086591
 10
-326.3549090512097
 20
265.4401346855739
 10
-326.3457781616598
 20
264.9288212845859
 10
-326.3366477480158
 20
264.4266384791117
 10
-326.318386444822
 20
263.9153250781237
 10
-326.2636030139402
 20
262.9109594709007
 10
-326.2270804084837
 20
262.3996460699127
 10
-326.1905582789332
 20
261.8974632644386
 10
-326.1449052607641
 20
261.3952804589644
 10
-326.0901215914637
 20
260.8839670579764
 10
-325.8983791042119
 20
259.3774186433875
 10
-325.8162034796551
 20
258.8752358379134
 10
-325.7340283319354
 20
258.3821836316783
 10
-325.6518529467285
 20
257.8800008262042
 10
-325.5514162583277
 20
257.3778180225927
 10
-325.4601104594767
 20
256.8847658126324
 10
-325.3505431190133
 20
256.3825830090209
 10
-325.2409762572497
 20
255.8895307990606
 10
-325.0035805124789
 20
254.9034263828653
 10
-324.8757523465902
 20
254.4195047721441
 10
-324.7387932911515
 20
253.9264525640465
 10
-324.6018342357129
 20
253.4425309514626
 10
-324.4557447666302
 20
252.9586093388789
 10
-323.9900844059885
 20
251.5068445048529
 10
-323.816602983512
 20
251.0320534896455
 10
-323.6431217994541
 20
250.5481318770617
 10
-323.4696403760463
 20
250.0824714592309
 10
-323.2870283024386
 20
249.6076804421609
 10
-323.0952860536054
 20
249.1328894269536
 10
-322.9035435663536
 20
248.6672290072602
 10
-322.702670189552
 20
248.2015685894294
 10
-322.492666637525
 20
247.7359081697359
 10
-322.2826628480107
 20
247.279378347419
 10
-321.8443942032754
 20
246.3663187028142
 10
-321.6161293489859
 20
245.9097888804972
 10
-321.3878642562777
 20
245.4623896555568
 10
-321.1504689883441
 20
245.0149904287537
 10
-320.6574166752399
 20
244.1201919770101
 10
-320.4108905177563
 20
243.6819233475835
 10
-320.1461032964289
 20
243.2436547163234
 10
-319.8904467262328
 20
242.8145166842733
 10
-319.3426107419655
 20
241.9562406183104
 10
-319.0686928685755
 20
241.5362331817742
 10
-318.7856443449855
 20
241.1070951478905
 10
-318.4934651684017
 20
240.6962183068681
 10
-316.4938646722585
 20
240.6962183068681
  0
LWPOLYLINE
  5
E5
330
DE
100
AcDbEntity
  8
I-LK FURNITURE
100
AcDbPolyline
 90
87
 70
0
 10
316.493864913471
 20
240.8879608331772
 10
318.4934654096141
 20
240.8879608331772
 10
318.7856445852667
 20
241.2988376741996
 10
319.0686931088567
 20
241.7188451107068
 10
319.6165286172182
 20
242.5771211766696
 10
320.1461032982916
 20
243.4353972426034
 10
320.6574166771023
 20
244.3119345014566
 10
320.9039428345858
 20
244.7593337282597
 10
321.150468991138
 20
245.1976023576863
 10
321.3878644965589
 20
245.6450015844894
 10
321.6161293517798
 20
246.1015314068063
 10
321.8443944435567
 20
246.5489306317177
 10
322.063528646715
 20
247.0054604558973
 10
322.2826630882919
 20
247.4711208718654
 10
322.4926666393876
 20
247.927650696045
 10
322.7026704298332
 20
248.3933111157385
 10
322.9035433297977
 20
248.8589715354319
 10
323.095286055468
 20
249.3246319532627
 10
323.2870285427198
 20
249.79942296847
 10
323.4696406163275
 20
250.2650833881635
 10
323.8166032247245
 20
251.214665418549
 10
323.9900844087824
 20
251.6985870292992
 10
324.1453045289963
 20
252.1733780463692
 10
324.4557447684929
 20
253.1412212678115
 10
324.6018344759941
 20
253.6342734777718
 10
324.8757521100342
 20
254.6021167010767
 10
325.0035807527603
 20
255.0951689073117
 10
325.2409760206938
 20
256.0812733253697
 10
325.3505433602259
 20
256.5743255334673
 10
325.4509798102081
 20
257.0765083389415
 10
325.5514164986089
 20
257.5695605470391
 10
325.6518529485911
 20
258.0717433525133
 10
325.7340283347294
 20
258.564795560611
 10
325.8162037208677
 20
259.0669783642225
 10
325.962293189019
 20
260.0713439733081
 10
326.0901215933263
 20
261.0757095842564
 10
326.1357746114954
 20
261.5778923878679
 10
326.1905580433086
 20
262.0892057888559
 10
326.2636027773841
 20
263.0935713998333
 10
326.2909949701279
 20
263.6048848008213
 10
326.3183866860345
 20
264.1070676062955
 10
326.3366477508098
 20
264.6183810072835
 10
326.3457784019411
 20
265.1205638090323
 10
326.3549088146538
 20
265.631877211883
 10
326.3549088146538
 20
266.1340600154945
 10
326.3457784019411
 20
266.6453734164825
 10
326.3366477508098
 20
267.1475562219566
 10
326.3183866860345
 20
267.6588696229737
 10
326.2909949701279
 20
268.1610524284188
 10
326.2636027773841
 20
268.6723658294359
 10
326.1905580433086
 20
269.6767314403842
 10
326.1357746114954
 20
270.1880448413722
 10
326.0901215933263
 20
270.6902276449837
 10
325.962293189019
 20
271.6945932540693
 10
325.8162037208677
 20
272.698958863155
 10
325.7340283347294
 20
273.2011416686291
 10
325.6518529485911
 20
273.6941938767559
 10
325.4509798102081
 20
274.6985594877042
 10
325.3505433602259
 20
275.1916116958018
 10
325.2409760206938
 20
275.6846639020368
 10
325.0035807527603
 20
276.6707683200948
 10
324.8757521100342
 20
277.1638205281924
 10
324.7387935314327
 20
277.6477421407762
 10
324.6018344759941
 20
278.1407943488739
 10
324.4557447684929
 20
278.6247159614577
 10
324.1453045289963
 20
279.5925591829
 10
323.9900844087824
 20
280.06735019997
 10
323.8166032247245
 20
280.5512718106911
 10
323.4696406163275
 20
281.5008538411057
 10
323.2870285427198
 20
281.975644856313
 10
322.9035433297977
 20
282.9069656938082
 10
322.7026704298332
 20
283.3726261135016
 10
322.2826630882919
 20
284.3039469510259
 10
321.8443944435567
 20
285.2170065975224
 10
321.6161293517798
 20
285.6644058224629
 10
321.3878644965589
 20
286.1209356447798
 10
321.150468991138
 20
286.5683348697203
 10
320.9039428345858
 20
287.0157340965234
 10
320.6574166771023
 20
287.4540027277835
 10
320.1461032982916
 20
288.3305399866367
 10
319.8813160769641
 20
288.7596780186868
 10
319.6165286172182
 20
289.1979466499762
 10
319.3426109822467
 20
289.6179540846206
 10
319.0686931088567
 20
290.0470921166707
 10
318.7856445852667
 20
290.4670995550696
 10
318.4934654096141
 20
290.8871069916058
 10
316.493864913471
 20
290.8871069916058
  0
LWPOLYLINE
  5
E6
330
DE
100
AcDbEntity
  8
I-LK FURNITURE
100
AcDbPolyline
 90
6
 70
0
 10
-261.5002822503448
 20
290.2023122571991
 10
-261.5002822503448
 20
303.1951510048821
 10
-316.4938646722585
 20
303.1951510048821
 10
-316.4938646722585
 20
290.2023122571991
 10
-261.5002822503448
 20
290.2023122571991
 10
-261.5002822503448
 20
187.0174417796661
  0
LWPOLYLINE
  5
E7
330
DE
100
AcDbEntity
  8
I-LK FURNITURE
100
AcDbPolyline
 90
6
 70
0
 10
316.493864913471
 20
290.3940547816455
 10
316.493864913471
 20
303.3868935330538
 10
261.500282490626
 20
303.3868935330538
 10
261.500282490626
 20
290.3940547816455
 10
316.493864913471
 20
290.3940547816455
 10
316.493864913471
 20
187.2091843059752
  0
LWPOLYLINE
  5
E8
330
DE
100
AcDbEntity
  8
I-LK FURNITURE
100
AcDbPolyline
 90
3
 70
0
 10
-261.5002822503448
 20
234.6974164407293
 10
-249.5026785582304
 20
234.6974164407293
 10
-248.4983128663152
 20
235.6926514524384
  0
LWPOLYLINE
  5
E9
330
DE
100
AcDbEntity
  8
I-LK FURNITURE
100
AcDbPolyline
 90
3
 70
0
 10
-248.4983128663152
 20
265.6957913879305
 10
-249.5026785582304
 20
266.6910264015314
 10
-261.5002822503448
 20
266.6910264015314
  0
LWPOLYLINE
  5
EA
330
DE
100
AcDbEntity
  8
I-LK FURNITURE
100
AcDbPolyline
 90
3
 70
0
 10
261.500282490626
 20
266.8827689259488
 10
249.4935479089618
 20
266.8827689259488
 10
248.4983131065965
 20
265.887533912377
  0
LWPOLYLINE
  5
EB
330
DE
100
AcDbEntity
  8
I-LK FURNITURE
100
AcDbPolyline
 90
3
 70
0
 10
248.4983131065965
 20
235.8843939806102
 10
249.4935479089618
 20
234.8800283696619
 10
261.500282490626
 20
234.8800283696619
  0
LWPOLYLINE
  5
EC
330
DE
100
AcDbEntity
  8
I-LK FURNITURE
100
AcDbPolyline
 90
6
 70
0
 10
-248.4983128663152
 20
215.3679437555838
 10
-248.4983128663152
 20
209.633929185482
 10
-242.4995111394674
 20
209.633929185482
 10
-242.4995111394674
 20
215.3679437555838
 10
-248.4983128663152
 20
215.3679437555838
 10
-248.4983128663152
 20
235.9391775574186
  0
LWPOLYLINE
  5
ED
330
DE
100
AcDbEntity
  8
I-LK FURNITURE
100
AcDbPolyline
 90
6
 70
0
 10
242.49951114133
 20
214.3087945678271
 10
242.49951114133
 20
209.7617575375771
 10
248.4983131065965
 20
209.7617575375771
 10
248.4983131065965
 20
214.3087945678271
 10
242.49951114133
 20
214.3087945678271
 10
242.49951114133
 20
235.9026551716379
  0
LWPOLYLINE
  5
EE
330
DE
100
AcDbEntity
  8
I-LK FURNITURE
100
AcDbPolyline
 90
2
 70
0
 10
261.500282490626
 20
193.9840868709725
 10
248.4983131065965
 20
193.9840868709725
  0
LWPOLYLINE
  5
EF
330
DE
100
AcDbEntity
  8
I-LK FURNITURE
100
AcDbPolyline
 90
12
 70
0
 10
-199.0013494417071
 20
-205.7260339055792
 10
-199.0470024608076
 20
-205.7260339055792
 10
-205.8219052646309
 20
-205.2603734877484
 10
-212.3685427363962
 20
-203.8999146163405
 10
-218.3308223336935
 20
-201.8363998194691
 10
-224.0100534074008
 20
-199.0150455166586
 10
-228.6575268339366
 20
-195.974556897243
 10
-232.9671685425565
 20
-192.4044936858118
 10
-236.8568024337292
 20
-188.3779006520635
 10
-240.8833953794092
 20
-183.0273711326881
 10
-240.8651343155652
 20
-183.0547629211214
 10
-240.8576738061383
 20
-183.0615499132546
  0
LWPOLYLINE
  5
F0
330
DE
100
AcDbEntity
  8
I-LK FURNITURE
100
AcDbPolyline
 90
53
 70
0
 10
249.0004958333448
 20
-155.7268877471797
 10
248.9913651822135
 20
-156.2564623410581
 10
248.9822345301509
 20
-156.7951675323129
 10
248.9731041174382
 20
-157.3247421280539
 10
248.9457121640444
 20
-157.8634473174461
 10
248.9274510992691
 20
-158.4021525068674
 10
248.8544063642621
 20
-159.4613016964868
 10
248.8087533470243
 20
-160.000006885879
 10
248.7631003279239
 20
-160.5295814797864
 10
248.7083168961108
 20
-161.0591560736648
 10
248.6535329874605
 20
-161.5978612649195
 10
248.5804882533848
 20
-162.127435858798
 10
248.5165741704404
 20
-162.6570104526763
 10
248.3522233990952
 20
-163.7161596423248
 10
248.2609173618257
 20
-164.2366036388266
 10
248.1696115639061
 20
-164.766178232705
 10
248.0691748745739
 20
-165.295752828446
 10
247.968738425523
 20
-165.8161968249478
 10
247.8591713234782
 20
-166.3366408233414
 10
247.7404735703021
 20
-166.8662154172198
 10
247.621775817126
 20
-167.3866594137216
 10
247.4939474128187
 20
-167.8979728165723
 10
247.2200293019414
 20
-168.9388608114386
 10
246.9278503647074
 20
-169.9614876134438
 10
246.7726302444935
 20
-170.4728010144318
 10
246.4439289402217
 20
-171.4954278145451
 10
246.2704472793266
 20
-172.0067412173958
 10
246.0969660952687
 20
-172.5089240210073
 10
245.9143542591482
 20
-173.0111068264814
 10
245.7226117718965
 20
-173.5132896319556
 10
245.5308690462261
 20
-174.0063418400532
 10
245.3299961462616
 20
-174.5085246455274
 10
245.1291230078787
 20
-175.001576853625
 10
244.7091154269874
 20
-175.9876812679577
 10
244.4899809863418
 20
-176.4716028805415
 10
244.0334512777627
 20
-177.4394461057091
 10
243.796056009829
 20
-177.9233677182929
 10
243.5586602659896
 20
-178.3981587316375
 10
243.0656081903726
 20
-179.3477407639148
 10
242.8099513817579
 20
-179.8134011836081
 10
242.0155897168443
 20
-181.2103824389633
 10
241.7416716050357
 20
-181.6669122612801
 10
241.1755745569244
 20
-182.5799719077768
 10
240.8833956196904
 20
-183.0273711326881
 10
236.8568024355918
 20
-188.3779006520635
 10
232.9671683069319
 20
-192.4044936858118
 10
228.6575268357992
 20
-195.974556897243
 10
224.0100531708449
 20
-199.0150455166586
 10
218.3308223355561
 20
-201.8363998194691
 10
212.3594123255461
 20
-203.8999146163405
 10
205.821905028075
 20
-205.2603734877484
 10
199.0378718115389
 20
-205.7260339055792
 10
198.9922192692757
 20
-205.7260339055792
  0
LWPOLYLINE
  5
F1
330
DE
100
AcDbEntity
  8
I-LK FURNITURE
100
AcDbPolyline
 90
2
 70
0
 10
198.9922192692757
 20
-205.7260339055792
 10
-199.0013494417071
 20
-205.7260339055792
  0
LWPOLYLINE
  5
F2
330
DE
100
AcDbEntity
  8
I-LK FURNITURE
100
AcDbPolyline
 90
40
 70
0
 10
-249.0004958314821
 20
-155.7268877471797
 10
-248.9913651794195
 20
-156.2564623410581
 10
-248.9822345282882
 20
-156.7951675323129
 10
-248.973103877157
 20
-157.3247421280539
 10
-248.954842813313
 20
-157.8634473174461
 10
-248.9274508580565
 20
-158.4021525068674
 10
-248.8544061239809
 20
-159.4613016964868
 10
-248.8178839962929
 20
-160.000006885879
 10
-248.7083166558295
 20
-161.0591560736648
 10
-248.6535332240164
 20
-161.5978612649195
 10
-248.5896189026535
 20
-162.127435858798
 10
-248.5165741685778
 20
-162.6570104526763
 10
-248.3522233972326
 20
-163.7161596423248
 10
-248.2700480110943
 20
-164.2366036388266
 10
-248.0691748727113
 20
-165.295752828446
 10
-247.9687384227291
 20
-165.8161968249478
 10
-247.859171083197
 20
-166.3366408233414
 10
-247.7404733300209
 20
-166.8662154172198
 10
-247.6217755768448
 20
-167.3866594137216
 10
-247.493947410956
 20
-167.8979728165723
 10
-247.2200295384973
 20
-168.9388608114386
 10
-246.9278503628448
 20
-169.9614876134438
 10
-246.7726300042123
 20
-170.4728010144318
 10
-246.4439286999404
 20
-171.4954278145451
 10
-246.2704475149512
 20
-172.0067412173958
 10
-246.0969660924748
 20
-172.5089240210073
 10
-245.914354018867
 20
-173.0111068264814
 10
-245.7226115316153
 20
-173.5132896319556
 10
-245.5308690443635
 20
-174.0063418400532
 10
-245.3391267955303
 20
-174.5085246455274
 10
-244.7091154251248
 20
-175.9876812679577
 10
-244.4899812228978
 20
-176.4716028805415
 10
-243.8051861822605
 20
-177.9233677182929
 10
-243.0656079500914
 20
-179.3477407639148
 10
-242.5542945712805
 20
-180.2790615995764
 10
-242.2895073499531
 20
-180.7447220192698
 10
-242.015589476563
 20
-181.2103824389633
 10
-241.741671603173
 20
-181.6669122612801
 10
-241.1755745550618
 20
-182.5799719077768
 10
-240.8833953794092
 20
-183.0273711326881
  0
LWPOLYLINE
  5
F3
330
DE
100
AcDbEntity
  8
I-LK FURNITURE
100
AcDbPolyline
 90
11
 70
0
 10
248.4983131065965
 20
75.66981807732373
 10
248.6900555938482
 20
75.17676586922606
 10
248.7357086120173
 20
75.00328453583644
 10
248.7904920428991
 20
74.83893379979419
 10
248.8270146492869
 20
74.66545246637544
 10
248.8726674299687
 20
74.49197113484844
 10
248.9548428151757
 20
73.97152713645481
 10
248.9731041174382
 20
73.7980458049278
 10
248.9913651822135
 20
73.45108313995297
 10
249.0004958333448
 20
73.26847121102037
 10
249.0004958333448
 20
-155.7268877471797
  0
LWPOLYLINE
  5
F4
330
DE
100
AcDbEntity
  8
I-LK FURNITURE
100
AcDbPolyline
 90
30
 70
0
 10
-249.0004958314821
 20
-155.7268877471797
 10
-249.0004958314821
 20
48.26889812995796
 10
-248.9913651794195
 20
48.46064065812971
 10
-248.9822345282882
 20
48.64325258706231
 10
-248.973103877157
 20
48.83499511150876
 10
-248.954842813313
 20
49.01760704041225
 10
-248.9274508580565
 20
49.20021896934486
 10
-248.8909287303686
 20
49.39196149379132
 10
-248.8544061239809
 20
49.57457342272392
 10
-248.8087531058118
 20
49.75718535162741
 10
-248.7631000876427
 20
49.93066668504615
 10
-248.7083166558295
 20
50.11327861397876
 10
-248.5804882515222
 20
50.46024127892451
 10
-248.4343987833709
 20
50.80720394389937
 10
-248.3522233972326
 20
50.98068527728901
 10
-248.2700480110943
 20
51.14503601333126
 10
-248.1787419747561
 20
51.30938674937352
 10
-247.9778688363731
 20
51.61982702853857
 10
-247.8683017343283
 20
51.77504716906697
 10
-247.7587346322834
 20
51.92113671218976
 10
-247.6400368800387
 20
52.07635684899287
 10
-247.5213391268626
 20
52.21331579663092
 10
-247.2656825575978
 20
52.48723369184881
 10
-247.1287235012278
 20
52.62419263762422
 10
-246.9917644457892
 20
52.74289039050927
 10
-246.8548056278379
 20
52.87071874074172
 10
-246.7087161596864
 20
52.98941649548942
 10
-246.5626264531165
 20
53.09898365283153
 10
-246.2704475149512
 20
52.92550231941277
 10
-245.4578243102878
 20
52.29549116556881
  0
LWPOLYLINE
  5
F5
330
DE
100
AcDbEntity
  8
I-LK FURNITURE
100
AcDbPolyline
 90
18
 70
0
 10
-235.998526209034
 20
193.4910346647375
 10
-236.5372317805886
 20
193.4910346647375
 10
-237.0850672870874
 20
193.5001652602513
 10
-238.1624777149409
 20
193.4819040654984
 10
-238.7103134598583
 20
193.4727734699845
 10
-239.2490187939256
 20
193.454512277094
 10
-239.796854538843
 20
193.4271204868273
 10
-240.3355598719791
 20
193.399728698423
 10
-241.4129700604826
 20
193.3266839268326
 10
-241.9608060447499
 20
193.2810309436754
 10
-242.4995111394674
 20
193.2353779623809
 10
-242.4995111394674
 20
58.99734895897564
 10
-242.1799402479082
 20
56.97035654791398
 10
-241.2486192891374
 20
54.76075220605708
 10
-239.7512015206739
 20
52.45984190161107
 10
-237.6968173552305
 20
50.04936443979386
 10
-235.998526209034
 20
48.35107349889586
 10
-235.998526209034
 20
193.3905981029093
  0
LWPOLYLINE
  5
F6
330
DE
100
AcDbEntity
  8
I-LK FURNITURE
100
AcDbPolyline
 90
37
 70
0
 10
-248.9927867855877
 20
48.27711475553225
 42
-0.0044596891030791
 10
-235.998526209034
 20
48.35107349889586
 10
-236.0259184017777
 20
48.36020409630146
 10
-236.4276644401252
 20
48.4789018491574
 10
-238.0803023288026
 20
48.98108465276891
 10
-240.6825224794447
 20
49.86675251086126
 10
-242.8099511414766
 20
50.72502857679499
 10
-244.4169364878908
 20
51.54678225511453
 10
-245.4578243102878
 20
52.29549116556881
 10
-245.2934737764299
 20
52.4507113060681
 10
-245.1291230050847
 20
52.61506204211037
 10
-244.8186825271696
 20
52.94376351230312
 10
-244.5265033505857
 20
53.29072617727796
 10
-244.3804138824344
 20
53.47333810621058
 10
-244.2434548269957
 20
53.65595003697672
 10
-244.1156266611069
 20
53.83856196590932
 10
-243.9877982567996
 20
54.03030449035577
 10
-243.8691005036235
 20
54.22204701666487
 10
-243.6317049982026
 20
54.62379326028166
 10
-243.5312685482204
 20
54.8246663821046
 10
-243.4217014461756
 20
55.02553950206493
 10
-243.3303954098374
 20
55.23554322312702
 10
-243.2390893725678
 20
55.43641634494998
 10
-243.1477833352983
 20
55.65555065780063
 10
-243.0656079500914
 20
55.86555437697096
 10
-242.9925632150844
 20
56.08468869357603
 10
-242.9195184810087
 20
56.29469241088372
 10
-242.7916903151199
 20
56.73296103844768
 10
-242.736906407401
 20
56.96122595240013
 10
-242.6912536267191
 20
57.18036026525077
 10
-242.6456006076187
 20
57.40862517734058
 10
-242.6090782415122
 20
57.62775949019124
 10
-242.572555873543
 20
57.85602440414367
 10
-242.5451641585678
 20
58.08428931437084
 10
-242.5086415521801
 20
58.54081913665868
 10
-242.4995111394674
 20
58.76908404874846
 10
-242.4995111394674
 20
58.99734895897564
  0
LWPOLYLINE
  5
F7
330
DE
100
AcDbEntity
  8
I-LK FURNITURE
100
AcDbPolyline
 90
48
 70
0
 10
238.0163882486522
 20
246.0558784236201
 10
238.5277016274631
 20
245.4076060768566
 10
240.2442538365722
 20
242.3762480548467
 10
241.5042763389647
 20
239.0527109465329
 10
242.2438545711339
 20
235.6378678737674
 10
242.49951114133
 20
232.0769352578791
 10
242.49951114133
 20
193.2353779623809
 10
242.49951114133
 20
83.9969220382045
 10
242.1708095986396
 20
81.9151460484427
 10
241.24861953035
 20
79.76032528525684
 10
239.7146791554987
 20
77.4046314021107
 10
237.6968173570931
 20
75.04893751713098
 10
235.9985264493152
 20
73.35064657812472
 10
236.0259181652218
 20
73.35977717363856
 10
236.4276644419879
 20
73.47847492835717
 10
238.071171679534
 20
73.9806577338313
 10
240.6825224813074
 20
74.86632558819838
 10
242.8099513817579
 20
75.72460165416123
 10
244.4169362522662
 20
76.54635533617694
 10
245.4578243121505
 20
77.29506424476858
 10
245.293473539874
 20
77.45028438343434
 10
245.1291230078787
 20
77.61463511944748
 10
244.8186827674508
 20
77.94333659339462
 10
244.5265035917981
 20
78.29029925834038
 10
244.3804141227156
 20
78.47291118727298
 10
244.243455067277
 20
78.6555231162056
 10
244.1156266629696
 20
78.83813504513819
 10
243.8599698543549
 20
79.22162009400198
 10
243.7504029916599
 20
79.42249321582494
 10
243.6317050000653
 20
79.62336633951053
 10
243.5221378989518
 20
79.82423946133349
 10
243.4217012096196
 20
80.02511258312734
 10
243.3303954117
 20
80.23511630046414
 10
243.2299587223679
 20
80.4359894222871
 10
243.1477835755795
 20
80.65512373886305
 10
243.0656081903726
 20
80.86512745619984
 10
242.9925634562969
 20
81.08426177091314
 10
242.9195187212899
 20
81.29426548822084
 10
242.791690078564
 20
81.73253411951009
 10
242.7369066476822
 20
81.96079902973727
 10
242.6912536285818
 20
82.17993334445055
 10
242.6456006094813
 20
82.40819825654035
 10
242.6090782433748
 20
82.62733257125365
 10
242.5725558754057
 20
82.85559748148079
 10
242.5451641604304
 20
83.0838623935706
 10
242.5086417924613
 20
83.54039221588754
 10
242.49951114133
 20
83.76865712797735
 10
242.49951114133
 20
83.9969220382045
  0
LWPOLYLINE
  5
F8
330
DE
100
AcDbEntity
  8
I-LK FURNITURE
100
AcDbPolyline
 90
41
 70
0
 10
-237.9707354661077
 20
201.772485642432
 10
-238.1807390172035
 20
201.6081349064189
 10
-238.3724815044552
 20
201.4529147677531
 10
-238.5733546428382
 20
201.2885640317108
 10
-238.76509713009
 20
201.1150827001547
 10
-238.9477092046291
 20
200.9416013667651
 10
-239.1394516918808
 20
200.7681200333463
 10
-239.31293287687
 20
200.5855081044137
 10
-239.4864142984152
 20
200.3937655781338
 10
-239.6598954834044
 20
200.2111536492012
 10
-239.8333769068122
 20
200.0102805273782
 10
-239.9885972645134
 20
199.8185380029316
 10
-240.1529477983713
 20
199.6176648811088
 10
-240.3081679176539
 20
199.407661163772
 10
-240.4542576242238
 20
199.2067880419781
 10
-240.6003470933065
 20
198.996784320916
 10
-240.8742649666965
 20
198.5585156933521
 10
-241.1299215368927
 20
198.1202470620628
 10
-241.2486192891374
 20
197.8919821518356
 10
-241.3581866286695
 20
197.6637172416085
 10
-241.4677534922957
 20
197.4263217321422
 10
-241.5773208327591
 20
197.1980568219151
 10
-241.6777575202285
 20
196.9606613143114
 10
-241.7690633200109
 20
196.7232658067369
 10
-241.8512387052178
 20
196.4858702991041
 10
-241.942544741556
 20
196.239344194124
 10
-242.015589476563
 20
196.0019486865494
 10
-242.0886342106387
 20
195.7554225834319
 10
-242.1525482935831
 20
195.5088964784518
 10
-242.2164626149461
 20
195.2532397779285
 10
-242.2712460467592
 20
195.0067136729485
 10
-242.3168990649283
 20
194.760187569831
 10
-242.3625520840287
 20
194.5045308674744
 10
-242.4355968181044
 20
193.9932174664864
 10
-242.4629885340109
 20
193.7466913633689
 10
-242.4995111394674
 20
193.2353779623809
 10
-242.4995111394674
 20
232.0769352578791
 10
-242.170809596777
 20
236.1035282934608
 10
-241.1573134902865
 20
240.1301213272091
 10
-239.5046756025404
 20
243.8280128888728
 10
-237.9707354661077
 20
246.0376172307296
  0
SPLINE
  5
F9
330
DE
100
AcDbEntity
  8
I-LK FURNITURE
100
AcDbSpline
 70
8
 71
3
 72
8
 73
4
 74
0
 42
1e-09
 40
0.0
 40
0.0
 40
0.0
 40
0.0
 40
1.0
 40
1.0
 40
1.0
 40
1.0
 10
-147.185214869678
 20
331.1256455461554
 30
0.0
 10
-173.1104475129396
 20
331.1268626547827
 30
0.0
 10
-194.7351094987243
 20
327.3390411077708
 30
0.0
 10
-196.9946135012433
 20
322.4022024771257
 30
0.0
  0
LWPOLYLINE
  5
FA
330
DE
100
AcDbEntity
  8
I-LK FURNITURE
100
AcDbPolyline
 90
30
 70
0
 10
-246.5626264531165
 20
53.09898365283153
 10
-246.179141478613
 20
53.39116273910621
 10
-245.8139175679535
 20
53.70160301827127
 10
-245.4669549614191
 20
54.03030449035577
 10
-245.1382534187287
 20
54.37726715716419
 10
-244.9739026464522
 20
54.55987908609677
 10
-244.6634624069557
 20
54.92510294209933
 10
-244.517372937873
 20
55.11684546840843
 10
-244.3804138824344
 20
55.30858799282579
 10
-244.2434548269957
 20
55.50946111464871
 10
-244.1064960099757
 20
55.70120364095783
 10
-243.9786678440869
 20
55.91120736015728
 10
-243.8599700909108
 20
56.11208048195111
 10
-243.62257434614
 20
56.53208791848738
 10
-243.5130072459579
 20
56.75122223133803
 10
-243.4125705566257
 20
56.96122595240013
 10
-243.3121341066435
 20
57.18036026525077
 10
-243.220828069374
 20
57.39949457996408
 10
-243.0564775364473
 20
57.85602440414367
 10
-242.9103880673647
 20
58.31255422459799
 10
-242.7825594246387
 20
58.76908404874846
 10
-242.7277759937569
 20
59.00647955451859
 10
-242.6821229755878
 20
59.24387506395579
 10
-242.6364699564874
 20
59.47213997418294
 10
-242.5999475894496
 20
59.70953548364922
 10
-242.572555873543
 20
59.94693098939023
 10
-242.5451641585678
 20
60.1934570943704
 10
-242.5086415521801
 20
60.66824810957768
 10
-242.4995111394674
 20
60.90564361718134
 10
-242.4995111394674
 20
61.14303912478499
  0
LWPOLYLINE
  5
FB
330
DE
100
AcDbEntity
  8
I-LK FURNITURE
100
AcDbPolyline
 90
2
 70
0
 10
147.2308676522225
 20
331.1256455461554
 10
-147.1943452823906
 20
331.1256455461554
  0
SPLINE
  5
FC
330
DE
100
AcDbEntity
  8
I-LK FURNITURE
100
AcDbSpline
 70
8
 71
3
 72
8
 73
4
 74
0
 42
1e-09
 40
0.0
 40
0.0
 40
0.0
 40
0.0
 40
1.0
 40
1.0
 40
1.0
 40
1.0
 10
197.0474022049457
 20
322.4059259353089
 30
0.0
 10
194.7886019721627
 20
327.3390411077708
 30
0.0
 10
173.1639402247965
 20
331.1268626547827
 30
0.0
 10
147.2390387244523
 20
331.1268626547827
 30
0.0
  0
LWPOLYLINE
  5
FD
330
DE
100
AcDbEntity
  8
I-LK FURNITURE
100
AcDbPolyline
 90
20
 70
0
 10
-147.1943452823906
 20
331.1256455461554
 10
-147.1943452823906
 20
380.5769559177861
 10
-151.5496397707611
 20
380.5495641275193
 10
-155.868411893025
 20
380.4491275675247
 10
-160.1324005834758
 20
380.2847768315114
 10
-164.2868219334632
 20
380.0565119194216
 10
-168.3225455321372
 20
379.7643328331469
 10
-172.1939183576033
 20
379.4173701681722
 10
-175.8644182831049
 20
379.0064933290123
 10
-179.324914181605
 20
378.5499635048618
 10
-182.5480148121715
 20
378.0386501038447
 10
-185.4880669172853
 20
377.4725531241857
 10
-188.1450704988092
 20
376.8790643542598
 10
-190.491633602418
 20
376.2399226048728
 10
-192.5003649890423
 20
375.5642584659798
 10
-194.1712641799822
 20
374.8612025405455
 10
-195.4860701132566
 20
374.1398854184954
 10
-196.4265212463215
 20
373.4003071072802
 10
-197.001748945564
 20
372.6515981986886
 10
-197.001748945564
 20
322.3967953379323
  0
LWPOLYLINE
  5
FE
330
DE
100
AcDbEntity
  8
I-LK FURNITURE
100
AcDbPolyline
 90
11
 70
0
 10
-237.9707354661077
 20
230.1686405996735
 10
-237.9707354661077
 20
230.4151667065162
 10
-237.9707354661077
 20
290.9418905702769
 10
-237.9707354661077
 20
291.0423271302425
 10
-237.9616045765579
 20
291.1427636920707
 10
-237.943343273364
 20
291.2432002520654
 10
-237.9250824470073
 20
291.3345062183798
 10
-237.8976904936135
 20
291.425812180998
 10
-237.8611681256443
 20
291.5262487428263
 10
-237.8246457595378
 20
291.6175547091407
 10
-237.7881233915687
 20
291.699730076245
  0
LWPOLYLINE
  5
FF
330
DE
100
AcDbEntity
  8
I-LK FURNITURE
100
AcDbPolyline
 90
3
 70
0
 10
196.9560961686075
 20
321.200687206263
 10
197.0108795994893
 20
321.6754782196076
 10
197.0291409026831
 20
321.9220043245878
  0
LWPOLYLINE
  5
100
330
DE
100
AcDbEntity
  8
I-LK FURNITURE
100
AcDbPolyline
 90
20
 70
0
 10
197.0474022049457
 20
322.3967953379323
 10
197.0474022049457
 20
372.6515981986886
 10
196.4721745047718
 20
373.4003071072802
 10
195.5317228958011
 20
374.1398854184954
 10
194.2169169615954
 20
374.8612025405455
 10
192.546018009074
 20
375.5642584659798
 10
190.5372868617997
 20
376.2399226048728
 10
188.1907232813537
 20
376.8790643542598
 10
185.5337199382484
 20
377.4725531241857
 10
182.5936678322032
 20
378.0386501038447
 10
179.3705674409866
 20
378.5499635048618
 10
175.910071304068
 20
379.0064933290123
 10
172.2304407265037
 20
379.4173701681722
 10
168.3681985521689
 20
379.7643328331469
 10
164.3324747160077
 20
380.0565119194216
 10
160.1780536044389
 20
380.2847768315114
 10
155.9140649139881
 20
380.4491275675247
 10
151.5952930301428
 20
380.5495641275193
 10
147.2308676522225
 20
380.5769559177861
 10
147.2308676522225
 20
331.1256455461554
  0
LWPOLYLINE
  5
101
330
DE
100
AcDbEntity
  8
I-LK FURNITURE
100
AcDbPolyline
 90
2
 70
0
 10
-147.1943452823906
 20
380.5769559177861
 10
147.2308676522225
 20
380.5769559177861
  0
LWPOLYLINE
  5
102
330
DE
100
AcDbEntity
  8
I-LK FURNITURE
100
AcDbPolyline
 90
2
 70
0
 10
-237.7881233915687
 20
231.2460509821831
 10
-197.001748945564
 20
322.3967953379323
  0
LWPOLYLINE
  5
103
330
DE
100
AcDbEntity
  8
I-LK FURNITURE
100
AcDbPolyline
 90
2
 70
0
 10
197.0474022049457
 20
322.3967953379323
 10
237.8246457614005
 20
231.2460509821831
  0
LWPOLYLINE
  5
104
330
DE
100
AcDbEntity
  8
I-LK FURNITURE
100
AcDbPolyline
 90
6
 70
0
 10
238.0163882486522
 20
199.407661163772
 10
238.0163882486522
 20
199.4624447406095
 10
238.0255186613649
 20
230.4151667065162
 42
0.1070548578999295
 10
237.8246457614005
 20
231.2460509821831
 10
237.8246457614005
 20
291.699730076245
 10
197.0474022049457
 20
372.6515981986886
  0
LWPOLYLINE
  5
105
330
DE
100
AcDbEntity
  8
I-LK FURNITURE
100
AcDbPolyline
 90
6
 70
0
 10
-197.001748945564
 20
372.6515981986886
 10
-237.7881233915687
 20
291.699730076245
 10
-237.7881233915687
 20
231.2460509821831
 42
0.1104337528806687
 10
-237.9707354661077
 20
230.4151667065162
 10
-237.9707354661077
 20
199.4624447406095
 10
-237.9707354661077
 20
199.407661163772
  0
LWPOLYLINE
  5
106
330
DE
100
AcDbEntity
  8
I-LK FURNITURE
100
AcDbPolyline
 90
11
 70
0
 10
238.0163882486522
 20
230.1686405996735
 10
238.0163882486522
 20
230.4151667065162
 10
238.0163882486522
 20
290.9418905702769
 10
238.0163882486522
 20
291.0423271302425
 10
238.0072578350082
 20
291.1427636920707
 10
237.9889965318143
 20
291.2432002520654
 10
237.9707352295518
 20
291.3345062183798
 10
237.9433435136452
 20
291.425812180998
 10
237.9068211466074
 20
291.5262487428263
 10
237.8702987795696
 20
291.6175547091407
 10
237.8246457614005
 20
291.699730076245
  0
LWPOLYLINE
  5
107
330
DE
100
AcDbEntity
  8
I-LK FURNITURE
100
AcDbPolyline
 90
2
 70
0
 10
-318.4934651684017
 20
240.6962183068681
 10
-318.4934651684017
 20
290.6953644652967
  0
LWPOLYLINE
  5
108
330
DE
100
AcDbEntity
  8
I-LK FURNITURE
100
AcDbPolyline
 90
2
 70
0
 10
318.4934654096141
 20
290.8871069916058
 10
318.4934654096141
 20
240.8879608331772
  0
LWPOLYLINE
  5
109
330
DE
100
AcDbEntity
  8
I-LK FURNITURE
100
AcDbPolyline
 90
81
 70
0
 10
-316.4938646722585
 20
-111.799588228314
 10
-316.4938646722585
 20
155.188182556798
 10
-311.4994284007698
 20
155.188182556798
 10
-311.4994284007698
 20
-91.80358200351475
 10
-311.4902977496386
 20
-91.967932739557
 10
-311.4902977496386
 20
-92.14141407297576
 10
-311.4720366857946
 20
-92.31489540453184
 10
-311.4537753826007
 20
-92.479246140545
 10
-311.4263836666942
 20
-92.65272747396375
 10
-311.3533389326185
 20
-92.98142894601914
 10
-311.3076859135181
 20
-93.15491027757523
 10
-311.262032895349
 20
-93.31013041810363
 10
-311.1524655558169
 20
-93.63883189015905
 10
-311.0794208208099
 20
-93.79405203068745
 10
-311.0155069762841
 20
-93.94927216932408
 10
-310.9333313517272
 20
-94.10449230798986
 10
-310.8602866176517
 20
-94.25058185114176
 10
-310.5863687451929
 20
-94.6888504824019
 10
-310.4859322952107
 20
-94.82580942817731
 10
-310.3763651940972
 20
-94.95363777840976
 10
-310.2667978536338
 20
-95.0905967260478
 10
-310.1481001004577
 20
-95.21842507630934
 10
-309.9107045950368
 20
-95.455820583913
 10
-309.7828761907294
 20
-95.5745183367689
 10
-309.6550480248407
 20
-95.68408549414013
 10
-309.244171096012
 20
-95.98539517779135
 10
-309.0980816278606
 20
-96.07670114224312
 10
-308.9519921597093
 20
-96.15887650934746
 10
-308.7967720385641
 20
-96.24105187828535
 10
-308.486331560649
 20
-96.38714141957462
 10
-308.1758913211524
 20
-96.51496977166971
 10
-308.0115405488759
 20
-96.56975335034076
 10
-307.6828392446041
 20
-96.66105931482159
 10
-307.5184884732589
 20
-96.69758170060234
 10
-307.3450070507823
 20
-96.72497348900652
 10
-307.1806562785059
 20
-96.75236527927338
 10
-307.0071750953794
 20
-96.7797570695402
 10
-306.8428240846843
 20
-96.78888766505405
 10
-306.6693429006264
 20
-96.79801826243057
 10
-306.4958614781499
 20
-96.79801826243057
 10
-271.4982854453847
 20
-96.79801826243057
 10
-271.3248040229081
 20
-96.79801826243057
 10
-271.1604532506317
 20
-96.78888766505405
 10
-270.9869720665738
 20
-96.7797570695402
 10
-270.8134906440973
 20
-96.75236527927338
 10
-270.4847891014069
 20
-96.69758170060234
 10
-270.3113079164177
 20
-96.66105931482159
 10
-269.9826063737273
 20
-96.56975335034076
 10
-269.8273862535134
 20
-96.51496977166971
 10
-269.6630357205868
 20
-96.4510555974848
 10
-269.5078153628856
 20
-96.38714141957462
 10
-269.1973748840392
 20
-96.24105187828535
 10
-269.0512854149565
 20
-96.15887650934746
 10
-268.8960652947426
 20
-96.07670114224312
 10
-268.7591064777225
 20
-95.98539517779135
 10
-268.6130167711526
 20
-95.88495861779666
 10
-268.3390988977626
 20
-95.68408549414013
 10
-268.2112707318738
 20
-95.5745183367689
 10
-268.0834423284978
 20
-95.455820583913
 10
-267.8460468221456
 20
-95.21842507630934
 10
-267.7273490689695
 20
-95.0905967260478
 10
-267.6177817294374
 20
-94.95363777840976
 10
-267.5173452794552
 20
-94.82580942817731
 10
-267.4169088285416
 20
-94.6888504824019
 10
-267.3164721410722
 20
-94.5427609392791
 10
-267.2251661028713
 20
-94.3966713961272
 10
-267.060815570876
 20
-94.10449230798986
 10
-266.9786401847377
 20
-93.94927216932408
 10
-266.8508117804304
 20
-93.63883189015905
 10
-266.7868974590674
 20
-93.4744811541168
 10
-266.7321140281856
 20
-93.31013041810363
 10
-266.6864610090852
 20
-93.15491027757523
 10
-266.6408079899848
 20
-92.98142894601914
 10
-266.5677632559091
 20
-92.65272747396375
 10
-266.5403715409338
 20
-92.479246140545
 10
-266.52211023774
 20
-92.31489540453184
 10
-266.5038491729647
 20
-91.967932739557
 10
-266.4947185218334
 20
-91.80358200351475
 10
-266.4947185218334
 20
155.188182556798
 10
-261.5002822503448
 20
155.188182556798
 10
-261.5002822503448
 20
-111.799588228314
  0
LWPOLYLINE
  5
10A
330
DE
100
AcDbEntity
  8
I-LK FURNITURE
100
AcDbPolyline
 90
4
 70
0
 10
-316.4938646722585
 20
155.188182556798
 10
-316.4938646722585
 20
187.0174417796661
 10
-311.4994284007698
 20
187.0174417796661
 10
-311.4994284007698
 20
155.188182556798
  0
LWPOLYLINE
  5
10B
330
DE
100
AcDbEntity
  8
I-LK FURNITURE
100
AcDbPolyline
 90
4
 70
1
 10
-261.5002822503448
 20
-111.799588228314
 10
-316.4938646722585
 20
-111.799588228314
 10
-316.4938646722585
 20
-121.7975913397968
 10
-261.5002822503448
 20
-121.7975913397968
  0
LWPOLYLINE
  5
10C
330
DE
100
AcDbEntity
  8
I-LK FURNITURE
100
AcDbPolyline
 90
4
 70
0
 10
-266.4947185218334
 20
155.188182556798
 10
-266.4947185218334
 20
187.0174417796661
 10
-261.5002822503448
 20
187.0174417796661
 10
-261.5002822503448
 20
155.188182556798
  0
LWPOLYLINE
  5
10D
330
DE
100
AcDbEntity
  8
I-LK FURNITURE
100
AcDbPolyline
 90
4
 70
0
 10
-266.4947185218334
 20
187.0174417796661
 10
-266.4947185218334
 20
241.6549309346592
 10
-311.4994284007698
 20
241.6549309346592
 10
-311.4994284007698
 20
187.0174417796661
  0
LWPOLYLINE
  5
10E
330
DE
100
AcDbEntity
  8
I-LK FURNITURE
100
AcDbPolyline
 90
2
 70
0
 10
-316.4938646722585
 20
290.2023122571991
 10
-316.4938646722585
 20
187.0174417796661
  0
LWPOLYLINE
  5
10F
330
DE
100
AcDbEntity
  8
I-LK FURNITURE
100
AcDbPolyline
 90
2
 70
0
 10
-266.4947185218334
 20
115.2692148787901
 10
-311.4994284007698
 20
115.2692148787901
  0
LWPOLYLINE
  5
110
330
DE
100
AcDbEntity
  8
I-LK FURNITURE
100
AcDbPolyline
 90
2
 70
0
 10
-266.4947185218334
 20
152.7046603233903
 10
-311.4994284007698
 20
152.7046603233903
  0
LWPOLYLINE
  5
111
330
DE
100
AcDbEntity
  8
I-LK FURNITURE
100
AcDbPolyline
 90
2
 70
0
 10
-266.4947185218334
 20
219.8419360179978
 10
-311.4994284007698
 20
219.8419360179978
  0
LWPOLYLINE
  5
112
330
DE
100
AcDbEntity
  8
I-LK FURNITURE
100
AcDbPolyline
 90
2
 70
0
 10
-266.4947185218334
 20
233.8208791819052
 10
-311.4994284007698
 20
233.8208791819052
  0
LWPOLYLINE
  5
113
330
DE
100
AcDbEntity
  8
I-LK FURNITURE
100
AcDbPolyline
 90
4
 70
1
 10
316.493864913471
 20
187.2091843059752
 10
311.4994284026325
 20
187.2091843059752
 10
311.4994284026325
 20
155.3799250812444
 10
316.493864913471
 20
155.3799250812444
  0
LWPOLYLINE
  5
114
330
DE
100
AcDbEntity
  8
I-LK FURNITURE
100
AcDbPolyline
 90
6
 70
0
 10
316.493864913471
 20
155.3799250812444
 10
316.493864913471
 20
-111.6078457020049
 10
261.500282490626
 20
-111.6078457020049
 10
261.500282490626
 20
-121.6149794108642
 10
316.493864913471
 20
-121.6149794108642
 10
316.493864913471
 20
-111.6078457020049
  0
LWPOLYLINE
  5
115
330
DE
100
AcDbEntity
  8
I-LK FURNITURE
100
AcDbPolyline
 90
83
 70
0
 10
261.500282490626
 20
-111.6078457020049
 10
261.500282490626
 20
155.3799250812444
 10
266.4947185236961
 20
155.3799250812444
 10
266.4947185236961
 20
-91.61183947909738
 10
266.5038491748273
 20
-91.7853208106244
 10
266.5129798268899
 20
-91.94967154666664
 10
266.5221104780212
 20
-92.12315288008541
 10
266.5403715427965
 20
-92.29663421161241
 10
266.5677634961903
 20
-92.46098494765465
 10
266.6042856257409
 20
-92.6253356836969
 10
266.6408082311973
 20
-92.79881701711562
 10
266.7321142684668
 20
-93.12751848917105
 10
266.78689770028
 20
-93.28273862969942
 10
266.8416811311617
 20
-93.44708936571259
 10
266.9147258661687
 20
-93.60230950251572
 10
266.9786401875317
 20
-93.75752964304412
 10
267.0608155727386
 20
-93.91274978354342
 10
267.1429909579456
 20
-94.0588393266953
 10
267.2251663440838
 20
-94.2140594671946
 10
267.3164723813534
 20
-94.35101841297
 10
267.4077784176916
 20
-94.49710795612192
 10
267.5173452813178
 20
-94.6340669018682
 10
267.6177819697186
 20
-94.77102584950626
 10
267.7273493092506
 20
-94.89885419973871
 10
267.8460470624268
 20
-95.02668255186293
 10
268.0834423303604
 20
-95.2640780576039
 10
268.2112707346679
 20
-95.3827758123225
 10
268.3390991389751
 20
-95.49234296783106
 10
268.6130170114338
 20
-95.69321608965402
 10
268.7591064795852
 20
-95.79365265148226
 10
268.8960655350238
 20
-95.88495861779666
 10
269.0421550041065
 20
-95.967133984901
 10
269.3525954829529
 20
-96.13148472091417
 10
269.8182558426633
 20
-96.32322724536058
 10
269.9826063755899
 20
-96.37801082403166
 10
270.3113079182804
 20
-96.46931678851251
 10
270.4756586905569
 20
-96.50583917429321
 10
270.6491401130334
 20
-96.54236156007391
 10
270.8134908843786
 20
-96.56062275482692
 10
270.9869720693678
 20
-96.58801454323113
 10
271.1513226013631
 20
-96.5971451406076
 10
271.4982854472473
 20
-96.61540633352708
 10
306.4958617184311
 20
-96.61540633352708
 10
306.6693431409076
 20
-96.60627573612146
 10
306.8336939122528
 20
-96.5971451406076
 10
307.007175097242
 20
-96.58801454323113
 10
307.1806565197185
 20
-96.56062275482692
 10
307.3450072910637
 20
-96.54236156007391
 10
307.5093578239903
 20
-96.50583917429321
 10
307.6828390080482
 20
-96.46931678851251
 10
308.0115405507386
 20
-96.37801082403166
 10
308.1667606718838
 20
-96.32322724536058
 10
308.3311114422977
 20
-96.25931307117573
 10
308.6415519211441
 20
-96.13148472091417
 10
308.7967718029395
 20
-96.04930935383892
 10
308.9428615104406
 20
-95.967133984901
 10
309.0980816297233
 20
-95.88495861779666
 10
309.2350404467434
 20
-95.79365265148226
 10
309.3811301542446
 20
-95.69321608965402
 10
309.6550480276346
 20
-95.49234296783106
 10
309.782876431942
 20
-95.3827758123225
 10
309.9107045978308
 20
-95.2640780576039
 10
310.1481003407389
 20
-95.02668255186293
 10
310.266798093915
 20
-94.89885419973871
 10
310.3763651959598
 20
-94.77102584950626
 10
310.5772380959243
 20
-94.49710795612192
 10
310.6776750227436
 20
-94.35101841297
 10
310.7689808215946
 20
-94.2140594671946
 10
310.8511562068015
 20
-94.0588393266953
 10
310.9333315929398
 20
-93.91274978354342
 10
311.0155067406595
 20
-93.75752964304412
 10
311.1433353833854
 20
-93.44708936571259
 10
311.2072492279112
 20
-93.28273862969942
 10
311.2620331356302
 20
-93.12751848917105
 10
311.3533389344811
 20
-92.79881701711562
 10
311.389861301519
 20
-92.6253356836969
 10
311.4263836685568
 20
-92.46098494765465
 10
311.4537756228819
 20
-92.29663421161241
 10
311.4720366876572
 20
-92.12315288008541
 10
311.4811673387885
 20
-91.94967154666664
 10
311.4902979899198
 20
-91.7853208106244
 10
311.4994284026325
 20
-91.61183947909738
 10
311.4994284026325
 20
155.3799250812444
  0
LWPOLYLINE
  5
116
330
DE
100
AcDbEntity
  8
I-LK FURNITURE
100
AcDbPolyline
 90
4
 70
0
 10
261.500282490626
 20
155.3799250812444
 10
261.500282490626
 20
187.2091843059752
 10
266.4947185236961
 20
187.2091843059752
 10
266.4947185236961
 20
155.3799250812444
  0
LWPOLYLINE
  5
117
330
DE
100
AcDbEntity
  8
I-LK FURNITURE
100
AcDbPolyline
 90
4
 70
0
 10
311.4994284026325
 20
187.2091843059752
 10
311.4994284026325
 20
241.8466734609683
 10
266.4947185236961
 20
241.8466734609683
 10
266.4947185236961
 20
187.2091843059752
  0
LWPOLYLINE
  5
118
330
DE
100
AcDbEntity
  8
I-LK FURNITURE
100
AcDbPolyline
 90
2
 70
0
 10
261.500282490626
 20
290.3940547816455
 10
261.500282490626
 20
187.2091843059752
  0
LWPOLYLINE
  5
119
330
DE
100
AcDbEntity
  8
I-LK FURNITURE
100
AcDbPolyline
 90
2
 70
0
 10
311.4994284026325
 20
152.8964028478367
 10
266.4947185236961
 20
152.8964028478367
  0
LWPOLYLINE
  5
11A
330
DE
100
AcDbEntity
  8
I-LK FURNITURE
100
AcDbPolyline
 90
2
 70
0
 10
311.4994284026325
 20
115.4518268077227
 10
266.4947185236961
 20
115.4518268077227
  0
LWPOLYLINE
  5
11B
330
DE
100
AcDbEntity
  8
I-LK FURNITURE
100
AcDbPolyline
 90
2
 70
0
 10
311.4994284026325
 20
220.0336785424442
 10
266.4947185236961
 20
220.0336785424442
  0
LWPOLYLINE
  5
11C
330
DE
100
AcDbEntity
  8
I-LK FURNITURE
100
AcDbPolyline
 90
2
 70
0
 10
311.4994284026325
 20
234.0126217063516
 10
266.4947185236961
 20
234.0126217063516
  0
LWPOLYLINE
  5
11D
330
DE
100
AcDbEntity
  8
I-LK FURNITURE
100
AcDbPolyline
 90
2
 70
0
 10
-249.5026785582304
 20
234.6974164407293
 10
-249.5026785582304
 20
266.6910264015314
  0
LWPOLYLINE
  5
11E
330
DE
100
AcDbEntity
  8
I-LK FURNITURE
100
AcDbPolyline
 90
2
 70
0
 10
249.4935479089618
 20
266.8827689259488
 10
249.4935479089618
 20
234.8800283696619
  0
LWPOLYLINE
  5
11F
330
DE
100
AcDbEntity
  8
I-LK FURNITURE
100
AcDbPolyline
 90
4
 70
1
 10
248.4983131065965
 20
257.6517359141144
 10
242.49951114133
 20
257.6517359141144
 10
242.49951114133
 20
235.9026551716379
 10
248.4983131065965
 20
235.9026551716379
  0
LWPOLYLINE
  5
120
330
DE
100
AcDbEntity
  8
I-LK FURNITURE
100
AcDbPolyline
 90
4
 70
1
 10
-248.4983128663152
 20
235.9391775574186
 10
-242.4995111394674
 20
235.9391775574186
 10
-242.4995111394674
 20
257.6517359141144
 10
-248.4983128663152
 20
257.6517359141144
  0
LWPOLYLINE
  5
121
330
DE
100
AcDbEntity
  8
I-LK FURNITURE
100
AcDbPolyline
 90
4
 70
0
 10
242.49951114133
 20
257.6517359141144
 10
242.49951114133
 20
276.6798989156086
 10
248.4983131065965
 20
276.6798989156086
 10
248.4983131065965
 20
257.6517359141144
  0
LWPOLYLINE
  5
122
330
DE
100
AcDbEntity
  8
I-LK FURNITURE
100
AcDbPolyline
 90
4
 70
0
 10
-242.4995111394674
 20
257.6517359141144
 10
-242.4995111394674
 20
276.6798989156086
 10
-248.4983128663152
 20
276.6798989156086
 10
-248.4983128663152
 20
257.6517359141144
  0
LWPOLYLINE
  5
123
330
DE
100
AcDbEntity
  8
I-LK FURNITURE
100
AcDbPolyline
 90
21
 70
0
 10
242.49951114133
 20
249.2972401629959
 10
242.4355970583856
 20
249.461590899009
 10
242.3990744529292
 20
249.5072438821662
 10
242.3808131497353
 20
249.5163744777092
 10
242.3808131497353
 20
249.5255050731939
 10
242.2073319656774
 20
249.6076804421609
 10
241.9973284136504
 20
249.6076804421609
 10
241.9973284136504
 20
277.1729511237063
 10
242.0521118454635
 20
277.1729511237063
 10
242.0977648645639
 20
277.1638205281924
 10
242.1525485347956
 20
277.1455593353021
 10
242.2438545711339
 20
277.1090369495214
 10
242.2895075902343
 20
277.0816451610881
 10
242.3260297188535
 20
277.0451227734447
 10
242.3716827370226
 20
277.008600387664
 10
242.3990744529292
 20
276.9720780018833
 10
242.4538583606482
 20
276.8807720374316
 10
242.4721191879362
 20
276.8351190561079
 10
242.481250077486
 20
276.7803354774369
 10
242.4903804901987
 20
276.7346824961423
 10
242.49951114133
 20
276.6798989156086
  0
LWPOLYLINE
  5
124
330
DE
100
AcDbEntity
  8
I-LK FURNITURE
100
AcDbPolyline
 90
45
 70
0
 10
248.4983131065965
 20
276.6798989156086
 10
248.4709211522713
 20
277.2551264926442
 10
248.4435294363648
 20
277.4468690189534
 10
248.4161377204582
 20
277.6294809478859
 10
248.3887460045516
 20
277.8212234723032
 10
248.3522233990952
 20
278.0038354012358
 10
248.3065703809261
 20
278.1955779275449
 10
248.1422196086496
 20
278.743413712451
 10
248.0783055257052
 20
278.9260256413836
 10
247.9322160575539
 20
279.2729883082211
 10
247.8500406723469
 20
279.4464696397481
 10
247.758734873496
 20
279.6199509731669
 10
247.6674288362265
 20
279.7843017092091
 10
247.5761227989569
 20
279.9577830407361
 10
247.4756861105561
 20
280.1130031812645
 10
247.3661192469299
 20
280.2773539173068
 10
247.1469845678657
 20
280.5877941964718
 10
247.0282870531082
 20
280.7338837396237
 10
246.9004586488008
 20
280.8799732846092
 10
246.7726302444935
 20
281.0169322285219
 10
246.6448020786047
 20
281.1630217716447
 10
246.5078430231661
 20
281.2908501237689
 10
246.0695743784308
 20
281.6743351744954
 10
245.9234846718609
 20
281.7839023318666
 10
245.7682647900656
 20
281.9026000847225
 10
245.6130444314331
 20
282.0121672420937
 10
245.2843431271613
 20
282.2130403639167
 10
245.119992355816
 20
282.3043463302311
 10
244.9465109333396
 20
282.3956522928202
 10
244.7730297483504
 20
282.4778276617871
 10
244.426067141816
 20
282.62391720491
 10
244.243455067277
 20
282.6969619765005
 10
244.0699736438692
 20
282.7608761506854
 10
243.8873615702614
 20
282.8156597312191
 10
243.6956193214282
 20
282.8704433080275
 10
243.5130072478205
 20
282.9160962912138
 10
243.3303954117
 20
282.9526186751318
 10
243.1386529244483
 20
282.9891410627752
 10
242.9469104371965
 20
283.016532853042
 10
242.7642983626574
 20
283.0439246414462
 10
242.5725558754057
 20
283.0621858343366
 10
242.1890709009022
 20
283.0804470272269
 10
241.9973284136504
 20
283.0804470272269
 10
241.9973284136504
 20
277.1729511237063
 10
238.0163882486522
 20
277.1729511237063
  0
LWPOLYLINE
  5
125
330
DE
100
AcDbEntity
  8
I-LK FURNITURE
100
AcDbPolyline
 90
48
 70
0
 10
-237.9707354661077
 20
277.1729511237063
 10
-241.9973281733692
 20
277.1729511237063
 10
-241.9973281733692
 20
283.0804470272269
 10
-242.1890708990395
 20
283.0804470272269
 10
-242.572555873543
 20
283.0621858343366
 10
-242.7642983607948
 20
283.0439246414462
 10
-242.9560410864651
 20
283.016532853042
 10
-243.1386529225856
 20
282.9891410627752
 10
-243.3303954098374
 20
282.9526186751318
 10
-243.5130072459579
 20
282.9160962912138
 10
-243.7047497322783
 20
282.8704433080275
 10
-244.0699736420065
 20
282.7608761506854
 10
-244.2434548269957
 20
282.6969619765005
 10
-244.4260669015348
 20
282.62391720491
 10
-244.7730295080692
 20
282.4778276617871
 10
-244.946510931477
 20
282.3956522928202
 10
-245.1199921155348
 20
282.3043463302311
 10
-245.28434288688
 20
282.2130403639167
 10
-245.6130444295704
 20
282.0121672420937
 10
-245.7682645497844
 20
281.9026000847225
 10
-245.9234849084169
 20
281.7839023318666
 10
-246.0695743765682
 20
281.6743351744954
 10
-246.2247944967821
 20
281.5465068224003
 10
-246.3617535531521
 20
281.4186784740014
 10
-246.5078430213034
 20
281.2908501237689
 10
-246.6448018383236
 20
281.1630217716447
 10
-246.7726300042123
 20
281.0169322285219
 10
-246.9004586469382
 20
280.8799732846092
 10
-247.028286812827
 20
280.7338837396237
 10
-247.1469848044217
 20
280.5877941964718
 10
-247.3661190066487
 20
280.2773539173068
 10
-247.4756861086935
 20
280.1130031812645
 10
-247.5761225586757
 20
279.9577830407361
 10
-247.6765592470765
 20
279.7843017092091
 10
-247.7678650459275
 20
279.6199509731669
 10
-247.9322160556912
 20
279.2729883082211
 10
-248.0783055238426
 20
278.9260256413836
 10
-248.2061336897314
 20
278.5608017835184
 10
-248.2609175983816
 20
278.3781898564775
 10
-248.3065706174821
 20
278.1955779275449
 10
-248.3522233972326
 20
278.0038354012358
 10
-248.3887457642704
 20
277.8212234723032
 10
-248.416137480177
 20
277.6294809478859
 10
-248.4435294345021
 20
277.4468690189534
 10
-248.4709211494774
 20
277.2551264926442
 10
-248.48005180154
 20
277.0633839663351
 10
-248.4983128663152
 20
276.871641440026
 10
-248.4983128663152
 20
276.6798989156086
  0
LWPOLYLINE
  5
126
330
DE
100
AcDbEntity
  8
I-LK FURNITURE
100
AcDbPolyline
 90
19
 70
0
 10
-242.4995111394674
 20
249.288109567482
 10
-242.4629885340109
 20
249.4341991106048
 10
-242.353421671316
 20
249.5528968653525
 10
-242.1890708990395
 20
249.6076804421609
 10
-241.9973281733692
 20
249.6076804421609
 10
-241.9973281733692
 20
277.1729511237063
 10
-242.0521118436009
 20
277.1729511237063
 10
-242.0977648627013
 20
277.1638205281924
 10
-242.1525482935831
 20
277.1455593353021
 10
-242.2438543308526
 20
277.1090369495214
 10
-242.2895073499531
 20
277.0816451610881
 10
-242.3351603681222
 20
277.0451227734447
 10
-242.3716824967414
 20
277.008600387664
 10
-242.3990746894851
 20
276.9720780018833
 10
-242.4538581203669
 20
276.8807720374316
 10
-242.4721194235608
 20
276.8351190561079
 10
-242.4903804883361
 20
276.7803354774369
 10
-242.4995111394674
 20
276.7346824961423
 10
-242.4995111394674
 20
276.6798989156086
  0
LWPOLYLINE
  5
127
330
DE
100
AcDbEntity
  8
I-LK FURNITURE
100
AcDbPolyline
 90
4
 70
0
 10
-241.9973281733692
 20
249.6076804421609
 10
-240.6551305251196
 20
249.5711580582429
 10
-239.31293287687
 20
249.5528968653525
 10
-237.9707354661077
 20
249.5255050731939
  0
LWPOLYLINE
  5
128
330
DE
100
AcDbEntity
  8
I-LK FURNITURE
100
AcDbPolyline
 90
3
 70
0
 10
238.0163882486522
 20
249.5346356705995
 10
239.3494554832578
 20
249.5528968653525
 10
241.9973284136504
 20
249.6076804421609
  0
LWPOLYLINE
  5
129
330
DE
100
AcDbEntity
  8
I-LK FURNITURE
100
AcDbPolyline
 90
2
 70
0
 10
241.9973284136504
 20
283.0804470272269
 10
238.0163882486522
 20
283.0804470272269
  0
LWPOLYLINE
  5
12A
330
DE
100
AcDbEntity
  8
I-LK FURNITURE
100
AcDbPolyline
 90
2
 70
0
 10
-237.9707354661077
 20
283.0804470272269
 10
-241.9973281733692
 20
283.0804470272269
  0
LWPOLYLINE
  5
12B
330
DE
100
AcDbEntity
  8
I-LK FURNITURE
100
AcDbPolyline
 90
2
 70
0
 10
248.4983131065965
 20
214.3087945678271
 10
248.4983131065965
 20
235.9026551716379
  0
LWPOLYLINE
  5
12C
330
DE
100
AcDbEntity
  8
I-LK FURNITURE
100
AcDbPolyline
 90
2
 70
0
 10
-242.4995111394674
 20
235.9391775574186
 10
-242.4995111394674
 20
215.3679437555838
  0
LWPOLYLINE
  5
12D
330
DE
100
AcDbEntity
  8
I-LK FURNITURE
100
AcDbPolyline
 90
4
 70
0
 10
248.4983131065965
 20
75.64242628705688
 10
248.4983131065965
 20
149.4724291795574
 10
242.49951114133
 20
149.4724291795574
 10
242.49951114133
 20
83.8234407066484
  0
LWPOLYLINE
  5
12E
330
DE
100
AcDbEntity
  8
I-LK FURNITURE
100
AcDbPolyline
 90
5
 70
0
 10
-248.4983128663152
 20
50.67024499626132
 10
-248.4983128663152
 20
52.78854337180383
 10
-248.4983128663152
 20
149.3902538124821
 10
-242.4995111394674
 20
149.3902538124821
 10
-242.4995111394674
 20
61.32565105371759
  0
LWPOLYLINE
  5
12F
330
DE
100
AcDbEntity
  8
I-LK FURNITURE
100
AcDbPolyline
 90
2
 70
0
 10
242.49951114133
 20
149.4724291795574
 10
242.49951114133
 20
209.7617575375771
  0
LWPOLYLINE
  5
130
330
DE
100
AcDbEntity
  8
I-LK FURNITURE
100
AcDbPolyline
 90
2
 70
0
 10
248.4983131065965
 20
149.4724291795574
 10
248.4983131065965
 20
209.7617575375771
  0
LWPOLYLINE
  5
131
330
DE
100
AcDbEntity
  8
I-LK FURNITURE
100
AcDbPolyline
 90
2
 70
0
 10
-248.4983128663152
 20
209.633929185482
 10
-248.4983128663152
 20
149.3902538124821
  0
LWPOLYLINE
  5
132
330
DE
100
AcDbEntity
  8
I-LK FURNITURE
100
AcDbPolyline
 90
2
 70
0
 10
-242.4995111394674
 20
209.633929185482
 10
-242.4995111394674
 20
149.3902538124821
  0
LWPOLYLINE
  5
133
330
DE
100
AcDbEntity
  8
I-LK FURNITURE
100
AcDbPolyline
 90
5
 70
0
 10
241.9973284136504
 20
223.7041783138411
 10
242.1890709009022
 20
223.4485216152098
 10
242.3534214347601
 20
223.2019955102296
 10
242.4629887742922
 20
222.9554694071121
 10
242.49951114133
 20
222.6998127047555
  0
LWPOLYLINE
  5
134
330
DE
100
AcDbEntity
  8
I-LK FURNITURE
100
AcDbPolyline
 90
7
 70
0
 10
-242.4995111394674
 20
222.6085067421373
 10
-242.4355968181044
 20
222.9919917910302
 10
-242.3990746894851
 20
223.0924283528584
 10
-242.389943799004
 20
223.1198201431544
 10
-242.3808133862913
 20
223.1380813360447
 10
-242.2073319638148
 20
223.3663462462719
 10
-241.9973281733692
 20
223.612872351252
  0
LWPOLYLINE
  5
135
330
DE
100
AcDbEntity
  8
I-LK FURNITURE
100
AcDbPolyline
 90
3
 70
0
 10
249.0004958333448
 20
73.27760180656333
 42
0.0042774242368321
 10
235.9985264493152
 20
73.35064657812472
 10
235.9985264493152
 20
193.3358145242091
  0
LWPOLYLINE
  5
136
330
DE
100
AcDbEntity
  8
I-LK FURNITURE
100
AcDbPolyline
 90
3
 70
0
 10
246.5352347390726
 20
78.08942613651745
 10
246.1791414804757
 20
77.8702918199706
 10
245.4578243121505
 20
77.29506424476858
  0
LWPOLYLINE
  5
137
330
DE
100
AcDbEntity
  8
I-LK FURNITURE
100
AcDbPolyline
 90
33
 70
0
 10
235.9985264493152
 20
193.4910346647375
 42
-0.0268683223407803
 10
242.49951114133
 20
193.2353779623809
 10
242.481250077486
 20
193.4910346647375
 10
242.4629887742922
 20
193.737560767855
 10
242.4082053434104
 20
194.248874168843
 10
242.3716827370226
 20
194.4954002719605
 10
242.3260297188535
 20
194.7510569743172
 10
242.2803767006844
 20
194.9975830774347
 10
242.2255932688713
 20
195.2441091824148
 10
242.1708095986396
 20
195.4997658810462
 10
242.1068955156952
 20
195.7371613905125
 10
242.033850543201
 20
195.98368749363
 10
241.9516753954813
 20
196.2302135967475
 10
241.8786306614056
 20
196.4676091062138
 10
241.6960185877979
 20
196.9424001195584
 10
241.4951454484835
 20
197.4171911366284
 10
241.2760112453252
 20
197.8737209589453
 10
241.1573134921491
 20
198.1019858691725
 10
240.901656921953
 20
198.5402545004617
 10
240.7646978665143
 20
198.759388815175
 10
240.6277388110757
 20
198.9693925325118
 10
240.3355596354231
 20
199.3893999708816
 10
240.1894701663405
 20
199.5902730927046
 10
240.0251196343452
 20
199.7911462126649
 10
239.8698992757127
 20
199.982888738974
 10
239.6964180916548
 20
200.1837618607969
 10
239.5320670809597
 20
200.3663737897296
 10
239.3585858969018
 20
200.5581163141469
 10
239.1759740617126
 20
200.7315976475656
 10
238.9933619871736
 20
200.9142095764983
 10
238.8016194999218
 20
201.0876909080544
 10
238.4181345254183
 20
201.4163923801098
 10
238.0163882486522
 20
201.7268326611375
  0
LWPOLYLINE
  5
138
330
DE
100
AcDbEntity
  8
I-LK FURNITURE
100
AcDbPolyline
 90
2
 70
0
 10
-248.4983128663152
 20
52.78854337180383
 10
-246.9461116660386
 20
52.78854337180383
  0
LWPOLYLINE
  5
139
330
DE
100
AcDbEntity
  8
I-LK FURNITURE
100
AcDbPolyline
 90
47
 70
0
 10
-187.4967980645596
 20
-205.7077727126889
 10
-187.4967980645596
 20
-262.7192169455811
 10
-187.3598392475394
 20
-264.5909892161144
 10
-186.9215706037357
 20
-266.4536308930255
 10
-186.2367755640298
 20
-268.1793136222987
 10
-185.341977449134
 20
-269.7589068065863
 10
-184.2554363701493
 20
-271.2015410469612
 10
-182.9862834559754
 20
-272.5163469352119
 10
-181.5071267522871
 20
-273.7398468590109
 10
-179.7449217615649
 20
-274.9176938015153
 10
-177.5992315579206
 20
-276.0772795511293
 10
-174.9878809954971
 20
-277.2003429131
 10
-172.0386982373893
 20
-278.2229697169387
 10
-168.9799483790994
 20
-279.0903763783863
 10
-165.8298924826086
 20
-279.8208240940876
 10
-162.5702697243541
 20
-280.4508352498233
 10
-159.2010796256363
 20
-280.9804098437016
 10
-155.7223224248737
 20
-281.4278090705047
 10
-152.1613896004856
 20
-281.783902332827
 10
-148.5182818667963
 20
-282.0669508217252
 10
-144.8112595733254
 20
-282.2678239454108
 10
-141.0677151512355
 20
-282.3865216964332
 10
-137.497651675716
 20
-282.4230440822138
 10
137.4976519159973
 20
-282.4230440822138
 10
139.478991586715
 20
-282.4047828893235
 10
143.2316666599363
 20
-282.3226075222483
 10
146.9386887140571
 20
-282.158256786206
 10
150.6000579893589
 20
-281.9208612786024
 10
154.1701212264596
 20
-281.5921598065179
 10
157.6488784272224
 20
-281.1904135629011
 10
161.0180682875216
 20
-280.7064919521799
 10
164.259429981932
 20
-280.1403949706582
 10
167.3638328593224
 20
-279.482992028381
 10
170.340407570824
 20
-278.7251525205502
 10
173.1891536395997
 20
-277.848615261697
 10
175.9283323688433
 20
-276.825988459721
 10
178.6035970151424
 20
-275.5659661501413
 10
180.7218955019489
 20
-274.2968132413225
 10
182.4293172992766
 20
-273.0093991433096
 10
183.8445596825331
 20
-271.6580708692782
 10
185.0406676242128
 20
-270.1971754378756
 10
186.0176413627341
 20
-268.6267128491018
 10
186.7572195958345
 20
-266.9284219082328
 10
187.2594025619328
 20
-265.1388250047749
 10
187.4876676537096
 20
-263.2853139252402
 10
187.4967980673537
 20
-262.7192169455811
 10
187.4967980673537
 20
-205.7077727126889
  0
LWPOLYLINE
  5
13A
330
DE
100
AcDbEntity
  8
I-LK FURNITURE
100
AcDbPolyline
 90
15
 70
0
 10
167.5007919147611
 20
-258.6469709286757
 10
166.8068664623424
 20
-258.8934970336559
 10
165.3551019504666
 20
-259.3500268541102
 10
163.5928964838386
 20
-259.8156872738036
 10
161.5385125558823
 20
-260.281347693468
 10
159.2193409297615
 20
-260.7287469184084
 10
156.6536433845758
 20
-261.1396237575682
 10
153.8688113987446
 20
-261.504847617296
 10
150.9104982288554
 20
-261.8152878964611
 10
147.8152257651091
 20
-262.0709445969551
 10
144.6012560240924
 20
-262.2535565258877
 10
141.3051106594503
 20
-262.3722542806063
 10
138.1459243502468
 20
-262.4179072619008
 10
137.4976519159973
 20
-262.4179072619008
 10
-137.497651675716
 20
-262.4179072619008
  0
LWPOLYLINE
  5
13B
330
DE
100
AcDbEntity
  8
I-LK FURNITURE
100
AcDbPolyline
 90
54
 70
0
 10
177.4987951107323
 20
-272.4159103752463
 10
177.2613993659616
 20
-272.4250409707602
 10
176.7866085935384
 20
-272.4067797797325
 10
176.3118175817654
 20
-272.37025739206
 10
176.0744218379259
 20
-272.3428656017932
 10
175.8370265699923
 20
-272.3063432178751
 10
175.5996310645714
 20
-272.2606902347179
 10
175.3713659718633
 20
-272.2241678507999
 10
175.1339707039296
 20
-272.1693842702662
 10
174.9057056121528
 20
-272.114600691595
 10
174.4491756642237
 20
-271.9867723413336
 10
174.2209108099341
 20
-271.9137275697722
 10
173.9926459556445
 20
-271.8315522008052
 10
173.7735117524862
 20
-271.7493768337299
 10
173.335243107751
 20
-271.5667649047973
 10
173.1161089055239
 20
-271.4663283429691
 10
172.9061048775911
 20
-271.3567611874605
 10
172.6869706735015
 20
-271.2471940301184
 10
172.4860975351185
 20
-271.1376268708846
 10
172.2760937456042
 20
-271.0189291180286
 10
171.8743477072567
 20
-270.7632724175346
 10
171.6826052200049
 20
-270.6263134698966
 10
171.4817318432033
 20
-270.4893545241503
 10
171.2991200070828
 20
-270.3432649809984
 10
171.1073775198311
 20
-270.1971754378756
 10
170.9247656837106
 20
-270.0419552973472
 10
170.7512840228155
 20
-269.8867351586814
 10
170.4043214153498
 20
-269.5580336847634
 10
169.9112693397328
 20
-269.0375896882615
 10
169.7651798706502
 20
-268.8549777593289
 10
169.609959512949
 20
-268.6723658303963
 10
169.4638700438663
 20
-268.4806233040872
 10
169.3269112268463
 20
-268.2888807796699
 10
169.1899521704763
 20
-268.0880076578469
 10
169.0621240045875
 20
-267.8962651334004
 10
168.9342956002802
 20
-267.6953920097149
 10
168.6969000957906
 20
-267.2753845732077
 10
168.4777656532824
 20
-266.8553771385341
 10
168.3773292042315
 20
-266.6362428219581
 10
168.276892753318
 20
-266.4262391027587
 10
168.1947171296924
 20
-266.1979741925315
 10
168.1034113308415
 20
-265.9788398759556
 10
168.0303665958345
 20
-265.7597055631049
 10
167.948190972209
 20
-265.5314406510151
 10
167.8203628063202
 20
-265.0749108286982
 10
167.7655793745071
 20
-264.8375153210945
 10
167.7107954667881
 20
-264.6092504108675
 10
167.6651426870376
 20
-264.3718549014302
 10
167.6194896679372
 20
-264.143589991203
 10
167.5829673008993
 20
-263.9061944817076
 10
167.5555755849928
 20
-263.6687989759957
 10
167.5007919147611
 20
-262.9566124531848
 10
167.5007919147611
 20
-262.7192169455811
 10
167.5007919147611
 20
-205.7260339055792
  0
ARC
  5
13C
330
DE
100
AcDbEntity
  8
I-LK FURNITURE
100
AcDbCircle
 10
-140.3767430530861
 20
-164.0809483822668
 30
0.0
 40
98.37909659551364
100
AcDbArc
 50
253.9957013946063
 51
271.6770160365166
  0
LWPOLYLINE
  5
13D
330
DE
100
AcDbEntity
  8
I-LK FURNITURE
100
AcDbPolyline
 90
48
 70
0
 10
-187.4967980645596
 20
-262.7192169455811
 10
-187.4785370007156
 20
-263.1940079589258
 10
-187.4420143952593
 20
-263.6687989759957
 10
-187.3689696602523
 20
-264.143589991203
 10
-187.3324475325644
 20
-264.3718549014302
 10
-187.286794513464
 20
-264.6092504108675
 10
-187.2320106048137
 20
-264.8375153210945
 10
-187.1772271730006
 20
-265.0749108286982
 10
-187.1133128516376
 20
-265.303175740788
 10
-186.9672233834863
 20
-265.7597055631049
 10
-186.8941786494105
 20
-265.9788398759556
 10
-186.8028728505595
 20
-266.1979741925315
 10
-186.7115668132901
 20
-266.4262391027587
 10
-186.6202607769519
 20
-266.6362428219581
 10
-186.5198243260384
 20
-266.8553771385341
 10
-186.3006898853928
 20
-267.2753845732077
 10
-186.0632943790406
 20
-267.6953920097149
 10
-185.9354659747332
 20
-267.8962651334004
 10
-185.8076378088444
 20
-268.0880076578469
 10
-185.6706787534058
 20
-268.2888807796699
 10
-185.5245892852545
 20
-268.4806233040872
 10
-185.3876304682344
 20
-268.6723658303963
 10
-185.077189989388
 20
-269.0375896882615
 10
-184.921969869174
 20
-269.2110710198176
 10
-184.5932683255523
 20
-269.5580336847634
 10
-184.246305719018
 20
-269.8867351586814
 10
-183.881082046777
 20
-270.1971754378756
 10
-183.6984699731693
 20
-270.3432649809984
 10
-183.5067274859175
 20
-270.4893545241503
 10
-183.1232422739267
 20
-270.7632724175346
 10
-182.7214962346479
 20
-271.0189291180286
 10
-182.5114924442023
 20
-271.1376268708846
 10
-181.8814810747281
 20
-271.4663283429691
 10
-181.6623468715698
 20
-271.5667649047973
 10
-181.2240782268345
 20
-271.7493768337299
 10
-181.0049440246075
 20
-271.8315522008052
 10
-180.7766791693866
 20
-271.9137275697722
 10
-180.5484143160284
 20
-271.9867723413336
 10
-180.0918843690306
 20
-272.114600691595
 10
-179.863619275391
 20
-272.1693842702662
 10
-179.6262240083888
 20
-272.2241678507999
 10
-179.3979589156806
 20
-272.2606902347179
 10
-179.160563647747
 20
-272.3063432178751
 10
-178.9231681432575
 20
-272.3428656017932
 10
-178.6857723984867
 20
-272.37025739206
 10
-178.210981387645
 20
-272.4067797797325
 10
-177.7361903749406
 20
-272.4250409707602
 10
-177.4987948704511
 20
-272.4159103752463
  0
LWPOLYLINE
  5
13E
330
DE
100
AcDbEntity
  8
I-LK FURNITURE
100
AcDbPolyline
 90
50
 70
0
 10
-177.4987948704511
 20
-272.4159103752463
 10
-177.2613993640988
 20
-272.4250409707602
 10
-176.7866083532572
 20
-272.4067797797325
 10
-176.3118173405528
 20
-272.37025739206
 10
-176.0744220735505
 20
-272.3428656017932
 10
-175.837026329711
 20
-272.3063432178751
 10
-175.5996308233589
 20
-272.2606902347179
 10
-175.3713659700006
 20
-272.2241678507999
 10
-175.1339704636484
 20
-272.1693842702662
 10
-174.9057056093588
 20
-272.114600691595
 10
-174.4491759007797
 20
-271.9867723413336
 10
-174.2209108080715
 20
-271.9137275697722
 10
-173.9926459537819
 20
-271.8315522008052
 10
-173.773511512205
 20
-271.7493768337299
 10
-173.3352428674698
 20
-271.5667649047973
 10
-173.1161086652428
 20
-271.4663283429691
 10
-172.4860975332558
 20
-271.1376268708846
 10
-172.2760937437415
 20
-271.0189291180286
 10
-171.8743474669755
 20
-270.7632724175346
 10
-171.4908624924719
 20
-270.4893545241503
 10
-171.1073772795498
 20
-270.1971754378756
 10
-170.9247654434294
 20
-270.0419552973472
 10
-170.7512842584401
 20
-269.8867351586814
 10
-170.4043214134872
 20
-269.5580336847634
 10
-170.0756201092154
 20
-269.2110710198176
 10
-169.9203999890015
 20
-269.0375896882615
 10
-169.6099597495049
 20
-268.6723658303963
 10
-169.4638700420037
 20
-268.4806233040872
 10
-169.3269109856337
 20
-268.2888807796699
 10
-169.1899524070323
 20
-268.0880076578469
 10
-169.0621237643063
 20
-267.8962651334004
 10
-168.9342953599989
 20
-267.6953920097149
 10
-168.6968998545781
 20
-267.2753845732077
 10
-168.4777656514198
 20
-266.8553771385341
 10
-168.377328963019
 20
-266.6362428219581
 10
-168.2860229257494
 20
-266.4262391027587
 10
-168.1947173662484
 20
-266.1979741925315
 10
-168.1034113280475
 20
-265.9788398759556
 10
-168.0303663555533
 20
-265.7597055631049
 10
-167.8842768874019
 20
-265.303175740788
 10
-167.820362566039
 20
-265.0749108286982
 10
-167.7655791342258
 20
-264.8375153210945
 10
-167.7107957024126
 20
-264.6092504108675
 10
-167.6651426842436
 20
-264.3718549014302
 10
-167.6194896660745
 20
-264.143589991203
 10
-167.592097950168
 20
-263.9061944817076
 10
-167.5555753447115
 20
-263.6687989759957
 10
-167.5007919128984
 20
-262.9566124531848
 10
-167.5007919128984
 20
-262.7192169455811
 10
-167.5007919128984
 20
-205.7260339055792
  0
LWPOLYLINE
  5
13F
330
DE
100
AcDbEntity
  8
I-LK FURNITURE
100
AcDbPolyline
 90
50
 70
0
 10
177.4987951107323
 20
-272.4159103752463
 10
177.7361906161532
 20
-272.4250409707602
 10
178.2109813895077
 20
-272.4067797797325
 10
178.685772638768
 20
-272.37025739206
 10
178.9231679067016
 20
-272.3428656017932
 10
179.1605634121224
 20
-272.3063432178751
 10
179.3888285048306
 20
-272.2606902347179
 10
179.6262240111828
 20
-272.2241678507999
 10
179.8544888645411
 20
-272.1693842702662
 10
180.0918843708932
 20
-272.114600691595
 10
180.5484140794724
 20
-271.9867723413336
 10
180.7766791721806
 20
-271.9137275697722
 10
180.9958136137575
 20
-271.8315522008052
 10
181.2240784680471
 20
-271.7493768337299
 10
181.6623468734324
 20
-271.5667649047973
 10
181.8814813150093
 20
-271.4663283429691
 10
182.5114924460649
 20
-271.1376268708846
 10
182.7123655853793
 20
-271.0189291180286
 10
182.9223693758249
 20
-270.8911007677671
 10
183.1141118621454
 20
-270.7632724175346
 10
183.3149850014597
 20
-270.6263134698966
 10
183.5067274887115
 20
-270.4893545241503
 10
183.6984699759631
 20
-270.3432649809984
 10
183.8810818111524
 20
-270.1971754378756
 10
184.2463057208805
 20
-269.8867351586814
 10
184.5932685667649
 20
-269.5580336847634
 10
184.9219698710367
 20
-269.2110710198176
 10
185.0771899912506
 20
-269.0375896882615
 10
185.2324103489518
 20
-268.8549777593289
 10
185.3784998189658
 20
-268.6723658303963
 10
185.6706787552685
 20
-268.2888807796699
 10
185.8076375722885
 20
-268.0880076578469
 10
185.9354662150145
 20
-267.8962651334004
 10
186.0632943809032
 20
-267.6953920097149
 10
186.300690125674
 20
-267.2753845732077
 10
186.519824327901
 20
-266.8553771385341
 10
186.6202607788146
 20
-266.6362428219581
 10
186.7115668151528
 20
-266.4262391027587
 10
186.802872614935
 20
-266.1979741925315
 10
186.9672233853489
 20
-265.7597055631049
 10
187.11331309285
 20
-265.303175740788
 10
187.1772274142131
 20
-265.0749108286982
 10
187.2320108450949
 20
-264.8375153210945
 10
187.286794276908
 20
-264.6092504108675
 10
187.3324472960085
 20
-264.3718549014302
 10
187.3689699014649
 20
-264.143589991203
 10
187.405492030084
 20
-263.9061944817076
 10
187.4602757003158
 20
-263.431403468363
 10
187.4785370025784
 20
-263.1940079589258
 10
187.4967980673537
 20
-262.7192169455811
  0
ARC
  5
140
330
DE
100
AcDbEntity
  8
I-LK FURNITURE
100
AcDbCircle
 10
-247.3072351841256
 20
203.6344618745788
 30
0.0
 40
414.6255135707222
100
AcDbArc
 50
358.9237746430342
 51
17.90773847784086
  0
ARC
  5
141
330
DE
100
AcDbEntity
  8
I-LK FURNITURE
100
AcDbCircle
 10
247.3437575539574
 20
203.6344618745788
 30
0.0
 40
414.6255135707222
100
AcDbArc
 50
162.0922615221592
 51
181.0762253569659
  0
ARC
  5
142
330
DE
100
AcDbEntity
  8
I-LK FURNITURE
100
AcDbCircle
 10
4674.921226616947
 20
-167.4734586097475
 30
0.0
 40
4755.890170314926
100
AcDbArc
 50
173.9821536600702
 51
175.5168892674016
  0
ARC
  5
143
330
DE
100
AcDbEntity
  8
I-LK FURNITURE
100
AcDbCircle
 10
-4674.884704247117
 20
-167.4734586097475
 30
0.0
 40
4755.890170314926
100
AcDbArc
 50
4.48311073259838
 51
6.017846339929847
  0
LWPOLYLINE
  5
144
330
DE
100
AcDbEntity
  8
I-LK FURNITURE
100
AcDbPolyline
 90
2
 70
0
 10
54.79712917841972
 20
331.1256455461554
 10
54.79712917841972
 20
380.5769559177861
  0
LWPOLYLINE
  5
145
330
DE
100
AcDbEntity
  8
I-LK FURNITURE
100
AcDbPolyline
 90
2
 70
0
 10
-54.7606068085879
 20
331.1256455461554
 10
-54.7606068085879
 20
380.5769559177861
  0
LINE
  5
146
330
DE
100
AcDbEntity
  8
Defpoints
  6
HIDDEN
100
AcDbLine
 10
0.0
 20
205.7260339055501
 30
0.0
 11
0.0
 21
-205.7260339055792
 31
0.0
  0
LINE
  5
147
330
DE
100
AcDbEntity
  8
Defpoints
  6
HIDDEN
100
AcDbLine
 10
-249.0004958324134
 20
-2.91038e-11
 30
0.0
 11
249.0004958324134
 21
-2.91038e-11
 31
0.0
  0
ENDBLK
  5
E0
330
DE
100
AcDbEntity
  8
0
100
AcDbBlockEnd
  0
BLOCK
  5
149
330
148
100
AcDbEntity
  8
0
100
AcDbBlockBegin
  2
it keyboard
 70
0
 10
0.0
 20
0.0
 30
0.0
  3
it keyboard
  1

  0
LWPOLYLINE
  5
14B
330
148
100
AcDbEntity
  8
0
 48
12.0
100
AcDbPolyline
 90
4
 70
1
 10
8.040144996717572
 20
2.91038e-11
 10
8.040144996717572
 20
129.0940371821052
 10
448.0401449967176
 20
129.0940371821052
 10
448.0401449967176
 20
2.91038e-11
  0
INSERT
  5
14C
330
148
100
AcDbEntity
  8
0
100
AcDbBlockReference
  2
*U13
 10
35.16895717114949
 20
101.6202952143818
 30
0.0
  0
INSERT
  5
14E
330
148
100
AcDbEntity
  8
0
100
AcDbBlockReference
  2
*U11
 10
386.6121428576973
 20
101.6202952143818
 30
0.0
  0
ENDBLK
  5
14A
330
148
100
AcDbEntity
  8
0
100
AcDbBlockEnd
  0
BLOCK
  5
151
330
150
100
AcDbEntity
  8
0
100
AcDbBlockBegin
  2
it mic
 70
0
 10
0.0
 20
0.0
 30
0.0
  3
it mic
  1

  0
MTEXT
  5
153
330
150
100
AcDbEntity
  8
I-LK EQPMT
 48
12.0
100
AcDbMText
 10
233.2398255821317
 20
64.46170233917655
 30
0.0
 40
50.0
 41
466.4796511627907
 46
0.0
 71
1
 72
5
  1
MIC
1001
ACAD
1000
ACAD_MTEXT_COLUMN_INFO_BEGIN
1070
75
1070
2
1070
79
1070
0
1070
76
1070
1
1070
78
1070
0
1070
48
1040
466.4796511627907
1070
49
1040
12.5
1070
50
1070
1
1040
0.0
1000
ACAD_MTEXT_COLUMN_INFO_END
1000
ACAD_MTEXT_COLUMNS_BEGIN
1070
47
1070
1
1000
ACAD_MTEXT_COLUMNS_END
  0
CIRCLE
  5
154
330
150
100
AcDbEntity
  8
I-LK EQPMT
 48
12.0
100
AcDbCircle
 10
234.5401449967176
 20
64.54701859102352
 30
0.0
 40
64.54701859105262
  0
CIRCLE
  5
155
330
150
100
AcDbEntity
  8
I-LK EQPMT
 48
12.0
100
AcDbCircle
 10
234.5401449967176
 20
64.54701859102352
 30
0.0
 40
47.40596281792385
  0
ENDBLK
  5
152
330
150
100
AcDbEntity
  8
0
100
AcDbBlockEnd
  0
BLOCK
  5
157
330
156
100
AcDbEntity
  8
0
100
AcDbBlockBegin
  2
a$c18799085
 70
0
 10
0.0
 20
0.0
 30
0.0
  3
a$c18799085
  1

  0
LWPOLYLINE
  5
159
330
156
100
AcDbEntity
  8
I-LK EQPMT
100
AcDbPolyline
 90
4
 70
1
 10
655.045485470444
 20
125.2269999025448
 10
624.6674821041522
 20
125.2269999025448
 10
624.6674821041522
 20
155.6050032694184
 10
655.045485470444
 20
155.6050032694184
  0
LWPOLYLINE
  5
15A
330
156
100
AcDbEntity
  8
I-LK EQPMT
100
AcDbPolyline
 90
4
 70
1
 10
652.0076851341872
 20
128.2648002392671
 10
627.7052824404091
 20
128.2648002392671
 10
627.7052824404091
 20
152.5672029328125
 10
652.0076851341872
 20
152.5672029328125
  0
LWPOLYLINE
  5
15B
330
156
100
AcDbEntity
  8
I-LK EQPMT
100
AcDbPolyline
 90
4
 70
1
 10
89.55076848529278
 20
125.2269999025448
 10
119.928771853447
 20
125.2269999025448
 10
119.928771853447
 20
155.6050032694184
 10
89.55076848529278
 20
155.6050032694184
  0
LWPOLYLINE
  5
15C
330
156
100
AcDbEntity
  8
I-LK EQPMT
100
AcDbPolyline
 90
4
 70
1
 10
92.58856882341206
 20
128.2648002392671
 10
116.8909715171903
 20
128.2648002392671
 10
116.8909715171903
 20
152.5672029328125
 10
92.58856882341206
 20
152.5672029328125
  0
LINE
  5
15D
330
156
100
AcDbEntity
  8
I-LK EQPMT
100
AcDbLine
 10
627.7052824404091
 20
152.5672029328125
 30
0.0
 11
652.0076851341872
 21
128.2648002392671
 31
0.0
  0
LINE
  5
15E
330
156
100
AcDbEntity
  8
I-LK EQPMT
100
AcDbLine
 10
116.8909715171903
 20
152.5672029328125
 30
0.0
 11
92.58856882341206
 21
128.2648002392671
 31
0.0
  0
LINE
  5
15F
330
156
100
AcDbEntity
  8
I-LK EQPMT
100
AcDbLine
 10
92.58856882341206
 20
152.5672029328125
 30
0.0
 11
116.8909715171903
 21
128.2648002392671
 31
0.0
  0
LINE
  5
160
330
156
100
AcDbEntity
  8
I-LK EQPMT
 48
12.0
100
AcDbLine
 10
616.9889203161001
 20
125.2269902919943
 30
0.0
 11
616.9889203161001
 21
109.7127832833503
 31
0.0
  0
LINE
  5
161
330
156
100
AcDbEntity
  8
I-LK EQPMT
 48
12.0
100
AcDbLine
 10
616.9889203161001
 20
125.2269902919943
 30
0.0
 11
663.5315413419156
 21
125.2269902919943
 31
0.0
  0
LINE
  5
162
330
156
100
AcDbEntity
  8
I-LK EQPMT
 48
12.0
100
AcDbLine
 10
81.46845865808427
 20
109.7127832833503
 30
0.0
 11
81.46845865808427
 21
125.2269902919943
 31
0.0
  0
LINE
  5
163
330
156
100
AcDbEntity
  8
I-LK EQPMT
 48
12.0
100
AcDbLine
 10
128.0110796838999
 20
125.2269902919943
 30
0.0
 11
128.0110796838999
 21
109.7127832833503
 31
0.0
  0
LINE
  5
164
330
156
100
AcDbEntity
  8
I-LK EQPMT
 48
12.0
100
AcDbLine
 10
725.5883693769574
 20
109.7127832833503
 30
0.0
 11
19.41163062304258
 21
109.7127832833503
 31
0.0
  0
LWPOLYLINE
  5
165
330
156
100
AcDbEntity
  8
I-LK EQPMT
 48
12.0
100
AcDbPolyline
 90
4
 70
1
 10
0.0
 20
58.0000000000291
 10
0.0
 20
70.88952203796363
 10
745.0
 20
70.88952203796363
 10
745.0
 20
58.0000000000291
  0
LINE
  5
166
330
156
100
AcDbEntity
  8
I-LK EQPMT
 48
12.0
100
AcDbLine
 10
0.0
 20
70.88952203796363
 30
0.0
 11
0.0
 21
90.30115266077335
 31
0.0
  0
LINE
  5
167
330
156
100
AcDbEntity
  8
I-LK EQPMT
 48
12.0
100
AcDbLine
 10
745.0
 20
70.88952203796363
 30
0.0
 11
745.0
 21
90.30115266077335
 31
0.0
  0
LINE
  5
168
330
156
100
AcDbEntity
  8
I-LK EQPMT
 48
12.0
100
AcDbLine
 10
0.0
 20
90.30115266077335
 30
0.0
 11
19.41163062304258
 21
109.7127832833503
 31
0.0
  0
LINE
  5
169
330
156
100
AcDbEntity
  8
I-LK EQPMT
 48
12.0
100
AcDbLine
 10
745.0
 20
90.30115266077335
 30
0.0
 11
725.5883693769574
 21
109.7127832833503
 31
0.0
  0
LINE
  5
16A
330
156
100
AcDbEntity
  8
I-LK EQPMT
 48
12.0
100
AcDbLine
 10
663.5315413419156
 20
109.7127832833503
 30
0.0
 11
663.5315413419156
 21
125.2269902919943
 31
0.0
  0
LINE
  5
16B
330
156
100
AcDbEntity
  8
I-LK EQPMT
 48
12.0
100
AcDbLine
 10
81.46845865808427
 20
125.2269902919943
 30
0.0
 11
128.0110796838999
 21
125.2269902919943
 31
0.0
  0
MTEXT
  5
16C
330
156
100
AcDbEntity
  8
I-LK TEXT
 62
0
 48
2.0
100
AcDbMText
 10
391.1996805854142
 20
25.6359011628374
 30
0.0
 40
50.0
 41
466.4796511627907
 46
0.0
 71
1
 72
5
  1
32" TV SCREEN -VC
1001
ACAD
1000
ACAD_MTEXT_COLUMN_INFO_BEGIN
1070
75
1070
2
1070
79
1070
0
1070
76
1070
1
1070
78
1070
0
1070
48
1040
466.4796511627907
1070
49
1040
12.5
1070
50
1070
1
1040
0.0
1000
ACAD_MTEXT_COLUMN_INFO_END
1000
ACAD_MTEXT_COLUMNS_BEGIN
1070
47
1070
1
1000
ACAD_MTEXT_COLUMNS_END
  0
ENDBLK
  5
158
330
156
100
AcDbEntity
  8
0
100
AcDbBlockEnd
  0
BLOCK
  5
16E
330
16D
100
AcDbEntity
  8
0
100
AcDbBlockBegin
  2
clinic pc50s
 70
0
 10
0.0
 20
0.0
 30
0.0
  3
clinic pc50s
  1

  0
LWPOLYLINE
  5
170
330
16D
100
AcDbEntity
  8
I-LK EQPMT
100
AcDbPolyline
 90
4
 70
1
 10
358.0856304671615
 20
141.5586952792073
 10
327.70762710087
 20
141.5586952792073
 10
327.70762710087
 20
171.9366986460809
 10
358.0856304671615
 20
171.9366986460809
  0
LWPOLYLINE
  5
171
330
16D
100
AcDbEntity
  8
I-LK EQPMT
100
AcDbPolyline
 90
4
 70
1
 10
355.0478301309049
 20
144.5964956159296
 10
330.7454274371266
 20
144.5964956159296
 10
330.7454274371266
 20
168.898898309475
 10
355.0478301309049
 20
168.898898309475
  0
LWPOLYLINE
  5
172
330
16D
100
AcDbEntity
  8
I-LK EQPMT
100
AcDbPolyline
 90
4
 70
1
 10
97.59091348201036
 20
141.5586952792073
 10
127.9689168501645
 20
141.5586952792073
 10
127.9689168501645
 20
171.9366986460809
 10
97.59091348201036
 20
171.9366986460809
  0
LWPOLYLINE
  5
173
330
16D
100
AcDbEntity
  8
I-LK EQPMT
100
AcDbPolyline
 90
4
 70
1
 10
100.6287138201296
 20
144.5964956159296
 10
124.9311165139079
 20
144.5964956159296
 10
124.9311165139079
 20
168.898898309475
 10
100.6287138201296
 20
168.898898309475
  0
LINE
  5
174
330
16D
100
AcDbEntity
  8
I-LK EQPMT
100
AcDbLine
 10
330.7454274371266
 20
168.898898309475
 30
0.0
 11
355.0478301309049
 21
144.5964956159296
 31
0.0
  0
LINE
  5
175
330
16D
100
AcDbEntity
  8
I-LK EQPMT
100
AcDbLine
 10
124.9311165139079
 20
168.898898309475
 30
0.0
 11
100.6287138201296
 21
144.5964956159296
 31
0.0
  0
LINE
  5
176
330
16D
100
AcDbEntity
  8
I-LK EQPMT
100
AcDbLine
 10
100.6287138201296
 20
168.898898309475
 30
0.0
 11
124.9311165139079
 21
144.5964956159296
 31
0.0
  0
LINE
  5
177
330
16D
100
AcDbEntity
  8
I-LK EQPMT
 48
12.0
100
AcDbLine
 10
320.0290653128177
 20
141.5586856686568
 30
0.0
 11
320.0290653128177
 21
126.0444786600128
 31
0.0
  0
LINE
  5
178
330
16D
100
AcDbEntity
  8
I-LK EQPMT
 48
12.0
100
AcDbLine
 10
320.0290653128177
 20
141.5586856686568
 30
0.0
 11
366.5716863386334
 21
141.5586856686568
 31
0.0
  0
LINE
  5
179
330
16D
100
AcDbEntity
  8
I-LK EQPMT
 48
12.0
100
AcDbLine
 10
89.50860365480185
 20
126.0444786600128
 30
0.0
 11
89.50860365480185
 21
141.5586856686568
 31
0.0
  0
LINE
  5
17A
330
16D
100
AcDbEntity
  8
I-LK EQPMT
 48
12.0
100
AcDbLine
 10
136.0512246806175
 20
141.5586856686568
 30
0.0
 11
136.0512246806175
 21
126.0444786600128
 31
0.0
  0
LINE
  5
17B
330
16D
100
AcDbEntity
  8
I-LK EQPMT
 48
12.0
100
AcDbLine
 10
428.6285143736749
 20
126.0444786600128
 30
0.0
 11
27.45177561976016
 21
126.0444786600128
 31
0.0
  0
LWPOLYLINE
  5
17C
330
16D
100
AcDbEntity
  8
I-LK EQPMT
 48
12.0
100
AcDbPolyline
 90
4
 70
1
 10
8.040144996717572
 20
74.33169537669164
 10
8.040144996717572
 20
87.22121741462615
 10
448.0401449967176
 20
87.22121741462615
 10
448.0401449967176
 20
74.33169537669164
  0
LINE
  5
17D
330
16D
100
AcDbEntity
  8
I-LK EQPMT
 48
12.0
100
AcDbLine
 10
8.040144996717572
 20
87.22121741462615
 30
0.0
 11
8.040144996717572
 21
106.6328480374359
 31
0.0
  0
LINE
  5
17E
330
16D
100
AcDbEntity
  8
I-LK EQPMT
 48
12.0
100
AcDbLine
 10
448.0401449967176
 20
87.22121741462615
 30
0.0
 11
448.0401449967176
 21
106.6328480374359
 31
0.0
  0
LINE
  5
17F
330
16D
100
AcDbEntity
  8
I-LK EQPMT
 48
12.0
100
AcDbLine
 10
8.040144996717572
 20
106.6328480374359
 30
0.0
 11
27.45177561976016
 21
126.0444786600128
 31
0.0
  0
LINE
  5
180
330
16D
100
AcDbEntity
  8
I-LK EQPMT
 48
12.0
100
AcDbLine
 10
448.0401449967176
 20
106.6328480374359
 30
0.0
 11
428.6285143736749
 21
126.0444786600128
 31
0.0
  0
LINE
  5
181
330
16D
100
AcDbEntity
  8
I-LK EQPMT
 48
12.0
100
AcDbLine
 10
366.5716863386334
 20
126.0444786600128
 30
0.0
 11
366.5716863386334
 21
141.5586856686568
 31
0.0
  0
LINE
  5
182
330
16D
100
AcDbEntity
  8
I-LK EQPMT
 48
12.0
100
AcDbLine
 10
89.50860365480185
 20
141.5586856686568
 30
0.0
 11
136.0512246806175
 21
141.5586856686568
 31
0.0
  0
MTEXT
  5
183
330
16D
100
AcDbEntity
  8
I-LK EQPMT
 48
12.0
100
AcDbMText
 10
233.2398255821317
 20
25.63590116277919
 30
0.0
 40
50.0
 41
466.4796511627907
 46
0.0
 71
1
 72
5
  1
PC 50S
1001
ACAD
1000
ACAD_MTEXT_COLUMN_INFO_BEGIN
1070
75
1070
2
1070
79
1070
0
1070
76
1070
1
1070
78
1070
0
1070
48
1040
466.4796511627907
1070
49
1040
12.5
1070
50
1070
1
1040
0.0
1000
ACAD_MTEXT_COLUMN_INFO_END
1000
ACAD_MTEXT_COLUMNS_BEGIN
1070
47
1070
1
1000
ACAD_MTEXT_COLUMNS_END
  0
ENDBLK
  5
16F
330
16D
100
AcDbEntity
  8
0
100
AcDbBlockEnd
  0
BLOCK
  5
185
330
184
100
AcDbEntity
  8
0
100
AcDbBlockBegin
  2
clinic chair trial set
 70
0
 10
0.0
 20
0.0
 30
0.0
  3
clinic chair trial set
  1

  0
LWPOLYLINE
  5
187
330
184
100
AcDbEntity
  8
I-LK FURNITURE
100
AcDbPolyline
 90
4
 70
1
 10
500.0000000004948
 20
633.0000000011931
 10
500.0000000004948
 20
1.193257e-09
 10
4.947651e-10
 20
1.193257e-09
 10
4.947651e-10
 20
633.0000000011931
  0
LWPOLYLINE
  5
188
330
184
100
AcDbEntity
  8
I-LK FURNITURE
 62
146
370
0
420
1070729
440
33554536
100
AcDbPolyline
 90
4
 70
1
 10
98.00000000049477
 20
603.0000000011931
 10
98.00000000049477
 20
591.0000000011931
 10
500.0000000004948
 20
591.0000000011931
 10
500.0000000004948
 20
603.0000000011931
  0
LWPOLYLINE
  5
189
330
184
100
AcDbEntity
  8
I-LK FURNITURE
 62
146
370
0
420
1070729
440
33554536
100
AcDbPolyline
 90
4
 70
1
 10
98.00000000049477
 20
30.00000000119326
 10
98.00000000049477
 20
42.00000000119326
 10
500.0000000004948
 20
42.00000000119326
 10
500.0000000004948
 20
30.00000000119326
  0
LWPOLYLINE
  5
18A
330
184
100
AcDbEntity
  8
I-LK FURNITURE
 62
146
370
0
420
1070729
440
33554536
100
AcDbPolyline
 90
4
 70
1
 10
98.00000000049477
 20
591.0000000011931
 10
98.00000000049477
 20
42.00000000119326
 10
110.0000000004948
 20
42.00000000119326
 10
110.0000000004948
 20
591.0000000011931
  0
LWPOLYLINE
  5
18B
330
184
100
AcDbEntity
  8
I-LK FURNITURE
 62
146
420
1070729
100
AcDbPolyline
 90
4
 70
1
 10
500.0000000004948
 20
633.0000000011931
 10
500.0000000004948
 20
1.193257e-09
 10
518.0000000004948
 20
1.193257e-09
 10
518.0000000004948
 20
633.0000000011931
  0
INSERT
  5
18C
330
184
100
AcDbEntity
  8
I-LK PARTITION
100
AcDbBlockReference
  2
CLINIC CHAIR
 10
380.5769559177861
 20
985.4817388172087
 30
0.0
 50
90.00000000000006
  0
LWPOLYLINE
  5
18E
330
184
100
AcDbEntity
  8
LN-ELEVATION-2
100
AcDbPolyline
 90
4
 70
1
 10
4.947651e-10
 20
1.1933707e-09
 10
4.947651e-10
 20
18.00000000119337
 10
498.0000000004948
 20
18.00000000119331
 10
498.0000000004948
 20
1.1933139e-09
  0
LWPOLYLINE
  5
18F
330
184
100
AcDbEntity
  8
LN-ELEVATION-2
100
AcDbPolyline
 90
4
 70
1
 10
4.947651e-10
 20
633.0000000011931
 10
4.947651e-10
 20
615.0000000011933
 10
498.0000000004948
 20
615.0000000011933
 10
498.0000000004948
 20
633.0000000011931
  0
LWPOLYLINE
  5
190
330
184
100
AcDbEntity
  8
LN-ELEVATION-2
100
AcDbPolyline
 90
4
 70
1
 10
4.947651e-10
 20
18.00000000119326
 10
4.947651e-10
 20
615.0000000011933
 10
18.00000000049477
 20
615.0000000011933
 10
18.00000000049477
 20
18.00000000119326
  0
LWPOLYLINE
  5
191
330
184
100
AcDbEntity
  8
LN-ELEVATION-2
100
AcDbPolyline
 90
4
 70
1
 10
500.0000000004948
 20
318.0000000011933
 10
500.0000000004948
 20
633.0000000011931
 10
518.0000000004948
 20
633.0000000011931
 10
518.0000000004948
 20
318.0000000011933
  0
LWPOLYLINE
  5
192
330
184
100
AcDbEntity
  8
LN-ELEVATION-2
100
AcDbPolyline
 90
4
 70
1
 10
518.0000000004948
 20
1.1933139e-09
 10
518.0000000004948
 20
315.0000000011933
 10
500.0000000004948
 20
315.0000000011933
 10
500.0000000004948
 20
1.1933139e-09
  0
LWPOLYLINE
  5
193
330
184
100
AcDbEntity
  8
LN-ELEVATION-2
100
AcDbPolyline
 90
4
 70
1
 10
18.00000000049477
 20
307.5000000011933
 10
18.00000000049477
 20
325.5000000011933
 10
500.0000000004948
 20
325.5000000011933
 10
500.0000000004948
 20
307.5000000011933
  0
LWPOLYLINE
  5
194
330
184
100
AcDbEntity
  8
LN-ELEVATION-3
  6
ACAD_ISO03W100
 62
20
 48
0.05
420
16720932
100
AcDbPolyline
 90
4
 70
1
 10
617.2337672342837
 20
333.4976470221591
 10
501.264255785878
 20
626.3731707756233
 10
518.0000000004948
 20
633.0000000011931
 10
633.9695114489002
 20
340.124476247729
  0
LWPOLYLINE
  5
195
330
184
100
AcDbEntity
  8
LN-ELEVATION-3
  6
ACAD_ISO03W100
 62
20
 48
0.05
420
16720932
100
AcDbPolyline
 90
4
 70
1
 10
617.2337672342837
 20
299.5023529802273
 10
501.264255785878
 20
6.626829226763277
 10
518.0000000004948
 20
1.1933139e-09
 10
633.9695114489002
 20
292.8755237546575
  0
ARC
  5
196
330
184
100
AcDbEntity
  8
LN-ELEVATION-3
  6
ACAD_ISO03W100
 62
20
 48
0.05
420
16720932
100
AcDbCircle
 10
516.2795804065536
 20
654.4693054270756
 30
0.0
 40
336.4737037828586
100
AcDbArc
 50
270.2929596276738
 51
287.4597587178951
  0
ARC
  5
197
330
184
100
AcDbEntity
  8
LN-ELEVATION-3
  6
ACAD_ISO03W100
 62
20
 48
0.05
420
16720932
100
AcDbCircle
 10
518.0000000004948
 20
1.1933139e-09
 30
0.0
 40
314.9999999991236
100
AcDbArc
 50
71.67381838442049
 51
90.0
  0
LWPOLYLINE
  5
198
330
184
100
AcDbEntity
  8
LN-ELEVATION-4
  6
ACAD_ISO03W100
 62
20
 48
0.001
420
16720932
100
AcDbPolyline
 90
4
 70
1
 10
264.808818476653
 20
277.5000000011934
 10
264.808818476653
 20
37.50000000119332
 10
419.8088184766529
 20
37.50000000119332
 10
419.8088184766529
 20
277.5000000011933
  0
LWPOLYLINE
  5
199
330
184
100
AcDbEntity
  8
LN-ELEVATION-4
  6
ACAD_ISO03W100
 62
20
 48
0.001
420
16720932
100
AcDbPolyline
 90
4
 70
1
 10
171.2247772531118
 20
398.0000000011934
 10
471.2247772531118
 20
398.0000000011933
 10
471.2247772531118
 20
553.0000000011931
 10
171.2247772531118
 20
553.0000000011931
  0
ENDBLK
  5
186
330
184
100
AcDbEntity
  8
0
100
AcDbBlockEnd
  0
BLOCK
  5
19B
330
19A
100
AcDbEntity
  8
0
100
AcDbBlockBegin
  2
a$c4fdbbfdd
 70
0
 10
0.0
 20
0.0
 30
0.0
  3
a$c4fdbbfdd
  1

  0
INSERT
  5
19D
330
19A
100
AcDbEntity
  8
I-LK IT
100
AcDbBlockReference
  2
CLINIC SCREEN
 10
2454.107780016959
 20
489.7506437236443
 30
0.0
 50
270.0
  0
INSERT
  5
19F
330
19A
100
AcDbEntity
  8
I-LK IT
100
AcDbBlockReference
  2
A$C18799085
 10
255.6050032675266
 20
780.5895919215401
 30
0.0
 50
90.0
  0
INSERT
  5
1A1
330
19A
100
AcDbEntity
  8
I-LK IT
100
AcDbBlockReference
  2
CLINIC PC50S
 10
271.9366986453533
 20
925.0494469248224
 30
0.0
 50
90.0
  0
LWPOLYLINE
  5
1A3
330
19A
100
AcDbEntity
  8
I-LK EQPMT
100
AcDbPolyline
 90
4
 70
1
 10
1425.692691065371
 20
1506.068627073662
 10
1561.990023858845
 20
1506.068627073662
 10
1561.990023858845
 20
1378.104704173515
 10
1425.692691065371
 20
1378.104704173515
  0
CIRCLE
  5
1A4
330
19A
100
AcDbEntity
  8
I-LK EQPMT
100
AcDbCircle
 10
1494.950297571719
 20
1440.041832098039
 30
0.0
 40
22.00969815952703
  0
CIRCLE
  5
1A5
330
19A
100
AcDbEntity
  8
I-LK EQPMT
100
AcDbCircle
 10
1494.950297571719
 20
1440.041832098039
 30
0.0
 40
24.94501443160698
  0
INSERT
  5
1A6
330
19A
100
AcDbEntity
  8
I-LK IT
100
AcDbBlockReference
  2
IT KEYBOARD
 10
1888.057289466262
 20
628.6930494818371
 30
0.0
 50
270.0
  0
INSERT
  5
1A8
330
19A
100
AcDbEntity
  8
I-LK IT
100
AcDbBlockReference
  2
IT MIC
 10
1902.384787004441
 20
956.6032974517439
 30
0.0
 50
270.0
  0
INSERT
  5
1AA
330
19A
100
AcDbEntity
  8
I-LK FF&E
100
AcDbBlockReference
  2
CLINIC CHAIR TRIAL SET
 10
2378.181959189475
 20
167.6078531043604
 30
0.0
 41
-1.0
  0
LWPOLYLINE
  5
1AC
330
19A
100
AcDbEntity
  8
0
  6
ACAD_ISO03W100
 62
13
 48
0.01
420
16729927
100
AcDbPolyline
 90
4
 70
0
 43
12.0
 10
2107.373140715063
 20
407.2913461665156
 10
2433.72799449414
 20
407.2913461665156
 10
2433.72799449414
 20
1505.843844732037
 10
1503.556618742645
 20
1505.843844732037
  0
LWPOLYLINE
  5
1AD
330
19A
100
AcDbEntity
  8
0
  6
ACAD_ISO03W100
 62
13
 48
0.01
420
16729927
100
AcDbPolyline
 90
4
 70
0
 10
1900.957181937993
 20
630.8507429095916
 40
12.0
 41
12.0
 10
388.2820764556527
 20
630.8507429095916
 40
12.0
 41
12.0
 10
388.2820764556527
 20
1042.090570891276
 40
12.0
 41
12.0
 10
100.0
 20
1042.090570891276
  0
CIRCLE
  5
1AE
330
19A
100
AcDbEntity
  8
0
  6
ACAD_ISO03W100
 62
13
 48
0.01
420
16729927
100
AcDbCircle
 10
83.037800334394
 20
1042.090570891276
 30
0.0
 40
20.0
  0
LWPOLYLINE
  5
1AF
330
19A
100
AcDbEntity
  8
0
  6
ACAD_ISO03W100
 62
13
 48
0.01
420
16729927
100
AcDbPolyline
 90
4
 70
0
 43
12.0
 10
2200.957181937993
 20
643.1078531055246
 10
2500.0
 20
643.1078531045932
 10
2500.0
 20
489.7506437236443
 10
2454.107780016959
 20
489.7506437236443
  0
LWPOLYLINE
  5
1B0
330
19A
100
AcDbEntity
  8
0
  6
ACAD_ISO03W100
 62
13
 48
0.01
420
16729927
100
AcDbPolyline
 90
4
 70
0
 43
15.0
 10
1900.957181937993
 20
697.4039080580696
 10
457.2361191213131
 20
697.4039080580696
 10
457.2361191213131
 20
1181.942219393794
 10
197.6050032675266
 20
1181.942219393794
  0
LWPOLYLINE
  5
1B1
330
19A
100
AcDbEntity
  8
0
  6
ACAD_ISO03W100
 62
13
 48
0.01
420
16729927
100
AcDbPolyline
 90
4
 70
0
 43
15.0
 10
1900.957181937993
 20
768.0176244729663
 10
482.2361191213131
 20
768.0176244729663
 10
482.2361191213131
 20
1206.942219393794
 10
197.6050032675266
 20
1206.942219393794
  0
DIMENSION
  5
1B2
330
19A
100
AcDbEntity
  8
I-LK DIM
100
AcDbDimension
280
0
  3
LK-MM 75
 10
1494.950297571719
 20
1435.130220191553
 30
0.0
 11
1682.470160715282
 21
1435.130220191553
 31
0.0
 70
0
 71
5
 42
375.0397262871265
 73
0
 74
0
 75
0
 51
180.0
100
AcDbAlignedDimension
 13
1869.990023858845
 23
1442.086665623589
 33
0.0
 14
1494.950297571719
 24
1440.041832098039
 34
0.0
 50
180.0
100
AcDbRotatedDimension
  0
INSERT
  5
1B3
330
19A
100
AcDbEntity
  8
I-LK FF&E
100
AcDbBlockReference
  2
DOCTORS STOOL
 10
1816.643187589358
 20
136.8439229665619
 30
-1.237e-13
 50
90.0
  0
ENDBLK
  5
19C
330
19A
100
AcDbEntity
  8
0
100
AcDbBlockEnd
  0
BLOCK
  5
1B6
330
1B5
100
AcDbEntity
  8
0
100
AcDbBlockBegin
  2
doctors stool
 70
0
 10
0.0
 20
0.0
 30
0.0
  3
doctors stool
  1

  0
CIRCLE
  5
1B8
330
1B5
100
AcDbEntity
  8
0
 48
100.0
100
AcDbCircle
 10
228.0
 20
227.8099174629897
 30
0.0
 40
190.0
 39
0.1900000000019063
  0
LWPOLYLINE
  5
1B9
330
1B5
100
AcDbEntity
  8
0
 48
100.0
100
AcDbPolyline
 90
6
 70
0
 39
0.1900000000019063
 10
228.0
 20
37.80991746066138
 10
228.0
 20
9.119999997317793
 42
-0.4264743413925903
 10
218.5
 20
0.0079201031476259
 42
-0.959166304662544
 10
218.5
 20
455.611914822366
 42
-0.4264743413925903
 10
228.0
 20
446.4998349279631
 10
228.0
 20
417.8099174646193
  0
ENDBLK
  5
1B7
330
1B5
100
AcDbEntity
  8
0
100
AcDbBlockEnd
  0
BLOCK
  5
1BB
330
1BA
100
AcDbEntity
  8
0
100
AcDbBlockBegin
  2
*u10
 70
1
 10
0.0
 20
0.0
 30
0.0
  3
*u10
  1

  0
LWPOLYLINE
  5
1BD
330
1BA
100
AcDbEntity
  8
I-LK EQPMT
 48
12.0
100
AcDbPolyline
 90
4
 70
1
 10
5.986879315214992
 20
4.914598100478997
 10
-5.986879315214992
 20
4.914598100478997
 10
-5.986879315214992
 20
-4.914598100478997
 10
5.986879315214992
 20
-4.914598100478997
  0
ENDBLK
  5
1BC
330
1BA
100
AcDbEntity
  8
0
100
AcDbBlockEnd
  0
BLOCK
  5
1BF
330
1BE
100
AcDbEntity
  8
0
100
AcDbBlockBegin
  2
*u11
 70
1
 10
0.0
 20
0.0
 30
0.0
  3
*u11
  1

  0
INSERT
  5
1C1
330
1BE
100
AcDbEntity
  8
0
  6
ByBlock
 62
0
370
-2
440
16777216
100
AcDbBlockReference
  2
*U10
 10
0.0
 20
0.0
 30
0.0
  0
INSERT
  5
1C3
330
1BE
100
AcDbEntity
  8
0
  6
ByBlock
 62
0
370
-2
440
16777216
100
AcDbBlockReference
  2
*U10
 10
-9e-16
 20
-14.74379430143699
 30
0.0
  0
INSERT
  5
1C5
330
1BE
100
AcDbEntity
  8
0
  6
ByBlock
 62
0
370
-2
440
16777216
100
AcDbBlockReference
  2
*U10
 10
-1.8e-15
 20
-29.48758860287398
 30
0.0
  0
INSERT
  5
1C7
330
1BE
100
AcDbEntity
  8
0
  6
ByBlock
 62
0
370
-2
440
16777216
100
AcDbBlockReference
  2
*U10
 10
17.96063794564498
 20
0.0
 30
0.0
  0
INSERT
  5
1C9
330
1BE
100
AcDbEntity
  8
0
  6
ByBlock
 62
0
370
-2
440
16777216
100
AcDbBlockReference
  2
*U10
 10
17.96063794564498
 20
-14.74379430143699
 30
0.0
  0
INSERT
  5
1CB
330
1BE
100
AcDbEntity
  8
0
  6
ByBlock
 62
0
370
-2
440
16777216
100
AcDbBlockReference
  2
*U10
 10
17.96063794564497
 20
-29.48758860287398
 30
0.0
  0
INSERT
  5
1CD
330
1BE
100
AcDbEntity
  8
0
  6
ByBlock
 62
0
370
-2
440
16777216
100
AcDbBlockReference
  2
*U10
 10
35.92127589128995
 20
0.0
 30
0.0
  0
INSERT
  5
1CF
330
1BE
100
AcDbEntity
  8
0
  6
ByBlock
 62
0
370
-2
440
16777216
100
AcDbBlockReference
  2
*U10
 10
35.92127589128995
 20
-14.74379430143699
 30
0.0
  0
INSERT
  5
1D1
330
1BE
100
AcDbEntity
  8
0
  6
ByBlock
 62
0
370
-2
440
16777216
100
AcDbBlockReference
  2
*U10
 10
35.92127589128995
 20
-29.48758860287398
 30
0.0
  0
INSERT
  5
1D3
330
1BE
100
AcDbEntity
  8
0
  6
ByBlock
 62
0
370
-2
440
16777216
100
AcDbBlockReference
  2
*U10
 10
-2.7e-15
 20
-44.23138290431096
 30
0.0
  0
INSERT
  5
1D5
330
1BE
100
AcDbEntity
  8
0
  6
ByBlock
 62
0
370
-2
440
16777216
100
AcDbBlockReference
  2
*U10
 10
-3.6e-15
 20
-58.97517720574795
 30
0.0
  0
INSERT
  5
1D7
330
1BE
100
AcDbEntity
  8
0
  6
ByBlock
 62
0
370
-2
440
16777216
100
AcDbBlockReference
  2
*U10
 10
17.96063794564497
 20
-44.23138290431096
 30
0.0
  0
INSERT
  5
1D9
330
1BE
100
AcDbEntity
  8
0
  6
ByBlock
 62
0
370
-2
440
16777216
100
AcDbBlockReference
  2
*U10
 10
17.96063794564497
 20
-58.97517720574795
 30
0.0
  0
INSERT
  5
1DB
330
1BE
100
AcDbEntity
  8
0
  6
ByBlock
 62
0
370
-2
440
16777216
100
AcDbBlockReference
  2
*U10
 10
35.92127589128995
 20
-44.23138290431096
 30
0.0
  0
INSERT
  5
1DD
330
1BE
100
AcDbEntity
  8
0
  6
ByBlock
 62
0
370
-2
440
16777216
100
AcDbBlockReference
  2
*U10
 10
35.92127589128994
 20
-58.97517720574795
 30
0.0
  0
ENDBLK
  5
1C0
330
1BE
100
AcDbEntity
  8
0
100
AcDbBlockEnd
  0
BLOCK
  5
1E0
330
1DF
100
AcDbEntity
  8
0
100
AcDbBlockBegin
  2
*u12
 70
1
 10
0.0
 20
0.0
 30
0.0
  3
*u12
  1

  0
LWPOLYLINE
  5
1E2
330
1DF
100
AcDbEntity
  8
I-LK EQPMT
 48
12.0
100
AcDbPolyline
 90
4
 70
1
 10
5.986879315214992
 20
4.914598100478997
 10
-5.986879315214992
 20
4.914598100478997
 10
-5.986879315214992
 20
-4.914598100478997
 10
5.986879315214992
 20
-4.914598100478997
  0
ENDBLK
  5
1E1
330
1DF
100
AcDbEntity
  8
0
100
AcDbBlockEnd
  0
BLOCK
  5
1E4
330
1E3
100
AcDbEntity
  8
0
100
AcDbBlockBegin
  2
*u13
 70
1
 10
0.0
 20
0.0
 30
0.0
  3
*u13
  1

  0
INSERT
  5
1E6
330
1E3
100
AcDbEntity
  8
0
  6
ByBlock
 62
0
370
-2
440
16777216
100
AcDbBlockReference
  2
*U12
 10
0.0
 20
0.0
 30
0.0
  0
INSERT
  5
1E8
330
1E3
100
AcDbEntity
  8
0
  6
ByBlock
 62
0
370
-2
440
16777216
100
AcDbBlockReference
  2
*U12
 10
-9e-16
 20
-14.74379430143699
 30
0.0
  0
INSERT
  5
1EA
330
1E3
100
AcDbEntity
  8
0
  6
ByBlock
 62
0
370
-2
440
16777216
100
AcDbBlockReference
  2
*U12
 10
-1.8e-15
 20
-29.48758860287398
 30
0.0
  0
INSERT
  5
1EC
330
1E3
100
AcDbEntity
  8
0
  6
ByBlock
 62
0
370
-2
440
16777216
100
AcDbBlockReference
  2
*U12
 10
17.96063794564498
 20
0.0
 30
0.0
  0
INSERT
  5
1EE
330
1E3
100
AcDbEntity
  8
0
  6
ByBlock
 62
0
370
-2
440
16777216
100
AcDbBlockReference
  2
*U12
 10
17.96063794564498
 20
-14.74379430143699
 30
0.0
  0
INSERT
  5
1F0
330
1E3
100
AcDbEntity
  8
0
  6
ByBlock
 62
0
370
-2
440
16777216
100
AcDbBlockReference
  2
*U12
 10
17.96063794564497
 20
-29.48758860287398
 30
0.0
  0
INSERT
  5
1F2
330
1E3
100
AcDbEntity
  8
0
  6
ByBlock
 62
0
370
-2
440
16777216
100
AcDbBlockReference
  2
*U12
 10
35.92127589128995
 20
0.0
 30
0.0
  0
INSERT
  5
1F4
330
1E3
100
AcDbEntity
  8
0
  6
ByBlock
 62
0
370
-2
440
16777216
100
AcDbBlockReference
  2
*U12
 10
35.92127589128995
 20
-14.74379430143699
 30
0.0
  0
INSERT
  5
1F6
330
1E3
100
AcDbEntity
  8
0
  6
ByBlock
 62
0
370
-2
440
16777216
100
AcDbBlockReference
  2
*U12
 10
35.92127589128995
 20
-29.48758860287398
 30
0.0
  0
INSERT
  5
1F8
330
1E3
100
AcDbEntity
  8
0
  6
ByBlock
 62
0
370
-2
440
16777216
100
AcDbBlockReference
  2
*U12
 10
53.88191383693492
 20
0.0
 30
0.0
  0
INSERT
  5
1FA
330
1E3
100
AcDbEntity
  8
0
  6
ByBlock
 62
0
370
-2
440
16777216
100
AcDbBlockReference
  2
*U12
 10
53.88191383693492
 20
-14.74379430143699
 30
0.0
  0
INSERT
  5
1FC
330
1E3
100
AcDbEntity
  8
0
  6
ByBlock
 62
0
370
-2
440
16777216
100
AcDbBlockReference
  2
*U12
 10
53.88191383693492
 20
-29.48758860287398
 30
0.0
  0
INSERT
  5
1FE
330
1E3
100
AcDbEntity
  8
0
  6
ByBlock
 62
0
370
-2
440
16777216
100
AcDbBlockReference
  2
*U12
 10
-2.7e-15
 20
-44.23138290431096
 30
0.0
  0
INSERT
  5
200
330
1E3
100
AcDbEntity
  8
0
  6
ByBlock
 62
0
370
-2
440
16777216
100
AcDbBlockReference
  2
*U12
 10
-3.6e-15
 20
-58.97517720574795
 30
0.0
  0
INSERT
  5
202
330
1E3
100
AcDbEntity
  8
0
  6
ByBlock
 62
0
370
-2
440
16777216
100
AcDbBlockReference
  2
*U12
 10
17.96063794564497
 20
-44.23138290431096
 30
0.0
  0
INSERT
  5
204
330
1E3
100
AcDbEntity
  8
0
  6
ByBlock
 62
0
370
-2
440
16777216
100
AcDbBlockReference
  2
*U12
 10
17.96063794564497
 20
-58.97517720574795
 30
0.0
  0
INSERT
  5
206
330
1E3
100
AcDbEntity
  8
0
  6
ByBlock
 62
0
370
-2
440
16777216
100
AcDbBlockReference
  2
*U12
 10
35.92127589128995
 20
-44.23138290431096
 30
0.0
  0
INSERT
  5
208
330
1E3
100
AcDbEntity
  8
0
  6
ByBlock
 62
0
370
-2
440
16777216
100
AcDbBlockReference
  2
*U12
 10
35.92127589128994
 20
-58.97517720574795
 30
0.0
  0
INSERT
  5
20A
330
1E3
100
AcDbEntity
  8
0
  6
ByBlock
 62
0
370
-2
440
16777216
100
AcDbBlockReference
  2
*U12
 10
53.88191383693492
 20
-44.23138290431096
 30
0.0
  0
INSERT
  5
20C
330
1E3
100
AcDbEntity
  8
0
  6
ByBlock
 62
0
370
-2
440
16777216
100
AcDbBlockReference
  2
*U12
 10
53.88191383693492
 20
-58.97517720574795
 30
0.0
  0
INSERT
  5
20E
330
1E3
100
AcDbEntity
  8
0
  6
ByBlock
 62
0
370
-2
440
16777216
100
AcDbBlockReference
  2
*U12
 10
71.8425517825799
 20
0.0
 30
0.0
  0
INSERT
  5
210
330
1E3
100
AcDbEntity
  8
0
  6
ByBlock
 62
0
370
-2
440
16777216
100
AcDbBlockReference
  2
*U12
 10
71.8425517825799
 20
-14.74379430143699
 30
0.0
  0
INSERT
  5
212
330
1E3
100
AcDbEntity
  8
0
  6
ByBlock
 62
0
370
-2
440
16777216
100
AcDbBlockReference
  2
*U12
 10
71.8425517825799
 20
-29.48758860287398
 30
0.0
  0
INSERT
  5
214
330
1E3
100
AcDbEntity
  8
0
  6
ByBlock
 62
0
370
-2
440
16777216
100
AcDbBlockReference
  2
*U12
 10
71.8425517825799
 20
-44.23138290431096
 30
0.0
  0
INSERT
  5
216
330
1E3
100
AcDbEntity
  8
0
  6
ByBlock
 62
0
370
-2
440
16777216
100
AcDbBlockReference
  2
*U12
 10
71.8425517825799
 20
-58.97517720574795
 30
0.0
  0
INSERT
  5
218
330
1E3
100
AcDbEntity
  8
0
  6
ByBlock
 62
0
370
-2
440
16777216
100
AcDbBlockReference
  2
*U12
 10
89.80318972822487
 20
0.0
 30
0.0
  0
INSERT
  5
21A
330
1E3
100
AcDbEntity
  8
0
  6
ByBlock
 62
0
370
-2
440
16777216
100
AcDbBlockReference
  2
*U12
 10
89.80318972822487
 20
-14.74379430143699
 30
0.0
  0
INSERT
  5
21C
330
1E3
100
AcDbEntity
  8
0
  6
ByBlock
 62
0
370
-2
440
16777216
100
AcDbBlockReference
  2
*U12
 10
89.80318972822487
 20
-29.48758860287398
 30
0.0
  0
INSERT
  5
21E
330
1E3
100
AcDbEntity
  8
0
  6
ByBlock
 62
0
370
-2
440
16777216
100
AcDbBlockReference
  2
*U12
 10
89.80318972822487
 20
-44.23138290431096
 30
0.0
  0
INSERT
  5
220
330
1E3
100
AcDbEntity
  8
0
  6
ByBlock
 62
0
370
-2
440
16777216
100
AcDbBlockReference
  2
*U12
 10
89.80318972822487
 20
-58.97517720574795
 30
0.0
  0
INSERT
  5
222
330
1E3
100
AcDbEntity
  8
0
  6
ByBlock
 62
0
370
-2
440
16777216
100
AcDbBlockReference
  2
*U12
 10
107.7638276738699
 20
0.0
 30
0.0
  0
INSERT
  5
224
330
1E3
100
AcDbEntity
  8
0
  6
ByBlock
 62
0
370
-2
440
16777216
100
AcDbBlockReference
  2
*U12
 10
107.7638276738699
 20
-14.74379430143699
 30
0.0
  0
INSERT
  5
226
330
1E3
100
AcDbEntity
  8
0
  6
ByBlock
 62
0
370
-2
440
16777216
100
AcDbBlockReference
  2
*U12
 10
107.7638276738699
 20
-29.48758860287398
 30
0.0
  0
INSERT
  5
228
330
1E3
100
AcDbEntity
  8
0
  6
ByBlock
 62
0
370
-2
440
16777216
100
AcDbBlockReference
  2
*U12
 10
107.7638276738699
 20
-44.23138290431096
 30
0.0
  0
INSERT
  5
22A
330
1E3
100
AcDbEntity
  8
0
  6
ByBlock
 62
0
370
-2
440
16777216
100
AcDbBlockReference
  2
*U12
 10
107.7638276738699
 20
-58.97517720574795
 30
0.0
  0
INSERT
  5
22C
330
1E3
100
AcDbEntity
  8
0
  6
ByBlock
 62
0
370
-2
440
16777216
100
AcDbBlockReference
  2
*U12
 10
125.7244656195148
 20
0.0
 30
0.0
  0
INSERT
  5
22E
330
1E3
100
AcDbEntity
  8
0
  6
ByBlock
 62
0
370
-2
440
16777216
100
AcDbBlockReference
  2
*U12
 10
125.7244656195148
 20
-14.74379430143699
 30
0.0
  0
INSERT
  5
230
330
1E3
100
AcDbEntity
  8
0
  6
ByBlock
 62
0
370
-2
440
16777216
100
AcDbBlockReference
  2
*U12
 10
125.7244656195148
 20
-29.48758860287398
 30
0.0
  0
INSERT
  5
232
330
1E3
100
AcDbEntity
  8
0
  6
ByBlock
 62
0
370
-2
440
16777216
100
AcDbBlockReference
  2
*U12
 10
125.7244656195148
 20
-44.23138290431096
 30
0.0
  0
INSERT
  5
234
330
1E3
100
AcDbEntity
  8
0
  6
ByBlock
 62
0
370
-2
440
16777216
100
AcDbBlockReference
  2
*U12
 10
125.7244656195148
 20
-58.97517720574795
 30
0.0
  0
INSERT
  5
236
330
1E3
100
AcDbEntity
  8
0
  6
ByBlock
 62
0
370
-2
440
16777216
100
AcDbBlockReference
  2
*U12
 10
143.6851035651598
 20
0.0
 30
0.0
  0
INSERT
  5
238
330
1E3
100
AcDbEntity
  8
0
  6
ByBlock
 62
0
370
-2
440
16777216
100
AcDbBlockReference
  2
*U12
 10
143.6851035651598
 20
-14.74379430143699
 30
0.0
  0
INSERT
  5
23A
330
1E3
100
AcDbEntity
  8
0
  6
ByBlock
 62
0
370
-2
440
16777216
100
AcDbBlockReference
  2
*U12
 10
143.6851035651598
 20
-29.48758860287398
 30
0.0
  0
INSERT
  5
23C
330
1E3
100
AcDbEntity
  8
0
  6
ByBlock
 62
0
370
-2
440
16777216
100
AcDbBlockReference
  2
*U12
 10
143.6851035651598
 20
-44.23138290431096
 30
0.0
  0
INSERT
  5
23E
330
1E3
100
AcDbEntity
  8
0
  6
ByBlock
 62
0
370
-2
440
16777216
100
AcDbBlockReference
  2
*U12
 10
143.6851035651598
 20
-58.97517720574795
 30
0.0
  0
INSERT
  5
240
330
1E3
100
AcDbEntity
  8
0
  6
ByBlock
 62
0
370
-2
440
16777216
100
AcDbBlockReference
  2
*U12
 10
161.6457415108048
 20
0.0
 30
0.0
  0
INSERT
  5
242
330
1E3
100
AcDbEntity
  8
0
  6
ByBlock
 62
0
370
-2
440
16777216
100
AcDbBlockReference
  2
*U12
 10
161.6457415108048
 20
-14.74379430143699
 30
0.0
  0
INSERT
  5
244
330
1E3
100
AcDbEntity
  8
0
  6
ByBlock
 62
0
370
-2
440
16777216
100
AcDbBlockReference
  2
*U12
 10
161.6457415108048
 20
-29.48758860287398
 30
0.0
  0
INSERT
  5
246
330
1E3
100
AcDbEntity
  8
0
  6
ByBlock
 62
0
370
-2
440
16777216
100
AcDbBlockReference
  2
*U12
 10
161.6457415108048
 20
-44.23138290431096
 30
0.0
  0
INSERT
  5
248
330
1E3
100
AcDbEntity
  8
0
  6
ByBlock
 62
0
370
-2
440
16777216
100
AcDbBlockReference
  2
*U12
 10
161.6457415108048
 20
-58.97517720574795
 30
0.0
  0
INSERT
  5
24A
330
1E3
100
AcDbEntity
  8
0
  6
ByBlock
 62
0
370
-2
440
16777216
100
AcDbBlockReference
  2
*U12
 10
179.6063794564498
 20
0.0
 30
0.0
  0
INSERT
  5
24C
330
1E3
100
AcDbEntity
  8
0
  6
ByBlock
 62
0
370
-2
440
16777216
100
AcDbBlockReference
  2
*U12
 10
179.6063794564498
 20
-14.74379430143699
 30
0.0
  0
INSERT
  5
24E
330
1E3
100
AcDbEntity
  8
0
  6
ByBlock
 62
0
370
-2
440
16777216
100
AcDbBlockReference
  2
*U12
 10
179.6063794564498
 20
-29.48758860287398
 30
0.0
  0
INSERT
  5
250
330
1E3
100
AcDbEntity
  8
0
  6
ByBlock
 62
0
370
-2
440
16777216
100
AcDbBlockReference
  2
*U12
 10
179.6063794564498
 20
-44.23138290431096
 30
0.0
  0
INSERT
  5
252
330
1E3
100
AcDbEntity
  8
0
  6
ByBlock
 62
0
370
-2
440
16777216
100
AcDbBlockReference
  2
*U12
 10
179.6063794564498
 20
-58.97517720574795
 30
0.0
  0
INSERT
  5
254
330
1E3
100
AcDbEntity
  8
0
  6
ByBlock
 62
0
370
-2
440
16777216
100
AcDbBlockReference
  2
*U12
 10
197.5670174020947
 20
0.0
 30
0.0
  0
INSERT
  5
256
330
1E3
100
AcDbEntity
  8
0
  6
ByBlock
 62
0
370
-2
440
16777216
100
AcDbBlockReference
  2
*U12
 10
197.5670174020947
 20
-14.74379430143699
 30
0.0
  0
INSERT
  5
258
330
1E3
100
AcDbEntity
  8
0
  6
ByBlock
 62
0
370
-2
440
16777216
100
AcDbBlockReference
  2
*U12
 10
197.5670174020947
 20
-29.48758860287398
 30
0.0
  0
INSERT
  5
25A
330
1E3
100
AcDbEntity
  8
0
  6
ByBlock
 62
0
370
-2
440
16777216
100
AcDbBlockReference
  2
*U12
 10
197.5670174020947
 20
-44.23138290431096
 30
0.0
  0
INSERT
  5
25C
330
1E3
100
AcDbEntity
  8
0
  6
ByBlock
 62
0
370
-2
440
16777216
100
AcDbBlockReference
  2
*U12
 10
197.5670174020947
 20
-58.97517720574795
 30
0.0
  0
INSERT
  5
25E
330
1E3
100
AcDbEntity
  8
0
  6
ByBlock
 62
0
370
-2
440
16777216
100
AcDbBlockReference
  2
*U12
 10
215.5276553477397
 20
0.0
 30
0.0
  0
INSERT
  5
260
330
1E3
100
AcDbEntity
  8
0
  6
ByBlock
 62
0
370
-2
440
16777216
100
AcDbBlockReference
  2
*U12
 10
215.5276553477397
 20
-14.74379430143699
 30
0.0
  0
INSERT
  5
262
330
1E3
100
AcDbEntity
  8
0
  6
ByBlock
 62
0
370
-2
440
16777216
100
AcDbBlockReference
  2
*U12
 10
215.5276553477397
 20
-29.48758860287398
 30
0.0
  0
INSERT
  5
264
330
1E3
100
AcDbEntity
  8
0
  6
ByBlock
 62
0
370
-2
440
16777216
100
AcDbBlockReference
  2
*U12
 10
215.5276553477397
 20
-44.23138290431096
 30
0.0
  0
INSERT
  5
266
330
1E3
100
AcDbEntity
  8
0
  6
ByBlock
 62
0
370
-2
440
16777216
100
AcDbBlockReference
  2
*U12
 10
215.5276553477397
 20
-58.97517720574795
 30
0.0
  0
INSERT
  5
268
330
1E3
100
AcDbEntity
  8
0
  6
ByBlock
 62
0
370
-2
440
16777216
100
AcDbBlockReference
  2
*U12
 10
233.4882932933847
 20
0.0
 30
0.0
  0
INSERT
  5
26A
330
1E3
100
AcDbEntity
  8
0
  6
ByBlock
 62
0
370
-2
440
16777216
100
AcDbBlockReference
  2
*U12
 10
233.4882932933847
 20
-14.74379430143699
 30
0.0
  0
INSERT
  5
26C
330
1E3
100
AcDbEntity
  8
0
  6
ByBlock
 62
0
370
-2
440
16777216
100
AcDbBlockReference
  2
*U12
 10
233.4882932933847
 20
-29.48758860287398
 30
0.0
  0
INSERT
  5
26E
330
1E3
100
AcDbEntity
  8
0
  6
ByBlock
 62
0
370
-2
440
16777216
100
AcDbBlockReference
  2
*U12
 10
233.4882932933847
 20
-44.23138290431096
 30
0.0
  0
INSERT
  5
270
330
1E3
100
AcDbEntity
  8
0
  6
ByBlock
 62
0
370
-2
440
16777216
100
AcDbBlockReference
  2
*U12
 10
233.4882932933847
 20
-58.97517720574795
 30
0.0
  0
INSERT
  5
272
330
1E3
100
AcDbEntity
  8
0
  6
ByBlock
 62
0
370
-2
440
16777216
100
AcDbBlockReference
  2
*U12
 10
251.4489312390297
 20
0.0
 30
0.0
  0
INSERT
  5
274
330
1E3
100
AcDbEntity
  8
0
  6
ByBlock
 62
0
370
-2
440
16777216
100
AcDbBlockReference
  2
*U12
 10
251.4489312390297
 20
-14.74379430143699
 30
0.0
  0
INSERT
  5
276
330
1E3
100
AcDbEntity
  8
0
  6
ByBlock
 62
0
370
-2
440
16777216
100
AcDbBlockReference
  2
*U12
 10
251.4489312390297
 20
-29.48758860287398
 30
0.0
  0
INSERT
  5
278
330
1E3
100
AcDbEntity
  8
0
  6
ByBlock
 62
0
370
-2
440
16777216
100
AcDbBlockReference
  2
*U12
 10
251.4489312390297
 20
-44.23138290431096
 30
0.0
  0
INSERT
  5
27A
330
1E3
100
AcDbEntity
  8
0
  6
ByBlock
 62
0
370
-2
440
16777216
100
AcDbBlockReference
  2
*U12
 10
251.4489312390297
 20
-58.97517720574795
 30
0.0
  0
INSERT
  5
27C
330
1E3
100
AcDbEntity
  8
0
  6
ByBlock
 62
0
370
-2
440
16777216
100
AcDbBlockReference
  2
*U12
 10
269.4095691846746
 20
0.0
 30
0.0
  0
INSERT
  5
27E
330
1E3
100
AcDbEntity
  8
0
  6
ByBlock
 62
0
370
-2
440
16777216
100
AcDbBlockReference
  2
*U12
 10
269.4095691846746
 20
-14.74379430143699
 30
0.0
  0
INSERT
  5
280
330
1E3
100
AcDbEntity
  8
0
  6
ByBlock
 62
0
370
-2
440
16777216
100
AcDbBlockReference
  2
*U12
 10
269.4095691846746
 20
-29.48758860287398
 30
0.0
  0
INSERT
  5
282
330
1E3
100
AcDbEntity
  8
0
  6
ByBlock
 62
0
370
-2
440
16777216
100
AcDbBlockReference
  2
*U12
 10
269.4095691846746
 20
-44.23138290431096
 30
0.0
  0
INSERT
  5
284
330
1E3
100
AcDbEntity
  8
0
  6
ByBlock
 62
0
370
-2
440
16777216
100
AcDbBlockReference
  2
*U12
 10
269.4095691846746
 20
-58.97517720574795
 30
0.0
  0
INSERT
  5
286
330
1E3
100
AcDbEntity
  8
0
  6
ByBlock
 62
0
370
-2
440
16777216
100
AcDbBlockReference
  2
*U12
 10
287.3702071303196
 20
0.0
 30
0.0
  0
INSERT
  5
288
330
1E3
100
AcDbEntity
  8
0
  6
ByBlock
 62
0
370
-2
440
16777216
100
AcDbBlockReference
  2
*U12
 10
287.3702071303196
 20
-14.74379430143699
 30
0.0
  0
INSERT
  5
28A
330
1E3
100
AcDbEntity
  8
0
  6
ByBlock
 62
0
370
-2
440
16777216
100
AcDbBlockReference
  2
*U12
 10
287.3702071303196
 20
-29.48758860287398
 30
0.0
  0
INSERT
  5
28C
330
1E3
100
AcDbEntity
  8
0
  6
ByBlock
 62
0
370
-2
440
16777216
100
AcDbBlockReference
  2
*U12
 10
287.3702071303196
 20
-44.23138290431096
 30
0.0
  0
INSERT
  5
28E
330
1E3
100
AcDbEntity
  8
0
  6
ByBlock
 62
0
370
-2
440
16777216
100
AcDbBlockReference
  2
*U12
 10
287.3702071303196
 20
-58.97517720574795
 30
0.0
  0
INSERT
  5
290
330
1E3
100
AcDbEntity
  8
0
  6
ByBlock
 62
0
370
-2
440
16777216
100
AcDbBlockReference
  2
*U12
 10
305.3308450759646
 20
0.0
 30
0.0
  0
INSERT
  5
292
330
1E3
100
AcDbEntity
  8
0
  6
ByBlock
 62
0
370
-2
440
16777216
100
AcDbBlockReference
  2
*U12
 10
305.3308450759646
 20
-14.74379430143699
 30
0.0
  0
INSERT
  5
294
330
1E3
100
AcDbEntity
  8
0
  6
ByBlock
 62
0
370
-2
440
16777216
100
AcDbBlockReference
  2
*U12
 10
305.3308450759646
 20
-29.48758860287398
 30
0.0
  0
INSERT
  5
296
330
1E3
100
AcDbEntity
  8
0
  6
ByBlock
 62
0
370
-2
440
16777216
100
AcDbBlockReference
  2
*U12
 10
305.3308450759646
 20
-44.23138290431096
 30
0.0
  0
INSERT
  5
298
330
1E3
100
AcDbEntity
  8
0
  6
ByBlock
 62
0
370
-2
440
16777216
100
AcDbBlockReference
  2
*U12
 10
305.3308450759646
 20
-58.97517720574795
 30
0.0
  0
INSERT
  5
29A
330
1E3
100
AcDbEntity
  8
0
  6
ByBlock
 62
0
370
-2
440
16777216
100
AcDbBlockReference
  2
*U12
 10
323.2914830216096
 20
0.0
 30
0.0
  0
INSERT
  5
29C
330
1E3
100
AcDbEntity
  8
0
  6
ByBlock
 62
0
370
-2
440
16777216
100
AcDbBlockReference
  2
*U12
 10
323.2914830216096
 20
-14.74379430143699
 30
0.0
  0
INSERT
  5
29E
330
1E3
100
AcDbEntity
  8
0
  6
ByBlock
 62
0
370
-2
440
16777216
100
AcDbBlockReference
  2
*U12
 10
323.2914830216096
 20
-29.48758860287398
 30
0.0
  0
INSERT
  5
2A0
330
1E3
100
AcDbEntity
  8
0
  6
ByBlock
 62
0
370
-2
440
16777216
100
AcDbBlockReference
  2
*U12
 10
323.2914830216096
 20
-44.23138290431096
 30
0.0
  0
INSERT
  5
2A2
330
1E3
100
AcDbEntity
  8
0
  6
ByBlock
 62
0
370
-2
440
16777216
100
AcDbBlockReference
  2
*U12
 10
323.2914830216096
 20
-58.97517720574795
 30
0.0
  0
ENDBLK
  5
1E5
330
1E3
100
AcDbEntity
  8
0
100
AcDbBlockEnd
  0
BLOCK
  5
2A5
330
2A4
100
AcDbEntity
  8
0
100
AcDbBlockBegin
  2
*d14
 70
1
 10
0.0
 20
0.0
 30
0.0
  3
*d14
  1

  0
LINE
  5
2A7
330
2A4
100
AcDbEntity
  8
I-LK DIM
  6
HIDDEN
 62
8
370
0
440
16777216
100
AcDbLine
 10
1869.990023858845
 20
1416.486665623589
 30
0.0
 11
1869.990023858845
 21
1409.530220191553
 31
0.0
  0
LINE
  5
2A8
330
2A4
100
AcDbEntity
  8
I-LK DIM
  6
HIDDEN
 62
8
370
0
440
16777216
100
AcDbLine
 10
1494.950297571719
 20
1414.441832098039
 30
0.0
 11
1494.950297571719
 21
1409.530220191553
 31
0.0
  0
LINE
  5
2A9
330
2A4
100
AcDbEntity
  8
I-LK DIM
 62
8
370
5
440
16777216
100
AcDbLine
 10
1895.590023858845
 20
1435.130220191553
 30
0.0
 11
1768.95720027872
 21
1435.130220191553
 31
0.0
  0
LINE
  5
2AA
330
2A4
100
AcDbEntity
  8
I-LK DIM
 62
8
370
5
440
16777216
100
AcDbLine
 10
1469.350297571719
 20
1435.130220191553
 30
0.0
 11
1595.983121151844
 21
1435.130220191553
 31
0.0
  0
INSERT
  5
2AB
330
2A4
100
AcDbEntity
  8
I-LK DIM
 62
8
370
5
440
16777216
100
AcDbBlockReference
  2
_ArchTick
 10
1869.990023858845
 20
1435.130220191553
 30
0.0
 41
26.0
 42
26.0
 43
26.0
  0
INSERT
  5
2AD
330
2A4
100
AcDbEntity
  8
I-LK DIM
 62
8
370
5
440
16777216
100
AcDbBlockReference
  2
_ArchTick
 10
1494.950297571719
 20
1435.130220191553
 30
0.0
 41
26.0
 42
26.0
 43
26.0
 50
180.0
  0
MTEXT
  5
2AF
330
2A4
100
AcDbEntity
  8
I-LK DIM
440
16777216
100
AcDbMText
 10
1682.470160715282
 20
1435.130220191553
 30
0.0
 40
60.0
 41
0.0
 46
0.0
 71
5
  1
\A1;375
 11
-1.0
 21
-1e-16
 31
0.0
  0
POINT
  5
2B0
330
2A4
100
AcDbEntity
  8
Defpoints
 62
0
440
16777216
100
AcDbPoint
 10
1869.990023858845
 20
1442.086665623589
 30
0.0
  0
POINT
  5
2B1
330
2A4
100
AcDbEntity
  8
Defpoints
 62
0
440
16777216
100
AcDbPoint
 10
1494.950297571719
 20
1440.041832098039
 30
0.0
  0
POINT
  5
2B2
330
2A4
100
AcDbEntity
  8
Defpoints
 62
0
440
16777216
100
AcDbPoint
 10
1494.950297571719
 20
1435.130220191553
 30
0.0
  0
ENDBLK
  5
2A6
330
2A4
100
AcDbEntity
  8
0
100
AcDbBlockEnd
  0
BLOCK
  5
2B4
330
2B3
100
AcDbEntity
  8
0
100
AcDbBlockBegin
  2
roc_clinic
 70
0
 10
0.0
 20
0.0
 30
0.0
  3
roc_clinic
  1

  0
LWPOLYLINE
  5
2B6
330
2B3
100
AcDbEntity
  8
I-LK CURTAIN
 48
5.0
100
AcDbPolyline
 90
4
 70
1
 10
100.0
 20
0.0
 10
850.0000000000072
 20
0.0
 10
850.0000000000072
 20
100.0
 10
100.0
 20
100.0
  0
LWPOLYLINE
  5
2B7
330
2B3
100
AcDbEntity
  8
I-LK PARTITION
100
AcDbPolyline
 90
4
 70
1
 10
850.0000000000072
 20
100.0
 10
2500.000000000007
 20
100.0
 10
2500.000000000007
 20
0.0
 10
850.0000000000072
 20
0.0
  0
LWPOLYLINE
  5
2B8
330
2B3
100
AcDbEntity
  8
I-LK PARTITION
100
AcDbPolyline
 90
4
 70
1
 10
2500.000000014905
 20
1599.999999999069
 10
0.0
 20
1600.000000000007
 10
0.0
 20
1700.000000000003
 10
2500.000000014905
 20
1699.999999999069
  0
LWPOLYLINE
  5
2B9
330
2B3
100
AcDbEntity
  8
I-LK PARTITION
100
AcDbPolyline
 90
4
 70
1
 10
0.0
 20
1600.000000000007
 10
100.0
 20
1600.000000000007
 10
100.0
 20
0.0
 10
0.0
 20
0.0
  0
LWPOLYLINE
  5
2BA
330
2B3
100
AcDbEntity
  8
I-LK PARTITION
100
AcDbPolyline
 90
4
 70
1
 10
2500.000000000007
 20
0.0
 10
2500.000000014905
 20
1700.000000000003
 10
2600.000000014905
 20
1700.000000000003
 10
2600.000000000008
 20
0.0
  0
INSERT
  5
2BB
330
2B3
100
AcDbEntity
  8
0
100
AcDbBlockReference
  2
A$C4fdbbfdd
 10
7.4505806e-09
 20
0.0
 30
0.0
  0
ENDBLK
  5
2B5
330
2B3
100
AcDbEntity
  8
0
100
AcDbBlockEnd
  0
BLOCK
  5
2C2
330
2C1
100
AcDbEntity
  8
0
100
AcDbBlockBegin
  2
JJ_FIXTURE_MEDIUM_2
 70
0
 10
0.0
 20
0.0
 30
0.0
  3
JJ_FIXTURE_MEDIUM_2
  1

  0
INSERT
  5
2C4
330
2C1
100
AcDbEntity
  8
I-LK FF&E
100
AcDbBlockReference
  2
JJ 900
 10
911.7948143622633
 20
249.9999999999854
 30
0.0
  0
ENDBLK
  5
2C3
330
2C1
100
AcDbEntity
  8
0
100
AcDbBlockEnd
  0
BLOCK
  5
2CF
330
2CE
100
AcDbEntity
  8
0
100
AcDbBlockBegin
  2
EURO_CENTRE_1
 70
0
 10
0.0
 20
0.0
 30
0.0
  3
EURO_CENTRE_1
  1

  0
INSERT
  5
2D1
330
2CE
100
AcDbEntity
  8
I-LK FF&E
100
AcDbBlockReference
  2
EUROCENTER 1040
 10
520.0000000000001
 20
517.434990927577
 30
0.0
  0
ENDBLK
  5
2D0
330
2CE
100
AcDbEntity
  8
0
100
AcDbBlockEnd
  0
BLOCK
  5
2D5
330
2D4
100
AcDbEntity
  8
0
100
AcDbBlockBegin
  2
euro mirror
 70
0
 10
0.0
 20
0.0
 30
0.0
  3
euro mirror
  1

  0
LWPOLYLINE
  5
2D7
330
2D4
100
AcDbEntity
  8
LN-ELEVATION-5
  6
ACAD_ISO03W100
 48
0.1
100
AcDbPolyline
 90
4
 70
1
 10
140.0
 20
-41.46233547315932
 10
140.0
 20
-67.14025533781387
 10
-160.0
 20
-67.14025533781387
 10
-160.0
 20
-41.46233547315932
  0
LWPOLYLINE
  5
2D8
330
2D4
100
AcDbEntity
  8
LN-ELEVATION-5
  6
ACAD_ISO03W100
 48
0.1
100
AcDbPolyline
 90
4
 70
0
 10
140.0
 20
-67.14025533781387
 10
140.0
 20
-241.0752462653909
 10
-160.0
 20
-241.0752462653909
 10
-160.0
 20
-67.14025533781387
  0
LWPOLYLINE
  5
2D9
330
2D4
100
AcDbEntity
  8
LN-ELEVATION-5
  6
ACAD_ISO03W100
 48
0.1
100
AcDbPolyline
 90
4
 70
1
 10
140.0
 20
72.9897628070321
 10
140.0
 20
47.31184294237753
 10
-160.0
 20
47.31184294237753
 10
-160.0
 20
72.9897628070321
  0
LWPOLYLINE
  5
2DA
330
2D4
100
AcDbEntity
  8
LN-ELEVATION-5
  6
ACAD_ISO03W100
 48
0.1
100
AcDbPolyline
 90
4
 70
0
 10
140.0
 20
72.9897628070321
 10
140.0
 20
246.9247537346091
 10
-160.0
 20
246.9247537346091
 10
-160.0
 20
72.9897628070321
  0
LWPOLYLINE
  5
2DB
330
2D4
100
AcDbEntity
  8
LN-ELEVATION-4
  6
ACAD_ISO03W100
 48
0.1
100
AcDbPolyline
 90
4
 70
1
 10
0.0
 20
47.31184294237753
 10
0.0
 20
-41.46233547315932
 10
-20.0
 20
-41.46233547315932
 10
-20.0
 20
47.31184294237753
  0
LINE
  5
2DC
330
2D4
100
AcDbEntity
  8
LN-ELEVATION-5
  6
ACAD_ISO03W100
 48
0.1
100
AcDbLine
 10
139.8999999999069
 20
246.9247537346091
 30
0.0
 11
139.8999999999069
 21
47.31184294237753
 31
0.0
  0
LINE
  5
2DD
330
2D4
100
AcDbEntity
  8
LN-ELEVATION-5
  6
ACAD_ISO03W100
 48
0.1
100
AcDbLine
 10
139.8999999999069
 20
-41.46233547315932
 30
0.0
 11
139.8999999999069
 21
-241.0752462653909
 31
0.0
  0
LINE
  5
2DE
330
2D4
100
AcDbEntity
  8
LN-ELEVATION-5
  6
ACAD_ISO03W100
 48
0.1
100
AcDbLine
 10
139.6999999997206
 20
246.9247537346091
 30
0.0
 11
139.6999999997206
 21
47.31184294237753
 31
0.0
  0
LINE
  5
2DF
330
2D4
100
AcDbEntity
  8
LN-ELEVATION-5
  6
ACAD_ISO03W100
 48
0.1
100
AcDbLine
 10
139.6999999997206
 20
-41.46233547315932
 30
0.0
 11
139.6999999997206
 21
-241.0752462653909
 31
0.0
  0
LINE
  5
2E0
330
2D4
100
AcDbEntity
  8
LN-ELEVATION-5
  6
ACAD_ISO03W100
 48
0.1
100
AcDbLine
 10
139.3999999999069
 20
246.9247537346091
 30
0.0
 11
139.3999999999069
 21
47.31184294237753
 31
0.0
  0
LINE
  5
2E1
330
2D4
100
AcDbEntity
  8
LN-ELEVATION-5
  6
ACAD_ISO03W100
 48
0.1
100
AcDbLine
 10
139.3999999999069
 20
-41.46233547315932
 30
0.0
 11
139.3999999999069
 21
-241.0752462653909
 31
0.0
  0
LINE
  5
2E2
330
2D4
100
AcDbEntity
  8
LN-ELEVATION-5
  6
ACAD_ISO03W100
 48
0.1
100
AcDbLine
 10
139.0
 20
246.9247537346091
 30
0.0
 11
139.0
 21
47.31184294237753
 31
0.0
  0
LINE
  5
2E3
330
2D4
100
AcDbEntity
  8
LN-ELEVATION-5
  6
ACAD_ISO03W100
 48
0.1
100
AcDbLine
 10
139.0
 20
-41.46233547315932
 30
0.0
 11
139.0
 21
-241.0752462653909
 31
0.0
  0
LINE
  5
2E4
330
2D4
100
AcDbEntity
  8
LN-ELEVATION-5
  6
ACAD_ISO03W100
 48
0.1
100
AcDbLine
 10
138.5
 20
246.9247537346091
 30
0.0
 11
138.5
 21
47.31184294237753
 31
0.0
  0
LINE
  5
2E5
330
2D4
100
AcDbEntity
  8
LN-ELEVATION-5
  6
ACAD_ISO03W100
 48
0.1
100
AcDbLine
 10
138.5
 20
-41.46233547315932
 30
0.0
 11
138.5
 21
-241.0752462653909
 31
0.0
  0
LINE
  5
2E6
330
2D4
100
AcDbEntity
  8
LN-ELEVATION-5
  6
ACAD_ISO03W100
 48
0.1
100
AcDbLine
 10
137.8999999999069
 20
246.9247537346091
 30
0.0
 11
137.8999999999069
 21
47.31184294237753
 31
0.0
  0
LINE
  5
2E7
330
2D4
100
AcDbEntity
  8
LN-ELEVATION-5
  6
ACAD_ISO03W100
 48
0.1
100
AcDbLine
 10
137.8999999999069
 20
-41.46233547315932
 30
0.0
 11
137.8999999999069
 21
-241.0752462653909
 31
0.0
  0
LINE
  5
2E8
330
2D4
100
AcDbEntity
  8
LN-ELEVATION-5
  6
ACAD_ISO03W100
 48
0.1
100
AcDbLine
 10
137.1000000000931
 20
246.9247537346091
 30
0.0
 11
137.1000000000931
 21
47.31184294237753
 31
0.0
  0
LINE
  5
2E9
330
2D4
100
AcDbEntity
  8
LN-ELEVATION-5
  6
ACAD_ISO03W100
 48
0.1
100
AcDbLine
 10
137.1000000000931
 20
-41.46233547315932
 30
0.0
 11
137.1000000000931
 21
-241.0752462653909
 31
0.0
  0
LINE
  5
2EA
330
2D4
100
AcDbEntity
  8
LN-ELEVATION-5
  6
ACAD_ISO03W100
 48
0.1
100
AcDbLine
 10
136.1000000000931
 20
246.9247537346091
 30
0.0
 11
136.1000000000931
 21
47.31184294237753
 31
0.0
  0
LINE
  5
2EB
330
2D4
100
AcDbEntity
  8
LN-ELEVATION-5
  6
ACAD_ISO03W100
 48
0.1
100
AcDbLine
 10
136.1000000000931
 20
-41.46233547315932
 30
0.0
 11
136.1000000000931
 21
-241.0752462653909
 31
0.0
  0
LINE
  5
2EC
330
2D4
100
AcDbEntity
  8
LN-ELEVATION-5
  6
ACAD_ISO03W100
 48
0.1
100
AcDbLine
 10
134.1000000000931
 20
246.9247537346091
 30
0.0
 11
134.1000000000931
 21
47.31184294237753
 31
0.0
  0
LINE
  5
2ED
330
2D4
100
AcDbEntity
  8
LN-ELEVATION-5
  6
ACAD_ISO03W100
 48
0.1
100
AcDbLine
 10
134.1000000000931
 20
-41.46233547315932
 30
0.0
 11
134.1000000000931
 21
-241.0752462653909
 31
0.0
  0
LINE
  5
2EE
330
2D4
100
AcDbEntity
  8
LN-ELEVATION-5
  6
ACAD_ISO03W100
 48
0.1
100
AcDbLine
 10
131.1000000000931
 20
246.9247537346091
 30
0.0
 11
131.1000000000931
 21
47.31184294237753
 31
0.0
  0
LINE
  5
2EF
330
2D4
100
AcDbEntity
  8
LN-ELEVATION-5
  6
ACAD_ISO03W100
 48
0.1
100
AcDbLine
 10
131.1000000000931
 20
-41.46233547315932
 30
0.0
 11
131.1000000000931
 21
-241.0752462653909
 31
0.0
  0
LINE
  5
2F0
330
2D4
100
AcDbEntity
  8
LN-ELEVATION-5
  6
ACAD_ISO03W100
 48
0.1
100
AcDbLine
 10
126.1000000000931
 20
246.9247537346091
 30
0.0
 11
126.1000000000931
 21
47.31184294237753
 31
0.0
  0
LINE
  5
2F1
330
2D4
100
AcDbEntity
  8
LN-ELEVATION-5
  6
ACAD_ISO03W100
 48
0.1
100
AcDbLine
 10
126.1000000000931
 20
-41.46233547315932
 30
0.0
 11
126.1000000000931
 21
-241.0752462653909
 31
0.0
  0
LINE
  5
2F2
330
2D4
100
AcDbEntity
  8
LN-ELEVATION-5
  6
ACAD_ISO03W100
 48
0.1
100
AcDbLine
 10
121.1000000000931
 20
246.9247537346091
 30
0.0
 11
121.1000000000931
 21
47.31184294237753
 31
0.0
  0
LINE
  5
2F3
330
2D4
100
AcDbEntity
  8
LN-ELEVATION-5
  6
ACAD_ISO03W100
 48
0.1
100
AcDbLine
 10
121.1000000000931
 20
-41.46233547315932
 30
0.0
 11
121.1000000000931
 21
-241.0752462653909
 31
0.0
  0
LINE
  5
2F4
330
2D4
100
AcDbEntity
  8
LN-ELEVATION-5
  6
ACAD_ISO03W100
 48
0.1
100
AcDbLine
 10
115.1000000000931
 20
246.9247537346091
 30
0.0
 11
115.1000000000931
 21
47.31184294237753
 31
0.0
  0
LINE
  5
2F5
330
2D4
100
AcDbEntity
  8
LN-ELEVATION-5
  6
ACAD_ISO03W100
 48
0.1
100
AcDbLine
 10
115.1000000000931
 20
-41.46233547315932
 30
0.0
 11
115.1000000000931
 21
-241.0752462653909
 31
0.0
  0
LINE
  5
2F6
330
2D4
100
AcDbEntity
  8
LN-ELEVATION-5
  6
ACAD_ISO03W100
 48
0.1
100
AcDbLine
 10
108.1000000000931
 20
246.9247537346091
 30
0.0
 11
108.1000000000931
 21
47.31184294237753
 31
0.0
  0
LINE
  5
2F7
330
2D4
100
AcDbEntity
  8
LN-ELEVATION-5
  6
ACAD_ISO03W100
 48
0.1
100
AcDbLine
 10
108.1000000000931
 20
-41.46233547315932
 30
0.0
 11
108.1000000000931
 21
-241.0752462653909
 31
0.0
  0
LINE
  5
2F8
330
2D4
100
AcDbEntity
  8
LN-ELEVATION-5
  6
ACAD_ISO03W100
 48
0.1
100
AcDbLine
 10
100.1000000000931
 20
246.9247537346091
 30
0.0
 11
100.1000000000931
 21
47.31184294237753
 31
0.0
  0
LINE
  5
2F9
330
2D4
100
AcDbEntity
  8
LN-ELEVATION-5
  6
ACAD_ISO03W100
 48
0.1
100
AcDbLine
 10
100.1000000000931
 20
-41.46233547315932
 30
0.0
 11
100.1000000000931
 21
-241.0752462653909
 31
0.0
  0
LINE
  5
2FA
330
2D4
100
AcDbEntity
  8
LN-ELEVATION-5
  6
ACAD_ISO03W100
 48
0.1
100
AcDbLine
 10
91.10000000009312
 20
246.9247537346091
 30
0.0
 11
91.10000000009312
 21
47.31184294237753
 31
0.0
  0
LINE
  5
2FB
330
2D4
100
AcDbEntity
  8
LN-ELEVATION-5
  6
ACAD_ISO03W100
 48
0.1
100
AcDbLine
 10
91.10000000009312
 20
-41.46233547315932
 30
0.0
 11
91.10000000009312
 21
-241.0752462653909
 31
0.0
  0
LINE
  5
2FC
330
2D4
100
AcDbEntity
  8
LN-ELEVATION-5
  6
ACAD_ISO03W100
 48
0.1
100
AcDbLine
 10
82.10000000009315
 20
246.9247537346091
 30
0.0
 11
82.10000000009315
 21
47.31184294237753
 31
0.0
  0
LINE
  5
2FD
330
2D4
100
AcDbEntity
  8
LN-ELEVATION-5
  6
ACAD_ISO03W100
 48
0.1
100
AcDbLine
 10
82.10000000009315
 20
-41.46233547315932
 30
0.0
 11
82.10000000009315
 21
-241.0752462653909
 31
0.0
  0
LINE
  5
2FE
330
2D4
100
AcDbEntity
  8
LN-ELEVATION-5
  6
ACAD_ISO03W100
 48
0.1
100
AcDbLine
 10
65.0
 20
246.9247537346091
 30
0.0
 11
65.0
 21
47.31184294237753
 31
0.0
  0
LINE
  5
2FF
330
2D4
100
AcDbEntity
  8
LN-ELEVATION-5
  6
ACAD_ISO03W100
 48
0.1
100
AcDbLine
 10
65.0
 20
-41.46233547315932
 30
0.0
 11
65.0
 21
-241.0752462653909
 31
0.0
  0
LINE
  5
300
330
2D4
100
AcDbEntity
  8
LN-ELEVATION-5
  6
ACAD_ISO03W100
 48
0.1
100
AcDbLine
 10
-159.8999999999069
 20
246.9247537346091
 30
0.0
 11
-159.8999999999069
 21
47.31184294237753
 31
0.0
  0
LINE
  5
301
330
2D4
100
AcDbEntity
  8
LN-ELEVATION-5
  6
ACAD_ISO03W100
 48
0.1
100
AcDbLine
 10
-159.8999999999069
 20
-41.46233547315932
 30
0.0
 11
-159.8999999999069
 21
-241.0752462653909
 31
0.0
  0
LINE
  5
302
330
2D4
100
AcDbEntity
  8
LN-ELEVATION-5
  6
ACAD_ISO03W100
 48
0.1
100
AcDbLine
 10
-159.6999999997206
 20
246.9247537346091
 30
0.0
 11
-159.6999999997206
 21
47.31184294237753
 31
0.0
  0
LINE
  5
303
330
2D4
100
AcDbEntity
  8
LN-ELEVATION-5
  6
ACAD_ISO03W100
 48
0.1
100
AcDbLine
 10
-159.6999999997206
 20
-41.46233547315932
 30
0.0
 11
-159.6999999997206
 21
-241.0752462653909
 31
0.0
  0
LINE
  5
304
330
2D4
100
AcDbEntity
  8
LN-ELEVATION-5
  6
ACAD_ISO03W100
 48
0.1
100
AcDbLine
 10
-159.3999999999069
 20
246.9247537346091
 30
0.0
 11
-159.3999999999069
 21
47.31184294237753
 31
0.0
  0
LINE
  5
305
330
2D4
100
AcDbEntity
  8
LN-ELEVATION-5
  6
ACAD_ISO03W100
 48
0.1
100
AcDbLine
 10
-159.3999999999069
 20
-41.46233547315932
 30
0.0
 11
-159.3999999999069
 21
-241.0752462653909
 31
0.0
  0
LINE
  5
306
330
2D4
100
AcDbEntity
  8
LN-ELEVATION-5
  6
ACAD_ISO03W100
 48
0.1
100
AcDbLine
 10
-159.0
 20
246.9247537346091
 30
0.0
 11
-159.0
 21
47.31184294237753
 31
0.0
  0
LINE
  5
307
330
2D4
100
AcDbEntity
  8
LN-ELEVATION-5
  6
ACAD_ISO03W100
 48
0.1
100
AcDbLine
 10
-159.0
 20
-41.46233547315932
 30
0.0
 11
-159.0
 21
-241.0752462653909
 31
0.0
  0
LINE
  5
308
330
2D4
100
AcDbEntity
  8
LN-ELEVATION-5
  6
ACAD_ISO03W100
 48
0.1
100
AcDbLine
 10
-158.5
 20
246.9247537346091
 30
0.0
 11
-158.5
 21
47.31184294237753
 31
0.0
  0
LINE
  5
309
330
2D4
100
AcDbEntity
  8
LN-ELEVATION-5
  6
ACAD_ISO03W100
 48
0.1
100
AcDbLine
 10
-158.5
 20
-41.46233547315932
 30
0.0
 11
-158.5
 21
-241.0752462653909
 31
0.0
  0
LINE
  5
30A
330
2D4
100
AcDbEntity
  8
LN-ELEVATION-5
  6
ACAD_ISO03W100
 48
0.1
100
AcDbLine
 10
-157.8999999999069
 20
246.9247537346091
 30
0.0
 11
-157.8999999999069
 21
47.31184294237753
 31
0.0
  0
LINE
  5
30B
330
2D4
100
AcDbEntity
  8
LN-ELEVATION-5
  6
ACAD_ISO03W100
 48
0.1
100
AcDbLine
 10
-157.8999999999069
 20
-41.46233547315932
 30
0.0
 11
-157.8999999999069
 21
-241.0752462653909
 31
0.0
  0
LINE
  5
30C
330
2D4
100
AcDbEntity
  8
LN-ELEVATION-5
  6
ACAD_ISO03W100
 48
0.1
100
AcDbLine
 10
-157.1000000000931
 20
246.9247537346091
 30
0.0
 11
-157.1000000000931
 21
47.31184294237753
 31
0.0
  0
LINE
  5
30D
330
2D4
100
AcDbEntity
  8
LN-ELEVATION-5
  6
ACAD_ISO03W100
 48
0.1
100
AcDbLine
 10
-157.1000000000931
 20
-41.46233547315932
 30
0.0
 11
-157.1000000000931
 21
-241.0752462653909
 31
0.0
  0
LINE
  5
30E
330
2D4
100
AcDbEntity
  8
LN-ELEVATION-5
  6
ACAD_ISO03W100
 48
0.1
100
AcDbLine
 10
-156.1000000000931
 20
246.9247537346091
 30
0.0
 11
-156.1000000000931
 21
47.31184294237753
 31
0.0
  0
LINE
  5
30F
330
2D4
100
AcDbEntity
  8
LN-ELEVATION-5
  6
ACAD_ISO03W100
 48
0.1
100
AcDbLine
 10
-156.1000000000931
 20
-41.46233547315932
 30
0.0
 11
-156.1000000000931
 21
-241.0752462653909
 31
0.0
  0
LINE
  5
310
330
2D4
100
AcDbEntity
  8
LN-ELEVATION-5
  6
ACAD_ISO03W100
 48
0.1
100
AcDbLine
 10
-154.1000000000931
 20
246.9247537346091
 30
0.0
 11
-154.1000000000931
 21
47.31184294237753
 31
0.0
  0
LINE
  5
311
330
2D4
100
AcDbEntity
  8
LN-ELEVATION-5
  6
ACAD_ISO03W100
 48
0.1
100
AcDbLine
 10
-154.1000000000931
 20
-41.46233547315932
 30
0.0
 11
-154.1000000000931
 21
-241.0752462653909
 31
0.0
  0
LINE
  5
312
330
2D4
100
AcDbEntity
  8
LN-ELEVATION-5
  6
ACAD_ISO03W100
 48
0.1
100
AcDbLine
 10
-151.1000000000931
 20
246.9247537346091
 30
0.0
 11
-151.1000000000931
 21
47.31184294237753
 31
0.0
  0
LINE
  5
313
330
2D4
100
AcDbEntity
  8
LN-ELEVATION-5
  6
ACAD_ISO03W100
 48
0.1
100
AcDbLine
 10
-151.1000000000931
 20
-41.46233547315932
 30
0.0
 11
-151.1000000000931
 21
-241.0752462653909
 31
0.0
  0
LINE
  5
314
330
2D4
100
AcDbEntity
  8
LN-ELEVATION-5
  6
ACAD_ISO03W100
 48
0.1
100
AcDbLine
 10
-146.1000000000931
 20
246.9247537346091
 30
0.0
 11
-146.1000000000931
 21
47.31184294237753
 31
0.0
  0
LINE
  5
315
330
2D4
100
AcDbEntity
  8
LN-ELEVATION-5
  6
ACAD_ISO03W100
 48
0.1
100
AcDbLine
 10
-146.1000000000931
 20
-41.46233547315932
 30
0.0
 11
-146.1000000000931
 21
-241.0752462653909
 31
0.0
  0
LINE
  5
316
330
2D4
100
AcDbEntity
  8
LN-ELEVATION-5
  6
ACAD_ISO03W100
 48
0.1
100
AcDbLine
 10
-141.1000000000931
 20
246.9247537346091
 30
0.0
 11
-141.1000000000931
 21
47.31184294237753
 31
0.0
  0
LINE
  5
317
330
2D4
100
AcDbEntity
  8
LN-ELEVATION-5
  6
ACAD_ISO03W100
 48
0.1
100
AcDbLine
 10
-141.1000000000931
 20
-41.46233547315932
 30
0.0
 11
-141.1000000000931
 21
-241.0752462653909
 31
0.0
  0
LINE
  5
318
330
2D4
100
AcDbEntity
  8
LN-ELEVATION-5
  6
ACAD_ISO03W100
 48
0.1
100
AcDbLine
 10
-135.1000000000931
 20
246.9247537346091
 30
0.0
 11
-135.1000000000931
 21
47.31184294237753
 31
0.0
  0
LINE
  5
319
330
2D4
100
AcDbEntity
  8
LN-ELEVATION-5
  6
ACAD_ISO03W100
 48
0.1
100
AcDbLine
 10
-135.1000000000931
 20
-41.46233547315932
 30
0.0
 11
-135.1000000000931
 21
-241.0752462653909
 31
0.0
  0
LINE
  5
31A
330
2D4
100
AcDbEntity
  8
LN-ELEVATION-5
  6
ACAD_ISO03W100
 48
0.1
100
AcDbLine
 10
-128.1000000000931
 20
246.9247537346091
 30
0.0
 11
-128.1000000000931
 21
47.31184294237753
 31
0.0
  0
LINE
  5
31B
330
2D4
100
AcDbEntity
  8
LN-ELEVATION-5
  6
ACAD_ISO03W100
 48
0.1
100
AcDbLine
 10
-128.1000000000931
 20
-41.46233547315932
 30
0.0
 11
-128.1000000000931
 21
-241.0752462653909
 31
0.0
  0
LINE
  5
31C
330
2D4
100
AcDbEntity
  8
LN-ELEVATION-5
  6
ACAD_ISO03W100
 48
0.1
100
AcDbLine
 10
-120.1000000000931
 20
246.9247537346091
 30
0.0
 11
-120.1000000000931
 21
47.31184294237753
 31
0.0
  0
LINE
  5
31D
330
2D4
100
AcDbEntity
  8
LN-ELEVATION-5
  6
ACAD_ISO03W100
 48
0.1
100
AcDbLine
 10
-120.1000000000931
 20
-41.46233547315932
 30
0.0
 11
-120.1000000000931
 21
-241.0752462653909
 31
0.0
  0
LINE
  5
31E
330
2D4
100
AcDbEntity
  8
LN-ELEVATION-5
  6
ACAD_ISO03W100
 48
0.1
100
AcDbLine
 10
-111.1000000000931
 20
246.9247537346091
 30
0.0
 11
-111.1000000000931
 21
47.31184294237753
 31
0.0
  0
LINE
  5
31F
330
2D4
100
AcDbEntity
  8
LN-ELEVATION-5
  6
ACAD_ISO03W100
 48
0.1
100
AcDbLine
 10
-111.1000000000931
 20
-41.46233547315932
 30
0.0
 11
-111.1000000000931
 21
-241.0752462653909
 31
0.0
  0
LINE
  5
320
330
2D4
100
AcDbEntity
  8
LN-ELEVATION-5
  6
ACAD_ISO03W100
 48
0.1
100
AcDbLine
 10
-102.1000000000931
 20
246.9247537346091
 30
0.0
 11
-102.1000000000931
 21
47.31184294237753
 31
0.0
  0
LINE
  5
321
330
2D4
100
AcDbEntity
  8
LN-ELEVATION-5
  6
ACAD_ISO03W100
 48
0.1
100
AcDbLine
 10
-102.1000000000931
 20
-41.46233547315932
 30
0.0
 11
-102.1000000000931
 21
-241.0752462653909
 31
0.0
  0
LINE
  5
322
330
2D4
100
AcDbEntity
  8
LN-ELEVATION-5
  6
ACAD_ISO03W100
 48
0.1
100
AcDbLine
 10
-85.0
 20
246.9247537346091
 30
0.0
 11
-85.0
 21
47.31184294237753
 31
0.0
  0
LINE
  5
323
330
2D4
100
AcDbEntity
  8
LN-ELEVATION-5
  6
ACAD_ISO03W100
 48
0.1
100
AcDbLine
 10
-85.0
 20
-41.46233547315932
 30
0.0
 11
-85.0
 21
-241.0752462653909
 31
0.0
  0
ENDBLK
  5
2D6
330
2D4
100
AcDbEntity
  8
0
100
AcDbBlockEnd
  0
BLOCK
  5
325
330
324
100
AcDbEntity
  8
0
100
AcDbBlockBegin
  2
eurocenter 1040
 70
0
 10
0.0
 20
0.0
 30
0.0
  3
eurocenter 1040
  1

  0
LWPOLYLINE
  5
327
330
324
100
AcDbEntity
  8
LN-ELEVATION-2
100
AcDbPolyline
 90
4
 70
1
 10
-520.0
 20
-357.434990927577
 10
520.0
 20
-357.434990927577
 10
520.0
 20
497.565009072423
 10
-520.0
 20
497.565009072423
  0
LWPOLYLINE
  5
328
330
324
100
AcDbEntity
  8
LN-ELEVATION-1
100
AcDbPolyline
 90
4
 70
1
 10
-470.0
 20
-327.434990927577
 10
470.0
 20
-327.434990927577
 10
470.0
 20
467.565009072423
 10
-470.0
 20
467.565009072423
  0
LWPOLYLINE
  5
329
330
324
100
AcDbEntity
  8
LN-ELEVATION-1
100
AcDbPolyline
 90
4
 70
1
 10
-470.0
 20
85.06500907242298
 10
470.0
 20
85.06500907242298
 10
470.0
 20
55.06500907242298
 10
-470.0
 20
55.06500907242298
  0
LWPOLYLINE
  5
32A
330
324
100
AcDbEntity
  8
LN-ELEVATION-1
100
AcDbPolyline
 90
4
 70
1
 10
-470.0
 20
55.06500907242298
 10
470.0
 20
55.06500907242298
 10
470.0
 20
-327.434990927577
 10
-470.0
 20
-327.434990927577
  0
LWPOLYLINE
  5
32B
330
324
100
AcDbEntity
  8
LN-ELEVATION-1
100
AcDbPolyline
 90
2
 70
0
 10
-464.0
 20
-171.059990927577
 10
-464.0
 20
-101.684990927577
  0
LWPOLYLINE
  5
32C
330
324
100
AcDbEntity
  8
LN-ELEVATION-1
100
AcDbPolyline
 90
2
 70
0
 10
-464.0
 20
-95.68499092757702
 10
-464.0
 20
-26.30999092757702
  0
LWPOLYLINE
  5
32D
330
324
100
AcDbEntity
  8
LN-ELEVATION-1
100
AcDbPolyline
 90
3
 70
0
 10
-464.0
 20
-20.30999092757702
 10
-464.0
 20
49.06500907242298
 10
-283.2000000029802
 20
49.06500907242298
  0
LWPOLYLINE
  5
32E
330
324
100
AcDbEntity
  8
LN-ELEVATION-1
100
AcDbPolyline
 90
2
 70
0
 10
-277.2000000029802
 20
49.06500907242298
 10
-96.40000000596046
 20
49.06500907242298
  0
LWPOLYLINE
  5
32F
330
324
100
AcDbEntity
  8
LN-ELEVATION-1
100
AcDbPolyline
 90
2
 70
0
 10
-90.40000000596045
 20
49.06500907242298
 10
90.3999999910593
 20
49.06500907242298
  0
LWPOLYLINE
  5
330
330
324
100
AcDbEntity
  8
LN-ELEVATION-1
100
AcDbPolyline
 90
2
 70
0
 10
96.3999999910593
 20
49.06500907242298
 10
277.1999999880791
 20
49.06500907242298
  0
LWPOLYLINE
  5
331
330
324
100
AcDbEntity
  8
LN-ELEVATION-1
100
AcDbPolyline
 90
3
 70
0
 10
283.1999999880791
 20
49.06500907242298
 10
464.0
 20
49.06500907242298
 10
464.0
 20
-20.30999092757702
  0
LWPOLYLINE
  5
332
330
324
100
AcDbEntity
  8
LN-ELEVATION-1
100
AcDbPolyline
 90
2
 70
0
 10
464.0
 20
-26.30999092757702
 10
464.0
 20
-95.68499092757702
  0
LWPOLYLINE
  5
333
330
324
100
AcDbEntity
  8
LN-ELEVATION-1
100
AcDbPolyline
 90
2
 70
0
 10
464.0
 20
-101.684990927577
 10
464.0
 20
-171.059990927577
  0
LWPOLYLINE
  5
334
330
324
100
AcDbEntity
  8
LN-ELEVATION-1
100
AcDbPolyline
 90
3
 70
0
 10
464.0
 20
-177.059990927577
 10
464.0
 20
-321.434990927577
 10
283.1999999880791
 20
-321.434990927577
  0
LWPOLYLINE
  5
335
330
324
100
AcDbEntity
  8
LN-ELEVATION-1
100
AcDbPolyline
 90
2
 70
0
 10
277.1999999880791
 20
-321.434990927577
 10
96.3999999910593
 20
-321.434990927577
  0
LWPOLYLINE
  5
336
330
324
100
AcDbEntity
  8
LN-ELEVATION-1
100
AcDbPolyline
 90
2
 70
0
 10
90.3999999910593
 20
-321.434990927577
 10
-90.40000000596045
 20
-321.434990927577
  0
LWPOLYLINE
  5
337
330
324
100
AcDbEntity
  8
LN-ELEVATION-1
100
AcDbPolyline
 90
2
 70
0
 10
-96.40000000596046
 20
-321.434990927577
 10
-277.2000000029802
 20
-321.434990927577
  0
LWPOLYLINE
  5
338
330
324
100
AcDbEntity
  8
LN-ELEVATION-1
100
AcDbPolyline
 90
3
 70
0
 10
-283.2000000029802
 20
-321.434990927577
 10
-464.0
 20
-321.434990927577
 10
-464.0
 20
-177.059990927577
  0
LWPOLYLINE
  5
339
330
324
100
AcDbEntity
  8
LN-ELEVATION-1
100
AcDbPolyline
 90
4
 70
1
 10
-283.2000000029802
 20
55.06500907242298
 10
-277.2000000029802
 20
55.06500907242298
 10
-277.2000000029802
 20
-327.434990927577
 10
-283.2000000029802
 20
-327.434990927577
  0
LWPOLYLINE
  5
33A
330
324
100
AcDbEntity
  8
LN-ELEVATION-1
100
AcDbPolyline
 90
4
 70
1
 10
-96.40000000596046
 20
55.06500907242298
 10
-90.40000000596045
 20
55.06500907242298
 10
-90.40000000596045
 20
-327.434990927577
 10
-96.40000000596046
 20
-327.434990927577
  0
LWPOLYLINE
  5
33B
330
324
100
AcDbEntity
  8
LN-ELEVATION-1
100
AcDbPolyline
 90
4
 70
1
 10
90.3999999910593
 20
55.06500907242298
 10
96.3999999910593
 20
55.06500907242298
 10
96.3999999910593
 20
-327.434990927577
 10
90.3999999910593
 20
-327.434990927577
  0
LWPOLYLINE
  5
33C
330
324
100
AcDbEntity
  8
LN-ELEVATION-1
100
AcDbPolyline
 90
4
 70
1
 10
277.1999999880791
 20
55.06500907242298
 10
283.1999999880791
 20
55.06500907242298
 10
283.1999999880791
 20
-327.434990927577
 10
277.1999999880791
 20
-327.434990927577
  0
LWPOLYLINE
  5
33D
330
324
100
AcDbEntity
  8
LN-ELEVATION-1
100
AcDbPolyline
 90
4
 70
1
 10
283.1999999880791
 20
-20.30999092757702
 10
470.0
 20
-20.30999092757702
 10
470.0
 20
-26.30999092757702
 10
283.1999999880791
 20
-26.30999092757702
  0
LWPOLYLINE
  5
33E
330
324
100
AcDbEntity
  8
LN-ELEVATION-1
100
AcDbPolyline
 90
4
 70
1
 10
283.1999999880791
 20
-95.68499092757702
 10
470.0
 20
-95.68499092757702
 10
470.0
 20
-101.684990927577
 10
283.1999999880791
 20
-101.684990927577
  0
LWPOLYLINE
  5
33F
330
324
100
AcDbEntity
  8
LN-ELEVATION-1
100
AcDbPolyline
 90
4
 70
1
 10
283.1999999880791
 20
-171.059990927577
 10
470.0
 20
-171.059990927577
 10
470.0
 20
-177.059990927577
 10
283.1999999880791
 20
-177.059990927577
  0
LWPOLYLINE
  5
340
330
324
100
AcDbEntity
  8
LN-ELEVATION-1
100
AcDbPolyline
 90
4
 70
1
 10
96.39999997615817
 20
-20.30999092757702
 10
277.1999999880791
 20
-20.30999092757702
 10
277.1999999880791
 20
-26.30999092757702
 10
96.39999997615817
 20
-26.30999092757702
  0
LWPOLYLINE
  5
341
330
324
100
AcDbEntity
  8
LN-ELEVATION-1
100
AcDbPolyline
 90
4
 70
1
 10
96.39999997615817
 20
-95.68499092757702
 10
277.1999999880791
 20
-95.68499092757702
 10
277.1999999880791
 20
-101.684990927577
 10
96.39999997615817
 20
-101.684990927577
  0
LWPOLYLINE
  5
342
330
324
100
AcDbEntity
  8
LN-ELEVATION-1
100
AcDbPolyline
 90
4
 70
1
 10
96.39999997615817
 20
-171.059990927577
 10
277.1999999880791
 20
-171.059990927577
 10
277.1999999880791
 20
-177.059990927577
 10
96.39999997615817
 20
-177.059990927577
  0
LWPOLYLINE
  5
343
330
324
100
AcDbEntity
  8
LN-ELEVATION-1
100
AcDbPolyline
 90
4
 70
1
 10
-90.40000002086165
 20
-20.30999092757702
 10
90.3999999910593
 20
-20.30999092757702
 10
90.3999999910593
 20
-26.30999092757702
 10
-90.40000002086165
 20
-26.30999092757702
  0
LWPOLYLINE
  5
344
330
324
100
AcDbEntity
  8
LN-ELEVATION-1
100
AcDbPolyline
 90
4
 70
1
 10
-90.40000002086165
 20
-95.68499092757702
 10
90.3999999910593
 20
-95.68499092757702
 10
90.3999999910593
 20
-101.684990927577
 10
-90.40000002086165
 20
-101.684990927577
  0
LWPOLYLINE
  5
345
330
324
100
AcDbEntity
  8
LN-ELEVATION-1
100
AcDbPolyline
 90
4
 70
1
 10
-90.40000002086165
 20
-171.059990927577
 10
90.3999999910593
 20
-171.059990927577
 10
90.3999999910593
 20
-177.059990927577
 10
-90.40000002086165
 20
-177.059990927577
  0
LWPOLYLINE
  5
346
330
324
100
AcDbEntity
  8
LN-ELEVATION-1
100
AcDbPolyline
 90
4
 70
1
 10
-277.2000000178814
 20
-20.30999092757702
 10
-96.40000000596046
 20
-20.30999092757702
 10
-96.40000000596046
 20
-26.30999092757702
 10
-277.2000000178814
 20
-26.30999092757702
  0
LWPOLYLINE
  5
347
330
324
100
AcDbEntity
  8
LN-ELEVATION-1
100
AcDbPolyline
 90
4
 70
1
 10
-277.2000000178814
 20
-95.68499092757702
 10
-96.40000000596046
 20
-95.68499092757702
 10
-96.40000000596046
 20
-101.684990927577
 10
-277.2000000178814
 20
-101.684990927577
  0
LWPOLYLINE
  5
348
330
324
100
AcDbEntity
  8
LN-ELEVATION-1
100
AcDbPolyline
 90
4
 70
1
 10
-277.2000000178814
 20
-171.059990927577
 10
-96.40000000596046
 20
-171.059990927577
 10
-96.40000000596046
 20
-177.059990927577
 10
-277.2000000178814
 20
-177.059990927577
  0
LWPOLYLINE
  5
349
330
324
100
AcDbEntity
  8
LN-ELEVATION-1
100
AcDbPolyline
 90
4
 70
1
 10
-470.0000000149012
 20
-20.30999092757702
 10
-283.2000000029802
 20
-20.30999092757702
 10
-283.2000000029802
 20
-26.30999092757702
 10
-470.0000000149012
 20
-26.30999092757702
  0
LWPOLYLINE
  5
34A
330
324
100
AcDbEntity
  8
LN-ELEVATION-1
100
AcDbPolyline
 90
4
 70
1
 10
-470.0000000149012
 20
-95.68499092757702
 10
-283.2000000029802
 20
-95.68499092757702
 10
-283.2000000029802
 20
-101.684990927577
 10
-470.0000000149012
 20
-101.684990927577
  0
LWPOLYLINE
  5
34B
330
324
100
AcDbEntity
  8
LN-ELEVATION-1
100
AcDbPolyline
 90
4
 70
1
 10
-470.0000000149012
 20
-171.059990927577
 10
-283.2000000029802
 20
-171.059990927577
 10
-283.2000000029802
 20
-177.059990927577
 10
-470.0000000149012
 20
-177.059990927577
  0
LWPOLYLINE
  5
34C
330
324
100
AcDbEntity
  8
LN-ELEVATION-2
100
AcDbPolyline
 90
2
 70
0
 10
470.0
 20
467.565009072423
 10
520.0
 20
497.565009072423
  0
LWPOLYLINE
  5
34D
330
324
100
AcDbEntity
  8
LN-ELEVATION-2
100
AcDbPolyline
 90
2
 70
0
 10
470.0
 20
-327.434990927577
 10
520.0
 20
-357.434990927577
  0
LWPOLYLINE
  5
34E
330
324
100
AcDbEntity
  8
LN-ELEVATION-2
100
AcDbPolyline
 90
2
 70
0
 10
-470.0
 20
467.565009072423
 10
-520.0
 20
497.565009072423
  0
LWPOLYLINE
  5
34F
330
324
100
AcDbEntity
  8
LN-ELEVATION-2
100
AcDbPolyline
 90
2
 70
0
 10
-470.0
 20
-327.434990927577
 10
-520.0
 20
-357.434990927577
  0
LWPOLYLINE
  5
350
330
324
100
AcDbEntity
  8
LN-ELEVATION-3
100
AcDbPolyline
 90
4
 70
1
 10
-500.0
 20
-419.434990927577
 10
500.0
 20
-419.434990927577
 10
500.0
 20
-437.4349909275768
 10
-500.0
 20
-437.4349909275768
  0
LWPOLYLINE
  5
351
330
324
100
AcDbEntity
  8
LN-ELEVATION-3
100
AcDbPolyline
 90
4
 70
1
 10
470.0
 20
-357.434990927577
 10
500.0
 20
-357.434990927577
 10
500.0
 20
-419.434990927577
 10
470.0
 20
-419.434990927577
  0
LWPOLYLINE
  5
352
330
324
100
AcDbEntity
  8
LN-ELEVATION-3
100
AcDbPolyline
 90
4
 70
1
 10
-500.0
 20
-357.434990927577
 10
-470.0
 20
-357.434990927577
 10
-470.0
 20
-419.434990927577
 10
-500.0
 20
-419.434990927577
  0
LWPOLYLINE
  5
353
330
324
100
AcDbEntity
  8
LN-ELEVATION-4
100
AcDbPolyline
 90
4
 70
1
 10
-500.0
 20
-499.4349909275769
 10
500.0
 20
-499.4349909275769
 10
500.0
 20
-517.434990927577
 10
-500.0
 20
-517.434990927577
  0
LWPOLYLINE
  5
354
330
324
100
AcDbEntity
  8
LN-ELEVATION-4
100
AcDbPolyline
 90
4
 70
1
 10
470.0
 20
-437.4349909275768
 10
500.0
 20
-437.4349909275768
 10
500.0
 20
-499.4349909275769
 10
470.0
 20
-499.4349909275769
  0
LWPOLYLINE
  5
355
330
324
100
AcDbEntity
  8
LN-ELEVATION-4
100
AcDbPolyline
 90
4
 70
1
 10
-500.0
 20
-437.4349909275768
 10
-470.0
 20
-437.4349909275768
 10
-470.0
 20
-499.4349909275769
 10
-500.0
 20
-499.4349909275769
  0
LWPOLYLINE
  5
356
330
324
100
AcDbEntity
  8
LN-ELEVATION-1
100
AcDbPolyline
 90
4
 70
1
 10
-470.0
 20
85.06500907242298
 10
470.0
 20
85.06500907242298
 10
470.0
 20
467.565009072423
 10
-470.0
 20
467.565009072423
  0
LWPOLYLINE
  5
357
330
324
100
AcDbEntity
  8
LN-ELEVATION-1
100
AcDbPolyline
 90
2
 70
0
 10
-464.0
 20
311.190009072423
 10
-464.0
 20
241.815009072423
  0
LWPOLYLINE
  5
358
330
324
100
AcDbEntity
  8
LN-ELEVATION-1
100
AcDbPolyline
 90
2
 70
0
 10
-464.0
 20
235.815009072423
 10
-464.0
 20
166.440009072423
  0
LWPOLYLINE
  5
359
330
324
100
AcDbEntity
  8
LN-ELEVATION-1
100
AcDbPolyline
 90
3
 70
0
 10
-464.0
 20
160.440009072423
 10
-464.0
 20
91.06500907242297
 10
-283.2000000029802
 20
91.06500907242297
  0
LWPOLYLINE
  5
35A
330
324
100
AcDbEntity
  8
LN-ELEVATION-1
100
AcDbPolyline
 90
2
 70
0
 10
-277.2000000029802
 20
91.06500907242297
 10
-96.40000000596046
 20
91.06500907242297
  0
LWPOLYLINE
  5
35B
330
324
100
AcDbEntity
  8
LN-ELEVATION-1
100
AcDbPolyline
 90
2
 70
0
 10
-90.40000000596045
 20
91.06500907242297
 10
90.3999999910593
 20
91.06500907242297
  0
LWPOLYLINE
  5
35C
330
324
100
AcDbEntity
  8
LN-ELEVATION-1
100
AcDbPolyline
 90
2
 70
0
 10
96.3999999910593
 20
91.06500907242297
 10
277.1999999880791
 20
91.06500907242297
  0
LWPOLYLINE
  5
35D
330
324
100
AcDbEntity
  8
LN-ELEVATION-1
100
AcDbPolyline
 90
3
 70
0
 10
283.1999999880791
 20
91.06500907242297
 10
464.0
 20
91.06500907242297
 10
464.0
 20
160.440009072423
  0
LWPOLYLINE
  5
35E
330
324
100
AcDbEntity
  8
LN-ELEVATION-1
100
AcDbPolyline
 90
2
 70
0
 10
464.0
 20
166.440009072423
 10
464.0
 20
235.815009072423
  0
LWPOLYLINE
  5
35F
330
324
100
AcDbEntity
  8
LN-ELEVATION-1
100
AcDbPolyline
 90
2
 70
0
 10
464.0
 20
241.815009072423
 10
464.0
 20
311.190009072423
  0
LWPOLYLINE
  5
360
330
324
100
AcDbEntity
  8
LN-ELEVATION-1
100
AcDbPolyline
 90
3
 70
0
 10
464.0
 20
317.190009072423
 10
464.0
 20
461.565009072423
 10
283.1999999880791
 20
461.565009072423
  0
LWPOLYLINE
  5
361
330
324
100
AcDbEntity
  8
LN-ELEVATION-1
100
AcDbPolyline
 90
2
 70
0
 10
277.1999999880791
 20
461.565009072423
 10
96.3999999910593
 20
461.565009072423
  0
LWPOLYLINE
  5
362
330
324
100
AcDbEntity
  8
LN-ELEVATION-1
100
AcDbPolyline
 90
2
 70
0
 10
90.3999999910593
 20
461.565009072423
 10
-90.40000000596045
 20
461.565009072423
  0
LWPOLYLINE
  5
363
330
324
100
AcDbEntity
  8
LN-ELEVATION-1
100
AcDbPolyline
 90
2
 70
0
 10
-96.40000000596046
 20
461.565009072423
 10
-277.2000000029802
 20
461.565009072423
  0
LWPOLYLINE
  5
364
330
324
100
AcDbEntity
  8
LN-ELEVATION-1
100
AcDbPolyline
 90
3
 70
0
 10
-283.2000000029802
 20
461.565009072423
 10
-464.0
 20
461.565009072423
 10
-464.0
 20
317.190009072423
  0
LWPOLYLINE
  5
365
330
324
100
AcDbEntity
  8
LN-ELEVATION-1
100
AcDbPolyline
 90
4
 70
1
 10
-283.2000000029802
 20
85.06500907242298
 10
-277.2000000029802
 20
85.06500907242298
 10
-277.2000000029802
 20
467.565009072423
 10
-283.2000000029802
 20
467.565009072423
  0
LWPOLYLINE
  5
366
330
324
100
AcDbEntity
  8
LN-ELEVATION-1
100
AcDbPolyline
 90
4
 70
1
 10
-96.40000000596046
 20
85.06500907242298
 10
-90.40000000596045
 20
85.06500907242298
 10
-90.40000000596045
 20
467.565009072423
 10
-96.40000000596046
 20
467.565009072423
  0
LWPOLYLINE
  5
367
330
324
100
AcDbEntity
  8
LN-ELEVATION-1
100
AcDbPolyline
 90
4
 70
1
 10
90.3999999910593
 20
85.06500907242298
 10
96.3999999910593
 20
85.06500907242298
 10
96.3999999910593
 20
467.565009072423
 10
90.3999999910593
 20
467.565009072423
  0
LWPOLYLINE
  5
368
330
324
100
AcDbEntity
  8
LN-ELEVATION-1
100
AcDbPolyline
 90
4
 70
1
 10
277.1999999880791
 20
85.06500907242298
 10
283.1999999880791
 20
85.06500907242298
 10
283.1999999880791
 20
467.565009072423
 10
277.1999999880791
 20
467.565009072423
  0
LWPOLYLINE
  5
369
330
324
100
AcDbEntity
  8
LN-ELEVATION-1
100
AcDbPolyline
 90
4
 70
1
 10
283.1999999880791
 20
160.440009072423
 10
470.0
 20
160.440009072423
 10
470.0
 20
166.440009072423
 10
283.1999999880791
 20
166.440009072423
  0
LWPOLYLINE
  5
36A
330
324
100
AcDbEntity
  8
LN-ELEVATION-1
100
AcDbPolyline
 90
4
 70
1
 10
283.1999999880791
 20
235.815009072423
 10
470.0
 20
235.815009072423
 10
470.0
 20
241.815009072423
 10
283.1999999880791
 20
241.815009072423
  0
LWPOLYLINE
  5
36B
330
324
100
AcDbEntity
  8
LN-ELEVATION-1
100
AcDbPolyline
 90
4
 70
1
 10
283.1999999880791
 20
311.190009072423
 10
470.0
 20
311.190009072423
 10
470.0
 20
317.190009072423
 10
283.1999999880791
 20
317.190009072423
  0
LWPOLYLINE
  5
36C
330
324
100
AcDbEntity
  8
LN-ELEVATION-1
100
AcDbPolyline
 90
4
 70
1
 10
96.39999997615817
 20
160.440009072423
 10
277.1999999880791
 20
160.440009072423
 10
277.1999999880791
 20
166.440009072423
 10
96.39999997615817
 20
166.440009072423
  0
LWPOLYLINE
  5
36D
330
324
100
AcDbEntity
  8
LN-ELEVATION-1
100
AcDbPolyline
 90
4
 70
1
 10
96.39999997615817
 20
235.815009072423
 10
277.1999999880791
 20
235.815009072423
 10
277.1999999880791
 20
241.815009072423
 10
96.39999997615817
 20
241.815009072423
  0
LWPOLYLINE
  5
36E
330
324
100
AcDbEntity
  8
LN-ELEVATION-1
100
AcDbPolyline
 90
4
 70
1
 10
96.39999997615817
 20
311.190009072423
 10
277.1999999880791
 20
311.190009072423
 10
277.1999999880791
 20
317.190009072423
 10
96.39999997615817
 20
317.190009072423
  0
LWPOLYLINE
  5
36F
330
324
100
AcDbEntity
  8
LN-ELEVATION-1
100
AcDbPolyline
 90
4
 70
1
 10
-90.40000002086165
 20
160.440009072423
 10
90.3999999910593
 20
160.440009072423
 10
90.3999999910593
 20
166.440009072423
 10
-90.40000002086165
 20
166.440009072423
  0
LWPOLYLINE
  5
370
330
324
100
AcDbEntity
  8
LN-ELEVATION-1
100
AcDbPolyline
 90
4
 70
1
 10
-90.40000002086165
 20
235.815009072423
 10
90.3999999910593
 20
235.815009072423
 10
90.3999999910593
 20
241.815009072423
 10
-90.40000002086165
 20
241.815009072423
  0
LWPOLYLINE
  5
371
330
324
100
AcDbEntity
  8
LN-ELEVATION-1
100
AcDbPolyline
 90
4
 70
1
 10
-90.40000002086165
 20
311.190009072423
 10
90.3999999910593
 20
311.190009072423
 10
90.3999999910593
 20
317.190009072423
 10
-90.40000002086165
 20
317.190009072423
  0
LWPOLYLINE
  5
372
330
324
100
AcDbEntity
  8
LN-ELEVATION-1
100
AcDbPolyline
 90
4
 70
1
 10
-277.2000000178814
 20
160.440009072423
 10
-96.40000000596046
 20
160.440009072423
 10
-96.40000000596046
 20
166.440009072423
 10
-277.2000000178814
 20
166.440009072423
  0
LWPOLYLINE
  5
373
330
324
100
AcDbEntity
  8
LN-ELEVATION-1
100
AcDbPolyline
 90
4
 70
1
 10
-277.2000000178814
 20
235.815009072423
 10
-96.40000000596046
 20
235.815009072423
 10
-96.40000000596046
 20
241.815009072423
 10
-277.2000000178814
 20
241.815009072423
  0
LWPOLYLINE
  5
374
330
324
100
AcDbEntity
  8
LN-ELEVATION-1
100
AcDbPolyline
 90
4
 70
1
 10
-277.2000000178814
 20
311.190009072423
 10
-96.40000000596046
 20
311.190009072423
 10
-96.40000000596046
 20
317.190009072423
 10
-277.2000000178814
 20
317.190009072423
  0
LWPOLYLINE
  5
375
330
324
100
AcDbEntity
  8
LN-ELEVATION-1
100
AcDbPolyline
 90
4
 70
1
 10
-470.0000000149012
 20
160.440009072423
 10
-283.2000000029802
 20
160.440009072423
 10
-283.2000000029802
 20
166.440009072423
 10
-470.0000000149012
 20
166.440009072423
  0
LWPOLYLINE
  5
376
330
324
100
AcDbEntity
  8
LN-ELEVATION-1
100
AcDbPolyline
 90
4
 70
1
 10
-470.0000000149012
 20
235.815009072423
 10
-283.2000000029802
 20
235.815009072423
 10
-283.2000000029802
 20
241.815009072423
 10
-470.0000000149012
 20
241.815009072423
  0
LWPOLYLINE
  5
377
330
324
100
AcDbEntity
  8
LN-ELEVATION-1
100
AcDbPolyline
 90
4
 70
1
 10
-470.0000000149012
 20
311.190009072423
 10
-283.2000000029802
 20
311.190009072423
 10
-283.2000000029802
 20
317.190009072423
 10
-470.0000000149012
 20
317.190009072423
  0
LWPOLYLINE
  5
378
330
324
100
AcDbEntity
  8
LN-ELEVATION-4
100
AcDbPolyline
 90
4
 70
1
 10
-470.0
 20
-357.434990927577
 10
-464.0
 20
-357.434990927577
 10
-464.0
 20
-419.434990927577
 10
-470.0
 20
-419.434990927577
  0
LWPOLYLINE
  5
379
330
324
100
AcDbEntity
  8
LN-ELEVATION-4
100
AcDbPolyline
 90
4
 70
1
 10
-464.0
 20
-413.4349909275768
 10
-283.2000000029802
 20
-413.4349909275768
 10
-283.2000000029802
 20
-419.434990927577
 10
-464.0
 20
-419.434990927577
  0
LWPOLYLINE
  5
37A
330
324
100
AcDbEntity
  8
LN-ELEVATION-4
100
AcDbPolyline
 90
4
 70
1
 10
-283.2000000029802
 20
-357.434990927577
 10
-277.2000000029802
 20
-357.434990927577
 10
-277.2000000029802
 20
-419.434990927577
 10
-283.2000000029802
 20
-419.434990927577
  0
LWPOLYLINE
  5
37B
330
324
100
AcDbEntity
  8
LN-ELEVATION-4
100
AcDbPolyline
 90
4
 70
1
 10
-96.40000000596046
 20
-357.434990927577
 10
-90.40000000596045
 20
-357.434990927577
 10
-90.40000000596045
 20
-419.434990927577
 10
-96.40000000596046
 20
-419.434990927577
  0
LWPOLYLINE
  5
37C
330
324
100
AcDbEntity
  8
LN-ELEVATION-4
100
AcDbPolyline
 90
4
 70
1
 10
90.3999999910593
 20
-357.434990927577
 10
96.3999999910593
 20
-357.434990927577
 10
96.3999999910593
 20
-419.434990927577
 10
90.3999999910593
 20
-419.434990927577
  0
LWPOLYLINE
  5
37D
330
324
100
AcDbEntity
  8
LN-ELEVATION-4
100
AcDbPolyline
 90
4
 70
1
 10
277.1999999880791
 20
-357.434990927577
 10
283.1999999880791
 20
-357.434990927577
 10
283.1999999880791
 20
-419.434990927577
 10
277.1999999880791
 20
-419.434990927577
  0
LWPOLYLINE
  5
37E
330
324
100
AcDbEntity
  8
LN-ELEVATION-4
100
AcDbPolyline
 90
4
 70
1
 10
464.0
 20
-357.434990927577
 10
470.0
 20
-357.434990927577
 10
470.0
 20
-419.434990927577
 10
464.0
 20
-419.434990927577
  0
LWPOLYLINE
  5
37F
330
324
100
AcDbEntity
  8
LN-ELEVATION-4
100
AcDbPolyline
 90
4
 70
1
 10
-277.2000000029802
 20
-413.4349909275768
 10
-96.40000000596046
 20
-413.4349909275768
 10
-96.40000000596046
 20
-419.434990927577
 10
-277.2000000029802
 20
-419.434990927577
  0
LWPOLYLINE
  5
380
330
324
100
AcDbEntity
  8
LN-ELEVATION-4
100
AcDbPolyline
 90
4
 70
1
 10
-90.40000000596045
 20
-413.4349909275768
 10
90.3999999910593
 20
-413.4349909275768
 10
90.3999999910593
 20
-419.434990927577
 10
-90.40000000596045
 20
-419.434990927577
  0
LWPOLYLINE
  5
381
330
324
100
AcDbEntity
  8
LN-ELEVATION-4
100
AcDbPolyline
 90
4
 70
1
 10
96.3999999910593
 20
-413.4349909275768
 10
277.1999999880791
 20
-413.4349909275768
 10
277.1999999880791
 20
-419.434990927577
 10
96.3999999910593
 20
-419.434990927577
  0
LWPOLYLINE
  5
382
330
324
100
AcDbEntity
  8
LN-ELEVATION-4
100
AcDbPolyline
 90
4
 70
1
 10
283.1999999880791
 20
-413.4349909275768
 10
463.9999999850988
 20
-413.4349909275768
 10
463.9999999850988
 20
-419.434990927577
 10
283.1999999880791
 20
-419.434990927577
  0
LWPOLYLINE
  5
383
330
324
100
AcDbEntity
  8
LN-ELEVATION-5
100
AcDbPolyline
 90
4
 70
1
 10
-470.0
 20
-437.4349909275768
 10
-464.0
 20
-437.4349909275768
 10
-464.0
 20
-499.4349909275769
 10
-470.0
 20
-499.4349909275769
  0
LWPOLYLINE
  5
384
330
324
100
AcDbEntity
  8
LN-ELEVATION-5
100
AcDbPolyline
 90
4
 70
1
 10
-464.0
 20
-493.4349909275769
 10
-283.2000000029802
 20
-493.4349909275769
 10
-283.2000000029802
 20
-499.4349909275769
 10
-464.0
 20
-499.4349909275769
  0
LWPOLYLINE
  5
385
330
324
100
AcDbEntity
  8
LN-ELEVATION-5
100
AcDbPolyline
 90
4
 70
1
 10
-283.2000000029802
 20
-437.4349909275768
 10
-277.2000000029802
 20
-437.4349909275768
 10
-277.2000000029802
 20
-499.4349909275769
 10
-283.2000000029802
 20
-499.4349909275769
  0
LWPOLYLINE
  5
386
330
324
100
AcDbEntity
  8
LN-ELEVATION-5
100
AcDbPolyline
 90
4
 70
1
 10
-96.40000000596046
 20
-437.4349909275768
 10
-90.40000000596045
 20
-437.4349909275768
 10
-90.40000000596045
 20
-499.4349909275769
 10
-96.40000000596046
 20
-499.4349909275769
  0
LWPOLYLINE
  5
387
330
324
100
AcDbEntity
  8
LN-ELEVATION-5
100
AcDbPolyline
 90
4
 70
1
 10
90.3999999910593
 20
-437.4349909275768
 10
96.3999999910593
 20
-437.4349909275768
 10
96.3999999910593
 20
-499.4349909275769
 10
90.3999999910593
 20
-499.4349909275769
  0
LWPOLYLINE
  5
388
330
324
100
AcDbEntity
  8
LN-ELEVATION-5
100
AcDbPolyline
 90
4
 70
1
 10
277.1999999880791
 20
-437.4349909275768
 10
283.1999999880791
 20
-437.4349909275768
 10
283.1999999880791
 20
-499.4349909275769
 10
277.1999999880791
 20
-499.4349909275769
  0
LWPOLYLINE
  5
389
330
324
100
AcDbEntity
  8
LN-ELEVATION-5
100
AcDbPolyline
 90
4
 70
1
 10
464.0
 20
-437.4349909275768
 10
470.0
 20
-437.4349909275768
 10
470.0
 20
-499.4349909275769
 10
464.0
 20
-499.4349909275769
  0
LWPOLYLINE
  5
38A
330
324
100
AcDbEntity
  8
LN-ELEVATION-5
100
AcDbPolyline
 90
4
 70
1
 10
-277.2000000029802
 20
-493.4349909275769
 10
-96.40000000596046
 20
-493.4349909275769
 10
-96.40000000596046
 20
-499.4349909275769
 10
-277.2000000029802
 20
-499.4349909275769
  0
LWPOLYLINE
  5
38B
330
324
100
AcDbEntity
  8
LN-ELEVATION-5
100
AcDbPolyline
 90
4
 70
1
 10
-90.40000000596045
 20
-493.4349909275769
 10
90.3999999910593
 20
-493.4349909275769
 10
90.3999999910593
 20
-499.4349909275769
 10
-90.40000000596045
 20
-499.4349909275769
  0
LWPOLYLINE
  5
38C
330
324
100
AcDbEntity
  8
LN-ELEVATION-5
100
AcDbPolyline
 90
4
 70
1
 10
96.3999999910593
 20
-493.4349909275769
 10
277.1999999880791
 20
-493.4349909275769
 10
277.1999999880791
 20
-499.4349909275769
 10
96.3999999910593
 20
-499.4349909275769
  0
LWPOLYLINE
  5
38D
330
324
100
AcDbEntity
  8
LN-ELEVATION-5
100
AcDbPolyline
 90
4
 70
1
 10
283.1999999880791
 20
-493.4349909275769
 10
463.9999999850988
 20
-493.4349909275769
 10
463.9999999850988
 20
-499.4349909275769
 10
283.1999999880791
 20
-499.4349909275769
  0
LWPOLYLINE
  5
38E
330
324
100
AcDbEntity
  8
LN-ELEVATION-3
100
AcDbPolyline
 90
4
 70
1
 10
-500.0
 20
559.5650090724229
 10
500.0
 20
559.5650090724229
 10
500.0
 20
577.5650090724228
 10
-500.0
 20
577.5650090724228
  0
LWPOLYLINE
  5
38F
330
324
100
AcDbEntity
  8
LN-ELEVATION-3
100
AcDbPolyline
 90
4
 70
1
 10
470.0
 20
497.565009072423
 10
500.0
 20
497.565009072423
 10
500.0
 20
559.5650090724229
 10
470.0
 20
559.5650090724229
  0
LWPOLYLINE
  5
390
330
324
100
AcDbEntity
  8
LN-ELEVATION-3
100
AcDbPolyline
 90
4
 70
1
 10
-500.0
 20
497.565009072423
 10
-470.0
 20
497.565009072423
 10
-470.0
 20
559.5650090724229
 10
-500.0
 20
559.5650090724229
  0
LWPOLYLINE
  5
391
330
324
100
AcDbEntity
  8
LN-ELEVATION-4
100
AcDbPolyline
 90
4
 70
1
 10
-500.0
 20
639.5650090724228
 10
500.0
 20
639.5650090724228
 10
500.0
 20
657.565009072423
 10
-500.0
 20
657.565009072423
  0
LWPOLYLINE
  5
392
330
324
100
AcDbEntity
  8
LN-ELEVATION-4
100
AcDbPolyline
 90
4
 70
1
 10
470.0
 20
577.5650090724228
 10
500.0
 20
577.5650090724228
 10
500.0
 20
639.5650090724228
 10
470.0
 20
639.5650090724228
  0
LWPOLYLINE
  5
393
330
324
100
AcDbEntity
  8
LN-ELEVATION-4
100
AcDbPolyline
 90
4
 70
1
 10
-500.0
 20
577.5650090724228
 10
-470.0
 20
577.5650090724228
 10
-470.0
 20
639.5650090724228
 10
-500.0
 20
639.5650090724228
  0
LWPOLYLINE
  5
394
330
324
100
AcDbEntity
  8
LN-ELEVATION-4
100
AcDbPolyline
 90
4
 70
1
 10
-470.0
 20
497.565009072423
 10
-464.0
 20
497.565009072423
 10
-464.0
 20
559.5650090724229
 10
-470.0
 20
559.5650090724229
  0
LWPOLYLINE
  5
395
330
324
100
AcDbEntity
  8
LN-ELEVATION-4
100
AcDbPolyline
 90
4
 70
1
 10
-464.0
 20
553.565009072423
 10
-283.2000000029802
 20
553.565009072423
 10
-283.2000000029802
 20
559.5650090724229
 10
-464.0
 20
559.5650090724229
  0
LWPOLYLINE
  5
396
330
324
100
AcDbEntity
  8
LN-ELEVATION-4
100
AcDbPolyline
 90
4
 70
1
 10
-283.2000000029802
 20
497.565009072423
 10
-277.2000000029802
 20
497.565009072423
 10
-277.2000000029802
 20
559.5650090724229
 10
-283.2000000029802
 20
559.5650090724229
  0
LWPOLYLINE
  5
397
330
324
100
AcDbEntity
  8
LN-ELEVATION-4
100
AcDbPolyline
 90
4
 70
1
 10
-96.40000000596046
 20
497.565009072423
 10
-90.40000000596045
 20
497.565009072423
 10
-90.40000000596045
 20
559.5650090724229
 10
-96.40000000596046
 20
559.5650090724229
  0
LWPOLYLINE
  5
398
330
324
100
AcDbEntity
  8
LN-ELEVATION-4
100
AcDbPolyline
 90
4
 70
1
 10
90.3999999910593
 20
497.565009072423
 10
96.3999999910593
 20
497.565009072423
 10
96.3999999910593
 20
559.5650090724229
 10
90.3999999910593
 20
559.5650090724229
  0
LWPOLYLINE
  5
399
330
324
100
AcDbEntity
  8
LN-ELEVATION-4
100
AcDbPolyline
 90
4
 70
1
 10
277.1999999880791
 20
497.565009072423
 10
283.1999999880791
 20
497.565009072423
 10
283.1999999880791
 20
559.5650090724229
 10
277.1999999880791
 20
559.5650090724229
  0
LWPOLYLINE
  5
39A
330
324
100
AcDbEntity
  8
LN-ELEVATION-4
100
AcDbPolyline
 90
4
 70
1
 10
464.0
 20
497.565009072423
 10
470.0
 20
497.565009072423
 10
470.0
 20
559.5650090724229
 10
464.0
 20
559.5650090724229
  0
LWPOLYLINE
  5
39B
330
324
100
AcDbEntity
  8
LN-ELEVATION-4
100
AcDbPolyline
 90
4
 70
1
 10
-277.2000000029802
 20
553.565009072423
 10
-96.40000000596046
 20
553.565009072423
 10
-96.40000000596046
 20
559.5650090724229
 10
-277.2000000029802
 20
559.5650090724229
  0
LWPOLYLINE
  5
39C
330
324
100
AcDbEntity
  8
LN-ELEVATION-4
100
AcDbPolyline
 90
4
 70
1
 10
-90.40000000596045
 20
553.565009072423
 10
90.3999999910593
 20
553.565009072423
 10
90.3999999910593
 20
559.5650090724229
 10
-90.40000000596045
 20
559.5650090724229
  0
LWPOLYLINE
  5
39D
330
324
100
AcDbEntity
  8
LN-ELEVATION-4
100
AcDbPolyline
 90
4
 70
1
 10
96.3999999910593
 20
553.565009072423
 10
277.1999999880791
 20
553.565009072423
 10
277.1999999880791
 20
559.5650090724229
 10
96.3999999910593
 20
559.5650090724229
  0
LWPOLYLINE
  5
39E
330
324
100
AcDbEntity
  8
LN-ELEVATION-4
100
AcDbPolyline
 90
4
 70
1
 10
283.1999999880791
 20
553.565009072423
 10
463.9999999850988
 20
553.565009072423
 10
463.9999999850988
 20
559.5650090724229
 10
283.1999999880791
 20
559.5650090724229
  0
LWPOLYLINE
  5
39F
330
324
100
AcDbEntity
  8
LN-ELEVATION-5
100
AcDbPolyline
 90
4
 70
1
 10
-470.0
 20
577.5650090724228
 10
-464.0
 20
577.5650090724228
 10
-464.0
 20
639.5650090724228
 10
-470.0
 20
639.5650090724228
  0
LWPOLYLINE
  5
3A0
330
324
100
AcDbEntity
  8
LN-ELEVATION-5
100
AcDbPolyline
 90
4
 70
1
 10
-464.0
 20
633.565009072423
 10
-283.2000000029802
 20
633.565009072423
 10
-283.2000000029802
 20
639.5650090724228
 10
-464.0
 20
639.5650090724228
  0
LWPOLYLINE
  5
3A1
330
324
100
AcDbEntity
  8
LN-ELEVATION-5
100
AcDbPolyline
 90
4
 70
1
 10
-283.2000000029802
 20
577.5650090724228
 10
-277.2000000029802
 20
577.5650090724228
 10
-277.2000000029802
 20
639.5650090724228
 10
-283.2000000029802
 20
639.5650090724228
  0
LWPOLYLINE
  5
3A2
330
324
100
AcDbEntity
  8
LN-ELEVATION-5
100
AcDbPolyline
 90
4
 70
1
 10
-96.40000000596046
 20
577.5650090724228
 10
-90.40000000596045
 20
577.5650090724228
 10
-90.40000000596045
 20
639.5650090724228
 10
-96.40000000596046
 20
639.5650090724228
  0
LWPOLYLINE
  5
3A3
330
324
100
AcDbEntity
  8
LN-ELEVATION-5
100
AcDbPolyline
 90
4
 70
1
 10
90.3999999910593
 20
577.5650090724228
 10
96.3999999910593
 20
577.5650090724228
 10
96.3999999910593
 20
639.5650090724228
 10
90.3999999910593
 20
639.5650090724228
  0
LWPOLYLINE
  5
3A4
330
324
100
AcDbEntity
  8
LN-ELEVATION-5
100
AcDbPolyline
 90
4
 70
1
 10
277.1999999880791
 20
577.5650090724228
 10
283.1999999880791
 20
577.5650090724228
 10
283.1999999880791
 20
639.5650090724228
 10
277.1999999880791
 20
639.5650090724228
  0
LWPOLYLINE
  5
3A5
330
324
100
AcDbEntity
  8
LN-ELEVATION-5
100
AcDbPolyline
 90
4
 70
1
 10
464.0
 20
577.5650090724228
 10
470.0
 20
577.5650090724228
 10
470.0
 20
639.5650090724228
 10
464.0
 20
639.5650090724228
  0
LWPOLYLINE
  5
3A6
330
324
100
AcDbEntity
  8
LN-ELEVATION-5
100
AcDbPolyline
 90
4
 70
1
 10
-277.2000000029802
 20
633.565009072423
 10
-96.40000000596046
 20
633.565009072423
 10
-96.40000000596046
 20
639.5650090724228
 10
-277.2000000029802
 20
639.5650090724228
  0
LWPOLYLINE
  5
3A7
330
324
100
AcDbEntity
  8
LN-ELEVATION-5
100
AcDbPolyline
 90
4
 70
1
 10
-90.40000000596045
 20
633.565009072423
 10
90.3999999910593
 20
633.565009072423
 10
90.3999999910593
 20
639.5650090724228
 10
-90.40000000596045
 20
639.5650090724228
  0
LWPOLYLINE
  5
3A8
330
324
100
AcDbEntity
  8
LN-ELEVATION-5
100
AcDbPolyline
 90
4
 70
1
 10
96.3999999910593
 20
633.565009072423
 10
277.1999999880791
 20
633.565009072423
 10
277.1999999880791
 20
639.5650090724228
 10
96.3999999910593
 20
639.5650090724228
  0
LWPOLYLINE
  5
3A9
330
324
100
AcDbEntity
  8
LN-ELEVATION-5
100
AcDbPolyline
 90
4
 70
1
 10
283.1999999880791
 20
633.565009072423
 10
463.9999999850988
 20
633.565009072423
 10
463.9999999850988
 20
639.5650090724228
 10
283.1999999880791
 20
639.5650090724228
  0
INSERT
  5
3AA
330
324
100
AcDbEntity
  8
I-LK DIM
100
AcDbBlockReference
  2
EURO MIRROR
 10
10.0
 20
67.14025533781387
 30
0.0
  0
LWPOLYLINE
  5
3AC
330
324
100
AcDbEntity
  8
LN-ELEVATION-1
100
AcDbPolyline
 90
4
 70
1
 10
283.1999999880791
 20
-246.434990927577
 10
470.0
 20
-246.434990927577
 10
470.0
 20
-252.434990927577
 10
283.1999999880791
 20
-252.434990927577
  0
LWPOLYLINE
  5
3AD
330
324
100
AcDbEntity
  8
LN-ELEVATION-1
100
AcDbPolyline
 90
4
 70
1
 10
96.39999997615817
 20
-246.434990927577
 10
277.1999999880791
 20
-246.434990927577
 10
277.1999999880791
 20
-252.434990927577
 10
96.39999997615817
 20
-252.434990927577
  0
LWPOLYLINE
  5
3AE
330
324
100
AcDbEntity
  8
LN-ELEVATION-1
100
AcDbPolyline
 90
4
 70
1
 10
-90.40000002086165
 20
-246.434990927577
 10
90.3999999910593
 20
-246.434990927577
 10
90.3999999910593
 20
-252.434990927577
 10
-90.40000002086165
 20
-252.434990927577
  0
LWPOLYLINE
  5
3AF
330
324
100
AcDbEntity
  8
LN-ELEVATION-1
100
AcDbPolyline
 90
4
 70
1
 10
-277.2000000178814
 20
-246.434990927577
 10
-96.40000000596046
 20
-246.434990927577
 10
-96.40000000596046
 20
-252.434990927577
 10
-277.2000000178814
 20
-252.434990927577
  0
LWPOLYLINE
  5
3B0
330
324
100
AcDbEntity
  8
LN-ELEVATION-1
100
AcDbPolyline
 90
4
 70
1
 10
-470.0000000149012
 20
-246.434990927577
 10
-283.2000000029802
 20
-246.434990927577
 10
-283.2000000029802
 20
-252.434990927577
 10
-470.0000000149012
 20
-252.434990927577
  0
LWPOLYLINE
  5
3B1
330
324
100
AcDbEntity
  8
LN-ELEVATION-1
100
AcDbPolyline
 90
4
 70
1
 10
283.1999999880791
 20
386.565009072423
 10
470.0
 20
386.565009072423
 10
470.0
 20
392.565009072423
 10
283.1999999880791
 20
392.565009072423
  0
LWPOLYLINE
  5
3B2
330
324
100
AcDbEntity
  8
LN-ELEVATION-1
100
AcDbPolyline
 90
4
 70
1
 10
96.39999997615817
 20
386.565009072423
 10
277.1999999880791
 20
386.565009072423
 10
277.1999999880791
 20
392.565009072423
 10
96.39999997615817
 20
392.565009072423
  0
LWPOLYLINE
  5
3B3
330
324
100
AcDbEntity
  8
LN-ELEVATION-1
100
AcDbPolyline
 90
4
 70
1
 10
-90.40000002086165
 20
386.565009072423
 10
90.3999999910593
 20
386.565009072423
 10
90.3999999910593
 20
392.565009072423
 10
-90.40000002086165
 20
392.565009072423
  0
LWPOLYLINE
  5
3B4
330
324
100
AcDbEntity
  8
LN-ELEVATION-1
100
AcDbPolyline
 90
4
 70
1
 10
-277.2000000178814
 20
386.565009072423
 10
-96.40000000596046
 20
386.565009072423
 10
-96.40000000596046
 20
392.565009072423
 10
-277.2000000178814
 20
392.565009072423
  0
LWPOLYLINE
  5
3B5
330
324
100
AcDbEntity
  8
LN-ELEVATION-1
100
AcDbPolyline
 90
4
 70
1
 10
-470.0000000149012
 20
386.565009072423
 10
-283.2000000029802
 20
386.565009072423
 10
-283.2000000029802
 20
392.565009072423
 10
-470.0000000149012
 20
392.565009072423
  0
ENDBLK
  5
326
330
324
100
AcDbEntity
  8
0
100
AcDbBlockEnd
  0
BLOCK
  5
3BF
330
3BE
100
AcDbEntity
  8
0
100
AcDbBlockBegin
  2
SOFA_2
 70
0
 10
0.0
 20
0.0
 30
0.0
  3
SOFA_2
  1

  0
INSERT
  5
3C1
330
3BE
100
AcDbEntity
  8
I-LK FF&E
100
AcDbBlockReference
  2
NESTING TABLES
 10
674.9999999999999
 20
487.5
 30
0.0
 50
180.0
  0
ENDBLK
  5
3C0
330
3BE
100
AcDbEntity
  8
0
100
AcDbBlockEnd
  0
BLOCK
  5
3CA
330
3C9
100
AcDbEntity
  8
0
100
AcDbBlockBegin
  2
EURO_CENTRE_2
 70
0
 10
0.0
 20
0.0
 30
0.0
  3
EURO_CENTRE_2
  1

  0
INSERT
  5
3CC
330
3C9
100
AcDbEntity
  8
I-LK FF&E
100
AcDbBlockReference
  2
EUROCENTER 1040
 10
520.0000000000001
 20
517.434990927577
 30
0.0
  0
ENDBLK
  5
3CB
330
3C9
100
AcDbEntity
  8
0
100
AcDbBlockEnd
  0
BLOCK
  5
3D1
330
3D0
100
AcDbEntity
  8
0
100
AcDbBlockBegin
  2
JJ_FIXTURE_LARGE_4
 70
0
 10
0.0
 20
0.0
 30
0.0
  3
JJ_FIXTURE_LARGE_4
  1

  0
INSERT
  5
3D3
330
3D0
100
AcDbEntity
  8
I-LK FF&E
100
AcDbBlockReference
  2
JJ 1200
 10
792.0591651862491
 20
30.0
 30
0.0
 41
-1.0
  0
ENDBLK
  5
3D2
330
3D0
100
AcDbEntity
  8
0
100
AcDbBlockEnd
  0
BLOCK
  5
3DA
330
3D9
100
AcDbEntity
  8
0
100
AcDbBlockBegin
  2
JJ_FIXTURE_LARGE_5
 70
0
 10
0.0
 20
0.0
 30
0.0
  3
JJ_FIXTURE_LARGE_5
  1

  0
INSERT
  5
3DC
330
3D9
100
AcDbEntity
  8
I-LK FF&E
100
AcDbBlockReference
  2
JJ 1200
 10
792.0591651862491
 20
30.0
 30
0.0
 41
-1.0
  0
ENDBLK
  5
3DB
330
3D9
100
AcDbEntity
  8
0
100
AcDbBlockEnd
  0
BLOCK
  5
3E1
330
3E0
100
AcDbEntity
  8
0
100
AcDbBlockBegin
  2
JJ_FIXTURE_LARGE_6
 70
0
 10
0.0
 20
0.0
 30
0.0
  3
JJ_FIXTURE_LARGE_6
  1

  0
INSERT
  5
3E3
330
3E0
100
AcDbEntity
  8
I-LK FF&E
100
AcDbBlockReference
  2
JJ 1200
 10
792.0591651862491
 20
30.0
 30
0.0
 41
-1.0
  0
ENDBLK
  5
3E2
330
3E0
100
AcDbEntity
  8
0
100
AcDbBlockEnd
  0
BLOCK
  5
3E8
330
3E7
100
AcDbEntity
  8
0
100
AcDbBlockBegin
  2
JJ_FIXTURE_MEDIUM_3
 70
0
 10
0.0
 20
0.0
 30
0.0
  3
JJ_FIXTURE_MEDIUM_3
  1

  0
INSERT
  5
3EA
330
3E7
100
AcDbEntity
  8
I-LK FF&E
100
AcDbBlockReference
  2
JJ 900
 10
911.7948143622633
 20
249.9999999999854
 30
0.0
  0
ENDBLK
  5
3E9
330
3E7
100
AcDbEntity
  8
0
100
AcDbBlockEnd
  0
BLOCK
  5
3EF
330
3EE
100
AcDbEntity
  8
0
100
AcDbBlockBegin
  2
JJ_FIXTURE_LARGE_7
 70
0
 10
0.0
 20
0.0
 30
0.0
  3
JJ_FIXTURE_LARGE_7
  1

  0
INSERT
  5
3F1
330
3EE
100
AcDbEntity
  8
I-LK FF&E
100
AcDbBlockReference
  2
JJ 1200
 10
792.0591651862491
 20
30.0
 30
0.0
 41
-1.0
  0
ENDBLK
  5
3F0
330
3EE
100
AcDbEntity
  8
0
100
AcDbBlockEnd
  0
BLOCK
  5
3FA
330
3F9
100
AcDbEntity
  8
0
100
AcDbBlockBegin
  2
MIRROR_1
 70
0
 10
0.0
 20
0.0
 30
0.0
  3
MIRROR_1
  1

  0
INSERT
  5
3FC
330
3F9
100
AcDbEntity
  8
I-LK FF&E
100
AcDbBlockReference
  2
MIRROR UNIT SEE THRU
 10
150.0000000000586
 20
300.0
 30
0.0
  0
ENDBLK
  5
3FB
330
3F9
100
AcDbEntity
  8
0
100
AcDbBlockEnd
  0
BLOCK
  5
3FF
330
3FE
100
AcDbEntity
  8
0
100
AcDbBlockBegin
  2
mirror unit see thru
 70
0
 10
0.0
 20
0.0
 30
0.0
  3
mirror unit see thru
  1

  0
LWPOLYLINE
  5
401
330
3FE
100
AcDbEntity
  8
LN-ELEVATION-1
100
AcDbPolyline
 90
8
 70
1
 10
141.9999999999418
 20
-300.0
 10
141.9999999999418
 20
-298.5
 10
146.4999999999418
 20
-298.5
 10
146.4999999999418
 20
-280.5
 10
124.9999999999418
 20
-280.5
 10
124.9999999999418
 20
-279.0
 10
147.9999999999418
 20
-279.0
 10
147.9999999999418
 20
-300.0
  0
LWPOLYLINE
  5
402
330
3FE
100
AcDbEntity
  8
LN-ELEVATION-1
100
AcDbPolyline
 90
8
 70
1
 10
-103.0000000000582
 20
-293.0
 10
-103.0000000000582
 20
-279.0
 10
-148.0000000000582
 20
-279.0
 10
-148.0000000000582
 20
-300.0
 10
-139.0000000000582
 20
-300.0
 10
-139.0000000000582
 20
-298.5
 10
-146.5000000000582
 20
-298.5
 10
-146.5000000000582
 20
-293.0
  0
LWPOLYLINE
  5
403
330
3FE
100
AcDbEntity
  8
LN-ELEVATION-1
100
AcDbPolyline
 90
8
 70
1
 10
79.99999999994179
 20
-293.0
 10
79.99999999994179
 20
-279.0
 10
124.9999999999418
 20
-279.0
 10
124.9999999999418
 20
-300.0
 10
115.9999999999418
 20
-300.0
 10
115.9999999999418
 20
-298.5
 10
123.4999999999418
 20
-298.5
 10
123.4999999999418
 20
-293.0
  0
LWPOLYLINE
  5
404
330
3FE
100
AcDbEntity
  8
LN-ELEVATION-2
100
AcDbPolyline
 90
4
 70
1
 10
-103.0000000000582
 20
-293.0
 10
79.99999999994179
 20
-293.0
 10
79.99999999994179
 20
-279.0
 10
-103.0000000000582
 20
-279.0
  0
LWPOLYLINE
  5
405
330
3FE
100
AcDbEntity
  8
LN-ELEVATION-2
 62
4
370
0
100
AcDbPolyline
 90
4
 70
1
 10
-146.5000000000582
 20
-293.0
 10
123.4999999999418
 20
-293.0
 10
123.4999999999418
 20
-298.5
 10
-146.5000000000582
 20
-298.5
  0
LINE
  5
406
330
3FE
100
AcDbEntity
  8
LN-ELEVATION-4
 48
0.5
100
AcDbLine
 10
115.9999999999418
 20
-300.0
 30
0.0
 11
-139.0000000000582
 21
-300.0
 31
0.0
  0
HATCH
  5
407
330
3FE
100
AcDbEntity
  8
LN-HATCH
 48
0.5
100
AcDbHatch
 10
0.0
 20
0.0
 30
0.0
210
0.0
220
0.0
230
1.0
  2
ANSI31
 70
0
 71
0
 91
3
 92
1
 93
4
 72
1
 10
-150.0
 20
0.0
 11
-132.0
 21
0.0
 72
1
 10
-132.0
 20
0.0
 11
-132.0000000000582
 21
-279.0
 72
1
 10
-132.0000000000582
 20
-279.0
 11
-150.0000000000581
 21
-279.0
 72
1
 10
-150.0000000000581
 20
-279.0
 11
-150.0
 21
0.0
 97
0
 92
1
 93
4
 72
1
 10
-132.0
 20
-6.0
 11
132.0
 21
-6.0
 72
1
 10
132.0
 20
-6.0
 11
132.0
 21
0.0
 72
1
 10
132.0
 20
0.0
 11
-132.0
 21
0.0
 72
1
 10
-132.0
 20
0.0
 11
-132.0
 21
-6.0
 97
0
 92
1
 93
4
 72
1
 10
150.0
 20
0.0
 11
132.0
 21
0.0
 72
1
 10
132.0
 20
0.0
 11
131.9999999999418
 21
-279.0
 72
1
 10
131.9999999999418
 20
-279.0
 11
149.9999999999418
 21
-279.0
 72
1
 10
149.9999999999418
 20
-279.0
 11
150.0
 21
0.0
 97
0
 75
1
 76
1
 52
0.0
 41
2.0
 77
0
 78
1
 53
45.0
 43
4060070.796835582
 44
1708569.446145004
 45
-4.490128060534577
 46
4.490128060534577
 79
0
 98
1
 10
4060070.796835582
 20
1708569.446145004
  0
LWPOLYLINE
  5
408
330
3FE
100
AcDbEntity
  8
LN-ELEVATION-1
100
AcDbPolyline
 90
4
 70
1
 10
149.9999999999418
 20
0.0
 10
131.9999999999418
 20
0.0
 10
131.9999999999418
 20
-279.0
 10
149.9999999999418
 20
-279.0
  0
LWPOLYLINE
  5
409
330
3FE
100
AcDbEntity
  8
LN-ELEVATION-1
100
AcDbPolyline
 90
4
 70
1
 10
-150.0000000000581
 20
0.0
 10
-132.0000000000582
 20
0.0
 10
-132.0000000000582
 20
-279.0
 10
-150.0000000000581
 20
-279.0
  0
LWPOLYLINE
  5
40A
330
3FE
100
AcDbEntity
  8
LN-ELEVATION-1
100
AcDbPolyline
 90
4
 70
1
 10
-132.0000000000582
 20
-6.0
 10
131.9999999999418
 20
-6.0
 10
131.9999999999418
 20
0.0
 10
-132.0000000000582
 20
0.0
  0
LWPOLYLINE
  5
40B
330
3FE
100
AcDbEntity
  8
Defpoints
100
AcDbPolyline
 90
4
 70
1
 10
149.9999999999418
 20
-300.0
 10
-150.0000000000581
 20
-300.0
 10
-150.0000000000581
 20
0.0
 10
149.9999999999418
 20
0.0
  0
ENDBLK
  5
400
330
3FE
100
AcDbEntity
  8
0
100
AcDbBlockEnd
  0
BLOCK
  5
411
330
410
100
AcDbEntity
  8
0
100
AcDbBlockBegin
  2
MIRROR_2
 70
0
 10
0.0
 20
0.0
 30
0.0
  3
MIRROR_2
  1

  0
INSERT
  5
413
330
410
100
AcDbEntity
  8
I-LK FF&E
100
AcDbBlockReference
  2
MIRROR UNIT SEE THRU
 10
150.0000000000586
 20
300.0
 30
0.0
  0
ENDBLK
  5
412
330
410
100
AcDbEntity
  8
0
100
AcDbBlockEnd
  0
ENDSEC
  0
SECTION
  2
ENTITIES
  0
LWPOLYLINE
  5
32
330
17
100
AcDbEntity
  8
FloorPlan
100
AcDbPolyline
 90
12
 70
1
 10
-6947.970509139101
 20
-5385.902785173067
 10
-7046.785165257911
 20
9061.879716102198
 10
-7067.969461107605
 20
12159.275023837137
 10
-7067.969112645715
 20
12159.275104285904
 10
-1945.4664334506429
 20
12194.310894978269
 10
-1945.4662189206
 20
12194.309965746565
 10
-1872.437900552537
 20
1516.783212311244
 10
-1825.0216020580174
 20
-5416.09888746282
 10
-1825.0217985113163
 20
-5416.100156267473
 10
-2170.620211890696
 20
-5987.693627366521
 10
-6558.692755183207
 20
-6017.705331236773
 10
-6947.970509139101
 20
-5385.902785173067
  0
INSERT
  5
53
330
17
100
AcDbEntity
  8
0
100
AcDbBlockReference
  2
MIRROR_DIFFERENT_1
 10
-8803.130773792043
 20
5397.069901752058
 30
0.0
 50
-77.0
  0
LWPOLYLINE
  5
55
330
17
100
AcDbEntity
  8
Fixtures
100
AcDbPolyline
 90
4
 70
1
 10
-8841.585932243575
 20
6544.8484777017375
 10
-8334.541030658776
 20
4348.595719308399
 10
-8162.487196786082
 20
4388.317476710806
 10
-8669.53209837088
 20
6584.570235104145
  0
TEXT
  5
56
330
17
100
AcDbEntity
  8
FixtureLabels
100
AcDbText
 10
-8502.036564514829
 20
5466.582977206272
 30
0.0
 40
35.315911293029785
  1
regular_clinic
 50
-77.0
 72
1
 11
-8502.036564514829
 21
5466.582977206272
 31
0.0
100
AcDbText
 73
2
  0
LWPOLYLINE
  5
57
330
17
100
AcDbEntity
  8
Fixtures
100
AcDbPolyline
 90
4
 70
1
 10
-8583.505181434532
 20
6604.431113805349
 10
-8076.4602798497335
 20
4408.17835541201
 10
-7646.325695167996
 20
4507.482748918028
 10
-8153.370596752794
 20
6703.735507311367
  0
TEXT
  5
58
330
17
100
AcDbEntity
  8
FixtureLabels
100
AcDbText
 10
-8114.915438301264
 20
5555.9569313616885
 30
0.0
 40
88.28977823257446
  1
bench
 50
-77.0
 72
1
 11
-8114.915438301264
 21
5555.9569313616885
 31
0.0
100
AcDbText
 73
2
  0
LWPOLYLINE
  5
59
330
17
100
AcDbEntity
  8
Fixtures
100
AcDbPolyline
 90
4
 70
1
 10
-7894.53012927431
 20
6956.269645965024
 10
-7302.977744092045
 20
4393.974761172795
 10
-7130.92391021935
 20
4433.696518575202
 10
-7722.476295401614
 20
6995.991403367431
  0
TEXT
  5
5A
330
17
100
AcDbEntity
  8
FixtureLabels
100
AcDbText
 10
-7512.72701974683
 20
5694.983082270113
 30
0.0
 40
35.315911293029785
  1
pos_ar
 50
-77.0
 72
1
 11
-7512.72701974683
 21
5694.983082270113
 31
0.0
100
AcDbText
 73
2
  0
INSERT
  5
70
330
17
100
AcDbEntity
  8
0
100
AcDbBlockReference
  2
JJ_FIXTURE_LARGE_1
 10
-6822.992250917168
 20
6239.773116979836
 30
0.0
 50
-77.0
  0
INSERT
  5
77
330
17
100
AcDbEntity
  8
0
100
AcDbBlockReference
  2
JJ_FIXTURE_LARGE_2
 10
-5276.027179401792
 20
6211.365928501408
 30
0.0
 50
-77.0
  0
LWPOLYLINE
  5
79
330
17
100
AcDbEntity
  8
Fixtures
100
AcDbPolyline
 90
4
 70
1
 10
-4669.280460830714
 20
7508.101094710114
 10
-4162.235559245916
 20
5311.848336316775
 10
-3990.1817253732206
 20
5351.570093719182
 10
-4497.226626958019
 20
7547.822852112521
  0
TEXT
  5
7A
330
17
100
AcDbEntity
  8
FixtureLabels
100
AcDbText
 10
-4329.731093101967
 20
6429.835594214648
 30
0.0
 40
35.315911293029785
  1
discussion_table
 50
-77.0
 72
1
 11
-4329.731093101967
 21
6429.835594214648
 31
0.0
100
AcDbText
 73
2
  0
LWPOLYLINE
  5
7B
330
17
100
AcDbEntity
  8
Fixtures
100
AcDbPolyline
 90
4
 70
1
 10
-3789.4038539067537
 20
7229.296345022334
 10
-3662.6426285105545
 20
6680.233155423999
 10
-3318.5349607651638
 20
6759.676670228813
 10
-3445.296186161363
 20
7308.739859827148
  0
TEXT
  5
7C
330
17
100
AcDbEntity
  8
FixtureLabels
100
AcDbText
 10
-3553.9694073359587
 20
6994.486507625574
 30
0.0
 40
70.63182258605957
  1
jj_fixture_small
 50
-77.0
 72
1
 11
-3553.9694073359587
 21
6994.486507625574
 31
0.0
100
AcDbText
 73
2
  0
INSERT
  5
93
330
17
100
AcDbEntity
  8
0
100
AcDbBlockReference
  2
JJ_FIXTURE_MEDIUM_1
 10
-2779.7271549088296
 20
7173.2344159364075
 30
0.0
 50
-77.0
  0
INSERT
  5
9A
330
17
100
AcDbEntity
  8
0
100
AcDbBlockReference
  2
JJ_FIXTURE_LARGE_3
 10
-1490.8428342024959
 20
7085.244591354368
 30
0.0
 50
-77.0
  0
INSERT
  5
B6
330
17
100
AcDbEntity
  8
0
100
AcDbBlockReference
  2
SOFA_1
 10
-7920.360496035291
 20
395.91855926343624
 30
0.0
 50
-77.0
  0
LWPOLYLINE
  5
B8
330
17
100
AcDbEntity
  8
Fixtures
100
AcDbPolyline
 90
4
 70
1
 10
-8083.297729874699
 20
2671.614832461589
 10
-7829.775279082301
 20
1573.4884532649198
 10
-7657.721445209605
 20
1613.2102106673271
 10
-7911.243896002004
 20
2711.3365898639963
  0
TEXT
  5
B9
330
17
100
AcDbEntity
  8
FixtureLabels
100
AcDbText
 10
-7870.509587542152
 20
2142.412521564458
 30
0.0
 40
35.315911293029785
  1
jj_fixture_small
 50
-77.0
 72
1
 11
-7870.509587542152
 21
2142.412521564458
 31
0.0
100
AcDbText
 73
2
  0
INSERT
  5
2BD
330
17
100
AcDbEntity
  8
0
100
AcDbBlockReference
  2
ROC_CLINIC_1
 10
-7490.225911353553
 20
495.2229527694544
 30
0.0
 50
-77.0
  0
LWPOLYLINE
  5
2BF
330
17
100
AcDbEntity
  8
Fixtures
100
AcDbPolyline
 90
4
 70
1
 10
-7825.216979065656
 20
2731.1974685652003
 10
-7571.694528273258
 20
1633.071089368531
 10
-7399.640694400562
 20
1672.7928467709382
 10
-7653.163145192961
 20
2770.9192259676074
  0
TEXT
  5
2C0
330
17
100
AcDbEntity
  8
FixtureLabels
100
AcDbText
 10
-7612.428836733109
 20
2201.995157668069
 30
0.0
 40
35.315911293029785
  1
jj_fixture_small
 50
-77.0
 72
1
 11
-7612.428836733109
 21
2201.995157668069
 31
0.0
100
AcDbText
 73
2
  0
INSERT
  5
2C6
330
17
100
AcDbEntity
  8
0
100
AcDbBlockReference
  2
JJ_FIXTURE_MEDIUM_2
 10
-6848.82261767815
 20
-320.57796972175174
 30
0.0
 50
-77.0
  0
LWPOLYLINE
  5
2C8
330
17
100
AcDbEntity
  8
Fixtures
100
AcDbPolyline
 90
4
 70
1
 10
-6973.304693066027
 20
807.339727526723
 10
-6804.289725871095
 20
75.25547472894345
 10
-6546.208975062052
 20
134.83811083255432
 10
-6715.223942256984
 20
866.9223636303338
  0
TEXT
  5
2C9
330
17
100
AcDbEntity
  8
FixtureLabels
100
AcDbText
 10
-6759.756834064039
 20
471.08891917963865
 30
0.0
 40
52.97386693954468
  1
pos_ar
 50
-77.0
 72
1
 11
-6759.756834064039
 21
471.08891917963865
 31
0.0
100
AcDbText
 73
2
  0
LWPOLYLINE
  5
2CA
330
17
100
AcDbEntity
  8
Fixtures
100
AcDbPolyline
 90
4
 70
1
 10
-7176.976235365287
 20
3651.960069024414
 10
-6585.423850183022
 20
1089.6651842321858
 10
-6327.343099373979
 20
1149.2478203357969
 10
-6918.895484556244
 20
3711.5427051280253
  0
TEXT
  5
2CB
330
17
100
AcDbEntity
  8
FixtureLabels
100
AcDbText
 10
-6752.159667369633
 20
2400.6039446801055
 30
0.0
 40
52.97386693954468
  1
pos_ar
 50
-77.0
 72
1
 11
-6752.159667369633
 21
2400.6039446801055
 31
0.0
100
AcDbText
 73
2
  0
LWPOLYLINE
  5
2CC
330
17
100
AcDbEntity
  8
Fixtures
100
AcDbPolyline
 90
4
 70
1
 10
-6138.720694618561
 20
-60.24996916179859
 10
-6011.959469222362
 20
-609.3131587601332
 10
-5753.878718413319
 20
-549.7305226565222
 10
-5880.639943809518
 20
-0.6673330581876371
  0
TEXT
  5
2CD
330
17
100
AcDbEntity
  8
FixtureLabels
100
AcDbText
 10
-5946.29970651594
 20
-304.9902459091604
 30
0.0
 40
52.97386693954468
  1
jj_fixture_small
 50
-77.0
 72
1
 11
-5946.29970651594
 21
-304.9902459091604
 31
0.0
100
AcDbText
 73
2
  0
INSERT
  5
3B6
330
17
100
AcDbEntity
  8
0
100
AcDbBlockReference
  2
EURO_CENTRE_1
 10
-5763.6098392710755
 20
2436.052547193901
 30
0.0
 50
-77.0
  0
LWPOLYLINE
  5
3B8
330
17
100
AcDbEntity
  8
Fixtures
100
AcDbPolyline
 90
4
 70
1
 10
-5393.817000609675
 20
3581.6945456992726
 10
-4929.02584082361
 20
1568.4628505053793
 10
-4756.972006950915
 20
1608.1846079077866
 10
-5221.76316673698
 20
3621.41630310168
  0
TEXT
  5
3B9
330
17
100
AcDbEntity
  8
FixtureLabels
100
AcDbText
 10
-5075.394503780295
 20
2594.9395768035297
 30
0.0
 40
35.315911293029785
  1
bench
 50
-77.0
 72
1
 11
-5075.394503780295
 21
2594.9395768035297
 31
0.0
100
AcDbText
 73
2
  0
LWPOLYLINE
  5
3BA
330
17
100
AcDbEntity
  8
Fixtures
100
AcDbPolyline
 90
4
 70
1
 10
-4963.682415927937
 20
3680.9989392052908
 10
-4498.891256141872
 20
1667.7672440113975
 10
-4154.783588396482
 20
1747.210758816212
 10
-4619.5747481825465
 20
3760.4424540101054
  0
TEXT
  5
3BB
330
17
100
AcDbEntity
  8
FixtureLabels
100
AcDbText
 10
-4559.233002162209
 20
2714.1048490107514
 30
0.0
 40
70.63182258605957
  1
discussion_table
 50
-77.0
 72
1
 11
-4559.233002162209
 21
2714.1048490107514
 31
0.0
100
AcDbText
 73
2
  0
LWPOLYLINE
  5
3BC
330
17
100
AcDbEntity
  8
Fixtures
100
AcDbPolyline
 90
4
 70
1
 10
-4210.946892734895
 20
3854.7816278408227
 10
-3746.1557329488296
 20
1841.5499326469294
 10
-3531.088440607961
 20
1891.2021293999385
 10
-3995.879600394026
 20
3904.433824593832
  0
TEXT
  5
3BD
330
17
100
AcDbEntity
  8
FixtureLabels
100
AcDbText
 10
-3871.017666671428
 20
2872.9918786203807
 30
0.0
 40
44.14488911628723
  1
discussion_table
 50
-77.0
 72
1
 11
-3871.017666671428
 21
2872.9918786203807
 31
0.0
100
AcDbText
 73
2
  0
INSERT
  5
3C3
330
17
100
AcDbEntity
  8
0
100
AcDbBlockReference
  2
SOFA_2
 10
-3611.4174825235036
 20
3318.477519824085
 30
0.0
 50
-77.0
  0
LWPOLYLINE
  5
3C5
330
17
100
AcDbEntity
  8
Fixtures
100
AcDbPolyline
 90
4
 70
1
 10
-3352.5770150450203
 20
3571.0116584777425
 10
-3099.054564252621
 20
2472.8852792810735
 10
-2840.973813443578
 20
2532.4679153846846
 10
-3094.4962642359774
 20
3630.5942945813536
  0
TEXT
  5
3C6
330
17
100
AcDbEntity
  8
FixtureLabels
100
AcDbText
 10
-3096.775414244299
 20
3051.7397869312135
 30
0.0
 40
52.97386693954468
  1
discussion_table
 50
-77.0
 72
1
 11
-3096.775414244299
 21
3051.7397869312135
 31
0.0
100
AcDbText
 73
2
  0
LWPOLYLINE
  5
3C7
330
17
100
AcDbEntity
  8
Fixtures
100
AcDbPolyline
 90
4
 70
1
 10
-2439.563266355613
 20
793.767814989958
 10
-2312.8020409594133
 20
244.70462539162338
 10
-2054.7212901503704
 20
304.28726149523436
 10
-2181.48251554657
 20
853.350451093569
  0
TEXT
  5
3C8
330
17
100
AcDbEntity
  8
FixtureLabels
100
AcDbText
 10
-2247.1422782529917
 20
549.0275382425962
 30
0.0
 40
52.97386693954468
  1
jj_fixture_small
 50
-77.0
 72
1
 11
-2247.1422782529917
 21
549.0275382425962
 31
0.0
100
AcDbText
 73
2
  0
INSERT
  5
3CE
330
17
100
AcDbEntity
  8
0
100
AcDbBlockReference
  2
EURO_CENTRE_2
 10
-2064.4524110081275
 20
3290.070331345657
 30
0.0
 50
-77.0
  0
INSERT
  5
3D5
330
17
100
AcDbEntity
  8
0
100
AcDbBlockReference
  2
JJ_FIXTURE_LARGE_4
 10
-5086.030537152464
 20
-106.38145889712405
 30
0.0
 50
-77.0
  0
LWPOLYLINE
  5
3D7
330
17
100
AcDbEntity
  8
Fixtures
100
AcDbPolyline
 90
4
 70
1
 10
-4031.061229678044
 20
426.34155901769077
 10
-3904.300004281845
 20
-122.72163058064382
 10
-3560.192336536454
 20
-43.27811577582929
 10
-3686.9535619326534
 20
505.7850738225053
  0
TEXT
  5
3D8
330
17
100
AcDbEntity
  8
FixtureLabels
100
AcDbText
 10
-3795.626783107249
 20
191.53172162093074
 30
0.0
 40
70.63182258605957
  1
jj_fixture_small
 50
-77.0
 72
1
 11
-3795.626783107249
 21
191.53172162093074
 31
0.0
100
AcDbText
 73
2
  0
INSERT
  5
3DE
330
17
100
AcDbEntity
  8
0
100
AcDbBlockReference
  2
JJ_FIXTURE_LARGE_5
 10
-3193.438364552815
 20
330.5578725293565
 30
0.0
 50
-77.0
  0
INSERT
  5
3E5
330
17
100
AcDbEntity
  8
0
100
AcDbBlockReference
  2
JJ_FIXTURE_LARGE_6
 10
-2420.715545464568
 20
123.40277574009406
 30
0.0
 50
-77.0
  0
INSERT
  5
3EC
330
17
100
AcDbEntity
  8
0
100
AcDbBlockReference
  2
JJ_FIXTURE_MEDIUM_3
 10
-1300.8461919531678
 20
767.4972039558363
 30
0.0
 50
-77.0
  0
INSERT
  5
3F3
330
17
100
AcDbEntity
  8
0
100
AcDbBlockReference
  2
JJ_FIXTURE_LARGE_7
 10
-11.961871246833653
 20
679.5073793737961
 30
0.0
 50
-77.0
  0
LWPOLYLINE
  5
3F5
330
17
100
AcDbEntity
  8
Fixtures
100
AcDbPolyline
 90
4
 70
1
 10
-8463.581406063298
 20
4318.804401256593
 10
-8379.073922465832
 20
3952.7622748577032
 10
-7862.912420847746
 20
4071.927547064925
 10
-7947.4199044452125
 20
4437.969673463815
  0
TEXT
  5
3F6
330
17
100
AcDbEntity
  8
FixtureLabels
100
AcDbText
 10
-8163.246913455522
 20
4195.365974160759
 30
0.0
 40
75.13410758972168
  1
jj_fixture_small
 50
-77.0
 72
1
 11
-8163.246913455522
 21
4195.365974160759
 31
0.0
100
AcDbText
 73
2
  0
LWPOLYLINE
  5
3F7
330
17
100
AcDbEntity
  8
Fixtures
100
AcDbPolyline
 90
4
 70
1
 10
-7364.984119296235
 20
-439.7432419289735
 10
-7280.476635698768
 20
-805.7853683278632
 10
-6764.315134080683
 20
-686.6200961206414
 10
-6848.822617678149
 20
-320.57796972175163
  0
TEXT
  5
3F8
330
17
100
AcDbEntity
  8
FixtureLabels
100
AcDbText
 10
-7064.649626688459
 20
-563.1816690248074
 30
0.0
 40
75.13410758972168
  1
jj_fixture_small
 50
-77.0
 72
1
 11
-7064.649626688459
 21
-563.1816690248074
 31
0.0
100
AcDbText
 73
2
  0
INSERT
  5
40C
330
17
100
AcDbEntity
  8
0
100
AcDbBlockReference
  2
MIRROR_1
 10
-4292.035651319878
 20
5089.105515714923
 30
0.0
 50
-77.0
  0
LWPOLYLINE
  5
40E
330
17
100
AcDbEntity
  8
Fixtures
100
AcDbPolyline
 90
4
 70
1
 10
-3818.127891500526
 20
5391.29185112159
 10
-3733.6204079030595
 20
5025.2497247227
 10
-3389.512740157669
 20
5104.693239527514
 10
-3474.0202237551357
 20
5470.7353659264045
  0
TEXT
  5
40F
330
17
100
AcDbEntity
  8
FixtureLabels
100
AcDbText
 10
-3603.8203158290976
 20
5247.992545324552
 30
0.0
 40
70.63182258605957
  1
jj_fixture_small
 50
-77.0
 72
1
 11
-3603.8203158290976
 21
5247.992545324552
 31
0.0
100
AcDbText
 73
2
  0
INSERT
  5
415
330
17
100
AcDbEntity
  8
0
100
AcDbBlockReference
  2
MIRROR_2
 10
-3537.5460322982062
 20
251.1143577245416
 30
0.0
 50
-77.0
  0
ENDSEC
  0
SECTION
  2
OBJECTS
  0
DICTIONARY
  5
A
330
0
100
AcDbDictionary
281
1
  3
ACAD_COLOR
350
B
  3
ACAD_GROUP
350
C
  3
ACAD_LAYOUT
350
D
  3
ACAD_MATERIAL
350
E
  3
ACAD_MLEADERSTYLE
350
F
  3
ACAD_MLINESTYLE
350
10
  3
ACAD_PLOTSETTINGS
350
11
  3
ACAD_PLOTSTYLENAME
350
12
  3
ACAD_SCALELIST
350
14
  3
ACAD_TABLESTYLE
350
15
  3
ACAD_VISUALSTYLE
350
16
  3
EZDXF_META
350
2D
  0
DICTIONARY
  5
B
330
A
100
AcDbDictionary
281
1
  0
DICTIONARY
  5
C
330
A
100
AcDbDictionary
281
1
  0
DICTIONARY
  5
D
330
A
100
AcDbDictionary
281
1
  3
Model
350
1A
  3
Layout1
350
1E
  0
DICTIONARY
  5
E
330
A
100
AcDbDictionary
281
1
  3
ByBlock
350
1F
  3
ByLayer
350
20
  3
Global
350
21
  0
DICTIONARY
  5
F
330
A
100
AcDbDictionary
281
1
  3
Standard
350
2C
  0
DICTIONARY
  5
10
330
A
100
AcDbDictionary
281
1
  3
Standard
350
22
  0
DICTIONARY
  5
11
330
A
100
AcDbDictionary
281
1
  0
ACDBDICTIONARYWDFLT
  5
12
330
A
100
AcDbDictionary
281
1
  3
Normal
350
13
100
AcDbDictionaryWithDefault
340
13
  0
ACDBPLACEHOLDER
  5
13
330
12
  0
DICTIONARY
  5
14
330
A
100
AcDbDictionary
281
1
  0
DICTIONARY
  5
15
330
A
100
AcDbDictionary
281
1
  0
DICTIONARY
  5
16
330
A
100
AcDbDictionary
281
1
  0
LAYOUT
  5
1A
330
D
100
AcDbPlotSettings
  1

  4
A3
  6

 40
7.5
 41
20.0
 42
7.5
 43
20.0
 44
420.0
 45
297.0
 46
0.0
 47
0.0
 48
0.0
 49
0.0
140
0.0
141
0.0
142
1.0
143
1.0
 70
1024
 72
1
 73
0
 74
5
  7

 75
16
 76
0
 77
2
 78
300
147
1.0
148
0.0
149
0.0
100
AcDbLayout
  1
Model
 70
1
 71
0
 10
0.0
 20
0.0
 11
420.0
 21
297.0
 12
0.0
 22
0.0
 32
0.0
 14
1e+20
 24
1e+20
 34
1e+20
 15
-1e+20
 25
-1e+20
 35
-1e+20
146
0.0
 13
0.0
 23
0.0
 33
0.0
 16
1.0
 26
0.0
 36
0.0
 17
0.0
 27
1.0
 37
0.0
 76
1
330
17
  0
LAYOUT
  5
1E
330
D
100
AcDbPlotSettings
  1

  4
A3
  6

 40
7.5
 41
20.0
 42
7.5
 43
20.0
 44
420.0
 45
297.0
 46
0.0
 47
0.0
 48
0.0
 49
0.0
140
0.0
141
0.0
142
1.0
143
1.0
 70
0
 72
1
 73
0
 74
5
  7

 75
16
 76
0
 77
2
 78
300
147
1.0
148
0.0
149
0.0
100
AcDbLayout
  1
Layout1
 70
1
 71
1
 10
0.0
 20
0.0
 11
420.0
 21
297.0
 12
0.0
 22
0.0
 32
0.0
 14
1e+20
 24
1e+20
 34
1e+20
 15
-1e+20
 25
-1e+20
 35
-1e+20
146
0.0
 13
0.0
 23
0.0
 33
0.0
 16
1.0
 26
0.0
 36
0.0
 17
0.0
 27
1.0
 37
0.0
 76
1
330
1B
  0
MATERIAL
  5
1F
102
{ACAD_REACTORS
330
E
102
}
330
E
100
AcDbMaterial
  1
ByBlock
  2

 70
0
 40
1.0
 71
1
 41
1.0
 91
-1023410177
 42
1.0
 72
1
  3

 73
1
 74
1
 75
1
 44
0.5
 73
0
 45
1.0
 46
1.0
 77
1
  4

 78
1
 79
1
170
1
 48
1.0
171
1
  6

172
1
173
1
174
1
140
1.0
141
1.0
175
1
  7

176
1
177
1
178
1
143
1.0
179
1
  8

270
1
271
1
272
1
145
1.0
146
1.0
273
1
  9

274
1
275
1
276
1
 42
1.0
 72
1
  3

 73
1
 74
1
 75
1
 94
63
  0
MATERIAL
  5
20
102
{ACAD_REACTORS
330
E
102
}
330
E
100
AcDbMaterial
  1
ByLayer
  2

 70
0
 40
1.0
 71
1
 41
1.0
 91
-1023410177
 42
1.0
 72
1
  3

 73
1
 74
1
 75
1
 44
0.5
 73
0
 45
1.0
 46
1.0
 77
1
  4

 78
1
 79
1
170
1
 48
1.0
171
1
  6

172
1
173
1
174
1
140
1.0
141
1.0
175
1
  7

176
1
177
1
178
1
143
1.0
179
1
  8

270
1
271
1
272
1
145
1.0
146
1.0
273
1
  9

274
1
275
1
276
1
 42
1.0
 72
1
  3

 73
1
 74
1
 75
1
 94
63
  0
MATERIAL
  5
21
102
{ACAD_REACTORS
330
E
102
}
330
E
100
AcDbMaterial
  1
Global
  2

 70
0
 40
1.0
 71
1
 41
1.0
 91
-1023410177
 42
1.0
 72
1
  3

 73
1
 74
1
 75
1
 44
0.5
 73
0
 45
1.0
 46
1.0
 77
1
  4

 78
1
 79
1
170
1
 48
1.0
171
1
  6

172
1
173
1
174
1
140
1.0
141
1.0
175
1
  7

176
1
177
1
178
1
143
1.0
179
1
  8

270
1
271
1
272
1
145
1.0
146
1.0
273
1
  9

274
1
275
1
276
1
 42
1.0
 72
1
  3

 73
1
 74
1
 75
1
 94
63
  0
MLINESTYLE
  5
22
102
{ACAD_REACTORS
330
10
102
}
330
10
100
AcDbMlineStyle
  2
Standard
 70
0
  3

 62
256
 51
90.0
 52
90.0
 71
2
 49
0.5
 62
256
  6
BYLAYER
 49
-0.5
 62
256
  6
BYLAYER
  0
MLEADERSTYLE
  5
2C
102
{ACAD_REACTORS
330
F
102
}
330
F
100
AcDbMLeaderStyle
179
2
170
2
171
1
172
0
 90
2
 40
0.0
 41
0.0
173
1
 91
-1056964608
 92
-2
290
1
 42
2.0
291
1
 43
8.0
  3
Standard
 44
4.0
300

342
29
174
1
175
1
176
0
178
1
 93
-1056964608
 45
4.0
292
0
297
0
 46
4.0
 94
-1056964608
 47
1.0
 49
1.0
140
1.0
294
1
141
0.0
177
0
142
1.0
295
0
296
0
143
3.75
271
0
272
9
273
9
  0
DICTIONARY
  5
2D
330
A
100
AcDbDictionary
280
1
281
1
  3
CREATED_BY_EZDXF
350
2E
  3
WRITTEN_BY_EZDXF
350
419
  0
DICTIONARYVAR
  5
2E
330
2D
100
DictionaryVariables
280
0
  1
1.4.2 @ 2025-09-27T15:38:17.332987+00:00
  0
DICTIONARYVAR
  5
419
330
2D
100
DictionaryVariables
280
0
  1
1.4.2 @ 2025-09-27T15:38:17.764675+00:00
  0
ENDSEC
  0
EOF
