  0
SECTION
  2
HEADER
  9
$ACADVER
  1
AC1027
  9
$ACADMAINTVER
 70
105
  9
$DWGCODEPAGE
  3
ANSI_1252
  9
$LASTSAVEDBY
  1
ezdxf
  9
$REQUIREDVERSIONS
160
0
  9
$INSBASE
 10
0.0
 20
0.0
 30
0.0
  9
$EXTMIN
 10
1e+20
 20
1e+20
 30
1e+20
  9
$EXTMAX
 10
-1e+20
 20
-1e+20
 30
-1e+20
  9
$LIMMIN
 10
0.0
 20
0.0
  9
$LIMMAX
 10
420.0
 20
297.0
  9
$ORTHOMODE
 70
0
  9
$REGENMODE
 70
1
  9
$FILLMODE
 70
1
  9
$QTEXTMODE
 70
0
  9
$MIRRTEXT
 70
1
  9
$LTSCALE
 40
1.0
  9
$ATTMODE
 70
1
  9
$TEXTSIZE
 40
2.5
  9
$TRACEWID
 40
1.0
  9
$TEXTSTYLE
  7
Standard
  9
$CLAYER
  8
0
  9
$CELTYPE
  6
ByLayer
  9
$CECOLOR
 62
256
  9
$CELTSCALE
 40
1.0
  9
$DISPSILH
 70
0
  9
$DIMSCALE
 40
1.0
  9
$DIMASZ
 40
2.5
  9
$DIMEXO
 40
0.625
  9
$DIMDLI
 40
3.75
  9
$DIMRND
 40
0.0
  9
$DIMDLE
 40
0.0
  9
$DIMEXE
 40
1.25
  9
$DIMTP
 40
0.0
  9
$DIMTM
 40
0.0
  9
$DIMTXT
 40
2.5
  9
$DIMCEN
 40
2.5
  9
$DIMTSZ
 40
0.0
  9
$DIMTOL
 70
0
  9
$DIMLIM
 70
0
  9
$DIMTIH
 70
0
  9
$DIMTOH
 70
0
  9
$DIMSE1
 70
0
  9
$DIMSE2
 70
0
  9
$DIMTAD
 70
1
  9
$DIMZIN
 70
8
  9
$DIMBLK
  1

  9
$DIMASO
 70
1
  9
$DIMSHO
 70
1
  9
$DIMPOST
  1

  9
$DIMAPOST
  1

  9
$DIMALT
 70
0
  9
$DIMALTD
 70
3
  9
$DIMALTF
 40
0.03937007874
  9
$DIMLFAC
 40
1.0
  9
$DIMTOFL
 70
1
  9
$DIMTVP
 40
0.0
  9
$DIMTIX
 70
0
  9
$DIMSOXD
 70
0
  9
$DIMSAH
 70
0
  9
$DIMBLK1
  1

  9
$DIMBLK2
  1

  9
$DIMSTYLE
  2
ISO-25
  9
$DIMCLRD
 70
0
  9
$DIMCLRE
 70
0
  9
$DIMCLRT
 70
0
  9
$DIMTFAC
 40
1.0
  9
$DIMGAP
 40
0.625
  9
$DIMJUST
 70
0
  9
$DIMSD1
 70
0
  9
$DIMSD2
 70
0
  9
$DIMTOLJ
 70
0
  9
$DIMTZIN
 70
8
  9
$DIMALTZ
 70
0
  9
$DIMALTTZ
 70
0
  9
$DIMUPT
 70
0
  9
$DIMDEC
 70
2
  9
$DIMTDEC
 70
2
  9
$DIMALTU
 70
2
  9
$DIMALTTD
 70
3
  9
$DIMTXSTY
  7
Standard
  9
$DIMAUNIT
 70
0
  9
$DIMADEC
 70
0
  9
$DIMALTRND
 40
0.0
  9
$DIMAZIN
 70
0
  9
$DIMDSEP
 70
44
  9
$DIMATFIT
 70
3
  9
$DIMFRAC
 70
0
  9
$DIMLDRBLK
  1

  9
$DIMLUNIT
 70
2
  9
$DIMLWD
 70
-2
  9
$DIMLWE
 70
-2
  9
$DIMTMOVE
 70
0
  9
$DIMFXL
 40
1.0
  9
$DIMFXLON
 70
0
  9
$DIMJOGANG
 40
0.785398163397
  9
$DIMTFILL
 70
0
  9
$DIMTFILLCLR
 70
0
  9
$DIMARCSYM
 70
0
  9
$DIMLTYPE
  6

  9
$DIMLTEX1
  6

  9
$DIMLTEX2
  6

  9
$DIMTXTDIRECTION
 70
0
  9
$LUNITS
 70
2
  9
$LUPREC
 70
4
  9
$SKETCHINC
 40
1.0
  9
$FILLETRAD
 40
10.0
  9
$AUNITS
 70
0
  9
$AUPREC
 70
2
  9
$MENU
  1
.
  9
$ELEVATION
 40
0.0
  9
$PELEVATION
 40
0.0
  9
$THICKNESS
 40
0.0
  9
$LIMCHECK
 70
0
  9
$CHAMFERA
 40
0.0
  9
$CHAMFERB
 40
0.0
  9
$CHAMFERC
 40
0.0
  9
$CHAMFERD
 40
0.0
  9
$SKPOLY
 70
0
  9
$TDCREATE
 40
2460948.6468402776
  9
$TDUCREATE
 40
2458532.153996898
  9
$TDUPDATE
 40
2460948.646851852
  9
$TDUUPDATE
 40
2458532.1544311
  9
$TDINDWG
 40
0.0
  9
$TDUSRTIMER
 40
0.0
  9
$USRTIMER
 70
1
  9
$ANGBASE
 50
0.0
  9
$ANGDIR
 70
0
  9
$PDMODE
 70
0
  9
$PDSIZE
 40
0.0
  9
$PLINEWID
 40
0.0
  9
$SPLFRAME
 70
0
  9
$SPLINETYPE
 70
6
  9
$SPLINESEGS
 70
8
  9
$HANDSEED
  5
512
  9
$SURFTAB1
 70
6
  9
$SURFTAB2
 70
6
  9
$SURFTYPE
 70
6
  9
$SURFU
 70
6
  9
$SURFV
 70
6
  9
$UCSBASE
  2

  9
$UCSNAME
  2

  9
$UCSORG
 10
0.0
 20
0.0
 30
0.0
  9
$UCSXDIR
 10
1.0
 20
0.0
 30
0.0
  9
$UCSYDIR
 10
0.0
 20
1.0
 30
0.0
  9
$UCSORTHOREF
  2

  9
$UCSORTHOVIEW
 70
0
  9
$UCSORGTOP
 10
0.0
 20
0.0
 30
0.0
  9
$UCSORGBOTTOM
 10
0.0
 20
0.0
 30
0.0
  9
$UCSORGLEFT
 10
0.0
 20
0.0
 30
0.0
  9
$UCSORGRIGHT
 10
0.0
 20
0.0
 30
0.0
  9
$UCSORGFRONT
 10
0.0
 20
0.0
 30
0.0
  9
$UCSORGBACK
 10
0.0
 20
0.0
 30
0.0
  9
$PUCSBASE
  2

  9
$PUCSNAME
  2

  9
$PUCSORG
 10
0.0
 20
0.0
 30
0.0
  9
$PUCSXDIR
 10
1.0
 20
0.0
 30
0.0
  9
$PUCSYDIR
 10
0.0
 20
1.0
 30
0.0
  9
$PUCSORTHOREF
  2

  9
$PUCSORTHOVIEW
 70
0
  9
$PUCSORGTOP
 10
0.0
 20
0.0
 30
0.0
  9
$PUCSORGBOTTOM
 10
0.0
 20
0.0
 30
0.0
  9
$PUCSORGLEFT
 10
0.0
 20
0.0
 30
0.0
  9
$PUCSORGRIGHT
 10
0.0
 20
0.0
 30
0.0
  9
$PUCSORGFRONT
 10
0.0
 20
0.0
 30
0.0
  9
$PUCSORGBACK
 10
0.0
 20
0.0
 30
0.0
  9
$USERI1
 70
0
  9
$USERI2
 70
0
  9
$USERI3
 70
0
  9
$USERI4
 70
0
  9
$USERI5
 70
0
  9
$USERR1
 40
0.0
  9
$USERR2
 40
0.0
  9
$USERR3
 40
0.0
  9
$USERR4
 40
0.0
  9
$USERR5
 40
0.0
  9
$WORLDVIEW
 70
1
  9
$SHADEDGE
 70
3
  9
$SHADEDIF
 70
70
  9
$TILEMODE
 70
1
  9
$MAXACTVP
 70
64
  9
$PINSBASE
 10
0.0
 20
0.0
 30
0.0
  9
$PLIMCHECK
 70
0
  9
$PEXTMIN
 10
1e+20
 20
1e+20
 30
1e+20
  9
$PEXTMAX
 10
-1e+20
 20
-1e+20
 30
-1e+20
  9
$PLIMMIN
 10
0.0
 20
0.0
  9
$PLIMMAX
 10
420.0
 20
297.0
  9
$UNITMODE
 70
0
  9
$VISRETAIN
 70
1
  9
$PLINEGEN
 70
0
  9
$PSLTSCALE
 70
1
  9
$TREEDEPTH
 70
3020
  9
$CMLSTYLE
  2
Standard
  9
$CMLJUST
 70
0
  9
$CMLSCALE
 40
20.0
  9
$PROXYGRAPHICS
 70
1
  9
$MEASUREMENT
 70
1
  9
$CELWEIGHT
370
-1
  9
$ENDCAPS
280
0
  9
$JOINSTYLE
280
0
  9
$LWDISPLAY
290
0
  9
$INSUNITS
 70
6
  9
$HYPERLINKBASE
  1

  9
$STYLESHEET
  1

  9
$XEDIT
290
1
  9
$CEPSNTYPE
380
0
  9
$PSTYLEMODE
290
1
  9
$FINGERPRINTGUID
  2
{3E450985-B82F-431E-A750-5609E5FAD3D4}
  9
$VERSIONGUID
  2
{DB46FD5C-FEE1-4108-A237-4F1D71A2B272}
  9
$EXTNAMES
290
1
  9
$PSVPSCALE
 40
0.0
  9
$OLESTARTUP
290
0
  9
$SORTENTS
280
127
  9
$INDEXCTL
280
0
  9
$HIDETEXT
280
1
  9
$XCLIPFRAME
280
1
  9
$HALOGAP
280
0
  9
$OBSCOLOR
 70
257
  9
$OBSLTYPE
280
0
  9
$INTERSECTIONDISPLAY
280
0
  9
$INTERSECTIONCOLOR
 70
257
  9
$DIMASSOC
280
2
  9
$PROJECTNAME
  1

  9
$CAMERADISPLAY
290
0
  9
$LENSLENGTH
 40
50.0
  9
$CAMERAHEIGHT
 40
0.0
  9
$STEPSPERSEC
 40
24.0
  9
$STEPSIZE
 40
100.0
  9
$3DDWFPREC
 40
2.0
  9
$PSOLWIDTH
 40
0.005
  9
$PSOLHEIGHT
 40
0.08
  9
$LOFTANG1
 40
1.570796326795
  9
$LOFTANG2
 40
1.570796326795
  9
$LOFTMAG1
 40
0.0
  9
$LOFTMAG2
 40
0.0
  9
$LOFTPARAM
 70
7
  9
$LOFTNORMALS
280
1
  9
$LATITUDE
 40
37.795
  9
$LONGITUDE
 40
-122.394
  9
$NORTHDIRECTION
 40
0.0
  9
$TIMEZONE
 70
-8000
  9
$LIGHTGLYPHDISPLAY
280
1
  9
$TILEMODELIGHTSYNCH
280
1
  9
$CMATERIAL
347
20
  9
$SOLIDHIST
280
0
  9
$SHOWHIST
280
1
  9
$DWFFRAME
280
2
  9
$DGNFRAME
280
2
  9
$REALWORLDSCALE
290
1
  9
$INTERFERECOLOR
 62
256
  9
$CSHADOW
280
0
  9
$SHADOWPLANELOCATION
 40
0.0
  0
ENDSEC
  0
SECTION
  2
CLASSES
  0
CLASS
  1
ACDBDICTIONARYWDFLT
  2
AcDbDictionaryWithDefault
  3
ObjectDBX Classes
 90
0
 91
0
280
0
281
0
  0
CLASS
  1
SUN
  2
AcDbSun
  3
SCENEOE
 90
1153
 91
0
280
0
281
0
  0
CLASS
  1
VISUALSTYLE
  2
AcDbVisualStyle
  3
ObjectDBX Classes
 90
4095
 91
0
280
0
281
0
  0
CLASS
  1
MATERIAL
  2
AcDbMaterial
  3
ObjectDBX Classes
 90
1153
 91
0
280
0
281
0
  0
CLASS
  1
SCALE
  2
AcDbScale
  3
ObjectDBX Classes
 90
1153
 91
0
280
0
281
0
  0
CLASS
  1
TABLESTYLE
  2
AcDbTableStyle
  3
ObjectDBX Classes
 90
4095
 91
0
280
0
281
0
  0
CLASS
  1
MLEADERSTYLE
  2
AcDbMLeaderStyle
  3
ACDB_MLEADERSTYLE_CLASS
 90
4095
 91
0
280
0
281
0
  0
CLASS
  1
DICTIONARYVAR
  2
AcDbDictionaryVar
  3
ObjectDBX Classes
 90
0
 91
0
280
0
281
0
  0
CLASS
  1
CELLSTYLEMAP
  2
AcDbCellStyleMap
  3
ObjectDBX Classes
 90
1152
 91
0
280
0
281
0
  0
CLASS
  1
MENTALRAYRENDERSETTINGS
  2
AcDbMentalRayRenderSettings
  3
SCENEOE
 90
1024
 91
0
280
0
281
0
  0
CLASS
  1
ACDBDETAILVIEWSTYLE
  2
AcDbDetailViewStyle
  3
ObjectDBX Classes
 90
1025
 91
0
280
0
281
0
  0
CLASS
  1
ACDBSECTIONVIEWSTYLE
  2
AcDbSectionViewStyle
  3
ObjectDBX Classes
 90
1025
 91
0
280
0
281
0
  0
CLASS
  1
RASTERVARIABLES
  2
AcDbRasterVariables
  3
ISM
 90
0
 91
0
280
0
281
0
  0
CLASS
  1
LAYOUT
  2
AcDbLayout
  3
ObjectDBX Classes
 90
0
 91
0
280
0
281
0
  0
CLASS
  1
ACDBPLACEHOLDER
  2
AcDbPlaceHolder
  3
ObjectDBX Classes
 90
0
 91
0
280
0
281
0
  0
ENDSEC
  0
SECTION
  2
TABLES
  0
TABLE
  2
VPORT
  5
8
330
0
100
AcDbSymbolTable
 70
1
  0
VPORT
  5
23
330
8
100
AcDbSymbolTableRecord
100
AcDbViewportTableRecord
  2
*Active
 70
0
 10
0.0
 20
0.0
 11
1.0
 21
1.0
 12
0.0
 22
0.0
 13
0.0
 23
0.0
 14
0.5
 24
0.5
 15
0.5
 25
0.5
 16
0.0
 26
0.0
 36
1.0
 17
0.0
 27
0.0
 37
0.0
 40
1000.0
 41
1.34
 42
50.0
 43
0.0
 44
0.0
 50
0.0
 51
0.0
 71
0
 72
1000
 73
1
 74
3
 75
0
 76
0
 77
0
 78
0
281
0
 65
0
146
0.0
  0
ENDTAB
  0
TABLE
  2
LTYPE
  5
2
330
0
100
AcDbSymbolTable
 70
7
  0
LTYPE
  5
24
330
2
100
AcDbSymbolTableRecord
100
AcDbLinetypeTableRecord
  2
ByBlock
 70
0
  3

 72
65
 73
0
 40
0.0
  0
LTYPE
  5
25
330
2
100
AcDbSymbolTableRecord
100
AcDbLinetypeTableRecord
  2
ByLayer
 70
0
  3

 72
65
 73
0
 40
0.0
  0
LTYPE
  5
26
330
2
100
AcDbSymbolTableRecord
100
AcDbLinetypeTableRecord
  2
Continuous
 70
0
  3

 72
65
 73
0
 40
0.0
  0
LTYPE
  5
44
330
2
100
AcDbSymbolTableRecord
100
AcDbLinetypeTableRecord
  2
HIDDEN
 70
0
  3
Hidden __ __ __ __ __ __ __ __ __ __ __ __ __ _
 72
65
 73
2
 40
9.525
 49
6.349999999999998
 74
0
 49
-3.174999999999998
 74
0
  0
LTYPE
  5
45
330
2
100
AcDbSymbolTableRecord
100
AcDbLinetypeTableRecord
  2
DASHDOT2
 70
0
  3
Dash dot (.5x) _._._._._._._._._._._._._._._.
 72
65
 73
4
 40
0.5
 49
0.25
 74
0
 49
-0.125
 74
0
 49
0.0
 74
0
 49
-0.125
 74
0
  0
LTYPE
  5
6F
330
2
100
AcDbSymbolTableRecord
100
AcDbLinetypeTableRecord
  2
a_p6_plan_L18$0$HIDDEN
 70
0
  3
Hidden __ __ __ __ __ __ __ __ __ __ __ __ __ _
 72
65
 73
2
 40
0.375
 49
0.25
 74
0
 49
-0.125
 74
0
  0
LTYPE
  5
CB
330
2
100
AcDbSymbolTableRecord
100
AcDbLinetypeTableRecord
  2
ACAD_ISO03W100
 70
0
  3
ISO dash space __    __    __    __    __    __
 72
65
 73
2
 40
30.0
 49
12.0
 74
0
 49
-18.0
 74
0
  0
ENDTAB
  0
TABLE
  2
LAYER
  5
1
330
0
100
AcDbSymbolTable
 70
20
  0
LAYER
  5
27
330
1
100
AcDbSymbolTableRecord
100
AcDbLayerTableRecord
  2
0
 70
0
 62
7
  6
Continuous
370
-3
390
13
347
21
  0
LAYER
  5
28
330
1
100
AcDbSymbolTableRecord
100
AcDbLayerTableRecord
  2
Defpoints
 70
0
 62
7
  6
Continuous
290
0
370
-3
390
13
347
21
  0
LAYER
  5
2F
330
1
100
AcDbSymbolTableRecord
100
AcDbLayerTableRecord
  2
FloorPlan
 70
0
 62
1
  6
Continuous
370
-3
390
13
347
21
  0
LAYER
  5
30
330
1
100
AcDbSymbolTableRecord
100
AcDbLayerTableRecord
  2
Fixtures
 70
0
 62
3
  6
Continuous
370
-3
390
13
347
21
  0
LAYER
  5
31
330
1
100
AcDbSymbolTableRecord
100
AcDbLayerTableRecord
  2
FixtureLabels
 70
0
 62
2
  6
Continuous
370
-3
390
13
347
21
  0
LAYER
  5
46
330
1
100
AcDbSymbolTableRecord
100
AcDbLayerTableRecord
  2
I-LK IT
 70
0
 62
3
  6
Continuous
370
18
390
13
347
21
348
0
  0
LAYER
  5
47
330
1
100
AcDbSymbolTableRecord
100
AcDbLayerTableRecord
  2
I-LK TEXT
 70
0
 62
31
  6
Continuous
370
5
390
13
347
21
348
0
  0
LAYER
  5
48
330
1
100
AcDbSymbolTableRecord
100
AcDbLayerTableRecord
  2
I-LK EQPMT
 70
0
 62
3
  6
Continuous
370
18
390
13
347
21
348
0
  0
LAYER
  5
49
330
1
100
AcDbSymbolTableRecord
100
AcDbLayerTableRecord
  2
Door
 70
0
 62
2
  6
Continuous
370
13
390
13
347
21
348
0
  0
LAYER
  5
70
330
1
100
AcDbSymbolTableRecord
100
AcDbLayerTableRecord
  2
LN-ELEVATION-1
 70
0
 62
81
  6
Continuous
370
13
390
13
347
21
348
0
  0
LAYER
  5
71
330
1
100
AcDbSymbolTableRecord
100
AcDbLayerTableRecord
  2
LN-ELEVATION-3
 70
0
 62
125
  6
a_p6_plan_L18$0$HIDDEN
370
18
390
13
347
21
348
0
  0
LAYER
  5
72
330
1
100
AcDbSymbolTableRecord
100
AcDbLayerTableRecord
  2
I-LK FF&E
 70
0
 62
1
  6
Continuous
370
9
390
13
347
21
348
0
  0
LAYER
  5
73
330
1
100
AcDbSymbolTableRecord
100
AcDbLayerTableRecord
  2
LN-HATCH
 70
0
 62
251
  6
Continuous
370
0
390
13
347
21
348
0
  0
LAYER
  5
A4
330
1
100
AcDbSymbolTableRecord
100
AcDbLayerTableRecord
  2
LN-ELEVATION-2
 70
0
 62
103
  6
Continuous
370
20
390
13
347
21
348
0
  0
LAYER
  5
CC
330
1
100
AcDbSymbolTableRecord
100
AcDbLayerTableRecord
  2
LN-ELEVATION-4
 70
0
 62
145
  6
Continuous
370
13
390
13
347
21
348
0
  0
LAYER
  5
149
330
1
100
AcDbSymbolTableRecord
100
AcDbLayerTableRecord
  2
I-LK PARTITION
 70
0
 62
21
  6
Continuous
370
25
390
13
347
21
348
0
  0
LAYER
  5
14A
330
1
100
AcDbSymbolTableRecord
100
AcDbLayerTableRecord
  2
I-LK CURTAIN
 70
0
 62
5
  6
a_p6_plan_L18$0$HIDDEN
370
9
390
13
347
21
348
0
  0
LAYER
  5
14B
330
1
100
AcDbSymbolTableRecord
100
AcDbLayerTableRecord
  2
I-LK DIM
 70
0
 62
252
  6
Continuous
370
5
390
13
347
21
348
0
  0
LAYER
  5
14C
330
1
100
AcDbSymbolTableRecord
100
AcDbLayerTableRecord
  2
I-LK FURNITURE
 70
0
 62
13
  6
Continuous
370
9
390
13
347
21
348
0
  0
LAYER
  5
3B6
330
1
100
AcDbSymbolTableRecord
100
AcDbLayerTableRecord
  2
LN-ELEVATION-5
 70
0
 62
167
  6
Continuous
370
5
390
13
347
21
348
0
  0
ENDTAB
  0
TABLE
  2
STYLE
  5
5
330
0
100
AcDbSymbolTable
 70
2
  0
STYLE
  5
29
330
5
100
AcDbSymbolTableRecord
100
AcDbTextStyleTableRecord
  2
Standard
 70
0
 40
0.0
 41
1.0
 50
0.0
 71
0
 42
2.5
  3
txt
  4

  0
STYLE
  5
4A
330
5
100
AcDbSymbolTableRecord
100
AcDbTextStyleTableRecord
  2
LK TXT
 70
0
 40
0.0
 41
1.0
 50
0.0
 71
0
 42
250.0
  3
Arial Narrow.ttf
  4

  0
ENDTAB
  0
TABLE
  2
VIEW
  5
7
330
0
100
AcDbSymbolTable
 70
0
  0
ENDTAB
  0
TABLE
  2
UCS
  5
6
330
0
100
AcDbSymbolTable
 70
0
  0
ENDTAB
  0
TABLE
  2
APPID
  5
3
330
0
100
AcDbSymbolTable
 70
3
  0
APPID
  5
2A
330
3
100
AcDbSymbolTableRecord
100
AcDbRegAppTableRecord
  2
ACAD
 70
0
  0
APPID
  5
50F
330
3
100
AcDbSymbolTableRecord
100
AcDbRegAppTableRecord
  2
HATCHBACKGROUNDCOLOR
 70
0
  0
APPID
  5
510
330
3
100
AcDbSymbolTableRecord
100
AcDbRegAppTableRecord
  2
EZDXF
 70
0
  0
ENDTAB
  0
TABLE
  2
DIMSTYLE
  5
4
330
0
100
AcDbSymbolTable
 70
3
100
AcDbDimStyleTable
  0
DIMSTYLE
105
2B
330
4
100
AcDbSymbolTableRecord
100
AcDbDimStyleTableRecord
  2
Standard
 70
0
 40
1.0
 41
2.5
 42
0.625
 43
3.75
 44
1.25
 45
0.0
 46
0.0
 47
0.0
 48
0.0
 49
2.5
140
2.5
141
2.5
142
0.0
143
0.03937007874
144
1.0
145
0.0
146
1.0
147
0.625
148
0.0
 69
0
 70
0
 71
0
 72
0
 73
0
 74
0
 75
0
 76
0
 77
1
 78
8
 79
3
170
0
171
3
172
1
173
0
174
0
175
0
176
0
177
0
178
0
179
2
271
2
272
2
273
2
274
3
275
0
276
0
277
2
278
44
279
0
280
0
281
0
282
0
283
0
284
8
285
0
286
0
288
0
289
3
290
0
371
-2
372
-2
  0
DIMSTYLE
105
4B
330
4
100
AcDbSymbolTableRecord
100
AcDbDimStyleTableRecord
  2
LK-MM 100
 70
0
 40
0.8
 41
50.0
 42
50.0
 43
50.0
 44
50.0
 45
0.0
 46
50.0
 47
0.0
 48
0.0
 49
3.0
140
100.0
141
0.0
142
0.0
143
0.03937
144
1.0
145
0.0
146
1.0
147
25.0
148
0.0
 69
0
 70
0
 71
0
 72
0
 73
0
 74
0
 75
0
 76
0
 77
1
 78
8
 79
3
170
0
171
1
172
1
173
0
174
0
175
0
176
8
177
8
178
256
179
2
271
0
272
0
273
6
274
1
275
0
276
0
277
2
278
44
279
1
280
0
281
0
282
0
283
0
284
8
285
8
286
8
288
0
289
3
290
0
340
4A
342
4C
343
4C
344
4C
345
25
346
44
347
44
371
5
372
0
  0
DIMSTYLE
105
14D
330
4
100
AcDbSymbolTableRecord
100
AcDbDimStyleTableRecord
  2
LK-MM 75
 70
0
 40
0.8
 41
32.5
 42
32.0
 43
32.0
 44
32.0
 45
0.0
 46
32.0
 47
0.0
 48
0.0
 49
3.0
140
75.0
141
0.0
142
0.0
143
0.03937
144
1.0
145
0.0
146
1.0
147
25.0
148
0.0
 69
0
 70
0
 71
0
 72
0
 73
0
 74
0
 75
0
 76
0
 77
1
 78
8
 79
3
170
0
171
1
172
1
173
0
174
0
175
0
176
8
177
8
178
256
179
2
271
0
272
0
273
6
274
1
275
0
276
0
277
2
278
44
279
1
280
0
281
0
282
0
283
0
284
8
285
8
286
8
288
0
289
3
290
0
340
4A
342
4C
343
4C
344
4C
345
25
346
44
347
44
371
5
372
0
  0
ENDTAB
  0
TABLE
  2
BLOCK_RECORD
  5
9
330
0
100
AcDbSymbolTable
 70
66
  0
BLOCK_RECORD
  5
17
330
9
100
AcDbSymbolTableRecord
100
AcDbBlockTableRecord
  2
*Model_Space
340
1A
 70
0
280
1
281
0
  0
BLOCK_RECORD
  5
1B
330
9
100
AcDbSymbolTableRecord
100
AcDbBlockTableRecord
  2
*Paper_Space
340
1E
 70
0
280
1
281
0
  0
BLOCK_RECORD
  5
33
330
9
100
AcDbSymbolTableRecord
100
AcDbBlockTableRecord
  2
SCREEN_55_1
340
0
 70
0
280
1
281
0
  0
BLOCK_RECORD
  5
4C
330
9
100
AcDbSymbolTableRecord
100
AcDbBlockTableRecord
  2
_archtick
340
0
 70
0
280
1
281
0
  0
BLOCK_RECORD
  5
50
330
9
100
AcDbSymbolTableRecord
100
AcDbBlockTableRecord
  2
it 55inch tv
340
0
 70
0
280
1
281
0
  0
BLOCK_RECORD
  5
6A
330
9
100
AcDbSymbolTableRecord
100
AcDbBlockTableRecord
  2
VC_FIXTURE_LARGE_1
340
0
 70
0
280
1
281
0
  0
BLOCK_RECORD
  5
74
330
9
100
AcDbSymbolTableRecord
100
AcDbBlockTableRecord
  2
12mm vc plan
340
0
 70
0
280
1
281
0
  0
BLOCK_RECORD
  5
98
330
9
100
AcDbSymbolTableRecord
100
AcDbBlockTableRecord
  2
VC_FIXTURE_LARGE_2
340
0
 70
0
280
1
281
0
  0
BLOCK_RECORD
  5
9F
330
9
100
AcDbSymbolTableRecord
100
AcDbBlockTableRecord
  2
VC_FIXTURE_MEDIUM_1
340
0
 70
0
280
1
281
0
  0
BLOCK_RECORD
  5
A5
330
9
100
AcDbSymbolTableRecord
100
AcDbBlockTableRecord
  2
1010mm vc plan
340
0
 70
0
280
1
281
0
  0
BLOCK_RECORD
  5
C6
330
9
100
AcDbSymbolTableRecord
100
AcDbBlockTableRecord
  2
JJ_FIXTURE_LARGE_1
340
0
 70
0
280
1
281
0
  0
BLOCK_RECORD
  5
CD
330
9
100
AcDbSymbolTableRecord
100
AcDbBlockTableRecord
  2
jj 1200
340
0
 70
0
280
1
281
0
  0
BLOCK_RECORD
  5
DC
330
9
100
AcDbSymbolTableRecord
100
AcDbBlockTableRecord
  2
JJ_FIXTURE_LARGE_2
340
0
 70
0
280
1
281
0
  0
BLOCK_RECORD
  5
E3
330
9
100
AcDbSymbolTableRecord
100
AcDbBlockTableRecord
  2
JJ_FIXTURE_LARGE_3
340
0
 70
0
280
1
281
0
  0
BLOCK_RECORD
  5
EA
330
9
100
AcDbSymbolTableRecord
100
AcDbBlockTableRecord
  2
VC_FIXTURE_MEDIUM_2
340
0
 70
0
280
1
281
0
  0
BLOCK_RECORD
  5
F9
330
9
100
AcDbSymbolTableRecord
100
AcDbBlockTableRecord
  2
STAFF_RACK_1
340
0
 70
0
280
1
281
0
  0
BLOCK_RECORD
  5
101
330
9
100
AcDbSymbolTableRecord
100
AcDbBlockTableRecord
  2
STAFF_RACK_2
340
0
 70
0
280
1
281
0
  0
BLOCK_RECORD
  5
109
330
9
100
AcDbSymbolTableRecord
100
AcDbBlockTableRecord
  2
JJ_FIXTURE_LARGE_4
340
0
 70
0
280
1
281
0
  0
BLOCK_RECORD
  5
110
330
9
100
AcDbSymbolTableRecord
100
AcDbBlockTableRecord
  2
STAFF_RACK_3
340
0
 70
0
280
1
281
0
  0
BLOCK_RECORD
  5
118
330
9
100
AcDbSymbolTableRecord
100
AcDbBlockTableRecord
  2
VC_FIXTURE_MEDIUM_3
340
0
 70
0
280
1
281
0
  0
BLOCK_RECORD
  5
11F
330
9
100
AcDbSymbolTableRecord
100
AcDbBlockTableRecord
  2
VC_FIXTURE_MEDIUM_4
340
0
 70
0
280
1
281
0
  0
BLOCK_RECORD
  5
126
330
9
100
AcDbSymbolTableRecord
100
AcDbBlockTableRecord
  2
MIRROR_1
340
0
 70
0
280
1
281
0
  0
BLOCK_RECORD
  5
12B
330
9
100
AcDbSymbolTableRecord
100
AcDbBlockTableRecord
  2
mirror unit see thru
340
0
 70
0
280
1
281
0
  0
BLOCK_RECORD
  5
13B
330
9
100
AcDbSymbolTableRecord
100
AcDbBlockTableRecord
  2
VC_FIXTURE_LARGE_3
340
0
 70
0
280
1
281
0
  0
BLOCK_RECORD
  5
144
330
9
100
AcDbSymbolTableRecord
100
AcDbBlockTableRecord
  2
ROC_CLINIC_1
340
0
 70
0
280
1
281
0
  0
BLOCK_RECORD
  5
14E
330
9
100
AcDbSymbolTableRecord
100
AcDbBlockTableRecord
  2
clinic screen
340
0
 70
0
280
1
281
0
  0
BLOCK_RECORD
  5
165
330
9
100
AcDbSymbolTableRecord
100
AcDbBlockTableRecord
  2
clinic chair
340
0
 70
0
280
1
281
0
  0
BLOCK_RECORD
  5
1CF
330
9
100
AcDbSymbolTableRecord
100
AcDbBlockTableRecord
  2
it keyboard
340
0
 70
0
280
1
281
0
  0
BLOCK_RECORD
  5
1D7
330
9
100
AcDbSymbolTableRecord
100
AcDbBlockTableRecord
  2
it mic
340
0
 70
0
280
1
281
0
  0
BLOCK_RECORD
  5
1DD
330
9
100
AcDbSymbolTableRecord
100
AcDbBlockTableRecord
  2
a$c18799085
340
0
 70
0
280
1
281
0
  0
BLOCK_RECORD
  5
1F4
330
9
100
AcDbSymbolTableRecord
100
AcDbBlockTableRecord
  2
clinic pc50s
340
0
 70
0
280
1
281
0
  0
BLOCK_RECORD
  5
20B
330
9
100
AcDbSymbolTableRecord
100
AcDbBlockTableRecord
  2
clinic chair trial set
340
0
 70
0
280
1
281
0
  0
BLOCK_RECORD
  5
221
330
9
100
AcDbSymbolTableRecord
100
AcDbBlockTableRecord
  2
a$c4fdbbfdd
340
0
 70
0
280
1
281
0
  0
BLOCK_RECORD
  5
23C
330
9
100
AcDbSymbolTableRecord
100
AcDbBlockTableRecord
  2
doctors stool
340
0
 70
0
280
1
281
0
  0
BLOCK_RECORD
  5
241
330
9
100
AcDbSymbolTableRecord
100
AcDbBlockTableRecord
  2
*u10
340
0
 70
0
280
1
281
0
  0
BLOCK_RECORD
  5
245
330
9
100
AcDbSymbolTableRecord
100
AcDbBlockTableRecord
  2
*u11
340
0
 70
0
280
1
281
0
  0
BLOCK_RECORD
  5
266
330
9
100
AcDbSymbolTableRecord
100
AcDbBlockTableRecord
  2
*u12
340
0
 70
0
280
1
281
0
  0
BLOCK_RECORD
  5
26A
330
9
100
AcDbSymbolTableRecord
100
AcDbBlockTableRecord
  2
*u13
340
0
 70
0
280
1
281
0
  0
BLOCK_RECORD
  5
32B
330
9
100
AcDbSymbolTableRecord
100
AcDbBlockTableRecord
  2
*d14
340
0
 70
0
280
1
281
0
  0
BLOCK_RECORD
  5
33A
330
9
100
AcDbSymbolTableRecord
100
AcDbBlockTableRecord
  2
roc_clinic
340
0
 70
0
280
1
281
0
  0
BLOCK_RECORD
  5
346
330
9
100
AcDbSymbolTableRecord
100
AcDbBlockTableRecord
  2
SOFA_1
340
0
 70
0
280
1
281
0
  0
BLOCK_RECORD
  5
34B
330
9
100
AcDbSymbolTableRecord
100
AcDbBlockTableRecord
  2
nesting tables
340
0
 70
0
280
1
281
0
  0
BLOCK_RECORD
  5
364
330
9
100
AcDbSymbolTableRecord
100
AcDbBlockTableRecord
  2
STAFF_RACK_4
340
0
 70
0
280
1
281
0
  0
BLOCK_RECORD
  5
36C
330
9
100
AcDbSymbolTableRecord
100
AcDbBlockTableRecord
  2
VC_FIXTURE_MEDIUM_5
340
0
 70
0
280
1
281
0
  0
BLOCK_RECORD
  5
373
330
9
100
AcDbSymbolTableRecord
100
AcDbBlockTableRecord
  2
STAFF_RACK_5
340
0
 70
0
280
1
281
0
  0
BLOCK_RECORD
  5
37F
330
9
100
AcDbSymbolTableRecord
100
AcDbBlockTableRecord
  2
VC_FIXTURE_MEDIUM_6
340
0
 70
0
280
1
281
0
  0
BLOCK_RECORD
  5
38A
330
9
100
AcDbSymbolTableRecord
100
AcDbBlockTableRecord
  2
VC_FIXTURE_LARGE_4
340
0
 70
0
280
1
281
0
  0
BLOCK_RECORD
  5
391
330
9
100
AcDbSymbolTableRecord
100
AcDbBlockTableRecord
  2
VC_FIXTURE_MEDIUM_7
340
0
 70
0
280
1
281
0
  0
BLOCK_RECORD
  5
398
330
9
100
AcDbSymbolTableRecord
100
AcDbBlockTableRecord
  2
VC_FIXTURE_MEDIUM_8
340
0
 70
0
280
1
281
0
  0
BLOCK_RECORD
  5
39F
330
9
100
AcDbSymbolTableRecord
100
AcDbBlockTableRecord
  2
VC_FIXTURE_MEDIUM_9
340
0
 70
0
280
1
281
0
  0
BLOCK_RECORD
  5
3A6
330
9
100
AcDbSymbolTableRecord
100
AcDbBlockTableRecord
  2
VC_FIXTURE_MEDIUM_10
340
0
 70
0
280
1
281
0
  0
BLOCK_RECORD
  5
3B1
330
9
100
AcDbSymbolTableRecord
100
AcDbBlockTableRecord
  2
EURO_CENTRE_1
340
0
 70
0
280
1
281
0
  0
BLOCK_RECORD
  5
3B7
330
9
100
AcDbSymbolTableRecord
100
AcDbBlockTableRecord
  2
euro mirror
340
0
 70
0
280
1
281
0
  0
BLOCK_RECORD
  5
407
330
9
100
AcDbSymbolTableRecord
100
AcDbBlockTableRecord
  2
eurocenter 1040
340
0
 70
0
280
1
281
0
  0
BLOCK_RECORD
  5
49B
330
9
100
AcDbSymbolTableRecord
100
AcDbBlockTableRecord
  2
VC_FIXTURE_MEDIUM_11
340
0
 70
0
280
1
281
0
  0
BLOCK_RECORD
  5
4A2
330
9
100
AcDbSymbolTableRecord
100
AcDbBlockTableRecord
  2
VC_FIXTURE_MEDIUM_12
340
0
 70
0
280
1
281
0
  0
BLOCK_RECORD
  5
4A9
330
9
100
AcDbSymbolTableRecord
100
AcDbBlockTableRecord
  2
VC_FIXTURE_MEDIUM_13
340
0
 70
0
280
1
281
0
  0
BLOCK_RECORD
  5
4B0
330
9
100
AcDbSymbolTableRecord
100
AcDbBlockTableRecord
  2
VC_FIXTURE_MEDIUM_14
340
0
 70
0
280
1
281
0
  0
BLOCK_RECORD
  5
4B7
330
9
100
AcDbSymbolTableRecord
100
AcDbBlockTableRecord
  2
VC_FIXTURE_MEDIUM_15
340
0
 70
0
280
1
281
0
  0
BLOCK_RECORD
  5
4BE
330
9
100
AcDbSymbolTableRecord
100
AcDbBlockTableRecord
  2
JJ_FIXTURE_LARGE_5
340
0
 70
0
280
1
281
0
  0
BLOCK_RECORD
  5
4C5
330
9
100
AcDbSymbolTableRecord
100
AcDbBlockTableRecord
  2
VC_FIXTURE_MEDIUM_16
340
0
 70
0
280
1
281
0
  0
BLOCK_RECORD
  5
4CC
330
9
100
AcDbSymbolTableRecord
100
AcDbBlockTableRecord
  2
VC_FIXTURE_LARGE_5
340
0
 70
0
280
1
281
0
  0
BLOCK_RECORD
  5
4D3
330
9
100
AcDbSymbolTableRecord
100
AcDbBlockTableRecord
  2
JJ_FIXTURE_MEDIUM_1
340
0
 70
0
280
1
281
0
  0
BLOCK_RECORD
  5
4D8
330
9
100
AcDbSymbolTableRecord
100
AcDbBlockTableRecord
  2
jj 900
340
0
 70
0
280
1
281
0
  0
BLOCK_RECORD
  5
4ED
330
9
100
AcDbSymbolTableRecord
100
AcDbBlockTableRecord
  2
EURO_CENTRE_2
340
0
 70
0
280
1
281
0
  0
BLOCK_RECORD
  5
506
330
9
100
AcDbSymbolTableRecord
100
AcDbBlockTableRecord
  2
VC_FIXTURE_MEDIUM_17
340
0
 70
0
280
1
281
0
  0
ENDTAB
  0
ENDSEC
  0
SECTION
  2
BLOCKS
  0
BLOCK
  5
18
330
17
100
AcDbEntity
  8
0
100
AcDbBlockBegin
  2
*Model_Space
 70
0
 10
0.0
 20
0.0
 30
0.0
  3
*Model_Space
  1

  0
ENDBLK
  5
19
330
17
100
AcDbEntity
  8
0
100
AcDbBlockEnd
  0
BLOCK
  5
1C
330
1B
100
AcDbEntity
  8
0
100
AcDbBlockBegin
  2
*Paper_Space
 70
0
 10
0.0
 20
0.0
 30
0.0
  3
*Paper_Space
  1

  0
ENDBLK
  5
1D
330
1B
100
AcDbEntity
  8
0
100
AcDbBlockEnd
  0
BLOCK
  5
34
330
33
100
AcDbEntity
  8
0
100
AcDbBlockBegin
  2
SCREEN_55_1
 70
0
 10
0.0
 20
0.0
 30
0.0
  3
SCREEN_55_1
  1

  0
LINE
  5
36
330
33
100
AcDbEntity
  8
I-LK IT
  6
DASHDOT2
 62
1
 48
3.0
100
AcDbLine
 10
620.5001770032977
 20
23.08002232541912
 30
0.0
 11
620.5001770032977
 21
512.096999242578
 31
0.0
  0
MTEXT
  5
37
102
{ACAD_XDICTIONARY
360
38
102
}
330
33
100
AcDbEntity
  8
I-LK TEXT
  6
Continuous
 62
0
 48
3.0
100
AcDbMText
 10
612.037833511683
 20
38.80457025920623
 30
0.0
 40
75.0
 41
783.9636358173434
 46
0.0
 71
5
 72
5
  1
\pxqc,t3;55" SCREEN
  7
LK TXT
  0
INSERT
  5
39
330
33
100
AcDbEntity
  8
I-LK IT
100
AcDbBlockReference
  2
IT 55INCH TV
 10
-1134449.450467437
 20
2111972.682131715
 30
0.0
 50
270.0
  0
INSERT
  5
3B
330
33
100
AcDbEntity
  8
I-LK IT
100
AcDbBlockReference
  2
IT 55INCH TV
 10
-1134449.450467437
 20
-2111437.505110139
 30
0.0
 41
-1.0
 50
270.0
  0
CIRCLE
  5
3D
330
33
100
AcDbEntity
  8
I-LK IT
 62
1
100
AcDbCircle
 10
620.5001770032977
 20
267.5885107849281
 30
0.0
 40
25.0
  0
LWPOLYLINE
  5
3E
330
33
100
AcDbEntity
  8
I-LK IT
100
AcDbPolyline
 90
5
 70
0
 10
633.0001770032977
 20
289.2391458802485
 10
633.0001770032977
 20
355.0034541838359
 10
608.0001770032977
 20
355.0034541838359
 10
608.0001770032977
 20
289.2391458802485
 42
-0.26794919244356
 10
633.0001770032977
 20
289.2391458802485
 42
1.0
  0
LWPOLYLINE
  5
3F
330
33
100
AcDbEntity
  8
I-LK IT
100
AcDbPolyline
 90
4
 70
1
 10
670.5001770032977
 20
365.0034541838359
 10
570.5001770032977
 20
365.0034541838359
 10
570.5001770032977
 20
355.0034541838359
 10
670.5001770032977
 20
355.0034541838359
  0
LWPOLYLINE
  5
40
330
33
100
AcDbEntity
  8
I-LK IT
100
AcDbPolyline
 90
5
 70
0
 10
633.0001770032977
 20
245.9378756896185
 10
633.0001770032977
 20
180.1735673860203
 10
608.0001770032977
 20
180.1735673860203
 10
608.0001770032977
 20
245.9378756896185
 42
0.26794919244356
 10
633.0001770032977
 20
245.9378756896185
 42
-1.0
  0
LWPOLYLINE
  5
41
330
33
100
AcDbEntity
  8
I-LK IT
100
AcDbPolyline
 90
4
 70
1
 10
670.5001770032977
 20
170.1735673860203
 10
570.5001770032977
 20
170.1735673860203
 10
570.5001770032977
 20
180.1735673860203
 10
670.5001770032977
 20
180.1735673860203
  0
MTEXT
  5
42
102
{ACAD_XDICTIONARY
360
43
102
}
330
33
100
AcDbEntity
  8
I-LK TEXT
  6
Continuous
 62
0
 48
3.0
100
AcDbMText
 10
612.037833511683
 20
485.8045702592062
 30
0.0
 40
75.0
 41
783.9636358173434
 46
0.0
 71
5
 72
5
  1
\pxqc,t3;55" SCREEN
  7
LK TXT
  0
ENDBLK
  5
35
330
33
100
AcDbEntity
  8
0
100
AcDbBlockEnd
  0
BLOCK
  5
4D
330
4C
100
AcDbEntity
  8
0
100
AcDbBlockBegin
  2
_archtick
 70
0
 10
0.0
 20
0.0
 30
0.0
  3
_archtick
  1

  0
LWPOLYLINE
  5
4F
330
4C
100
AcDbEntity
  8
0
100
AcDbPolyline
 90
2
 70
0
 43
0.15
 10
-0.5
 20
-0.5
 10
0.5
 20
0.5
  0
ENDBLK
  5
4E
330
4C
100
AcDbEntity
  8
0
100
AcDbBlockEnd
  0
BLOCK
  5
51
330
50
100
AcDbEntity
  8
0
100
AcDbBlockBegin
  2
it 55inch tv
 70
0
 10
0.0
 20
0.0
 30
0.0
  3
it 55inch tv
  1

  0
LWPOLYLINE
  5
53
330
50
100
AcDbEntity
  8
I-LK EQPMT
100
AcDbPolyline
 90
4
 70
1
 10
2111627.20517066
 20
1134562.665896999
 10
2111627.205337125
 20
1134600.89927008
 10
2111665.438710206
 20
1134600.899103615
 10
2111665.438543742
 20
1134562.665730534
  0
LWPOLYLINE
  5
54
330
50
100
AcDbEntity
  8
I-LK EQPMT
100
AcDbPolyline
 90
4
 70
1
 10
2111631.028524615
 20
1134566.489217661
 10
2111631.028657787
 20
1134597.075916125
 10
2111661.615356252
 20
1134597.075782954
 10
2111661.61522308
 20
1134566.489084489
  0
LWPOLYLINE
  5
55
330
50
100
AcDbEntity
  8
I-LK EQPMT
100
AcDbPolyline
 90
4
 70
1
 10
2111627.204187012
 20
1135577.7428048
 10
2111627.204020548
 20
1135539.509431719
 10
2111665.437393629
 20
1135539.509265254
 10
2111665.437560093
 20
1135577.742638335
  0
LWPOLYLINE
  5
56
330
50
100
AcDbEntity
  8
I-LK EQPMT
100
AcDbPolyline
 90
4
 70
1
 10
2111631.027507674
 20
1135573.919450845
 10
2111631.027374502
 20
1135543.33275238
 10
2111661.614072967
 20
1135543.332619209
 10
2111661.614206139
 20
1135573.919317673
  0
LINE
  5
57
330
50
100
AcDbEntity
  8
I-LK EQPMT
100
AcDbLine
 10
2111661.615356252
 20
1134597.075782954
 30
0.0
 11
2111631.028524615
 21
1134566.489217661
 31
0.0
  0
LINE
  5
58
330
50
100
AcDbEntity
  8
I-LK EQPMT
100
AcDbLine
 10
2111661.614072967
 20
1135543.332619209
 30
0.0
 11
2111631.027507674
 21
1135573.919450845
 31
0.0
  0
LINE
  5
59
330
50
100
AcDbEntity
  8
I-LK EQPMT
100
AcDbLine
 10
2111661.614206139
 20
1135573.919317673
 30
0.0
 11
2111631.027374502
 21
1135543.33275238
 31
0.0
  0
LINE
  5
5A
330
50
100
AcDbEntity
  8
I-LK EQPMT
 48
12.0
100
AcDbLine
 10
2111627.205367106
 20
1134610.5634114
 30
0.0
 11
2111607.679381233
 21
1134610.563496415
 31
0.0
  0
LINE
  5
5B
330
50
100
AcDbEntity
  8
I-LK EQPMT
 48
12.0
100
AcDbLine
 10
2111627.205367106
 20
1134610.5634114
 30
0.0
 11
2111627.205112064
 21
1134551.985453779
 31
0.0
  0
LINE
  5
5C
330
50
100
AcDbEntity
  8
I-LK EQPMT
 48
12.0
100
AcDbLine
 10
2111607.678233332
 20
1135587.915183341
 30
0.0
 11
2111627.204219206
 21
1135587.915098327
 31
0.0
  0
LINE
  5
5D
330
50
100
AcDbEntity
  8
I-LK EQPMT
 48
12.0
100
AcDbLine
 10
2111627.203964163
 20
1135529.337140705
 30
0.0
 11
2111607.677978289
 21
1135529.33722572
 31
0.0
  0
LINE
  5
5E
330
50
100
AcDbEntity
  8
I-LK EQPMT
 48
12.0
100
AcDbLine
 10
2111607.678786133
 20
1134473.881595298
 30
0.0
 11
2111607.67857339
 21
1135666.019126837
 31
0.0
  0
LWPOLYLINE
  5
5F
330
50
100
AcDbEntity
  8
I-LK EQPMT
 48
12.0
100
AcDbPolyline
 90
4
 70
1
 10
2111542.593620929
 20
1135690.450644441
 10
2111558.8162113
 20
1135690.45057381
 10
2111558.8162113
 20
1134449.45057381
 10
2111542.593620929
 20
1134449.450644441
  0
LINE
  5
60
330
50
100
AcDbEntity
  8
I-LK EQPMT
 48
12.0
100
AcDbLine
 10
2111558.8162113
 20
1135690.45057381
 30
0.0
 11
2111583.24744553
 21
1135690.450467439
 31
0.0
  0
LINE
  5
61
330
50
100
AcDbEntity
  8
I-LK EQPMT
 48
12.0
100
AcDbLine
 10
2111558.8162113
 20
1134449.45057381
 30
0.0
 11
2111583.247445531
 21
1134449.450467438
 31
0.0
  0
LINE
  5
62
330
50
100
AcDbEntity
  8
I-LK EQPMT
 48
12.0
100
AcDbLine
 10
2111583.24744553
 20
1135690.450467439
 30
0.0
 11
2111607.67857339
 21
1135666.019126837
 31
0.0
  0
LINE
  5
63
330
50
100
AcDbEntity
  8
I-LK EQPMT
 48
12.0
100
AcDbLine
 10
2111583.247445531
 20
1134449.450467438
 30
0.0
 11
2111607.678786133
 21
1134473.881595298
 31
0.0
  0
LINE
  5
64
330
50
100
AcDbEntity
  8
I-LK EQPMT
 48
12.0
100
AcDbLine
 10
2111607.679126189
 20
1134551.985538793
 30
0.0
 11
2111627.205112064
 21
1134551.985453779
 31
0.0
  0
LINE
  5
65
330
50
100
AcDbEntity
  8
I-LK EQPMT
 48
12.0
100
AcDbLine
 10
2111627.204219206
 20
1135587.915098327
 30
0.0
 11
2111627.203964163
 21
1135529.337140705
 31
0.0
  0
ENDBLK
  5
52
330
50
100
AcDbEntity
  8
0
100
AcDbBlockEnd
  0
BLOCK
  5
6B
330
6A
100
AcDbEntity
  8
0
100
AcDbBlockBegin
  2
VC_FIXTURE_LARGE_1
 70
0
 10
0.0
 20
0.0
 30
0.0
  3
VC_FIXTURE_LARGE_1
  1

  0
INSERT
  5
6D
330
6A
100
AcDbEntity
  8
I-LK FF&E
100
AcDbBlockReference
  2
12MM VC PLAN
 10
-4.547e-13
 20
0.0
 30
0.0
 41
-1.0
  0
ENDBLK
  5
6C
330
6A
100
AcDbEntity
  8
0
100
AcDbBlockEnd
  0
BLOCK
  5
75
330
74
100
AcDbEntity
  8
0
100
AcDbBlockBegin
  2
12mm vc plan
 70
0
 10
0.0
 20
0.0
 30
0.0
  3
12mm vc plan
  1

  0
HATCH
  5
77
330
74
100
AcDbEntity
  8
LN-HATCH
 48
0.5
100
AcDbHatch
 10
0.0
 20
0.0
 30
0.0
210
0.0
220
0.0
230
1.0
  2
ANSI31
 70
0
 71
0
 91
1
 92
1
 93
8
 72
1
 10
-1200.0
 20
250.0
 11
-1200.0
 21
60.0
 72
1
 10
-1200.0
 20
60.0
 11
-1194.0
 21
60.0
 72
1
 10
-1194.0
 20
60.0
 11
-1194.0
 21
50.0
 72
1
 10
-1194.0
 20
50.0
 11
-1200.0
 21
50.0
 72
1
 10
-1200.0
 20
50.0
 11
-1200.0
 21
6.0
 72
1
 10
-1200.0
 20
6.0
 11
-1182.0
 21
6.0
 72
1
 10
-1182.0
 20
6.0
 11
-1182.0
 21
250.0
 72
1
 10
-1182.0
 20
250.0
 11
-1200.0
 21
250.0
 97
0
 75
1
 76
1
 52
0.0
 41
2.0
 77
0
 78
1
 53
45.0
 43
3760859.752907088
 44
1795248.935917533
 45
-4.490128060534575
 46
4.490128060534575
 79
0
 98
1
 10
-4097595.271602691
 20
1708830.267299229
  0
HATCH
  5
78
330
74
100
AcDbEntity
  8
LN-HATCH
 48
0.5
100
AcDbHatch
 10
0.0
 20
0.0
 30
0.0
210
0.0
220
0.0
230
1.0
  2
ANSI31
 70
0
 71
0
 91
1
 92
1
 93
4
 72
1
 10
-28.0
 20
6.0
 11
-28.0
 21
0.0
 72
1
 10
-28.0
 20
0.0
 11
0.0
 21
0.0
 72
1
 10
0.0
 20
0.0
 11
0.0
 21
6.0
 72
1
 10
0.0
 20
6.0
 11
-28.0
 21
6.0
 97
0
 75
1
 76
1
 52
0.0
 41
2.0
 77
0
 78
1
 53
45.0
 43
7858054.083674966
 44
3504049.203216764
 45
-4.490128060534575
 46
4.490128060534575
 79
0
 98
1
 10
-4097588.271602691
 20
1708830.267299229
  0
HATCH
  5
79
330
74
100
AcDbEntity
  8
LN-HATCH
 48
0.5
100
AcDbHatch
 10
0.0
 20
0.0
 30
0.0
210
0.0
220
0.0
230
1.0
  2
ANSI31
 70
0
 71
0
 91
1
 92
1
 93
8
 72
1
 10
0.0
 20
250.0
 11
0.0
 21
60.0
 72
1
 10
0.0
 20
60.0
 11
-6.0
 21
60.0
 72
1
 10
-6.0
 20
60.0
 11
-6.0
 21
50.0
 72
1
 10
-6.0
 20
50.0
 11
0.0
 21
50.0
 72
1
 10
0.0
 20
50.0
 11
0.0
 21
6.0
 72
1
 10
0.0
 20
6.0
 11
-18.0
 21
6.0
 72
1
 10
-18.0
 20
6.0
 11
-18.0
 21
250.0
 72
1
 10
-18.0
 20
250.0
 11
0.0
 21
250.0
 97
0
 75
1
 76
1
 52
0.0
 41
2.0
 77
0
 78
1
 53
45.0
 43
7858054.083674966
 44
3504049.203216764
 45
-4.490128060534575
 46
4.490128060534575
 79
0
 98
1
 10
-4097588.271602691
 20
1708830.267299229
  0
HATCH
  5
7A
330
74
100
AcDbEntity
  8
LN-HATCH
 48
0.5
100
AcDbHatch
 10
0.0
 20
0.0
 30
0.0
210
0.0
220
0.0
230
1.0
  2
ANSI31
 70
0
 71
0
 91
1
 92
1
 93
4
 72
1
 10
-1165.0
 20
6.0
 11
-1165.0
 21
0.0
 72
1
 10
-1165.0
 20
0.0
 11
-1200.0
 21
0.0
 72
1
 10
-1200.0
 20
0.0
 11
-1200.0
 21
6.0
 72
1
 10
-1200.0
 20
6.0
 11
-1165.0
 21
6.0
 97
0
 75
1
 76
1
 52
0.0
 41
2.0
 77
0
 78
1
 53
45.0
 43
7858047.083674965
 44
3504049.203216764
 45
-4.490128060534575
 46
4.490128060534575
 79
0
 98
1
 10
-4097595.271602691
 20
1708830.267299229
  0
LWPOLYLINE
  5
7B
330
74
100
AcDbEntity
  8
LN-ELEVATION-1
 48
0.5
100
AcDbPolyline
 90
8
 70
1
 10
-1200.0
 20
250.0
 10
-1200.0
 20
60.0
 10
-1194.0
 20
60.0
 10
-1194.0
 20
50.0
 10
-1200.0
 20
50.0
 10
-1200.0
 20
6.0
 10
-1182.0
 20
6.0
 10
-1182.0
 20
250.0
  0
LWPOLYLINE
  5
7C
330
74
100
AcDbEntity
  8
LN-ELEVATION-1
 48
0.5
100
AcDbPolyline
 90
8
 70
1
 10
0.0
 20
250.0
 10
0.0
 20
60.0
 10
-6.0
 20
60.0
 10
-6.0
 20
50.0
 10
0.0
 20
50.0
 10
0.0
 20
6.0
 10
-18.0
 20
6.0
 10
-18.0
 20
250.0
  0
LWPOLYLINE
  5
7D
330
74
100
AcDbEntity
  8
LN-ELEVATION-1
 48
0.5
100
AcDbPolyline
 90
4
 70
1
 10
-18.0
 20
238.0
 10
-1182.0
 20
238.0
 10
-1182.0
 20
244.0
 10
-18.0
 20
244.0
  0
LWPOLYLINE
  5
7E
330
74
100
AcDbEntity
  8
LN-ELEVATION-1
 48
0.5
100
AcDbPolyline
 90
4
 70
1
 10
-1165.0
 20
6.0
 10
-1165.0
 20
0.0
 10
-1200.0
 20
0.0
 10
-1200.0
 20
6.0
  0
LWPOLYLINE
  5
7F
330
74
100
AcDbEntity
  8
LN-ELEVATION-1
 48
0.5
100
AcDbPolyline
 90
4
 70
1
 10
-35.0
 20
6.0
 10
-35.0
 20
0.0
 10
0.0
 20
0.0
 10
0.0
 20
6.0
  0
LINE
  5
80
330
74
100
AcDbEntity
  8
LN-ELEVATION-3
 48
0.5
100
AcDbLine
 10
-35.0
 20
0.0
 30
0.0
 11
-1165.0
 21
0.0
 31
0.0
  0
LINE
  5
81
330
74
100
AcDbEntity
  8
LN-ELEVATION-3
 48
0.5
100
AcDbLine
 10
-1165.0
 20
6.0
 30
0.0
 11
-35.0
 21
6.0
 31
0.0
  0
LINE
  5
82
330
74
100
AcDbEntity
  8
LN-ELEVATION-3
 48
0.5
100
AcDbLine
 10
-1182.0
 20
250.0
 30
0.0
 11
-18.0
 21
250.0
 31
0.0
  0
LWPOLYLINE
  5
83
330
74
100
AcDbEntity
  8
LN-ELEVATION-3
 48
0.5
100
AcDbPolyline
 90
4
 70
1
 10
-1165.000000000465
 20
226.0
 10
-35.0
 20
226.0
 10
-35.0
 20
18.0
 10
-1165.000000000465
 20
18.0
  0
LWPOLYLINE
  5
84
330
74
100
AcDbEntity
  8
LN-ELEVATION-3
 48
0.5
100
AcDbPolyline
 90
4
 70
1
 10
-1165.000000000465
 20
226.0
 10
-983.3333333334888
 20
226.0
 10
-983.3333333334888
 20
162.0
 10
-1165.000000000465
 20
162.0
  0
LWPOLYLINE
  5
85
330
74
100
AcDbEntity
  8
LN-ELEVATION-3
 48
0.5
100
AcDbPolyline
 90
4
 70
1
 10
-975.3333333334888
 20
226.0
 10
-793.6666666665112
 20
226.0
 10
-793.6666666665112
 20
162.0
 10
-975.3333333334888
 20
162.0
  0
LWPOLYLINE
  5
86
330
74
100
AcDbEntity
  8
LN-ELEVATION-3
 48
0.5
100
AcDbPolyline
 90
4
 70
1
 10
-975.3333333334888
 20
154.0
 10
-793.6666666665112
 20
154.0
 10
-793.6666666665112
 20
90.0
 10
-975.3333333334888
 20
90.0
  0
LWPOLYLINE
  5
87
330
74
100
AcDbEntity
  8
LN-ELEVATION-3
 48
0.5
100
AcDbPolyline
 90
4
 70
1
 10
-1165.000000000465
 20
90.0
 10
-983.3333333334888
 20
90.0
 10
-983.3333333334888
 20
154.0
 10
-1165.000000000465
 20
154.0
  0
LWPOLYLINE
  5
88
330
74
100
AcDbEntity
  8
LN-ELEVATION-3
 48
0.5
100
AcDbPolyline
 90
4
 70
1
 10
-1165.000000000465
 20
82.0
 10
-983.3333333334888
 20
82.0
 10
-983.3333333334888
 20
18.0
 10
-1165.000000000465
 20
18.0
  0
LWPOLYLINE
  5
89
330
74
100
AcDbEntity
  8
LN-ELEVATION-3
 48
0.5
100
AcDbPolyline
 90
4
 70
1
 10
-975.3333333334888
 20
82.0
 10
-793.6666666665112
 20
82.0
 10
-793.6666666665112
 20
18.0
 10
-975.3333333334888
 20
18.0
  0
LWPOLYLINE
  5
8A
330
74
100
AcDbEntity
  8
LN-ELEVATION-3
 48
0.5
100
AcDbPolyline
 90
4
 70
1
 10
-785.6666666665112
 20
226.0
 10
-603.9999999995342
 20
226.0
 10
-603.9999999995342
 20
162.0
 10
-785.6666666665112
 20
162.0
  0
LWPOLYLINE
  5
8B
330
74
100
AcDbEntity
  8
LN-ELEVATION-3
 48
0.5
100
AcDbPolyline
 90
4
 70
1
 10
-785.6666666665112
 20
154.0
 10
-603.9999999995342
 20
154.0
 10
-603.9999999995342
 20
90.0
 10
-785.6666666665112
 20
90.0
  0
LWPOLYLINE
  5
8C
330
74
100
AcDbEntity
  8
LN-ELEVATION-3
 48
0.5
100
AcDbPolyline
 90
4
 70
1
 10
-785.6666666665112
 20
82.0
 10
-603.9999999995342
 20
82.0
 10
-603.9999999995342
 20
18.0
 10
-785.6666666665112
 20
18.0
  0
LWPOLYLINE
  5
8D
330
74
100
AcDbEntity
  8
LN-ELEVATION-3
 48
0.5
100
AcDbPolyline
 90
4
 70
1
 10
-595.9999999995342
 20
226.0
 10
-414.3333333325572
 20
226.0
 10
-414.3333333325572
 20
162.0
 10
-595.9999999995342
 20
162.0
  0
LWPOLYLINE
  5
8E
330
74
100
AcDbEntity
  8
LN-ELEVATION-3
 48
0.5
100
AcDbPolyline
 90
4
 70
1
 10
-595.9999999995342
 20
154.0
 10
-414.3333333325572
 20
154.0
 10
-414.3333333325572
 20
90.0
 10
-595.9999999995342
 20
90.0
  0
LWPOLYLINE
  5
8F
330
74
100
AcDbEntity
  8
LN-ELEVATION-3
 48
0.5
100
AcDbPolyline
 90
4
 70
1
 10
-595.9999999995342
 20
82.0
 10
-414.3333333325572
 20
82.0
 10
-414.3333333325572
 20
18.0
 10
-595.9999999995342
 20
18.0
  0
LWPOLYLINE
  5
90
330
74
100
AcDbEntity
  8
LN-ELEVATION-3
 48
0.5
100
AcDbPolyline
 90
4
 70
1
 10
-406.3333333325572
 20
226.0
 10
-224.6666666655801
 20
226.0
 10
-224.6666666655801
 20
162.0
 10
-406.3333333325572
 20
162.0
  0
LWPOLYLINE
  5
91
330
74
100
AcDbEntity
  8
LN-ELEVATION-3
 48
0.5
100
AcDbPolyline
 90
4
 70
1
 10
-406.3333333325572
 20
154.0
 10
-224.6666666655801
 20
154.0
 10
-224.6666666655801
 20
90.0
 10
-406.3333333325572
 20
90.0
  0
LWPOLYLINE
  5
92
330
74
100
AcDbEntity
  8
LN-ELEVATION-3
 48
0.5
100
AcDbPolyline
 90
4
 70
1
 10
-406.3333333325572
 20
82.0
 10
-224.6666666655801
 20
82.0
 10
-224.6666666655801
 20
18.0
 10
-406.3333333325572
 20
18.0
  0
LWPOLYLINE
  5
93
330
74
100
AcDbEntity
  8
LN-ELEVATION-3
 48
0.5
100
AcDbPolyline
 90
4
 70
1
 10
-216.6666666655801
 20
226.0
 10
-34.99999999860302
 20
226.0
 10
-34.99999999860302
 20
162.0
 10
-216.6666666655801
 20
162.0
  0
LWPOLYLINE
  5
94
330
74
100
AcDbEntity
  8
LN-ELEVATION-3
 48
0.5
100
AcDbPolyline
 90
4
 70
1
 10
-216.6666666655801
 20
154.0
 10
-34.99999999860302
 20
154.0
 10
-34.99999999860302
 20
90.0
 10
-216.6666666655801
 20
90.0
  0
LWPOLYLINE
  5
95
330
74
100
AcDbEntity
  8
LN-ELEVATION-3
 48
0.5
100
AcDbPolyline
 90
4
 70
1
 10
-216.6666666655801
 20
82.0
 10
-34.99999999860302
 20
82.0
 10
-34.99999999860302
 20
18.0
 10
-216.6666666655801
 20
18.0
  0
ENDBLK
  5
76
330
74
100
AcDbEntity
  8
0
100
AcDbBlockEnd
  0
BLOCK
  5
99
330
98
100
AcDbEntity
  8
0
100
AcDbBlockBegin
  2
VC_FIXTURE_LARGE_2
 70
0
 10
0.0
 20
0.0
 30
0.0
  3
VC_FIXTURE_LARGE_2
  1

  0
INSERT
  5
9B
330
98
100
AcDbEntity
  8
I-LK FF&E
100
AcDbBlockReference
  2
12MM VC PLAN
 10
-4.547e-13
 20
0.0
 30
0.0
 41
-1.0
  0
ENDBLK
  5
9A
330
98
100
AcDbEntity
  8
0
100
AcDbBlockEnd
  0
BLOCK
  5
A0
330
9F
100
AcDbEntity
  8
0
100
AcDbBlockBegin
  2
VC_FIXTURE_MEDIUM_1
 70
0
 10
0.0
 20
0.0
 30
0.0
  3
VC_FIXTURE_MEDIUM_1
  1

  0
INSERT
  5
A2
330
9F
100
AcDbEntity
  8
I-LK FF&E
100
AcDbBlockReference
  2
1010MM VC PLAN
 10
511.833333333022
 20
226.0
 30
0.0
 41
-1.0
  0
ENDBLK
  5
A1
330
9F
100
AcDbEntity
  8
0
100
AcDbBlockEnd
  0
BLOCK
  5
A6
330
A5
100
AcDbEntity
  8
0
100
AcDbBlockBegin
  2
1010mm vc plan
 70
0
 10
0.0
 20
0.0
 30
0.0
  3
1010mm vc plan
  1

  0
HATCH
  5
A8
330
A5
100
AcDbEntity
  8
LN-HATCH
 48
0.5
100
AcDbHatch
 10
0.0
 20
0.0
 30
0.0
210
0.0
220
0.0
230
1.0
  2
ANSI31
 70
0
 71
0
 91
1
 92
1
 93
8
 72
1
 10
-505.166666666977
 20
24.0
 11
-505.166666666977
 21
-166.0
 72
1
 10
-505.166666666977
 20
-166.0
 11
-499.1666666669771
 21
-166.0
 72
1
 10
-499.1666666669771
 20
-166.0
 11
-499.1666666669771
 21
-176.0
 72
1
 10
-499.1666666669771
 20
-176.0
 11
-505.166666666977
 21
-176.0
 72
1
 10
-505.166666666977
 20
-176.0
 11
-505.166666666977
 21
-220.0
 72
1
 10
-505.166666666977
 20
-220.0
 11
-487.1666666669772
 21
-220.0
 72
1
 10
-487.1666666669772
 20
-220.0
 11
-487.1666666669772
 21
24.0
 72
1
 10
-487.1666666669772
 20
24.0
 11
-505.166666666977
 21
24.0
 97
0
 75
1
 76
1
 52
0.0
 41
2.0
 77
0
 78
1
 53
45.0
 43
3761554.586240421
 44
1795022.935917533
 45
-4.490128060534575
 46
4.490128060534575
 79
0
 98
1
 10
-4096900.438269358
 20
1708604.267299229
  0
HATCH
  5
A9
330
A5
100
AcDbEntity
  8
LN-HATCH
 48
0.5
100
AcDbHatch
 10
0.0
 20
0.0
 30
0.0
210
0.0
220
0.0
230
1.0
  2
ANSI31
 70
0
 71
0
 91
1
 92
1
 93
4
 72
1
 10
476.8333333330228
 20
-220.0
 11
476.8333333330228
 21
-226.0
 72
1
 10
476.8333333330228
 20
-226.0
 11
511.8333333330228
 21
-226.0
 72
1
 10
511.8333333330228
 20
-226.0
 11
511.8333333330228
 21
-220.0
 72
1
 10
511.8333333330228
 20
-220.0
 11
476.8333333330228
 21
-220.0
 97
0
 75
1
 76
1
 52
0.0
 41
2.0
 77
0
 78
1
 53
45.0
 43
7858558.917008298
 44
3503823.203216763
 45
-4.490128060534575
 46
4.490128060534575
 79
0
 98
1
 10
-4097083.438269358
 20
1708604.267299229
  0
HATCH
  5
AA
330
A5
100
AcDbEntity
  8
LN-HATCH
 48
0.5
100
AcDbHatch
 10
0.0
 20
0.0
 30
0.0
210
0.0
220
0.0
230
1.0
  2
ANSI31
 70
0
 71
0
 91
1
 92
1
 93
8
 72
1
 10
504.8333333330228
 20
24.0
 11
504.8333333330228
 21
-166.0
 72
1
 10
504.8333333330228
 20
-166.0
 11
498.8333333330228
 21
-166.0
 72
1
 10
498.8333333330228
 20
-166.0
 11
498.8333333330228
 21
-176.0
 72
1
 10
498.8333333330228
 20
-176.0
 11
504.8333333330228
 21
-176.0
 72
1
 10
504.8333333330228
 20
-176.0
 11
504.8333333330228
 21
-220.0
 72
1
 10
504.8333333330228
 20
-220.0
 11
486.8333333330228
 21
-220.0
 72
1
 10
486.8333333330228
 20
-220.0
 11
486.8333333330228
 21
24.0
 72
1
 10
486.8333333330228
 20
24.0
 11
504.8333333330228
 21
24.0
 97
0
 75
1
 76
1
 52
0.0
 41
2.0
 77
0
 78
1
 53
45.0
 43
7858558.917008298
 44
3503823.203216763
 45
-4.490128060534575
 46
4.490128060534575
 79
0
 98
1
 10
-4097083.438269358
 20
1708604.267299229
  0
HATCH
  5
AB
330
A5
100
AcDbEntity
  8
LN-HATCH
 48
0.5
100
AcDbHatch
 10
0.0
 20
0.0
 30
0.0
210
0.0
220
0.0
230
1.0
  2
ANSI31
 70
0
 71
0
 91
1
 92
1
 93
4
 72
1
 10
-470.1666666669772
 20
-220.0
 11
-470.1666666669772
 21
-226.0
 72
1
 10
-470.1666666669772
 20
-226.0
 11
-505.166666666977
 21
-226.0
 72
1
 10
-505.166666666977
 20
-226.0
 11
-505.166666666977
 21
-220.0
 72
1
 10
-505.166666666977
 20
-220.0
 11
-470.1666666669772
 21
-220.0
 97
0
 75
1
 76
1
 52
0.0
 41
2.0
 77
0
 78
1
 53
45.0
 43
7858741.917008297
 44
3503823.203216763
 45
-4.490128060534575
 46
4.490128060534575
 79
0
 98
1
 10
-4096900.438269358
 20
1708604.267299229
  0
LWPOLYLINE
  5
AC
330
A5
100
AcDbEntity
  8
LN-ELEVATION-1
 48
0.5
100
AcDbPolyline
 90
8
 70
1
 10
-505.166666666977
 20
24.0
 10
-505.166666666977
 20
-166.0
 10
-499.1666666669771
 20
-166.0
 10
-499.1666666669771
 20
-176.0
 10
-505.166666666977
 20
-176.0
 10
-505.166666666977
 20
-220.0
 10
-487.1666666669772
 20
-220.0
 10
-487.1666666669772
 20
24.0
  0
LWPOLYLINE
  5
AD
330
A5
100
AcDbEntity
  8
LN-ELEVATION-1
 48
0.5
100
AcDbPolyline
 90
8
 70
1
 10
504.8333333330228
 20
24.0
 10
504.8333333330228
 20
-166.0
 10
498.8333333330228
 20
-166.0
 10
498.8333333330228
 20
-176.0
 10
504.8333333330228
 20
-176.0
 10
504.8333333330228
 20
-220.0
 10
486.8333333330228
 20
-220.0
 10
486.8333333330228
 20
24.0
  0
LWPOLYLINE
  5
AE
330
A5
100
AcDbEntity
  8
LN-ELEVATION-1
 48
0.5
100
AcDbPolyline
 90
4
 70
1
 10
486.8333333330228
 20
12.0
 10
-487.1666666669772
 20
12.0
 10
-487.1666666669772
 20
18.0
 10
486.8333333330228
 20
18.0
  0
LWPOLYLINE
  5
AF
330
A5
100
AcDbEntity
  8
LN-ELEVATION-1
 48
0.5
100
AcDbPolyline
 90
4
 70
1
 10
-470.1666666669772
 20
-220.0
 10
-470.1666666669772
 20
-226.0
 10
-505.166666666977
 20
-226.0
 10
-505.166666666977
 20
-220.0
  0
LWPOLYLINE
  5
B0
330
A5
100
AcDbEntity
  8
LN-ELEVATION-1
 48
0.5
100
AcDbPolyline
 90
4
 70
1
 10
469.8333333330228
 20
-220.0
 10
469.8333333330228
 20
-226.0
 10
504.8333333330228
 20
-226.0
 10
504.8333333330228
 20
-220.0
  0
LINE
  5
B1
330
A5
100
AcDbEntity
  8
LN-ELEVATION-3
 48
0.5
100
AcDbLine
 10
469.8333333330228
 20
-226.0
 30
0.0
 11
-470.1666666669772
 21
-226.0
 31
0.0
  0
LINE
  5
B2
330
A5
100
AcDbEntity
  8
LN-ELEVATION-3
 48
0.5
100
AcDbLine
 10
-470.1666666669772
 20
-220.0
 30
0.0
 11
469.8333333330228
 21
-220.0
 31
0.0
  0
LINE
  5
B3
330
A5
100
AcDbEntity
  8
LN-ELEVATION-3
 48
0.5
100
AcDbLine
 10
-487.1666666669772
 20
24.0
 30
0.0
 11
486.8333333330228
 21
24.0
 31
0.0
  0
LWPOLYLINE
  5
B4
330
A5
100
AcDbEntity
  8
LN-ELEVATION-3
 48
0.5
100
AcDbPolyline
 90
4
 70
1
 10
-470.1666666674428
 20
0.0
 10
-288.5000000004657
 20
0.0
 10
-288.5000000004657
 20
-64.0
 10
-470.1666666674428
 20
-64.0
  0
LWPOLYLINE
  5
B5
330
A5
100
AcDbEntity
  8
LN-ELEVATION-3
 48
0.5
100
AcDbPolyline
 90
4
 70
1
 10
-280.5000000004657
 20
0.0
 10
-98.83333333348855
 20
0.0
 10
-98.83333333348855
 20
-64.0
 10
-280.5000000004657
 20
-64.0
  0
LWPOLYLINE
  5
B6
330
A5
100
AcDbEntity
  8
LN-ELEVATION-3
 48
0.5
100
AcDbPolyline
 90
4
 70
1
 10
-280.5000000004657
 20
-72.0
 10
-98.83333333348855
 20
-72.0
 10
-98.83333333348855
 20
-136.0
 10
-280.5000000004657
 20
-136.0
  0
LWPOLYLINE
  5
B7
330
A5
100
AcDbEntity
  8
LN-ELEVATION-3
 48
0.5
100
AcDbPolyline
 90
4
 70
1
 10
-470.1666666674428
 20
-136.0
 10
-288.5000000004657
 20
-136.0
 10
-288.5000000004657
 20
-72.0
 10
-470.1666666674428
 20
-72.0
  0
LWPOLYLINE
  5
B8
330
A5
100
AcDbEntity
  8
LN-ELEVATION-3
 48
0.5
100
AcDbPolyline
 90
4
 70
1
 10
-470.1666666674428
 20
-144.0
 10
-288.5000000004657
 20
-144.0
 10
-288.5000000004657
 20
-208.0
 10
-470.1666666674428
 20
-208.0
  0
LWPOLYLINE
  5
B9
330
A5
100
AcDbEntity
  8
LN-ELEVATION-3
 48
0.5
100
AcDbPolyline
 90
4
 70
1
 10
-280.5000000004657
 20
-144.0
 10
-98.83333333348855
 20
-144.0
 10
-98.83333333348855
 20
-208.0
 10
-280.5000000004657
 20
-208.0
  0
LWPOLYLINE
  5
BA
330
A5
100
AcDbEntity
  8
LN-ELEVATION-3
 48
0.5
100
AcDbPolyline
 90
4
 70
1
 10
-90.83333333348855
 20
0.0
 10
90.83333333348855
 20
0.0
 10
90.83333333348855
 20
-64.0
 10
-90.83333333348855
 20
-64.0
  0
LWPOLYLINE
  5
BB
330
A5
100
AcDbEntity
  8
LN-ELEVATION-3
 48
0.5
100
AcDbPolyline
 90
4
 70
1
 10
-90.83333333348855
 20
-72.0
 10
90.83333333348855
 20
-72.0
 10
90.83333333348855
 20
-136.0
 10
-90.83333333348855
 20
-136.0
  0
LWPOLYLINE
  5
BC
330
A5
100
AcDbEntity
  8
LN-ELEVATION-3
 48
0.5
100
AcDbPolyline
 90
4
 70
1
 10
-90.83333333348855
 20
-144.0
 10
90.83333333348855
 20
-144.0
 10
90.83333333348855
 20
-208.0
 10
-90.83333333348855
 20
-208.0
  0
LWPOLYLINE
  5
BD
330
A5
100
AcDbEntity
  8
LN-ELEVATION-3
 48
0.5
100
AcDbPolyline
 90
4
 70
1
 10
98.83333333348855
 20
0.0
 10
280.5000000004657
 20
0.0
 10
280.5000000004657
 20
-64.0
 10
98.83333333348855
 20
-64.0
  0
LWPOLYLINE
  5
BE
330
A5
100
AcDbEntity
  8
LN-ELEVATION-3
 48
0.5
100
AcDbPolyline
 90
4
 70
1
 10
98.83333333348855
 20
-72.0
 10
280.5000000004657
 20
-72.0
 10
280.5000000004657
 20
-136.0
 10
98.83333333348855
 20
-136.0
  0
LWPOLYLINE
  5
BF
330
A5
100
AcDbEntity
  8
LN-ELEVATION-3
 48
0.5
100
AcDbPolyline
 90
4
 70
1
 10
98.83333333348855
 20
-144.0
 10
280.5000000004657
 20
-144.0
 10
280.5000000004657
 20
-208.0
 10
98.83333333348855
 20
-208.0
  0
LWPOLYLINE
  5
C0
330
A5
100
AcDbEntity
  8
LN-ELEVATION-3
 48
0.5
100
AcDbPolyline
 90
4
 70
1
 10
288.5000000004657
 20
0.0
 10
470.1666666674428
 20
0.0
 10
470.1666666674428
 20
-64.0
 10
288.5000000004657
 20
-64.0
  0
LWPOLYLINE
  5
C1
330
A5
100
AcDbEntity
  8
LN-ELEVATION-3
 48
0.5
100
AcDbPolyline
 90
4
 70
1
 10
288.5000000004657
 20
-72.0
 10
470.1666666674428
 20
-72.0
 10
470.1666666674428
 20
-136.0
 10
288.5000000004657
 20
-136.0
  0
LWPOLYLINE
  5
C2
330
A5
100
AcDbEntity
  8
LN-ELEVATION-3
 48
0.5
100
AcDbPolyline
 90
4
 70
1
 10
288.5000000004657
 20
-144.0
 10
470.1666666674428
 20
-144.0
 10
470.1666666674428
 20
-208.0
 10
288.5000000004657
 20
-208.0
  0
LWPOLYLINE
  5
C3
330
A5
100
AcDbEntity
  8
LN-ELEVATION-2
 48
0.5
100
AcDbPolyline
 90
4
 70
1
 10
470.1666666674428
 20
0.0
 10
-470.1666666674428
 20
0.0
 10
-470.1666666674428
 20
-208.0
 10
470.1666666674428
 20
-208.0
  0
ENDBLK
  5
A7
330
A5
100
AcDbEntity
  8
0
100
AcDbBlockEnd
  0
BLOCK
  5
C7
330
C6
100
AcDbEntity
  8
0
100
AcDbBlockBegin
  2
JJ_FIXTURE_LARGE_1
 70
0
 10
0.0
 20
0.0
 30
0.0
  3
JJ_FIXTURE_LARGE_1
  1

  0
INSERT
  5
C9
330
C6
100
AcDbEntity
  8
I-LK FF&E
100
AcDbBlockReference
  2
JJ 1200
 10
792.0591651862491
 20
30.0
 30
0.0
 41
-1.0
  0
ENDBLK
  5
C8
330
C6
100
AcDbEntity
  8
0
100
AcDbBlockEnd
  0
BLOCK
  5
CE
330
CD
100
AcDbEntity
  8
0
100
AcDbBlockBegin
  2
jj 1200
 70
0
 10
0.0
 20
0.0
 30
0.0
  3
jj 1200
  1

  0
HATCH
  5
D0
330
CD
100
AcDbEntity
  8
LN-HATCH
 48
0.5
100
AcDbHatch
 10
0.0
 20
0.0
 30
0.0
210
0.0
220
0.0
230
1.0
  2
ANSI31
 70
0
 71
0
 91
5
 92
1
 93
8
 72
1
 10
792.0591651862488
 20
220.0
 11
792.0591651862488
 21
30.0
 72
1
 10
792.0591651862488
 20
30.0
 11
786.0591651862486
 21
30.0
 72
1
 10
786.0591651862486
 20
30.0
 11
786.0591651862486
 21
20.0
 72
1
 10
786.0591651862486
 20
20.0
 11
792.0591651862488
 21
20.0
 72
1
 10
792.0591651862488
 20
20.0
 11
792.0591651862488
 21
-24.0
 72
1
 10
792.0591651862488
 20
-24.0
 11
767.0591651862488
 21
-24.0
 72
1
 10
767.0591651862488
 20
-24.0
 11
767.0591651862488
 21
220.0
 72
1
 10
767.0591651862488
 20
220.0
 11
792.0591651862488
 21
220.0
 97
0
 92
1
 93
4
 72
1
 10
-382.9408348137513
 20
180.0
 11
767.0591651862487
 21
180.0
 72
1
 10
767.0591651862488
 20
180.0
 11
767.0591651862488
 21
186.0
 72
1
 10
767.0591651862488
 20
186.0
 11
-382.9408348137512
 21
186.0
 72
1
 10
-382.9408348137513
 20
186.0
 11
-382.9408348137513
 21
180.0
 97
0
 92
1
 93
4
 72
1
 10
757.0591651862486
 20
-24.0
 11
757.0591651862486
 21
-30.0
 72
1
 10
757.0591651862486
 20
-30.0
 11
792.0591651862488
 21
-30.0
 72
1
 10
792.0591651862488
 20
-30.0
 11
792.0591651862488
 21
-24.0
 72
1
 10
792.0591651862488
 20
-24.0
 11
757.0591651862486
 21
-24.0
 97
0
 92
1
 93
8
 72
1
 10
-407.9408348137512
 20
220.0
 11
-407.9408348137512
 21
30.0
 72
1
 10
-407.9408348137512
 20
30.0
 11
-401.9408348137512
 21
30.0
 72
1
 10
-401.9408348137512
 20
30.0
 11
-401.9408348137512
 21
20.0
 72
1
 10
-401.9408348137512
 20
20.0
 11
-407.9408348137512
 21
20.0
 72
1
 10
-407.9408348137512
 20
20.0
 11
-407.9408348137512
 21
-24.0
 72
1
 10
-407.9408348137512
 20
-24.0
 11
-382.9408348137513
 21
-24.0
 72
1
 10
-382.9408348137513
 20
-24.0
 11
-382.9408348137513
 21
220.0
 72
1
 10
-382.9408348137513
 20
220.0
 11
-407.9408348137512
 21
220.0
 97
0
 92
1
 93
4
 72
1
 10
-372.9408348137513
 20
-24.0
 11
-372.9408348137513
 21
-30.0
 72
1
 10
-372.9408348137513
 20
-30.0
 11
-407.9408348137512
 21
-30.0
 72
1
 10
-407.9408348137512
 20
-30.0
 11
-407.9408348137512
 21
-24.0
 72
1
 10
-407.9408348137512
 20
-24.0
 11
-372.9408348137513
 21
-24.0
 97
0
 75
1
 76
1
 52
0.0
 41
2.0
 77
0
 78
1
 53
45.0
 43
4097187.330767878
 44
1708800.267299229
 45
-4.490128060534575
 46
4.490128060534575
 79
0
 98
1
 10
4097187.330767878
 20
1708800.267299229
  0
LWPOLYLINE
  5
D1
330
CD
100
AcDbEntity
  8
LN-ELEVATION-1
 48
0.5
100
AcDbPolyline
 90
8
 70
1
 10
792.0591651862488
 20
220.0
 10
792.0591651862488
 20
30.0
 10
786.0591651862486
 20
30.0
 10
786.0591651862486
 20
20.0
 10
792.0591651862488
 20
20.0
 10
792.0591651862488
 20
-24.0
 10
767.0591651862488
 20
-24.0
 10
767.0591651862488
 20
220.0
  0
LWPOLYLINE
  5
D2
330
CD
100
AcDbEntity
  8
LN-ELEVATION-1
 48
0.5
100
AcDbPolyline
 90
8
 70
1
 10
-407.9408348137512
 20
220.0
 10
-407.9408348137512
 20
30.0
 10
-401.9408348137512
 20
30.0
 10
-401.9408348137512
 20
20.0
 10
-407.9408348137512
 20
20.0
 10
-407.9408348137512
 20
-24.0
 10
-382.9408348137513
 20
-24.0
 10
-382.9408348137513
 20
220.0
  0
LWPOLYLINE
  5
D3
330
CD
100
AcDbEntity
  8
LN-ELEVATION-1
 48
0.5
100
AcDbPolyline
 90
4
 70
1
 10
-382.9408348137513
 20
180.0
 10
767.0591651862488
 20
180.0
 10
767.0591651862488
 20
186.0
 10
-382.9408348137513
 20
186.0
  0
LWPOLYLINE
  5
D4
330
CD
100
AcDbEntity
  8
LN-ELEVATION-1
 48
0.5
100
AcDbPolyline
 90
4
 70
1
 10
757.0591651862486
 20
-24.0
 10
757.0591651862486
 20
-30.0
 10
792.0591651862488
 20
-30.0
 10
792.0591651862488
 20
-24.0
  0
LWPOLYLINE
  5
D5
330
CD
100
AcDbEntity
  8
LN-ELEVATION-1
 48
0.5
100
AcDbPolyline
 90
4
 70
1
 10
-372.9408348137513
 20
-24.0
 10
-372.9408348137513
 20
-30.0
 10
-407.9408348137512
 20
-30.0
 10
-407.9408348137512
 20
-24.0
  0
LINE
  5
D6
330
CD
100
AcDbEntity
  8
LN-ELEVATION-3
 48
0.5
100
AcDbLine
 10
-372.9408348137513
 20
-30.0
 30
0.0
 11
757.0591651862486
 21
-30.0
 31
0.0
  0
LINE
  5
D7
330
CD
100
AcDbEntity
  8
LN-ELEVATION-3
 48
0.5
100
AcDbLine
 10
757.0591651862486
 20
-24.0
 30
0.0
 11
-372.9408348137513
 21
-24.0
 31
0.0
  0
LWPOLYLINE
  5
D8
330
CD
100
AcDbEntity
  8
LN-ELEVATION-4
  6
ACAD_ISO03W100
 48
0.05
100
AcDbPolyline
 90
4
 70
1
 10
767.0591651862488
 20
0.0
 10
-382.9408348137513
 20
0.0
 10
-382.9408348137513
 20
-12.0
 10
767.0591651862488
 20
-12.0
  0
LINE
  5
D9
330
CD
100
AcDbEntity
  8
LN-ELEVATION-3
 48
0.5
100
AcDbLine
 10
767.0591651862488
 20
220.0
 30
0.0
 11
-382.9408348137513
 21
220.0
 31
0.0
  0
ENDBLK
  5
CF
330
CD
100
AcDbEntity
  8
0
100
AcDbBlockEnd
  0
BLOCK
  5
DD
330
DC
100
AcDbEntity
  8
0
100
AcDbBlockBegin
  2
JJ_FIXTURE_LARGE_2
 70
0
 10
0.0
 20
0.0
 30
0.0
  3
JJ_FIXTURE_LARGE_2
  1

  0
INSERT
  5
DF
330
DC
100
AcDbEntity
  8
I-LK FF&E
100
AcDbBlockReference
  2
JJ 1200
 10
792.0591651862491
 20
30.0
 30
0.0
 41
-1.0
  0
ENDBLK
  5
DE
330
DC
100
AcDbEntity
  8
0
100
AcDbBlockEnd
  0
BLOCK
  5
E4
330
E3
100
AcDbEntity
  8
0
100
AcDbBlockBegin
  2
JJ_FIXTURE_LARGE_3
 70
0
 10
0.0
 20
0.0
 30
0.0
  3
JJ_FIXTURE_LARGE_3
  1

  0
INSERT
  5
E6
330
E3
100
AcDbEntity
  8
I-LK FF&E
100
AcDbBlockReference
  2
JJ 1200
 10
792.0591651862491
 20
30.0
 30
0.0
 41
-1.0
  0
ENDBLK
  5
E5
330
E3
100
AcDbEntity
  8
0
100
AcDbBlockEnd
  0
BLOCK
  5
EB
330
EA
100
AcDbEntity
  8
0
100
AcDbBlockBegin
  2
VC_FIXTURE_MEDIUM_2
 70
0
 10
0.0
 20
0.0
 30
0.0
  3
VC_FIXTURE_MEDIUM_2
  1

  0
INSERT
  5
ED
330
EA
100
AcDbEntity
  8
I-LK FF&E
100
AcDbBlockReference
  2
1010MM VC PLAN
 10
511.833333333022
 20
226.0
 30
0.0
 41
-1.0
  0
ENDBLK
  5
EC
330
EA
100
AcDbEntity
  8
0
100
AcDbBlockEnd
  0
BLOCK
  5
FA
330
F9
100
AcDbEntity
  8
0
100
AcDbBlockBegin
  2
STAFF_RACK_1
 70
0
 10
0.0
 20
0.0
 30
0.0
  3
STAFF_RACK_1
  1

  0
LWPOLYLINE
  5
FC
330
F9
100
AcDbEntity
  8
I-LK FF&E
100
AcDbPolyline
 90
4
 70
1
 10
900.0
 20
468.1304884285964
 10
0.0
 20
468.1304884285964
 10
0.0
 20
18.13048842859643
 10
900.0
 20
18.13048842859643
  0
MTEXT
  5
FD
102
{ACAD_XDICTIONARY
360
FE
102
}
330
F9
100
AcDbEntity
  8
I-LK TEXT
  6
Continuous
 62
0
 48
3.0
100
AcDbMText
 10
-97.90831983360341
 20
361.4909222841868
 30
0.0
 40
100.0
 41
1099.486866972409
 46
0.0
 71
1
 72
5
  1
\pxqc;STAFF\P RACK
  7
LK TXT
 11
1.0
 21
-1.1e-15
 31
0.0
1001
ACAD
1000
ACAD_MTEXT_COLUMN_INFO_BEGIN
1070
75
1070
2
1070
79
1070
0
1070
76
1070
1
1070
78
1070
0
1070
48
1040
1099.486866972409
1070
49
1040
0.9999999999999992
1070
50
1070
1
1040
0.0
1000
ACAD_MTEXT_COLUMN_INFO_END
1000
ACAD_MTEXT_COLUMNS_BEGIN
1070
47
1070
1
1000
ACAD_MTEXT_COLUMNS_END
  0
ENDBLK
  5
FB
330
F9
100
AcDbEntity
  8
0
100
AcDbBlockEnd
  0
BLOCK
  5
102
330
101
100
AcDbEntity
  8
0
100
AcDbBlockBegin
  2
STAFF_RACK_2
 70
0
 10
0.0
 20
0.0
 30
0.0
  3
STAFF_RACK_2
  1

  0
LWPOLYLINE
  5
104
330
101
100
AcDbEntity
  8
I-LK FF&E
100
AcDbPolyline
 90
4
 70
1
 10
900.0
 20
468.1304884285964
 10
0.0
 20
468.1304884285964
 10
0.0
 20
18.13048842859643
 10
900.0
 20
18.13048842859643
  0
MTEXT
  5
105
102
{ACAD_XDICTIONARY
360
106
102
}
330
101
100
AcDbEntity
  8
I-LK TEXT
  6
Continuous
 62
0
 48
3.0
100
AcDbMText
 10
-97.90831983360341
 20
361.4909222841868
 30
0.0
 40
100.0
 41
1099.486866972409
 46
0.0
 71
1
 72
5
  1
\pxqc;STAFF\P RACK
  7
LK TXT
 11
1.0
 21
-1.1e-15
 31
0.0
1001
ACAD
1000
ACAD_MTEXT_COLUMN_INFO_BEGIN
1070
75
1070
2
1070
79
1070
0
1070
76
1070
1
1070
78
1070
0
1070
48
1040
1099.486866972409
1070
49
1040
0.9999999999999992
1070
50
1070
1
1040
0.0
1000
ACAD_MTEXT_COLUMN_INFO_END
1000
ACAD_MTEXT_COLUMNS_BEGIN
1070
47
1070
1
1000
ACAD_MTEXT_COLUMNS_END
  0
ENDBLK
  5
103
330
101
100
AcDbEntity
  8
0
100
AcDbBlockEnd
  0
BLOCK
  5
10A
330
109
100
AcDbEntity
  8
0
100
AcDbBlockBegin
  2
JJ_FIXTURE_LARGE_4
 70
0
 10
0.0
 20
0.0
 30
0.0
  3
JJ_FIXTURE_LARGE_4
  1

  0
INSERT
  5
10C
330
109
100
AcDbEntity
  8
I-LK FF&E
100
AcDbBlockReference
  2
JJ 1200
 10
792.0591651862491
 20
30.0
 30
0.0
 41
-1.0
  0
ENDBLK
  5
10B
330
109
100
AcDbEntity
  8
0
100
AcDbBlockEnd
  0
BLOCK
  5
111
330
110
100
AcDbEntity
  8
0
100
AcDbBlockBegin
  2
STAFF_RACK_3
 70
0
 10
0.0
 20
0.0
 30
0.0
  3
STAFF_RACK_3
  1

  0
LWPOLYLINE
  5
113
330
110
100
AcDbEntity
  8
I-LK FF&E
100
AcDbPolyline
 90
4
 70
1
 10
900.0
 20
468.1304884285964
 10
0.0
 20
468.1304884285964
 10
0.0
 20
18.13048842859643
 10
900.0
 20
18.13048842859643
  0
MTEXT
  5
114
102
{ACAD_XDICTIONARY
360
115
102
}
330
110
100
AcDbEntity
  8
I-LK TEXT
  6
Continuous
 62
0
 48
3.0
100
AcDbMText
 10
-97.90831983360341
 20
361.4909222841868
 30
0.0
 40
100.0
 41
1099.486866972409
 46
0.0
 71
1
 72
5
  1
\pxqc;STAFF\P RACK
  7
LK TXT
 11
1.0
 21
-1.1e-15
 31
0.0
1001
ACAD
1000
ACAD_MTEXT_COLUMN_INFO_BEGIN
1070
75
1070
2
1070
79
1070
0
1070
76
1070
1
1070
78
1070
0
1070
48
1040
1099.486866972409
1070
49
1040
0.9999999999999992
1070
50
1070
1
1040
0.0
1000
ACAD_MTEXT_COLUMN_INFO_END
1000
ACAD_MTEXT_COLUMNS_BEGIN
1070
47
1070
1
1000
ACAD_MTEXT_COLUMNS_END
  0
ENDBLK
  5
112
330
110
100
AcDbEntity
  8
0
100
AcDbBlockEnd
  0
BLOCK
  5
119
330
118
100
AcDbEntity
  8
0
100
AcDbBlockBegin
  2
VC_FIXTURE_MEDIUM_3
 70
0
 10
0.0
 20
0.0
 30
0.0
  3
VC_FIXTURE_MEDIUM_3
  1

  0
INSERT
  5
11B
330
118
100
AcDbEntity
  8
I-LK FF&E
100
AcDbBlockReference
  2
1010MM VC PLAN
 10
511.833333333022
 20
226.0
 30
0.0
 41
-1.0
  0
ENDBLK
  5
11A
330
118
100
AcDbEntity
  8
0
100
AcDbBlockEnd
  0
BLOCK
  5
120
330
11F
100
AcDbEntity
  8
0
100
AcDbBlockBegin
  2
VC_FIXTURE_MEDIUM_4
 70
0
 10
0.0
 20
0.0
 30
0.0
  3
VC_FIXTURE_MEDIUM_4
  1

  0
INSERT
  5
122
330
11F
100
AcDbEntity
  8
I-LK FF&E
100
AcDbBlockReference
  2
1010MM VC PLAN
 10
511.833333333022
 20
226.0
 30
0.0
 41
-1.0
  0
ENDBLK
  5
121
330
11F
100
AcDbEntity
  8
0
100
AcDbBlockEnd
  0
BLOCK
  5
127
330
126
100
AcDbEntity
  8
0
100
AcDbBlockBegin
  2
MIRROR_1
 70
0
 10
0.0
 20
0.0
 30
0.0
  3
MIRROR_1
  1

  0
INSERT
  5
129
330
126
100
AcDbEntity
  8
I-LK FF&E
100
AcDbBlockReference
  2
MIRROR UNIT SEE THRU
 10
150.0000000000586
 20
300.0
 30
0.0
  0
ENDBLK
  5
128
330
126
100
AcDbEntity
  8
0
100
AcDbBlockEnd
  0
BLOCK
  5
12C
330
12B
100
AcDbEntity
  8
0
100
AcDbBlockBegin
  2
mirror unit see thru
 70
0
 10
0.0
 20
0.0
 30
0.0
  3
mirror unit see thru
  1

  0
LWPOLYLINE
  5
12E
330
12B
100
AcDbEntity
  8
LN-ELEVATION-1
100
AcDbPolyline
 90
8
 70
1
 10
141.9999999999418
 20
-300.0
 10
141.9999999999418
 20
-298.5
 10
146.4999999999418
 20
-298.5
 10
146.4999999999418
 20
-280.5
 10
124.9999999999418
 20
-280.5
 10
124.9999999999418
 20
-279.0
 10
147.9999999999418
 20
-279.0
 10
147.9999999999418
 20
-300.0
  0
LWPOLYLINE
  5
12F
330
12B
100
AcDbEntity
  8
LN-ELEVATION-1
100
AcDbPolyline
 90
8
 70
1
 10
-103.0000000000582
 20
-293.0
 10
-103.0000000000582
 20
-279.0
 10
-148.0000000000582
 20
-279.0
 10
-148.0000000000582
 20
-300.0
 10
-139.0000000000582
 20
-300.0
 10
-139.0000000000582
 20
-298.5
 10
-146.5000000000582
 20
-298.5
 10
-146.5000000000582
 20
-293.0
  0
LWPOLYLINE
  5
130
330
12B
100
AcDbEntity
  8
LN-ELEVATION-1
100
AcDbPolyline
 90
8
 70
1
 10
79.99999999994179
 20
-293.0
 10
79.99999999994179
 20
-279.0
 10
124.9999999999418
 20
-279.0
 10
124.9999999999418
 20
-300.0
 10
115.9999999999418
 20
-300.0
 10
115.9999999999418
 20
-298.5
 10
123.4999999999418
 20
-298.5
 10
123.4999999999418
 20
-293.0
  0
LWPOLYLINE
  5
131
330
12B
100
AcDbEntity
  8
LN-ELEVATION-2
100
AcDbPolyline
 90
4
 70
1
 10
-103.0000000000582
 20
-293.0
 10
79.99999999994179
 20
-293.0
 10
79.99999999994179
 20
-279.0
 10
-103.0000000000582
 20
-279.0
  0
LWPOLYLINE
  5
132
330
12B
100
AcDbEntity
  8
LN-ELEVATION-2
 62
4
370
0
100
AcDbPolyline
 90
4
 70
1
 10
-146.5000000000582
 20
-293.0
 10
123.4999999999418
 20
-293.0
 10
123.4999999999418
 20
-298.5
 10
-146.5000000000582
 20
-298.5
  0
LINE
  5
133
330
12B
100
AcDbEntity
  8
LN-ELEVATION-4
 48
0.5
100
AcDbLine
 10
115.9999999999418
 20
-300.0
 30
0.0
 11
-139.0000000000582
 21
-300.0
 31
0.0
  0
HATCH
  5
134
330
12B
100
AcDbEntity
  8
LN-HATCH
 48
0.5
100
AcDbHatch
 10
0.0
 20
0.0
 30
0.0
210
0.0
220
0.0
230
1.0
  2
ANSI31
 70
0
 71
0
 91
3
 92
1
 93
4
 72
1
 10
-150.0
 20
0.0
 11
-132.0
 21
0.0
 72
1
 10
-132.0
 20
0.0
 11
-132.0000000000582
 21
-279.0
 72
1
 10
-132.0000000000582
 20
-279.0
 11
-150.0000000000581
 21
-279.0
 72
1
 10
-150.0000000000581
 20
-279.0
 11
-150.0
 21
0.0
 97
0
 92
1
 93
4
 72
1
 10
-132.0
 20
-6.0
 11
132.0
 21
-6.0
 72
1
 10
132.0
 20
-6.0
 11
132.0
 21
0.0
 72
1
 10
132.0
 20
0.0
 11
-132.0
 21
0.0
 72
1
 10
-132.0
 20
0.0
 11
-132.0
 21
-6.0
 97
0
 92
1
 93
4
 72
1
 10
150.0
 20
0.0
 11
132.0
 21
0.0
 72
1
 10
132.0
 20
0.0
 11
131.9999999999418
 21
-279.0
 72
1
 10
131.9999999999418
 20
-279.0
 11
149.9999999999418
 21
-279.0
 72
1
 10
149.9999999999418
 20
-279.0
 11
150.0
 21
0.0
 97
0
 75
1
 76
1
 52
0.0
 41
2.0
 77
0
 78
1
 53
45.0
 43
4060070.796835582
 44
1708569.446145004
 45
-4.490128060534577
 46
4.490128060534577
 79
0
 98
1
 10
4060070.796835582
 20
1708569.446145004
  0
LWPOLYLINE
  5
135
330
12B
100
AcDbEntity
  8
LN-ELEVATION-1
100
AcDbPolyline
 90
4
 70
1
 10
149.9999999999418
 20
0.0
 10
131.9999999999418
 20
0.0
 10
131.9999999999418
 20
-279.0
 10
149.9999999999418
 20
-279.0
  0
LWPOLYLINE
  5
136
330
12B
100
AcDbEntity
  8
LN-ELEVATION-1
100
AcDbPolyline
 90
4
 70
1
 10
-150.0000000000581
 20
0.0
 10
-132.0000000000582
 20
0.0
 10
-132.0000000000582
 20
-279.0
 10
-150.0000000000581
 20
-279.0
  0
LWPOLYLINE
  5
137
330
12B
100
AcDbEntity
  8
LN-ELEVATION-1
100
AcDbPolyline
 90
4
 70
1
 10
-132.0000000000582
 20
-6.0
 10
131.9999999999418
 20
-6.0
 10
131.9999999999418
 20
0.0
 10
-132.0000000000582
 20
0.0
  0
LWPOLYLINE
  5
138
330
12B
100
AcDbEntity
  8
Defpoints
100
AcDbPolyline
 90
4
 70
1
 10
149.9999999999418
 20
-300.0
 10
-150.0000000000581
 20
-300.0
 10
-150.0000000000581
 20
0.0
 10
149.9999999999418
 20
0.0
  0
ENDBLK
  5
12D
330
12B
100
AcDbEntity
  8
0
100
AcDbBlockEnd
  0
BLOCK
  5
13C
330
13B
100
AcDbEntity
  8
0
100
AcDbBlockBegin
  2
VC_FIXTURE_LARGE_3
 70
0
 10
0.0
 20
0.0
 30
0.0
  3
VC_FIXTURE_LARGE_3
  1

  0
INSERT
  5
13E
330
13B
100
AcDbEntity
  8
I-LK FF&E
100
AcDbBlockReference
  2
12MM VC PLAN
 10
-4.547e-13
 20
0.0
 30
0.0
 41
-1.0
  0
ENDBLK
  5
13D
330
13B
100
AcDbEntity
  8
0
100
AcDbBlockEnd
  0
BLOCK
  5
145
330
144
100
AcDbEntity
  8
0
100
AcDbBlockBegin
  2
ROC_CLINIC_1
 70
0
 10
0.0
 20
0.0
 30
0.0
  3
ROC_CLINIC_1
  1

  0
INSERT
  5
147
330
144
100
AcDbEntity
  8
0
100
AcDbBlockReference
  2
ROC_clinic
 10
3.589530676092181
 20
1.761127815153485
 30
0.0
  0
ENDBLK
  5
146
330
144
100
AcDbEntity
  8
0
100
AcDbBlockEnd
  0
BLOCK
  5
14F
330
14E
100
AcDbEntity
  8
0
100
AcDbBlockBegin
  2
clinic screen
 70
0
 10
0.0
 20
0.0
 30
0.0
  3
clinic screen
  1

  0
LWPOLYLINE
  5
151
330
14E
100
AcDbEntity
  8
I-LK EQPMT
100
AcDbPolyline
 90
4
 70
1
 10
130.0454854713244
 20
15.51421661919449
 10
99.66748210433435
 20
15.51421661919449
 10
99.66748210433435
 20
45.89221998606814
 10
130.0454854713244
 20
45.89221998606814
  0
LWPOLYLINE
  5
152
330
14E
100
AcDbEntity
  8
I-LK EQPMT
100
AcDbPolyline
 90
4
 70
1
 10
127.007685134602
 20
18.55201695591666
 10
102.7052824410566
 20
18.55201695591666
 10
102.7052824410566
 20
42.85441964946222
 10
127.007685134602
 20
42.85441964946222
  0
LWPOLYLINE
  5
153
330
14E
100
AcDbEntity
  8
I-LK EQPMT
100
AcDbPolyline
 90
4
 70
1
 10
-130.4492315140169
 20
15.51421661919449
 10
-100.0712281470269
 20
15.51421661919449
 10
-100.0712281470269
 20
45.89221998606814
 10
-130.4492315140169
 20
45.89221998606814
  0
LWPOLYLINE
  5
154
330
14E
100
AcDbEntity
  8
I-LK EQPMT
100
AcDbPolyline
 90
4
 70
1
 10
-127.4114311772946
 20
18.55201695591666
 10
-103.1090284836337
 20
18.55201695591666
 10
-103.1090284836337
 20
42.85441964946222
 10
-127.4114311772946
 20
42.85441964946222
  0
LINE
  5
155
330
14E
100
AcDbEntity
  8
I-LK EQPMT
100
AcDbLine
 10
102.7052824410566
 20
42.85441964946222
 30
0.0
 11
127.007685134602
 21
18.55201695591666
 31
0.0
  0
LINE
  5
156
330
14E
100
AcDbEntity
  8
I-LK EQPMT
100
AcDbLine
 10
-103.1090284836337
 20
42.85441964946222
 30
0.0
 11
-127.4114311772946
 21
18.55201695591666
 31
0.0
  0
LINE
  5
157
330
14E
100
AcDbEntity
  8
I-LK EQPMT
100
AcDbLine
 10
-127.4114311772946
 20
42.85441964946222
 30
0.0
 11
-103.1090284836337
 21
18.55201695591666
 31
0.0
  0
LINE
  5
158
330
14E
100
AcDbEntity
  8
I-LK EQPMT
 48
12.0
100
AcDbLine
 10
91.98892031610741
 20
15.51420700864401
 30
0.0
 11
91.98892031610741
 21
0.0
 31
0.0
  0
LINE
  5
159
330
14E
100
AcDbEntity
  8
I-LK EQPMT
 48
12.0
100
AcDbLine
 10
91.98892031610741
 20
15.51420700864401
 30
0.0
 11
138.5315413423596
 21
15.51420700864401
 31
0.0
  0
LINE
  5
15A
330
14E
100
AcDbEntity
  8
I-LK EQPMT
 48
12.0
100
AcDbLine
 10
-138.5315413423605
 20
0.0
 30
0.0
 11
-138.5315413423605
 21
15.51420700864401
 31
0.0
  0
LINE
  5
15B
330
14E
100
AcDbEntity
  8
I-LK EQPMT
 48
12.0
100
AcDbLine
 10
-91.98892031613741
 20
15.51420700864401
 30
0.0
 11
-91.98892031613741
 21
0.0
 31
0.0
  0
LINE
  5
15C
330
14E
100
AcDbEntity
  8
I-LK EQPMT
 48
12.0
100
AcDbLine
 10
200.5883693773148
 20
0.0
 30
0.0
 11
-200.5883693773148
 21
0.0
 31
0.0
  0
LWPOLYLINE
  5
15D
330
14E
100
AcDbEntity
  8
I-LK EQPMT
 48
12.0
100
AcDbPolyline
 90
4
 70
1
 10
-220.0000000000082
 20
-51.71278328332107
 10
-220.0000000000082
 20
-38.82326124538668
 10
219.9999999999918
 20
-38.82326124538668
 10
219.9999999999918
 20
-51.71278328332107
  0
LINE
  5
15E
330
14E
100
AcDbEntity
  8
I-LK EQPMT
 48
12.0
100
AcDbLine
 10
-220.0000000000082
 20
-38.82326124538668
 30
0.0
 11
-220.0000000000082
 21
-19.41163062257681
 31
0.0
  0
LINE
  5
15F
330
14E
100
AcDbEntity
  8
I-LK EQPMT
 48
12.0
100
AcDbLine
 10
219.9999999999918
 20
-38.82326124538668
 30
0.0
 11
219.9999999999918
 21
-19.41163062257681
 31
0.0
  0
LINE
  5
160
330
14E
100
AcDbEntity
  8
I-LK EQPMT
 48
12.0
100
AcDbLine
 10
-220.0000000000082
 20
-19.41163062257681
 30
0.0
 11
-200.5883693773148
 21
0.0
 31
0.0
  0
LINE
  5
161
330
14E
100
AcDbEntity
  8
I-LK EQPMT
 48
12.0
100
AcDbLine
 10
219.9999999999918
 20
-19.41163062257681
 30
0.0
 11
200.5883693773148
 21
0.0
 31
0.0
  0
LINE
  5
162
330
14E
100
AcDbEntity
  8
I-LK EQPMT
 48
12.0
100
AcDbLine
 10
138.5315413423596
 20
0.0
 30
0.0
 11
138.5315413423596
 21
15.51420700864401
 31
0.0
  0
LINE
  5
163
330
14E
100
AcDbEntity
  8
I-LK EQPMT
 48
12.0
100
AcDbLine
 10
-138.5315413423605
 20
15.51420700864401
 30
0.0
 11
-91.98892031613741
 21
15.51420700864401
 31
0.0
  0
MTEXT
  5
164
330
14E
100
AcDbEntity
  8
I-LK EQPMT
 48
12.0
100
AcDbMText
 10
5.199680584678389
 20
-100.4085774972336
 30
0.0
 40
50.0
 41
466.4796511627907
 46
0.0
 71
1
 72
5
  1
LG SCREEN
1001
ACAD
1000
ACAD_MTEXT_COLUMN_INFO_BEGIN
1070
75
1070
2
1070
79
1070
0
1070
76
1070
1
1070
78
1070
0
1070
48
1040
466.4796511627907
1070
49
1040
12.5
1070
50
1070
1
1040
0.0
1000
ACAD_MTEXT_COLUMN_INFO_END
1000
ACAD_MTEXT_COLUMNS_BEGIN
1070
47
1070
1
1000
ACAD_MTEXT_COLUMNS_END
  0
ENDBLK
  5
150
330
14E
100
AcDbEntity
  8
0
100
AcDbBlockEnd
  0
BLOCK
  5
166
330
165
100
AcDbEntity
  8
0
100
AcDbBlockBegin
  2
clinic chair
 70
0
 10
0.0
 20
0.0
 30
0.0
  3
clinic chair
  1

  0
LWPOLYLINE
  5
168
330
165
100
AcDbEntity
  8
I-LK FURNITURE
100
AcDbPolyline
 90
23
 70
0
 10
-214.8703261986375
 20
189.3640050691611
 10
-208.0771623300388
 20
190.3592400808701
 10
-187.3689696602523
 20
193.2901615410519
 10
-166.6242546243593
 20
195.919773319445
 10
-145.8430172204971
 20
198.2389448168105
 10
-125.0252572111785
 20
200.2476760368445
 10
-104.1709748348221
 20
201.9459669739881
 10
-83.30756180733442
 20
203.3429482312058
 10
-62.41675754077733
 20
204.4203586137155
 10
-41.51682190690189
 20
205.1964593107114
 10
-20.59862544760107
 20
205.652989134891
 10
0.3195710116997361
 20
205.8082092735567
 10
21.22863681986928
 20
205.6438585375145
 10
42.1468332791701
 20
205.178198117821
 10
63.04676843620836
 20
204.3929668253113
 10
83.93757317960262
 20
203.3064258454251
 10
104.8009862070903
 20
201.9094445900701
 10
125.6461376938969
 20
200.1928924563108
 10
146.4638977032155
 20
198.1750306425965
 10
167.2451351061463
 20
195.846728546021
 10
187.9898503813893
 20
193.2171167694905
 10
208.6980430502445
 20
190.2679341164185
 10
214.9342405218631
 20
189.3640050691611
  0
LWPOLYLINE
  5
169
330
165
100
AcDbEntity
  8
I-LK FURNITURE
100
AcDbPolyline
 90
54
 70
0
 10
214.9342405218631
 20
189.3640050691611
 10
228.018385052681
 20
189.3640050691611
 10
228.2649112101644
 20
189.3640050691611
 10
228.5023067155853
 20
189.3731356646749
 10
228.7397024594247
 20
189.3913968575653
 10
228.9862283784896
 20
189.4096580504556
 10
229.4610193902627
 20
189.464441627264
 10
229.6984148956835
 20
189.5009640130738
 10
229.9358104020357
 20
189.5466169980936
 10
230.6479969192296
 20
189.7109677341068
 10
230.8762620110065
 20
189.7748819083208
 10
231.1136572789401
 20
189.8479266780196
 10
231.3419223716483
 20
189.9301020469575
 10
231.5610565748066
 20
190.0122774140618
 10
231.7893214290962
 20
190.1035833803762
 10
232.0084558706731
 20
190.1948893429944
 10
232.2367207240313
 20
190.2953259048227
 10
232.446724514477
 20
190.3957624666509
 10
232.6658587176353
 20
190.5053296240221
 10
233.0858660591766
 20
190.7427251316258
 10
233.2958698496222
 20
190.8705534818581
 10
233.4967429880053
 20
190.9983818321198
 10
233.8984892647713
 20
191.2722997255041
 10
234.2819744776934
 20
191.5644788117788
 10
234.6471983874217
 20
191.8749190909439
 10
234.8298102235422
 20
192.039269826986
 10
235.0032914076
 20
192.2036205630284
 10
235.1767725925893
 20
192.3771018964471
 10
235.3411236014217
 20
192.5505832279741
 10
235.5054743736982
 20
192.7331951569067
 10
235.8159146141261
 20
193.0984190147719
 10
236.1080937888473
 20
193.4819040654984
 10
236.3820116622373
 20
193.8836503110069
 10
236.5098398281261
 20
194.0845234328299
 10
236.6376682324335
 20
194.2945271501376
 10
236.8750637378544
 20
194.7145345885365
 10
236.9846310783178
 20
194.9336689013871
 10
237.0850675273687
 20
195.1436726205866
 10
237.1855039782822
 20
195.3719375308136
 10
237.2768100146204
 20
195.5910718473896
 10
237.3681158144027
 20
195.8193367576168
 10
237.4502914380282
 20
196.0384710723301
 10
237.5324665848166
 20
196.2758665799046
 10
237.6055113198236
 20
196.5041314919945
 10
237.6694256402552
 20
196.7323964022216
 10
237.8337764125317
 20
197.4445829250617
 10
237.8794291922823
 20
197.6819784344989
 10
237.9159517977387
 20
197.9193739402399
 10
237.9707352295518
 20
198.3941649573098
 10
237.9889965318143
 20
198.6406910604273
 10
238.0072578350082
 20
198.878086568031
 10
238.0163882486522
 20
199.1154820756346
 10
238.0163882486522
 20
199.3620081787521
 10
238.0163882486522
 20
199.4624447406095
  0
LWPOLYLINE
  5
16A
330
165
100
AcDbEntity
  8
I-LK FURNITURE
100
AcDbPolyline
 90
54
 70
0
 10
-237.9707354661077
 20
199.4624447406095
 10
-237.9707354661077
 20
199.3620081787521
 10
-237.9707354661077
 20
199.1154820756346
 10
-237.9524741638452
 20
198.6406910604273
 10
-237.9250824470073
 20
198.3941649573098
 10
-237.870298538357
 20
197.9193739402399
 10
-237.8337764106691
 20
197.6819784344989
 10
-237.7424703733996
 20
197.2071874174289
 10
-237.6876867031679
 20
196.969791911717
 10
-237.6237726202235
 20
196.7323964022216
 10
-237.5598585372791
 20
196.5041314919945
 10
-237.4868138032034
 20
196.2758665799046
 10
-237.4046381786466
 20
196.0384710723301
 10
-237.3224630318582
 20
195.8193367576168
 10
-237.2402876457199
 20
195.5910718473896
 10
-237.1398509573191
 20
195.3719375308136
 10
-237.0394142689183
 20
195.1436726205866
 10
-236.9389778189361
 20
194.9336689013871
 10
-236.8294107168913
 20
194.7145345885365
 10
-236.4733174592257
 20
194.0845234328299
 10
-236.336358403787
 20
193.8836503110069
 10
-236.2085299994797
 20
193.682777189184
 10
-236.062440530397
 20
193.4819040654984
 10
-235.770261593163
 20
193.0984190147719
 10
-235.4598211143166
 20
192.7331951569067
 10
-235.29547058139
 20
192.5505832279741
 10
-235.1311198100448
 20
192.3771018964471
 10
-234.957638386637
 20
192.2036205630284
 10
-234.7841572025791
 20
192.039269826986
 10
-234.6015451289714
 20
191.8749190909439
 10
-234.2363212183118
 20
191.5644788117788
 10
-233.8528362438083
 20
191.2722997255041
 10
-233.4510899670422
 20
190.9983818321198
 10
-233.2502168286592
 20
190.8705534818581
 10
-233.0402132775635
 20
190.7427251316258
 10
-232.6202059350908
 20
190.5053296240221
 10
-232.4102019071579
 20
190.3957624666509
 10
-231.9719335008413
 20
190.1948893429944
 10
-231.7436686465517
 20
190.1035833803762
 10
-231.5245339665562
 20
190.0122774140618
 10
-231.0680044963956
 20
189.8479266780196
 10
-230.8306087525561
 20
189.7748819083208
 10
-230.6023438982666
 20
189.7109677341068
 10
-230.3649483919144
 20
189.6561841535731
 10
-230.1366833001375
 20
189.601400574902
 10
-229.8992880322039
 20
189.5466169980936
 10
-229.661892526783
 20
189.5009640130738
 10
-229.4153663692996
 20
189.464441627264
 10
-228.9405753575265
 20
189.4096580504556
 10
-228.7031796136871
 20
189.3913968575653
 10
-228.4566536955535
 20
189.3731356646749
 10
-228.2192584276199
 20
189.3640050691611
 10
-227.9727320317179
 20
189.3640050691611
 10
-214.8703261986375
 20
189.3640050691611
  0
LWPOLYLINE
  5
16B
330
165
100
AcDbEntity
  8
I-LK FURNITURE
100
AcDbPolyline
 90
88
 70
0
 10
-316.4938646722585
 20
290.6953644652967
 10
-318.4934651684017
 20
290.6953644652967
 10
-318.7856443449855
 20
290.2753570306231
 10
-319.0686928685755
 20
289.8553495922242
 10
-319.3426107419655
 20
289.435342155688
 10
-319.8904467262328
 20
288.5770660897541
 10
-320.1461032964289
 20
288.1387974603276
 10
-320.4108905177563
 20
287.700528830901
 10
-320.9039425933734
 20
286.8239915720769
 10
-321.1504689883441
 20
286.3765923452738
 10
-321.3878642562777
 20
285.9291931203334
 10
-321.6161293489859
 20
285.4817938935303
 10
-321.8443942032754
 20
285.0252640693507
 10
-322.2826628480107
 20
284.1122044266085
 10
-322.492666637525
 20
283.6465440087486
 10
-322.702670189552
 20
283.1900141845981
 10
-322.9035435663536
 20
282.7243537649047
 10
-323.0952860536054
 20
282.2495627496973
 10
-323.2870283024386
 20
281.7839023318666
 10
-323.4696403760463
 20
281.3091113166593
 10
-323.816602983512
 20
280.3595292862447
 10
-323.9900844059885
 20
279.8756076736609
 10
-324.1453045271336
 20
279.4008166584536
 10
-324.4557447666302
 20
278.432973433286
 10
-324.6018342357129
 20
277.9490518225648
 10
-324.7387932911515
 20
277.4559996144671
 10
-324.8757523465902
 20
276.9720780018833
 10
-325.0035805124789
 20
276.4790257937857
 10
-325.2409762572497
 20
275.4929213775904
 10
-325.4601104594767
 20
274.5068169613951
 10
-325.5514162583277
 20
274.0046341559209
 10
-325.6518529467285
 20
273.5115819478233
 10
-325.8983791042119
 20
272.0050335332635
 10
-326.0901215914637
 20
270.4984851205372
 10
-326.1449052607641
 20
269.9963023150631
 10
-326.1905582789332
 20
269.4941195114516
 10
-326.2270804084837
 20
268.9828061086009
 10
-326.2636030139402
 20
268.4806233049894
 10
-326.2909947298467
 20
267.9693099040014
 10
-326.318386444822
 20
267.4671270985273
 10
-326.3366477480158
 20
266.9649442930531
 10
-326.3457781616598
 20
266.453630892036
 10
-326.3549090512097
 20
265.951448086591
 10
-326.3549090512097
 20
265.4401346855739
 10
-326.3457781616598
 20
264.9288212845859
 10
-326.3366477480158
 20
264.4266384791117
 10
-326.318386444822
 20
263.9153250781237
 10
-326.2636030139402
 20
262.9109594709007
 10
-326.2270804084837
 20
262.3996460699127
 10
-326.1905582789332
 20
261.8974632644386
 10
-326.1449052607641
 20
261.3952804589644
 10
-326.0901215914637
 20
260.8839670579764
 10
-325.8983791042119
 20
259.3774186433875
 10
-325.8162034796551
 20
258.8752358379134
 10
-325.7340283319354
 20
258.3821836316783
 10
-325.6518529467285
 20
257.8800008262042
 10
-325.5514162583277
 20
257.3778180225927
 10
-325.4601104594767
 20
256.8847658126324
 10
-325.3505431190133
 20
256.3825830090209
 10
-325.2409762572497
 20
255.8895307990606
 10
-325.0035805124789
 20
254.9034263828653
 10
-324.8757523465902
 20
254.4195047721441
 10
-324.7387932911515
 20
253.9264525640465
 10
-324.6018342357129
 20
253.4425309514626
 10
-324.4557447666302
 20
252.9586093388789
 10
-323.9900844059885
 20
251.5068445048529
 10
-323.816602983512
 20
251.0320534896455
 10
-323.6431217994541
 20
250.5481318770617
 10
-323.4696403760463
 20
250.0824714592309
 10
-323.2870283024386
 20
249.6076804421609
 10
-323.0952860536054
 20
249.1328894269536
 10
-322.9035435663536
 20
248.6672290072602
 10
-322.702670189552
 20
248.2015685894294
 10
-322.492666637525
 20
247.7359081697359
 10
-322.2826628480107
 20
247.279378347419
 10
-321.8443942032754
 20
246.3663187028142
 10
-321.6161293489859
 20
245.9097888804972
 10
-321.3878642562777
 20
245.4623896555568
 10
-321.1504689883441
 20
245.0149904287537
 10
-320.6574166752399
 20
244.1201919770101
 10
-320.4108905177563
 20
243.6819233475835
 10
-320.1461032964289
 20
243.2436547163234
 10
-319.8904467262328
 20
242.8145166842733
 10
-319.3426107419655
 20
241.9562406183104
 10
-319.0686928685755
 20
241.5362331817742
 10
-318.7856443449855
 20
241.1070951478905
 10
-318.4934651684017
 20
240.6962183068681
 10
-316.4938646722585
 20
240.6962183068681
  0
LWPOLYLINE
  5
16C
330
165
100
AcDbEntity
  8
I-LK FURNITURE
100
AcDbPolyline
 90
87
 70
0
 10
316.493864913471
 20
240.8879608331772
 10
318.4934654096141
 20
240.8879608331772
 10
318.7856445852667
 20
241.2988376741996
 10
319.0686931088567
 20
241.7188451107068
 10
319.6165286172182
 20
242.5771211766696
 10
320.1461032982916
 20
243.4353972426034
 10
320.6574166771023
 20
244.3119345014566
 10
320.9039428345858
 20
244.7593337282597
 10
321.150468991138
 20
245.1976023576863
 10
321.3878644965589
 20
245.6450015844894
 10
321.6161293517798
 20
246.1015314068063
 10
321.8443944435567
 20
246.5489306317177
 10
322.063528646715
 20
247.0054604558973
 10
322.2826630882919
 20
247.4711208718654
 10
322.4926666393876
 20
247.927650696045
 10
322.7026704298332
 20
248.3933111157385
 10
322.9035433297977
 20
248.8589715354319
 10
323.095286055468
 20
249.3246319532627
 10
323.2870285427198
 20
249.79942296847
 10
323.4696406163275
 20
250.2650833881635
 10
323.8166032247245
 20
251.214665418549
 10
323.9900844087824
 20
251.6985870292992
 10
324.1453045289963
 20
252.1733780463692
 10
324.4557447684929
 20
253.1412212678115
 10
324.6018344759941
 20
253.6342734777718
 10
324.8757521100342
 20
254.6021167010767
 10
325.0035807527603
 20
255.0951689073117
 10
325.2409760206938
 20
256.0812733253697
 10
325.3505433602259
 20
256.5743255334673
 10
325.4509798102081
 20
257.0765083389415
 10
325.5514164986089
 20
257.5695605470391
 10
325.6518529485911
 20
258.0717433525133
 10
325.7340283347294
 20
258.564795560611
 10
325.8162037208677
 20
259.0669783642225
 10
325.962293189019
 20
260.0713439733081
 10
326.0901215933263
 20
261.0757095842564
 10
326.1357746114954
 20
261.5778923878679
 10
326.1905580433086
 20
262.0892057888559
 10
326.2636027773841
 20
263.0935713998333
 10
326.2909949701279
 20
263.6048848008213
 10
326.3183866860345
 20
264.1070676062955
 10
326.3366477508098
 20
264.6183810072835
 10
326.3457784019411
 20
265.1205638090323
 10
326.3549088146538
 20
265.631877211883
 10
326.3549088146538
 20
266.1340600154945
 10
326.3457784019411
 20
266.6453734164825
 10
326.3366477508098
 20
267.1475562219566
 10
326.3183866860345
 20
267.6588696229737
 10
326.2909949701279
 20
268.1610524284188
 10
326.2636027773841
 20
268.6723658294359
 10
326.1905580433086
 20
269.6767314403842
 10
326.1357746114954
 20
270.1880448413722
 10
326.0901215933263
 20
270.6902276449837
 10
325.962293189019
 20
271.6945932540693
 10
325.8162037208677
 20
272.698958863155
 10
325.7340283347294
 20
273.2011416686291
 10
325.6518529485911
 20
273.6941938767559
 10
325.4509798102081
 20
274.6985594877042
 10
325.3505433602259
 20
275.1916116958018
 10
325.2409760206938
 20
275.6846639020368
 10
325.0035807527603
 20
276.6707683200948
 10
324.8757521100342
 20
277.1638205281924
 10
324.7387935314327
 20
277.6477421407762
 10
324.6018344759941
 20
278.1407943488739
 10
324.4557447684929
 20
278.6247159614577
 10
324.1453045289963
 20
279.5925591829
 10
323.9900844087824
 20
280.06735019997
 10
323.8166032247245
 20
280.5512718106911
 10
323.4696406163275
 20
281.5008538411057
 10
323.2870285427198
 20
281.975644856313
 10
322.9035433297977
 20
282.9069656938082
 10
322.7026704298332
 20
283.3726261135016
 10
322.2826630882919
 20
284.3039469510259
 10
321.8443944435567
 20
285.2170065975224
 10
321.6161293517798
 20
285.6644058224629
 10
321.3878644965589
 20
286.1209356447798
 10
321.150468991138
 20
286.5683348697203
 10
320.9039428345858
 20
287.0157340965234
 10
320.6574166771023
 20
287.4540027277835
 10
320.1461032982916
 20
288.3305399866367
 10
319.8813160769641
 20
288.7596780186868
 10
319.6165286172182
 20
289.1979466499762
 10
319.3426109822467
 20
289.6179540846206
 10
319.0686931088567
 20
290.0470921166707
 10
318.7856445852667
 20
290.4670995550696
 10
318.4934654096141
 20
290.8871069916058
 10
316.493864913471
 20
290.8871069916058
  0
LWPOLYLINE
  5
16D
330
165
100
AcDbEntity
  8
I-LK FURNITURE
100
AcDbPolyline
 90
6
 70
0
 10
-261.5002822503448
 20
290.2023122571991
 10
-261.5002822503448
 20
303.1951510048821
 10
-316.4938646722585
 20
303.1951510048821
 10
-316.4938646722585
 20
290.2023122571991
 10
-261.5002822503448
 20
290.2023122571991
 10
-261.5002822503448
 20
187.0174417796661
  0
LWPOLYLINE
  5
16E
330
165
100
AcDbEntity
  8
I-LK FURNITURE
100
AcDbPolyline
 90
6
 70
0
 10
316.493864913471
 20
290.3940547816455
 10
316.493864913471
 20
303.3868935330538
 10
261.500282490626
 20
303.3868935330538
 10
261.500282490626
 20
290.3940547816455
 10
316.493864913471
 20
290.3940547816455
 10
316.493864913471
 20
187.2091843059752
  0
LWPOLYLINE
  5
16F
330
165
100
AcDbEntity
  8
I-LK FURNITURE
100
AcDbPolyline
 90
3
 70
0
 10
-261.5002822503448
 20
234.6974164407293
 10
-249.5026785582304
 20
234.6974164407293
 10
-248.4983128663152
 20
235.6926514524384
  0
LWPOLYLINE
  5
170
330
165
100
AcDbEntity
  8
I-LK FURNITURE
100
AcDbPolyline
 90
3
 70
0
 10
-248.4983128663152
 20
265.6957913879305
 10
-249.5026785582304
 20
266.6910264015314
 10
-261.5002822503448
 20
266.6910264015314
  0
LWPOLYLINE
  5
171
330
165
100
AcDbEntity
  8
I-LK FURNITURE
100
AcDbPolyline
 90
3
 70
0
 10
261.500282490626
 20
266.8827689259488
 10
249.4935479089618
 20
266.8827689259488
 10
248.4983131065965
 20
265.887533912377
  0
LWPOLYLINE
  5
172
330
165
100
AcDbEntity
  8
I-LK FURNITURE
100
AcDbPolyline
 90
3
 70
0
 10
248.4983131065965
 20
235.8843939806102
 10
249.4935479089618
 20
234.8800283696619
 10
261.500282490626
 20
234.8800283696619
  0
LWPOLYLINE
  5
173
330
165
100
AcDbEntity
  8
I-LK FURNITURE
100
AcDbPolyline
 90
6
 70
0
 10
-248.4983128663152
 20
215.3679437555838
 10
-248.4983128663152
 20
209.633929185482
 10
-242.4995111394674
 20
209.633929185482
 10
-242.4995111394674
 20
215.3679437555838
 10
-248.4983128663152
 20
215.3679437555838
 10
-248.4983128663152
 20
235.9391775574186
  0
LWPOLYLINE
  5
174
330
165
100
AcDbEntity
  8
I-LK FURNITURE
100
AcDbPolyline
 90
6
 70
0
 10
242.49951114133
 20
214.3087945678271
 10
242.49951114133
 20
209.7617575375771
 10
248.4983131065965
 20
209.7617575375771
 10
248.4983131065965
 20
214.3087945678271
 10
242.49951114133
 20
214.3087945678271
 10
242.49951114133
 20
235.9026551716379
  0
LWPOLYLINE
  5
175
330
165
100
AcDbEntity
  8
I-LK FURNITURE
100
AcDbPolyline
 90
2
 70
0
 10
261.500282490626
 20
193.9840868709725
 10
248.4983131065965
 20
193.9840868709725
  0
LWPOLYLINE
  5
176
330
165
100
AcDbEntity
  8
I-LK FURNITURE
100
AcDbPolyline
 90
12
 70
0
 10
-199.0013494417071
 20
-205.7260339055792
 10
-199.0470024608076
 20
-205.7260339055792
 10
-205.8219052646309
 20
-205.2603734877484
 10
-212.3685427363962
 20
-203.8999146163405
 10
-218.3308223336935
 20
-201.8363998194691
 10
-224.0100534074008
 20
-199.0150455166586
 10
-228.6575268339366
 20
-195.974556897243
 10
-232.9671685425565
 20
-192.4044936858118
 10
-236.8568024337292
 20
-188.3779006520635
 10
-240.8833953794092
 20
-183.0273711326881
 10
-240.8651343155652
 20
-183.0547629211214
 10
-240.8576738061383
 20
-183.0615499132546
  0
LWPOLYLINE
  5
177
330
165
100
AcDbEntity
  8
I-LK FURNITURE
100
AcDbPolyline
 90
53
 70
0
 10
249.0004958333448
 20
-155.7268877471797
 10
248.9913651822135
 20
-156.2564623410581
 10
248.9822345301509
 20
-156.7951675323129
 10
248.9731041174382
 20
-157.3247421280539
 10
248.9457121640444
 20
-157.8634473174461
 10
248.9274510992691
 20
-158.4021525068674
 10
248.8544063642621
 20
-159.4613016964868
 10
248.8087533470243
 20
-160.000006885879
 10
248.7631003279239
 20
-160.5295814797864
 10
248.7083168961108
 20
-161.0591560736648
 10
248.6535329874605
 20
-161.5978612649195
 10
248.5804882533848
 20
-162.127435858798
 10
248.5165741704404
 20
-162.6570104526763
 10
248.3522233990952
 20
-163.7161596423248
 10
248.2609173618257
 20
-164.2366036388266
 10
248.1696115639061
 20
-164.766178232705
 10
248.0691748745739
 20
-165.295752828446
 10
247.968738425523
 20
-165.8161968249478
 10
247.8591713234782
 20
-166.3366408233414
 10
247.7404735703021
 20
-166.8662154172198
 10
247.621775817126
 20
-167.3866594137216
 10
247.4939474128187
 20
-167.8979728165723
 10
247.2200293019414
 20
-168.9388608114386
 10
246.9278503647074
 20
-169.9614876134438
 10
246.7726302444935
 20
-170.4728010144318
 10
246.4439289402217
 20
-171.4954278145451
 10
246.2704472793266
 20
-172.0067412173958
 10
246.0969660952687
 20
-172.5089240210073
 10
245.9143542591482
 20
-173.0111068264814
 10
245.7226117718965
 20
-173.5132896319556
 10
245.5308690462261
 20
-174.0063418400532
 10
245.3299961462616
 20
-174.5085246455274
 10
245.1291230078787
 20
-175.001576853625
 10
244.7091154269874
 20
-175.9876812679577
 10
244.4899809863418
 20
-176.4716028805415
 10
244.0334512777627
 20
-177.4394461057091
 10
243.796056009829
 20
-177.9233677182929
 10
243.5586602659896
 20
-178.3981587316375
 10
243.0656081903726
 20
-179.3477407639148
 10
242.8099513817579
 20
-179.8134011836081
 10
242.0155897168443
 20
-181.2103824389633
 10
241.7416716050357
 20
-181.6669122612801
 10
241.1755745569244
 20
-182.5799719077768
 10
240.8833956196904
 20
-183.0273711326881
 10
236.8568024355918
 20
-188.3779006520635
 10
232.9671683069319
 20
-192.4044936858118
 10
228.6575268357992
 20
-195.974556897243
 10
224.0100531708449
 20
-199.0150455166586
 10
218.3308223355561
 20
-201.8363998194691
 10
212.3594123255461
 20
-203.8999146163405
 10
205.821905028075
 20
-205.2603734877484
 10
199.0378718115389
 20
-205.7260339055792
 10
198.9922192692757
 20
-205.7260339055792
  0
LWPOLYLINE
  5
178
330
165
100
AcDbEntity
  8
I-LK FURNITURE
100
AcDbPolyline
 90
2
 70
0
 10
198.9922192692757
 20
-205.7260339055792
 10
-199.0013494417071
 20
-205.7260339055792
  0
LWPOLYLINE
  5
179
330
165
100
AcDbEntity
  8
I-LK FURNITURE
100
AcDbPolyline
 90
40
 70
0
 10
-249.0004958314821
 20
-155.7268877471797
 10
-248.9913651794195
 20
-156.2564623410581
 10
-248.9822345282882
 20
-156.7951675323129
 10
-248.973103877157
 20
-157.3247421280539
 10
-248.954842813313
 20
-157.8634473174461
 10
-248.9274508580565
 20
-158.4021525068674
 10
-248.8544061239809
 20
-159.4613016964868
 10
-248.8178839962929
 20
-160.000006885879
 10
-248.7083166558295
 20
-161.0591560736648
 10
-248.6535332240164
 20
-161.5978612649195
 10
-248.5896189026535
 20
-162.127435858798
 10
-248.5165741685778
 20
-162.6570104526763
 10
-248.3522233972326
 20
-163.7161596423248
 10
-248.2700480110943
 20
-164.2366036388266
 10
-248.0691748727113
 20
-165.295752828446
 10
-247.9687384227291
 20
-165.8161968249478
 10
-247.859171083197
 20
-166.3366408233414
 10
-247.7404733300209
 20
-166.8662154172198
 10
-247.6217755768448
 20
-167.3866594137216
 10
-247.493947410956
 20
-167.8979728165723
 10
-247.2200295384973
 20
-168.9388608114386
 10
-246.9278503628448
 20
-169.9614876134438
 10
-246.7726300042123
 20
-170.4728010144318
 10
-246.4439286999404
 20
-171.4954278145451
 10
-246.2704475149512
 20
-172.0067412173958
 10
-246.0969660924748
 20
-172.5089240210073
 10
-245.914354018867
 20
-173.0111068264814
 10
-245.7226115316153
 20
-173.5132896319556
 10
-245.5308690443635
 20
-174.0063418400532
 10
-245.3391267955303
 20
-174.5085246455274
 10
-244.7091154251248
 20
-175.9876812679577
 10
-244.4899812228978
 20
-176.4716028805415
 10
-243.8051861822605
 20
-177.9233677182929
 10
-243.0656079500914
 20
-179.3477407639148
 10
-242.5542945712805
 20
-180.2790615995764
 10
-242.2895073499531
 20
-180.7447220192698
 10
-242.015589476563
 20
-181.2103824389633
 10
-241.741671603173
 20
-181.6669122612801
 10
-241.1755745550618
 20
-182.5799719077768
 10
-240.8833953794092
 20
-183.0273711326881
  0
LWPOLYLINE
  5
17A
330
165
100
AcDbEntity
  8
I-LK FURNITURE
100
AcDbPolyline
 90
11
 70
0
 10
248.4983131065965
 20
75.66981807732373
 10
248.6900555938482
 20
75.17676586922606
 10
248.7357086120173
 20
75.00328453583644
 10
248.7904920428991
 20
74.83893379979419
 10
248.8270146492869
 20
74.66545246637544
 10
248.8726674299687
 20
74.49197113484844
 10
248.9548428151757
 20
73.97152713645481
 10
248.9731041174382
 20
73.7980458049278
 10
248.9913651822135
 20
73.45108313995297
 10
249.0004958333448
 20
73.26847121102037
 10
249.0004958333448
 20
-155.7268877471797
  0
LWPOLYLINE
  5
17B
330
165
100
AcDbEntity
  8
I-LK FURNITURE
100
AcDbPolyline
 90
30
 70
0
 10
-249.0004958314821
 20
-155.7268877471797
 10
-249.0004958314821
 20
48.26889812995796
 10
-248.9913651794195
 20
48.46064065812971
 10
-248.9822345282882
 20
48.64325258706231
 10
-248.973103877157
 20
48.83499511150876
 10
-248.954842813313
 20
49.01760704041225
 10
-248.9274508580565
 20
49.20021896934486
 10
-248.8909287303686
 20
49.39196149379132
 10
-248.8544061239809
 20
49.57457342272392
 10
-248.8087531058118
 20
49.75718535162741
 10
-248.7631000876427
 20
49.93066668504615
 10
-248.7083166558295
 20
50.11327861397876
 10
-248.5804882515222
 20
50.46024127892451
 10
-248.4343987833709
 20
50.80720394389937
 10
-248.3522233972326
 20
50.98068527728901
 10
-248.2700480110943
 20
51.14503601333126
 10
-248.1787419747561
 20
51.30938674937352
 10
-247.9778688363731
 20
51.61982702853857
 10
-247.8683017343283
 20
51.77504716906697
 10
-247.7587346322834
 20
51.92113671218976
 10
-247.6400368800387
 20
52.07635684899287
 10
-247.5213391268626
 20
52.21331579663092
 10
-247.2656825575978
 20
52.48723369184881
 10
-247.1287235012278
 20
52.62419263762422
 10
-246.9917644457892
 20
52.74289039050927
 10
-246.8548056278379
 20
52.87071874074172
 10
-246.7087161596864
 20
52.98941649548942
 10
-246.5626264531165
 20
53.09898365283153
 10
-246.2704475149512
 20
52.92550231941277
 10
-245.4578243102878
 20
52.29549116556881
  0
LWPOLYLINE
  5
17C
330
165
100
AcDbEntity
  8
I-LK FURNITURE
100
AcDbPolyline
 90
18
 70
0
 10
-235.998526209034
 20
193.4910346647375
 10
-236.5372317805886
 20
193.4910346647375
 10
-237.0850672870874
 20
193.5001652602513
 10
-238.1624777149409
 20
193.4819040654984
 10
-238.7103134598583
 20
193.4727734699845
 10
-239.2490187939256
 20
193.454512277094
 10
-239.796854538843
 20
193.4271204868273
 10
-240.3355598719791
 20
193.399728698423
 10
-241.4129700604826
 20
193.3266839268326
 10
-241.9608060447499
 20
193.2810309436754
 10
-242.4995111394674
 20
193.2353779623809
 10
-242.4995111394674
 20
58.99734895897564
 10
-242.1799402479082
 20
56.97035654791398
 10
-241.2486192891374
 20
54.76075220605708
 10
-239.7512015206739
 20
52.45984190161107
 10
-237.6968173552305
 20
50.04936443979386
 10
-235.998526209034
 20
48.35107349889586
 10
-235.998526209034
 20
193.3905981029093
  0
LWPOLYLINE
  5
17D
330
165
100
AcDbEntity
  8
I-LK FURNITURE
100
AcDbPolyline
 90
37
 70
0
 10
-248.9927867855877
 20
48.27711475553225
 42
-0.0044596891030791
 10
-235.998526209034
 20
48.35107349889586
 10
-236.0259184017777
 20
48.36020409630146
 10
-236.4276644401252
 20
48.4789018491574
 10
-238.0803023288026
 20
48.98108465276891
 10
-240.6825224794447
 20
49.86675251086126
 10
-242.8099511414766
 20
50.72502857679499
 10
-244.4169364878908
 20
51.54678225511453
 10
-245.4578243102878
 20
52.29549116556881
 10
-245.2934737764299
 20
52.4507113060681
 10
-245.1291230050847
 20
52.61506204211037
 10
-244.8186825271696
 20
52.94376351230312
 10
-244.5265033505857
 20
53.29072617727796
 10
-244.3804138824344
 20
53.47333810621058
 10
-244.2434548269957
 20
53.65595003697672
 10
-244.1156266611069
 20
53.83856196590932
 10
-243.9877982567996
 20
54.03030449035577
 10
-243.8691005036235
 20
54.22204701666487
 10
-243.6317049982026
 20
54.62379326028166
 10
-243.5312685482204
 20
54.8246663821046
 10
-243.4217014461756
 20
55.02553950206493
 10
-243.3303954098374
 20
55.23554322312702
 10
-243.2390893725678
 20
55.43641634494998
 10
-243.1477833352983
 20
55.65555065780063
 10
-243.0656079500914
 20
55.86555437697096
 10
-242.9925632150844
 20
56.08468869357603
 10
-242.9195184810087
 20
56.29469241088372
 10
-242.7916903151199
 20
56.73296103844768
 10
-242.736906407401
 20
56.96122595240013
 10
-242.6912536267191
 20
57.18036026525077
 10
-242.6456006076187
 20
57.40862517734058
 10
-242.6090782415122
 20
57.62775949019124
 10
-242.572555873543
 20
57.85602440414367
 10
-242.5451641585678
 20
58.08428931437084
 10
-242.5086415521801
 20
58.54081913665868
 10
-242.4995111394674
 20
58.76908404874846
 10
-242.4995111394674
 20
58.99734895897564
  0
LWPOLYLINE
  5
17E
330
165
100
AcDbEntity
  8
I-LK FURNITURE
100
AcDbPolyline
 90
48
 70
0
 10
238.0163882486522
 20
246.0558784236201
 10
238.5277016274631
 20
245.4076060768566
 10
240.2442538365722
 20
242.3762480548467
 10
241.5042763389647
 20
239.0527109465329
 10
242.2438545711339
 20
235.6378678737674
 10
242.49951114133
 20
232.0769352578791
 10
242.49951114133
 20
193.2353779623809
 10
242.49951114133
 20
83.9969220382045
 10
242.1708095986396
 20
81.9151460484427
 10
241.24861953035
 20
79.76032528525684
 10
239.7146791554987
 20
77.4046314021107
 10
237.6968173570931
 20
75.04893751713098
 10
235.9985264493152
 20
73.35064657812472
 10
236.0259181652218
 20
73.35977717363856
 10
236.4276644419879
 20
73.47847492835717
 10
238.071171679534
 20
73.9806577338313
 10
240.6825224813074
 20
74.86632558819838
 10
242.8099513817579
 20
75.72460165416123
 10
244.4169362522662
 20
76.54635533617694
 10
245.4578243121505
 20
77.29506424476858
 10
245.293473539874
 20
77.45028438343434
 10
245.1291230078787
 20
77.61463511944748
 10
244.8186827674508
 20
77.94333659339462
 10
244.5265035917981
 20
78.29029925834038
 10
244.3804141227156
 20
78.47291118727298
 10
244.243455067277
 20
78.6555231162056
 10
244.1156266629696
 20
78.83813504513819
 10
243.8599698543549
 20
79.22162009400198
 10
243.7504029916599
 20
79.42249321582494
 10
243.6317050000653
 20
79.62336633951053
 10
243.5221378989518
 20
79.82423946133349
 10
243.4217012096196
 20
80.02511258312734
 10
243.3303954117
 20
80.23511630046414
 10
243.2299587223679
 20
80.4359894222871
 10
243.1477835755795
 20
80.65512373886305
 10
243.0656081903726
 20
80.86512745619984
 10
242.9925634562969
 20
81.08426177091314
 10
242.9195187212899
 20
81.29426548822084
 10
242.791690078564
 20
81.73253411951009
 10
242.7369066476822
 20
81.96079902973727
 10
242.6912536285818
 20
82.17993334445055
 10
242.6456006094813
 20
82.40819825654035
 10
242.6090782433748
 20
82.62733257125365
 10
242.5725558754057
 20
82.85559748148079
 10
242.5451641604304
 20
83.0838623935706
 10
242.5086417924613
 20
83.54039221588754
 10
242.49951114133
 20
83.76865712797735
 10
242.49951114133
 20
83.9969220382045
  0
LWPOLYLINE
  5
17F
330
165
100
AcDbEntity
  8
I-LK FURNITURE
100
AcDbPolyline
 90
41
 70
0
 10
-237.9707354661077
 20
201.772485642432
 10
-238.1807390172035
 20
201.6081349064189
 10
-238.3724815044552
 20
201.4529147677531
 10
-238.5733546428382
 20
201.2885640317108
 10
-238.76509713009
 20
201.1150827001547
 10
-238.9477092046291
 20
200.9416013667651
 10
-239.1394516918808
 20
200.7681200333463
 10
-239.31293287687
 20
200.5855081044137
 10
-239.4864142984152
 20
200.3937655781338
 10
-239.6598954834044
 20
200.2111536492012
 10
-239.8333769068122
 20
200.0102805273782
 10
-239.9885972645134
 20
199.8185380029316
 10
-240.1529477983713
 20
199.6176648811088
 10
-240.3081679176539
 20
199.407661163772
 10
-240.4542576242238
 20
199.2067880419781
 10
-240.6003470933065
 20
198.996784320916
 10
-240.8742649666965
 20
198.5585156933521
 10
-241.1299215368927
 20
198.1202470620628
 10
-241.2486192891374
 20
197.8919821518356
 10
-241.3581866286695
 20
197.6637172416085
 10
-241.4677534922957
 20
197.4263217321422
 10
-241.5773208327591
 20
197.1980568219151
 10
-241.6777575202285
 20
196.9606613143114
 10
-241.7690633200109
 20
196.7232658067369
 10
-241.8512387052178
 20
196.4858702991041
 10
-241.942544741556
 20
196.239344194124
 10
-242.015589476563
 20
196.0019486865494
 10
-242.0886342106387
 20
195.7554225834319
 10
-242.1525482935831
 20
195.5088964784518
 10
-242.2164626149461
 20
195.2532397779285
 10
-242.2712460467592
 20
195.0067136729485
 10
-242.3168990649283
 20
194.760187569831
 10
-242.3625520840287
 20
194.5045308674744
 10
-242.4355968181044
 20
193.9932174664864
 10
-242.4629885340109
 20
193.7466913633689
 10
-242.4995111394674
 20
193.2353779623809
 10
-242.4995111394674
 20
232.0769352578791
 10
-242.170809596777
 20
236.1035282934608
 10
-241.1573134902865
 20
240.1301213272091
 10
-239.5046756025404
 20
243.8280128888728
 10
-237.9707354661077
 20
246.0376172307296
  0
SPLINE
  5
180
330
165
100
AcDbEntity
  8
I-LK FURNITURE
100
AcDbSpline
 70
8
 71
3
 72
8
 73
4
 74
0
 42
1e-09
 40
0.0
 40
0.0
 40
0.0
 40
0.0
 40
1.0
 40
1.0
 40
1.0
 40
1.0
 10
-147.185214869678
 20
331.1256455461554
 30
0.0
 10
-173.1104475129396
 20
331.1268626547827
 30
0.0
 10
-194.7351094987243
 20
327.3390411077708
 30
0.0
 10
-196.9946135012433
 20
322.4022024771257
 30
0.0
  0
LWPOLYLINE
  5
181
330
165
100
AcDbEntity
  8
I-LK FURNITURE
100
AcDbPolyline
 90
30
 70
0
 10
-246.5626264531165
 20
53.09898365283153
 10
-246.179141478613
 20
53.39116273910621
 10
-245.8139175679535
 20
53.70160301827127
 10
-245.4669549614191
 20
54.03030449035577
 10
-245.1382534187287
 20
54.37726715716419
 10
-244.9739026464522
 20
54.55987908609677
 10
-244.6634624069557
 20
54.92510294209933
 10
-244.517372937873
 20
55.11684546840843
 10
-244.3804138824344
 20
55.30858799282579
 10
-244.2434548269957
 20
55.50946111464871
 10
-244.1064960099757
 20
55.70120364095783
 10
-243.9786678440869
 20
55.91120736015728
 10
-243.8599700909108
 20
56.11208048195111
 10
-243.62257434614
 20
56.53208791848738
 10
-243.5130072459579
 20
56.75122223133803
 10
-243.4125705566257
 20
56.96122595240013
 10
-243.3121341066435
 20
57.18036026525077
 10
-243.220828069374
 20
57.39949457996408
 10
-243.0564775364473
 20
57.85602440414367
 10
-242.9103880673647
 20
58.31255422459799
 10
-242.7825594246387
 20
58.76908404874846
 10
-242.7277759937569
 20
59.00647955451859
 10
-242.6821229755878
 20
59.24387506395579
 10
-242.6364699564874
 20
59.47213997418294
 10
-242.5999475894496
 20
59.70953548364922
 10
-242.572555873543
 20
59.94693098939023
 10
-242.5451641585678
 20
60.1934570943704
 10
-242.5086415521801
 20
60.66824810957768
 10
-242.4995111394674
 20
60.90564361718134
 10
-242.4995111394674
 20
61.14303912478499
  0
LWPOLYLINE
  5
182
330
165
100
AcDbEntity
  8
I-LK FURNITURE
100
AcDbPolyline
 90
2
 70
0
 10
147.2308676522225
 20
331.1256455461554
 10
-147.1943452823906
 20
331.1256455461554
  0
SPLINE
  5
183
330
165
100
AcDbEntity
  8
I-LK FURNITURE
100
AcDbSpline
 70
8
 71
3
 72
8
 73
4
 74
0
 42
1e-09
 40
0.0
 40
0.0
 40
0.0
 40
0.0
 40
1.0
 40
1.0
 40
1.0
 40
1.0
 10
197.0474022049457
 20
322.4059259353089
 30
0.0
 10
194.7886019721627
 20
327.3390411077708
 30
0.0
 10
173.1639402247965
 20
331.1268626547827
 30
0.0
 10
147.2390387244523
 20
331.1268626547827
 30
0.0
  0
LWPOLYLINE
  5
184
330
165
100
AcDbEntity
  8
I-LK FURNITURE
100
AcDbPolyline
 90
20
 70
0
 10
-147.1943452823906
 20
331.1256455461554
 10
-147.1943452823906
 20
380.5769559177861
 10
-151.5496397707611
 20
380.5495641275193
 10
-155.868411893025
 20
380.4491275675247
 10
-160.1324005834758
 20
380.2847768315114
 10
-164.2868219334632
 20
380.0565119194216
 10
-168.3225455321372
 20
379.7643328331469
 10
-172.1939183576033
 20
379.4173701681722
 10
-175.8644182831049
 20
379.0064933290123
 10
-179.324914181605
 20
378.5499635048618
 10
-182.5480148121715
 20
378.0386501038447
 10
-185.4880669172853
 20
377.4725531241857
 10
-188.1450704988092
 20
376.8790643542598
 10
-190.491633602418
 20
376.2399226048728
 10
-192.5003649890423
 20
375.5642584659798
 10
-194.1712641799822
 20
374.8612025405455
 10
-195.4860701132566
 20
374.1398854184954
 10
-196.4265212463215
 20
373.4003071072802
 10
-197.001748945564
 20
372.6515981986886
 10
-197.001748945564
 20
322.3967953379323
  0
LWPOLYLINE
  5
185
330
165
100
AcDbEntity
  8
I-LK FURNITURE
100
AcDbPolyline
 90
11
 70
0
 10
-237.9707354661077
 20
230.1686405996735
 10
-237.9707354661077
 20
230.4151667065162
 10
-237.9707354661077
 20
290.9418905702769
 10
-237.9707354661077
 20
291.0423271302425
 10
-237.9616045765579
 20
291.1427636920707
 10
-237.943343273364
 20
291.2432002520654
 10
-237.9250824470073
 20
291.3345062183798
 10
-237.8976904936135
 20
291.425812180998
 10
-237.8611681256443
 20
291.5262487428263
 10
-237.8246457595378
 20
291.6175547091407
 10
-237.7881233915687
 20
291.699730076245
  0
LWPOLYLINE
  5
186
330
165
100
AcDbEntity
  8
I-LK FURNITURE
100
AcDbPolyline
 90
3
 70
0
 10
196.9560961686075
 20
321.200687206263
 10
197.0108795994893
 20
321.6754782196076
 10
197.0291409026831
 20
321.9220043245878
  0
LWPOLYLINE
  5
187
330
165
100
AcDbEntity
  8
I-LK FURNITURE
100
AcDbPolyline
 90
20
 70
0
 10
197.0474022049457
 20
322.3967953379323
 10
197.0474022049457
 20
372.6515981986886
 10
196.4721745047718
 20
373.4003071072802
 10
195.5317228958011
 20
374.1398854184954
 10
194.2169169615954
 20
374.8612025405455
 10
192.546018009074
 20
375.5642584659798
 10
190.5372868617997
 20
376.2399226048728
 10
188.1907232813537
 20
376.8790643542598
 10
185.5337199382484
 20
377.4725531241857
 10
182.5936678322032
 20
378.0386501038447
 10
179.3705674409866
 20
378.5499635048618
 10
175.910071304068
 20
379.0064933290123
 10
172.2304407265037
 20
379.4173701681722
 10
168.3681985521689
 20
379.7643328331469
 10
164.3324747160077
 20
380.0565119194216
 10
160.1780536044389
 20
380.2847768315114
 10
155.9140649139881
 20
380.4491275675247
 10
151.5952930301428
 20
380.5495641275193
 10
147.2308676522225
 20
380.5769559177861
 10
147.2308676522225
 20
331.1256455461554
  0
LWPOLYLINE
  5
188
330
165
100
AcDbEntity
  8
I-LK FURNITURE
100
AcDbPolyline
 90
2
 70
0
 10
-147.1943452823906
 20
380.5769559177861
 10
147.2308676522225
 20
380.5769559177861
  0
LWPOLYLINE
  5
189
330
165
100
AcDbEntity
  8
I-LK FURNITURE
100
AcDbPolyline
 90
2
 70
0
 10
-237.7881233915687
 20
231.2460509821831
 10
-197.001748945564
 20
322.3967953379323
  0
LWPOLYLINE
  5
18A
330
165
100
AcDbEntity
  8
I-LK FURNITURE
100
AcDbPolyline
 90
2
 70
0
 10
197.0474022049457
 20
322.3967953379323
 10
237.8246457614005
 20
231.2460509821831
  0
LWPOLYLINE
  5
18B
330
165
100
AcDbEntity
  8
I-LK FURNITURE
100
AcDbPolyline
 90
6
 70
0
 10
238.0163882486522
 20
199.407661163772
 10
238.0163882486522
 20
199.4624447406095
 10
238.0255186613649
 20
230.4151667065162
 42
0.1070548578999295
 10
237.8246457614005
 20
231.2460509821831
 10
237.8246457614005
 20
291.699730076245
 10
197.0474022049457
 20
372.6515981986886
  0
LWPOLYLINE
  5
18C
330
165
100
AcDbEntity
  8
I-LK FURNITURE
100
AcDbPolyline
 90
6
 70
0
 10
-197.001748945564
 20
372.6515981986886
 10
-237.7881233915687
 20
291.699730076245
 10
-237.7881233915687
 20
231.2460509821831
 42
0.1104337528806687
 10
-237.9707354661077
 20
230.4151667065162
 10
-237.9707354661077
 20
199.4624447406095
 10
-237.9707354661077
 20
199.407661163772
  0
LWPOLYLINE
  5
18D
330
165
100
AcDbEntity
  8
I-LK FURNITURE
100
AcDbPolyline
 90
11
 70
0
 10
238.0163882486522
 20
230.1686405996735
 10
238.0163882486522
 20
230.4151667065162
 10
238.0163882486522
 20
290.9418905702769
 10
238.0163882486522
 20
291.0423271302425
 10
238.0072578350082
 20
291.1427636920707
 10
237.9889965318143
 20
291.2432002520654
 10
237.9707352295518
 20
291.3345062183798
 10
237.9433435136452
 20
291.425812180998
 10
237.9068211466074
 20
291.5262487428263
 10
237.8702987795696
 20
291.6175547091407
 10
237.8246457614005
 20
291.699730076245
  0
LWPOLYLINE
  5
18E
330
165
100
AcDbEntity
  8
I-LK FURNITURE
100
AcDbPolyline
 90
2
 70
0
 10
-318.4934651684017
 20
240.6962183068681
 10
-318.4934651684017
 20
290.6953644652967
  0
LWPOLYLINE
  5
18F
330
165
100
AcDbEntity
  8
I-LK FURNITURE
100
AcDbPolyline
 90
2
 70
0
 10
318.4934654096141
 20
290.8871069916058
 10
318.4934654096141
 20
240.8879608331772
  0
LWPOLYLINE
  5
190
330
165
100
AcDbEntity
  8
I-LK FURNITURE
100
AcDbPolyline
 90
81
 70
0
 10
-316.4938646722585
 20
-111.799588228314
 10
-316.4938646722585
 20
155.188182556798
 10
-311.4994284007698
 20
155.188182556798
 10
-311.4994284007698
 20
-91.80358200351475
 10
-311.4902977496386
 20
-91.967932739557
 10
-311.4902977496386
 20
-92.14141407297576
 10
-311.4720366857946
 20
-92.31489540453184
 10
-311.4537753826007
 20
-92.479246140545
 10
-311.4263836666942
 20
-92.65272747396375
 10
-311.3533389326185
 20
-92.98142894601914
 10
-311.3076859135181
 20
-93.15491027757523
 10
-311.262032895349
 20
-93.31013041810363
 10
-311.1524655558169
 20
-93.63883189015905
 10
-311.0794208208099
 20
-93.79405203068745
 10
-311.0155069762841
 20
-93.94927216932408
 10
-310.9333313517272
 20
-94.10449230798986
 10
-310.8602866176517
 20
-94.25058185114176
 10
-310.5863687451929
 20
-94.6888504824019
 10
-310.4859322952107
 20
-94.82580942817731
 10
-310.3763651940972
 20
-94.95363777840976
 10
-310.2667978536338
 20
-95.0905967260478
 10
-310.1481001004577
 20
-95.21842507630934
 10
-309.9107045950368
 20
-95.455820583913
 10
-309.7828761907294
 20
-95.5745183367689
 10
-309.6550480248407
 20
-95.68408549414013
 10
-309.244171096012
 20
-95.98539517779135
 10
-309.0980816278606
 20
-96.07670114224312
 10
-308.9519921597093
 20
-96.15887650934746
 10
-308.7967720385641
 20
-96.24105187828535
 10
-308.486331560649
 20
-96.38714141957462
 10
-308.1758913211524
 20
-96.51496977166971
 10
-308.0115405488759
 20
-96.56975335034076
 10
-307.6828392446041
 20
-96.66105931482159
 10
-307.5184884732589
 20
-96.69758170060234
 10
-307.3450070507823
 20
-96.72497348900652
 10
-307.1806562785059
 20
-96.75236527927338
 10
-307.0071750953794
 20
-96.7797570695402
 10
-306.8428240846843
 20
-96.78888766505405
 10
-306.6693429006264
 20
-96.79801826243057
 10
-306.4958614781499
 20
-96.79801826243057
 10
-271.4982854453847
 20
-96.79801826243057
 10
-271.3248040229081
 20
-96.79801826243057
 10
-271.1604532506317
 20
-96.78888766505405
 10
-270.9869720665738
 20
-96.7797570695402
 10
-270.8134906440973
 20
-96.75236527927338
 10
-270.4847891014069
 20
-96.69758170060234
 10
-270.3113079164177
 20
-96.66105931482159
 10
-269.9826063737273
 20
-96.56975335034076
 10
-269.8273862535134
 20
-96.51496977166971
 10
-269.6630357205868
 20
-96.4510555974848
 10
-269.5078153628856
 20
-96.38714141957462
 10
-269.1973748840392
 20
-96.24105187828535
 10
-269.0512854149565
 20
-96.15887650934746
 10
-268.8960652947426
 20
-96.07670114224312
 10
-268.7591064777225
 20
-95.98539517779135
 10
-268.6130167711526
 20
-95.88495861779666
 10
-268.3390988977626
 20
-95.68408549414013
 10
-268.2112707318738
 20
-95.5745183367689
 10
-268.0834423284978
 20
-95.455820583913
 10
-267.8460468221456
 20
-95.21842507630934
 10
-267.7273490689695
 20
-95.0905967260478
 10
-267.6177817294374
 20
-94.95363777840976
 10
-267.5173452794552
 20
-94.82580942817731
 10
-267.4169088285416
 20
-94.6888504824019
 10
-267.3164721410722
 20
-94.5427609392791
 10
-267.2251661028713
 20
-94.3966713961272
 10
-267.060815570876
 20
-94.10449230798986
 10
-266.9786401847377
 20
-93.94927216932408
 10
-266.8508117804304
 20
-93.63883189015905
 10
-266.7868974590674
 20
-93.4744811541168
 10
-266.7321140281856
 20
-93.31013041810363
 10
-266.6864610090852
 20
-93.15491027757523
 10
-266.6408079899848
 20
-92.98142894601914
 10
-266.5677632559091
 20
-92.65272747396375
 10
-266.5403715409338
 20
-92.479246140545
 10
-266.52211023774
 20
-92.31489540453184
 10
-266.5038491729647
 20
-91.967932739557
 10
-266.4947185218334
 20
-91.80358200351475
 10
-266.4947185218334
 20
155.188182556798
 10
-261.5002822503448
 20
155.188182556798
 10
-261.5002822503448
 20
-111.799588228314
  0
LWPOLYLINE
  5
191
330
165
100
AcDbEntity
  8
I-LK FURNITURE
100
AcDbPolyline
 90
4
 70
0
 10
-316.4938646722585
 20
155.188182556798
 10
-316.4938646722585
 20
187.0174417796661
 10
-311.4994284007698
 20
187.0174417796661
 10
-311.4994284007698
 20
155.188182556798
  0
LWPOLYLINE
  5
192
330
165
100
AcDbEntity
  8
I-LK FURNITURE
100
AcDbPolyline
 90
4
 70
1
 10
-261.5002822503448
 20
-111.799588228314
 10
-316.4938646722585
 20
-111.799588228314
 10
-316.4938646722585
 20
-121.7975913397968
 10
-261.5002822503448
 20
-121.7975913397968
  0
LWPOLYLINE
  5
193
330
165
100
AcDbEntity
  8
I-LK FURNITURE
100
AcDbPolyline
 90
4
 70
0
 10
-266.4947185218334
 20
155.188182556798
 10
-266.4947185218334
 20
187.0174417796661
 10
-261.5002822503448
 20
187.0174417796661
 10
-261.5002822503448
 20
155.188182556798
  0
LWPOLYLINE
  5
194
330
165
100
AcDbEntity
  8
I-LK FURNITURE
100
AcDbPolyline
 90
4
 70
0
 10
-266.4947185218334
 20
187.0174417796661
 10
-266.4947185218334
 20
241.6549309346592
 10
-311.4994284007698
 20
241.6549309346592
 10
-311.4994284007698
 20
187.0174417796661
  0
LWPOLYLINE
  5
195
330
165
100
AcDbEntity
  8
I-LK FURNITURE
100
AcDbPolyline
 90
2
 70
0
 10
-316.4938646722585
 20
290.2023122571991
 10
-316.4938646722585
 20
187.0174417796661
  0
LWPOLYLINE
  5
196
330
165
100
AcDbEntity
  8
I-LK FURNITURE
100
AcDbPolyline
 90
2
 70
0
 10
-266.4947185218334
 20
115.2692148787901
 10
-311.4994284007698
 20
115.2692148787901
  0
LWPOLYLINE
  5
197
330
165
100
AcDbEntity
  8
I-LK FURNITURE
100
AcDbPolyline
 90
2
 70
0
 10
-266.4947185218334
 20
152.7046603233903
 10
-311.4994284007698
 20
152.7046603233903
  0
LWPOLYLINE
  5
198
330
165
100
AcDbEntity
  8
I-LK FURNITURE
100
AcDbPolyline
 90
2
 70
0
 10
-266.4947185218334
 20
219.8419360179978
 10
-311.4994284007698
 20
219.8419360179978
  0
LWPOLYLINE
  5
199
330
165
100
AcDbEntity
  8
I-LK FURNITURE
100
AcDbPolyline
 90
2
 70
0
 10
-266.4947185218334
 20
233.8208791819052
 10
-311.4994284007698
 20
233.8208791819052
  0
LWPOLYLINE
  5
19A
330
165
100
AcDbEntity
  8
I-LK FURNITURE
100
AcDbPolyline
 90
4
 70
1
 10
316.493864913471
 20
187.2091843059752
 10
311.4994284026325
 20
187.2091843059752
 10
311.4994284026325
 20
155.3799250812444
 10
316.493864913471
 20
155.3799250812444
  0
LWPOLYLINE
  5
19B
330
165
100
AcDbEntity
  8
I-LK FURNITURE
100
AcDbPolyline
 90
6
 70
0
 10
316.493864913471
 20
155.3799250812444
 10
316.493864913471
 20
-111.6078457020049
 10
261.500282490626
 20
-111.6078457020049
 10
261.500282490626
 20
-121.6149794108642
 10
316.493864913471
 20
-121.6149794108642
 10
316.493864913471
 20
-111.6078457020049
  0
LWPOLYLINE
  5
19C
330
165
100
AcDbEntity
  8
I-LK FURNITURE
100
AcDbPolyline
 90
83
 70
0
 10
261.500282490626
 20
-111.6078457020049
 10
261.500282490626
 20
155.3799250812444
 10
266.4947185236961
 20
155.3799250812444
 10
266.4947185236961
 20
-91.61183947909738
 10
266.5038491748273
 20
-91.7853208106244
 10
266.5129798268899
 20
-91.94967154666664
 10
266.5221104780212
 20
-92.12315288008541
 10
266.5403715427965
 20
-92.29663421161241
 10
266.5677634961903
 20
-92.46098494765465
 10
266.6042856257409
 20
-92.6253356836969
 10
266.6408082311973
 20
-92.79881701711562
 10
266.7321142684668
 20
-93.12751848917105
 10
266.78689770028
 20
-93.28273862969942
 10
266.8416811311617
 20
-93.44708936571259
 10
266.9147258661687
 20
-93.60230950251572
 10
266.9786401875317
 20
-93.75752964304412
 10
267.0608155727386
 20
-93.91274978354342
 10
267.1429909579456
 20
-94.0588393266953
 10
267.2251663440838
 20
-94.2140594671946
 10
267.3164723813534
 20
-94.35101841297
 10
267.4077784176916
 20
-94.49710795612192
 10
267.5173452813178
 20
-94.6340669018682
 10
267.6177819697186
 20
-94.77102584950626
 10
267.7273493092506
 20
-94.89885419973871
 10
267.8460470624268
 20
-95.02668255186293
 10
268.0834423303604
 20
-95.2640780576039
 10
268.2112707346679
 20
-95.3827758123225
 10
268.3390991389751
 20
-95.49234296783106
 10
268.6130170114338
 20
-95.69321608965402
 10
268.7591064795852
 20
-95.79365265148226
 10
268.8960655350238
 20
-95.88495861779666
 10
269.0421550041065
 20
-95.967133984901
 10
269.3525954829529
 20
-96.13148472091417
 10
269.8182558426633
 20
-96.32322724536058
 10
269.9826063755899
 20
-96.37801082403166
 10
270.3113079182804
 20
-96.46931678851251
 10
270.4756586905569
 20
-96.50583917429321
 10
270.6491401130334
 20
-96.54236156007391
 10
270.8134908843786
 20
-96.56062275482692
 10
270.9869720693678
 20
-96.58801454323113
 10
271.1513226013631
 20
-96.5971451406076
 10
271.4982854472473
 20
-96.61540633352708
 10
306.4958617184311
 20
-96.61540633352708
 10
306.6693431409076
 20
-96.60627573612146
 10
306.8336939122528
 20
-96.5971451406076
 10
307.007175097242
 20
-96.58801454323113
 10
307.1806565197185
 20
-96.56062275482692
 10
307.3450072910637
 20
-96.54236156007391
 10
307.5093578239903
 20
-96.50583917429321
 10
307.6828390080482
 20
-96.46931678851251
 10
308.0115405507386
 20
-96.37801082403166
 10
308.1667606718838
 20
-96.32322724536058
 10
308.3311114422977
 20
-96.25931307117573
 10
308.6415519211441
 20
-96.13148472091417
 10
308.7967718029395
 20
-96.04930935383892
 10
308.9428615104406
 20
-95.967133984901
 10
309.0980816297233
 20
-95.88495861779666
 10
309.2350404467434
 20
-95.79365265148226
 10
309.3811301542446
 20
-95.69321608965402
 10
309.6550480276346
 20
-95.49234296783106
 10
309.782876431942
 20
-95.3827758123225
 10
309.9107045978308
 20
-95.2640780576039
 10
310.1481003407389
 20
-95.02668255186293
 10
310.266798093915
 20
-94.89885419973871
 10
310.3763651959598
 20
-94.77102584950626
 10
310.5772380959243
 20
-94.49710795612192
 10
310.6776750227436
 20
-94.35101841297
 10
310.7689808215946
 20
-94.2140594671946
 10
310.8511562068015
 20
-94.0588393266953
 10
310.9333315929398
 20
-93.91274978354342
 10
311.0155067406595
 20
-93.75752964304412
 10
311.1433353833854
 20
-93.44708936571259
 10
311.2072492279112
 20
-93.28273862969942
 10
311.2620331356302
 20
-93.12751848917105
 10
311.3533389344811
 20
-92.79881701711562
 10
311.389861301519
 20
-92.6253356836969
 10
311.4263836685568
 20
-92.46098494765465
 10
311.4537756228819
 20
-92.29663421161241
 10
311.4720366876572
 20
-92.12315288008541
 10
311.4811673387885
 20
-91.94967154666664
 10
311.4902979899198
 20
-91.7853208106244
 10
311.4994284026325
 20
-91.61183947909738
 10
311.4994284026325
 20
155.3799250812444
  0
LWPOLYLINE
  5
19D
330
165
100
AcDbEntity
  8
I-LK FURNITURE
100
AcDbPolyline
 90
4
 70
0
 10
261.500282490626
 20
155.3799250812444
 10
261.500282490626
 20
187.2091843059752
 10
266.4947185236961
 20
187.2091843059752
 10
266.4947185236961
 20
155.3799250812444
  0
LWPOLYLINE
  5
19E
330
165
100
AcDbEntity
  8
I-LK FURNITURE
100
AcDbPolyline
 90
4
 70
0
 10
311.4994284026325
 20
187.2091843059752
 10
311.4994284026325
 20
241.8466734609683
 10
266.4947185236961
 20
241.8466734609683
 10
266.4947185236961
 20
187.2091843059752
  0
LWPOLYLINE
  5
19F
330
165
100
AcDbEntity
  8
I-LK FURNITURE
100
AcDbPolyline
 90
2
 70
0
 10
261.500282490626
 20
290.3940547816455
 10
261.500282490626
 20
187.2091843059752
  0
LWPOLYLINE
  5
1A0
330
165
100
AcDbEntity
  8
I-LK FURNITURE
100
AcDbPolyline
 90
2
 70
0
 10
311.4994284026325
 20
152.8964028478367
 10
266.4947185236961
 20
152.8964028478367
  0
LWPOLYLINE
  5
1A1
330
165
100
AcDbEntity
  8
I-LK FURNITURE
100
AcDbPolyline
 90
2
 70
0
 10
311.4994284026325
 20
115.4518268077227
 10
266.4947185236961
 20
115.4518268077227
  0
LWPOLYLINE
  5
1A2
330
165
100
AcDbEntity
  8
I-LK FURNITURE
100
AcDbPolyline
 90
2
 70
0
 10
311.4994284026325
 20
220.0336785424442
 10
266.4947185236961
 20
220.0336785424442
  0
LWPOLYLINE
  5
1A3
330
165
100
AcDbEntity
  8
I-LK FURNITURE
100
AcDbPolyline
 90
2
 70
0
 10
311.4994284026325
 20
234.0126217063516
 10
266.4947185236961
 20
234.0126217063516
  0
LWPOLYLINE
  5
1A4
330
165
100
AcDbEntity
  8
I-LK FURNITURE
100
AcDbPolyline
 90
2
 70
0
 10
-249.5026785582304
 20
234.6974164407293
 10
-249.5026785582304
 20
266.6910264015314
  0
LWPOLYLINE
  5
1A5
330
165
100
AcDbEntity
  8
I-LK FURNITURE
100
AcDbPolyline
 90
2
 70
0
 10
249.4935479089618
 20
266.8827689259488
 10
249.4935479089618
 20
234.8800283696619
  0
LWPOLYLINE
  5
1A6
330
165
100
AcDbEntity
  8
I-LK FURNITURE
100
AcDbPolyline
 90
4
 70
1
 10
248.4983131065965
 20
257.6517359141144
 10
242.49951114133
 20
257.6517359141144
 10
242.49951114133
 20
235.9026551716379
 10
248.4983131065965
 20
235.9026551716379
  0
LWPOLYLINE
  5
1A7
330
165
100
AcDbEntity
  8
I-LK FURNITURE
100
AcDbPolyline
 90
4
 70
1
 10
-248.4983128663152
 20
235.9391775574186
 10
-242.4995111394674
 20
235.9391775574186
 10
-242.4995111394674
 20
257.6517359141144
 10
-248.4983128663152
 20
257.6517359141144
  0
LWPOLYLINE
  5
1A8
330
165
100
AcDbEntity
  8
I-LK FURNITURE
100
AcDbPolyline
 90
4
 70
0
 10
242.49951114133
 20
257.6517359141144
 10
242.49951114133
 20
276.6798989156086
 10
248.4983131065965
 20
276.6798989156086
 10
248.4983131065965
 20
257.6517359141144
  0
LWPOLYLINE
  5
1A9
330
165
100
AcDbEntity
  8
I-LK FURNITURE
100
AcDbPolyline
 90
4
 70
0
 10
-242.4995111394674
 20
257.6517359141144
 10
-242.4995111394674
 20
276.6798989156086
 10
-248.4983128663152
 20
276.6798989156086
 10
-248.4983128663152
 20
257.6517359141144
  0
LWPOLYLINE
  5
1AA
330
165
100
AcDbEntity
  8
I-LK FURNITURE
100
AcDbPolyline
 90
21
 70
0
 10
242.49951114133
 20
249.2972401629959
 10
242.4355970583856
 20
249.461590899009
 10
242.3990744529292
 20
249.5072438821662
 10
242.3808131497353
 20
249.5163744777092
 10
242.3808131497353
 20
249.5255050731939
 10
242.2073319656774
 20
249.6076804421609
 10
241.9973284136504
 20
249.6076804421609
 10
241.9973284136504
 20
277.1729511237063
 10
242.0521118454635
 20
277.1729511237063
 10
242.0977648645639
 20
277.1638205281924
 10
242.1525485347956
 20
277.1455593353021
 10
242.2438545711339
 20
277.1090369495214
 10
242.2895075902343
 20
277.0816451610881
 10
242.3260297188535
 20
277.0451227734447
 10
242.3716827370226
 20
277.008600387664
 10
242.3990744529292
 20
276.9720780018833
 10
242.4538583606482
 20
276.8807720374316
 10
242.4721191879362
 20
276.8351190561079
 10
242.481250077486
 20
276.7803354774369
 10
242.4903804901987
 20
276.7346824961423
 10
242.49951114133
 20
276.6798989156086
  0
LWPOLYLINE
  5
1AB
330
165
100
AcDbEntity
  8
I-LK FURNITURE
100
AcDbPolyline
 90
45
 70
0
 10
248.4983131065965
 20
276.6798989156086
 10
248.4709211522713
 20
277.2551264926442
 10
248.4435294363648
 20
277.4468690189534
 10
248.4161377204582
 20
277.6294809478859
 10
248.3887460045516
 20
277.8212234723032
 10
248.3522233990952
 20
278.0038354012358
 10
248.3065703809261
 20
278.1955779275449
 10
248.1422196086496
 20
278.743413712451
 10
248.0783055257052
 20
278.9260256413836
 10
247.9322160575539
 20
279.2729883082211
 10
247.8500406723469
 20
279.4464696397481
 10
247.758734873496
 20
279.6199509731669
 10
247.6674288362265
 20
279.7843017092091
 10
247.5761227989569
 20
279.9577830407361
 10
247.4756861105561
 20
280.1130031812645
 10
247.3661192469299
 20
280.2773539173068
 10
247.1469845678657
 20
280.5877941964718
 10
247.0282870531082
 20
280.7338837396237
 10
246.9004586488008
 20
280.8799732846092
 10
246.7726302444935
 20
281.0169322285219
 10
246.6448020786047
 20
281.1630217716447
 10
246.5078430231661
 20
281.2908501237689
 10
246.0695743784308
 20
281.6743351744954
 10
245.9234846718609
 20
281.7839023318666
 10
245.7682647900656
 20
281.9026000847225
 10
245.6130444314331
 20
282.0121672420937
 10
245.2843431271613
 20
282.2130403639167
 10
245.119992355816
 20
282.3043463302311
 10
244.9465109333396
 20
282.3956522928202
 10
244.7730297483504
 20
282.4778276617871
 10
244.426067141816
 20
282.62391720491
 10
244.243455067277
 20
282.6969619765005
 10
244.0699736438692
 20
282.7608761506854
 10
243.8873615702614
 20
282.8156597312191
 10
243.6956193214282
 20
282.8704433080275
 10
243.5130072478205
 20
282.9160962912138
 10
243.3303954117
 20
282.9526186751318
 10
243.1386529244483
 20
282.9891410627752
 10
242.9469104371965
 20
283.016532853042
 10
242.7642983626574
 20
283.0439246414462
 10
242.5725558754057
 20
283.0621858343366
 10
242.1890709009022
 20
283.0804470272269
 10
241.9973284136504
 20
283.0804470272269
 10
241.9973284136504
 20
277.1729511237063
 10
238.0163882486522
 20
277.1729511237063
  0
LWPOLYLINE
  5
1AC
330
165
100
AcDbEntity
  8
I-LK FURNITURE
100
AcDbPolyline
 90
48
 70
0
 10
-237.9707354661077
 20
277.1729511237063
 10
-241.9973281733692
 20
277.1729511237063
 10
-241.9973281733692
 20
283.0804470272269
 10
-242.1890708990395
 20
283.0804470272269
 10
-242.572555873543
 20
283.0621858343366
 10
-242.7642983607948
 20
283.0439246414462
 10
-242.9560410864651
 20
283.016532853042
 10
-243.1386529225856
 20
282.9891410627752
 10
-243.3303954098374
 20
282.9526186751318
 10
-243.5130072459579
 20
282.9160962912138
 10
-243.7047497322783
 20
282.8704433080275
 10
-244.0699736420065
 20
282.7608761506854
 10
-244.2434548269957
 20
282.6969619765005
 10
-244.4260669015348
 20
282.62391720491
 10
-244.7730295080692
 20
282.4778276617871
 10
-244.946510931477
 20
282.3956522928202
 10
-245.1199921155348
 20
282.3043463302311
 10
-245.28434288688
 20
282.2130403639167
 10
-245.6130444295704
 20
282.0121672420937
 10
-245.7682645497844
 20
281.9026000847225
 10
-245.9234849084169
 20
281.7839023318666
 10
-246.0695743765682
 20
281.6743351744954
 10
-246.2247944967821
 20
281.5465068224003
 10
-246.3617535531521
 20
281.4186784740014
 10
-246.5078430213034
 20
281.2908501237689
 10
-246.6448018383236
 20
281.1630217716447
 10
-246.7726300042123
 20
281.0169322285219
 10
-246.9004586469382
 20
280.8799732846092
 10
-247.028286812827
 20
280.7338837396237
 10
-247.1469848044217
 20
280.5877941964718
 10
-247.3661190066487
 20
280.2773539173068
 10
-247.4756861086935
 20
280.1130031812645
 10
-247.5761225586757
 20
279.9577830407361
 10
-247.6765592470765
 20
279.7843017092091
 10
-247.7678650459275
 20
279.6199509731669
 10
-247.9322160556912
 20
279.2729883082211
 10
-248.0783055238426
 20
278.9260256413836
 10
-248.2061336897314
 20
278.5608017835184
 10
-248.2609175983816
 20
278.3781898564775
 10
-248.3065706174821
 20
278.1955779275449
 10
-248.3522233972326
 20
278.0038354012358
 10
-248.3887457642704
 20
277.8212234723032
 10
-248.416137480177
 20
277.6294809478859
 10
-248.4435294345021
 20
277.4468690189534
 10
-248.4709211494774
 20
277.2551264926442
 10
-248.48005180154
 20
277.0633839663351
 10
-248.4983128663152
 20
276.871641440026
 10
-248.4983128663152
 20
276.6798989156086
  0
LWPOLYLINE
  5
1AD
330
165
100
AcDbEntity
  8
I-LK FURNITURE
100
AcDbPolyline
 90
19
 70
0
 10
-242.4995111394674
 20
249.288109567482
 10
-242.4629885340109
 20
249.4341991106048
 10
-242.353421671316
 20
249.5528968653525
 10
-242.1890708990395
 20
249.6076804421609
 10
-241.9973281733692
 20
249.6076804421609
 10
-241.9973281733692
 20
277.1729511237063
 10
-242.0521118436009
 20
277.1729511237063
 10
-242.0977648627013
 20
277.1638205281924
 10
-242.1525482935831
 20
277.1455593353021
 10
-242.2438543308526
 20
277.1090369495214
 10
-242.2895073499531
 20
277.0816451610881
 10
-242.3351603681222
 20
277.0451227734447
 10
-242.3716824967414
 20
277.008600387664
 10
-242.3990746894851
 20
276.9720780018833
 10
-242.4538581203669
 20
276.8807720374316
 10
-242.4721194235608
 20
276.8351190561079
 10
-242.4903804883361
 20
276.7803354774369
 10
-242.4995111394674
 20
276.7346824961423
 10
-242.4995111394674
 20
276.6798989156086
  0
LWPOLYLINE
  5
1AE
330
165
100
AcDbEntity
  8
I-LK FURNITURE
100
AcDbPolyline
 90
4
 70
0
 10
-241.9973281733692
 20
249.6076804421609
 10
-240.6551305251196
 20
249.5711580582429
 10
-239.31293287687
 20
249.5528968653525
 10
-237.9707354661077
 20
249.5255050731939
  0
LWPOLYLINE
  5
1AF
330
165
100
AcDbEntity
  8
I-LK FURNITURE
100
AcDbPolyline
 90
3
 70
0
 10
238.0163882486522
 20
249.5346356705995
 10
239.3494554832578
 20
249.5528968653525
 10
241.9973284136504
 20
249.6076804421609
  0
LWPOLYLINE
  5
1B0
330
165
100
AcDbEntity
  8
I-LK FURNITURE
100
AcDbPolyline
 90
2
 70
0
 10
241.9973284136504
 20
283.0804470272269
 10
238.0163882486522
 20
283.0804470272269
  0
LWPOLYLINE
  5
1B1
330
165
100
AcDbEntity
  8
I-LK FURNITURE
100
AcDbPolyline
 90
2
 70
0
 10
-237.9707354661077
 20
283.0804470272269
 10
-241.9973281733692
 20
283.0804470272269
  0
LWPOLYLINE
  5
1B2
330
165
100
AcDbEntity
  8
I-LK FURNITURE
100
AcDbPolyline
 90
2
 70
0
 10
248.4983131065965
 20
214.3087945678271
 10
248.4983131065965
 20
235.9026551716379
  0
LWPOLYLINE
  5
1B3
330
165
100
AcDbEntity
  8
I-LK FURNITURE
100
AcDbPolyline
 90
2
 70
0
 10
-242.4995111394674
 20
235.9391775574186
 10
-242.4995111394674
 20
215.3679437555838
  0
LWPOLYLINE
  5
1B4
330
165
100
AcDbEntity
  8
I-LK FURNITURE
100
AcDbPolyline
 90
4
 70
0
 10
248.4983131065965
 20
75.64242628705688
 10
248.4983131065965
 20
149.4724291795574
 10
242.49951114133
 20
149.4724291795574
 10
242.49951114133
 20
83.8234407066484
  0
LWPOLYLINE
  5
1B5
330
165
100
AcDbEntity
  8
I-LK FURNITURE
100
AcDbPolyline
 90
5
 70
0
 10
-248.4983128663152
 20
50.67024499626132
 10
-248.4983128663152
 20
52.78854337180383
 10
-248.4983128663152
 20
149.3902538124821
 10
-242.4995111394674
 20
149.3902538124821
 10
-242.4995111394674
 20
61.32565105371759
  0
LWPOLYLINE
  5
1B6
330
165
100
AcDbEntity
  8
I-LK FURNITURE
100
AcDbPolyline
 90
2
 70
0
 10
242.49951114133
 20
149.4724291795574
 10
242.49951114133
 20
209.7617575375771
  0
LWPOLYLINE
  5
1B7
330
165
100
AcDbEntity
  8
I-LK FURNITURE
100
AcDbPolyline
 90
2
 70
0
 10
248.4983131065965
 20
149.4724291795574
 10
248.4983131065965
 20
209.7617575375771
  0
LWPOLYLINE
  5
1B8
330
165
100
AcDbEntity
  8
I-LK FURNITURE
100
AcDbPolyline
 90
2
 70
0
 10
-248.4983128663152
 20
209.633929185482
 10
-248.4983128663152
 20
149.3902538124821
  0
LWPOLYLINE
  5
1B9
330
165
100
AcDbEntity
  8
I-LK FURNITURE
100
AcDbPolyline
 90
2
 70
0
 10
-242.4995111394674
 20
209.633929185482
 10
-242.4995111394674
 20
149.3902538124821
  0
LWPOLYLINE
  5
1BA
330
165
100
AcDbEntity
  8
I-LK FURNITURE
100
AcDbPolyline
 90
5
 70
0
 10
241.9973284136504
 20
223.7041783138411
 10
242.1890709009022
 20
223.4485216152098
 10
242.3534214347601
 20
223.2019955102296
 10
242.4629887742922
 20
222.9554694071121
 10
242.49951114133
 20
222.6998127047555
  0
LWPOLYLINE
  5
1BB
330
165
100
AcDbEntity
  8
I-LK FURNITURE
100
AcDbPolyline
 90
7
 70
0
 10
-242.4995111394674
 20
222.6085067421373
 10
-242.4355968181044
 20
222.9919917910302
 10
-242.3990746894851
 20
223.0924283528584
 10
-242.389943799004
 20
223.1198201431544
 10
-242.3808133862913
 20
223.1380813360447
 10
-242.2073319638148
 20
223.3663462462719
 10
-241.9973281733692
 20
223.612872351252
  0
LWPOLYLINE
  5
1BC
330
165
100
AcDbEntity
  8
I-LK FURNITURE
100
AcDbPolyline
 90
3
 70
0
 10
249.0004958333448
 20
73.27760180656333
 42
0.0042774242368321
 10
235.9985264493152
 20
73.35064657812472
 10
235.9985264493152
 20
193.3358145242091
  0
LWPOLYLINE
  5
1BD
330
165
100
AcDbEntity
  8
I-LK FURNITURE
100
AcDbPolyline
 90
3
 70
0
 10
246.5352347390726
 20
78.08942613651745
 10
246.1791414804757
 20
77.8702918199706
 10
245.4578243121505
 20
77.29506424476858
  0
LWPOLYLINE
  5
1BE
330
165
100
AcDbEntity
  8
I-LK FURNITURE
100
AcDbPolyline
 90
33
 70
0
 10
235.9985264493152
 20
193.4910346647375
 42
-0.0268683223407803
 10
242.49951114133
 20
193.2353779623809
 10
242.481250077486
 20
193.4910346647375
 10
242.4629887742922
 20
193.737560767855
 10
242.4082053434104
 20
194.248874168843
 10
242.3716827370226
 20
194.4954002719605
 10
242.3260297188535
 20
194.7510569743172
 10
242.2803767006844
 20
194.9975830774347
 10
242.2255932688713
 20
195.2441091824148
 10
242.1708095986396
 20
195.4997658810462
 10
242.1068955156952
 20
195.7371613905125
 10
242.033850543201
 20
195.98368749363
 10
241.9516753954813
 20
196.2302135967475
 10
241.8786306614056
 20
196.4676091062138
 10
241.6960185877979
 20
196.9424001195584
 10
241.4951454484835
 20
197.4171911366284
 10
241.2760112453252
 20
197.8737209589453
 10
241.1573134921491
 20
198.1019858691725
 10
240.901656921953
 20
198.5402545004617
 10
240.7646978665143
 20
198.759388815175
 10
240.6277388110757
 20
198.9693925325118
 10
240.3355596354231
 20
199.3893999708816
 10
240.1894701663405
 20
199.5902730927046
 10
240.0251196343452
 20
199.7911462126649
 10
239.8698992757127
 20
199.982888738974
 10
239.6964180916548
 20
200.1837618607969
 10
239.5320670809597
 20
200.3663737897296
 10
239.3585858969018
 20
200.5581163141469
 10
239.1759740617126
 20
200.7315976475656
 10
238.9933619871736
 20
200.9142095764983
 10
238.8016194999218
 20
201.0876909080544
 10
238.4181345254183
 20
201.4163923801098
 10
238.0163882486522
 20
201.7268326611375
  0
LWPOLYLINE
  5
1BF
330
165
100
AcDbEntity
  8
I-LK FURNITURE
100
AcDbPolyline
 90
2
 70
0
 10
-248.4983128663152
 20
52.78854337180383
 10
-246.9461116660386
 20
52.78854337180383
  0
LWPOLYLINE
  5
1C0
330
165
100
AcDbEntity
  8
I-LK FURNITURE
100
AcDbPolyline
 90
47
 70
0
 10
-187.4967980645596
 20
-205.7077727126889
 10
-187.4967980645596
 20
-262.7192169455811
 10
-187.3598392475394
 20
-264.5909892161144
 10
-186.9215706037357
 20
-266.4536308930255
 10
-186.2367755640298
 20
-268.1793136222987
 10
-185.341977449134
 20
-269.7589068065863
 10
-184.2554363701493
 20
-271.2015410469612
 10
-182.9862834559754
 20
-272.5163469352119
 10
-181.5071267522871
 20
-273.7398468590109
 10
-179.7449217615649
 20
-274.9176938015153
 10
-177.5992315579206
 20
-276.0772795511293
 10
-174.9878809954971
 20
-277.2003429131
 10
-172.0386982373893
 20
-278.2229697169387
 10
-168.9799483790994
 20
-279.0903763783863
 10
-165.8298924826086
 20
-279.8208240940876
 10
-162.5702697243541
 20
-280.4508352498233
 10
-159.2010796256363
 20
-280.9804098437016
 10
-155.7223224248737
 20
-281.4278090705047
 10
-152.1613896004856
 20
-281.783902332827
 10
-148.5182818667963
 20
-282.0669508217252
 10
-144.8112595733254
 20
-282.2678239454108
 10
-141.0677151512355
 20
-282.3865216964332
 10
-137.497651675716
 20
-282.4230440822138
 10
137.4976519159973
 20
-282.4230440822138
 10
139.478991586715
 20
-282.4047828893235
 10
143.2316666599363
 20
-282.3226075222483
 10
146.9386887140571
 20
-282.158256786206
 10
150.6000579893589
 20
-281.9208612786024
 10
154.1701212264596
 20
-281.5921598065179
 10
157.6488784272224
 20
-281.1904135629011
 10
161.0180682875216
 20
-280.7064919521799
 10
164.259429981932
 20
-280.1403949706582
 10
167.3638328593224
 20
-279.482992028381
 10
170.340407570824
 20
-278.7251525205502
 10
173.1891536395997
 20
-277.848615261697
 10
175.9283323688433
 20
-276.825988459721
 10
178.6035970151424
 20
-275.5659661501413
 10
180.7218955019489
 20
-274.2968132413225
 10
182.4293172992766
 20
-273.0093991433096
 10
183.8445596825331
 20
-271.6580708692782
 10
185.0406676242128
 20
-270.1971754378756
 10
186.0176413627341
 20
-268.6267128491018
 10
186.7572195958345
 20
-266.9284219082328
 10
187.2594025619328
 20
-265.1388250047749
 10
187.4876676537096
 20
-263.2853139252402
 10
187.4967980673537
 20
-262.7192169455811
 10
187.4967980673537
 20
-205.7077727126889
  0
LWPOLYLINE
  5
1C1
330
165
100
AcDbEntity
  8
I-LK FURNITURE
100
AcDbPolyline
 90
15
 70
0
 10
167.5007919147611
 20
-258.6469709286757
 10
166.8068664623424
 20
-258.8934970336559
 10
165.3551019504666
 20
-259.3500268541102
 10
163.5928964838386
 20
-259.8156872738036
 10
161.5385125558823
 20
-260.281347693468
 10
159.2193409297615
 20
-260.7287469184084
 10
156.6536433845758
 20
-261.1396237575682
 10
153.8688113987446
 20
-261.504847617296
 10
150.9104982288554
 20
-261.8152878964611
 10
147.8152257651091
 20
-262.0709445969551
 10
144.6012560240924
 20
-262.2535565258877
 10
141.3051106594503
 20
-262.3722542806063
 10
138.1459243502468
 20
-262.4179072619008
 10
137.4976519159973
 20
-262.4179072619008
 10
-137.497651675716
 20
-262.4179072619008
  0
LWPOLYLINE
  5
1C2
330
165
100
AcDbEntity
  8
I-LK FURNITURE
100
AcDbPolyline
 90
54
 70
0
 10
177.4987951107323
 20
-272.4159103752463
 10
177.2613993659616
 20
-272.4250409707602
 10
176.7866085935384
 20
-272.4067797797325
 10
176.3118175817654
 20
-272.37025739206
 10
176.0744218379259
 20
-272.3428656017932
 10
175.8370265699923
 20
-272.3063432178751
 10
175.5996310645714
 20
-272.2606902347179
 10
175.3713659718633
 20
-272.2241678507999
 10
175.1339707039296
 20
-272.1693842702662
 10
174.9057056121528
 20
-272.114600691595
 10
174.4491756642237
 20
-271.9867723413336
 10
174.2209108099341
 20
-271.9137275697722
 10
173.9926459556445
 20
-271.8315522008052
 10
173.7735117524862
 20
-271.7493768337299
 10
173.335243107751
 20
-271.5667649047973
 10
173.1161089055239
 20
-271.4663283429691
 10
172.9061048775911
 20
-271.3567611874605
 10
172.6869706735015
 20
-271.2471940301184
 10
172.4860975351185
 20
-271.1376268708846
 10
172.2760937456042
 20
-271.0189291180286
 10
171.8743477072567
 20
-270.7632724175346
 10
171.6826052200049
 20
-270.6263134698966
 10
171.4817318432033
 20
-270.4893545241503
 10
171.2991200070828
 20
-270.3432649809984
 10
171.1073775198311
 20
-270.1971754378756
 10
170.9247656837106
 20
-270.0419552973472
 10
170.7512840228155
 20
-269.8867351586814
 10
170.4043214153498
 20
-269.5580336847634
 10
169.9112693397328
 20
-269.0375896882615
 10
169.7651798706502
 20
-268.8549777593289
 10
169.609959512949
 20
-268.6723658303963
 10
169.4638700438663
 20
-268.4806233040872
 10
169.3269112268463
 20
-268.2888807796699
 10
169.1899521704763
 20
-268.0880076578469
 10
169.0621240045875
 20
-267.8962651334004
 10
168.9342956002802
 20
-267.6953920097149
 10
168.6969000957906
 20
-267.2753845732077
 10
168.4777656532824
 20
-266.8553771385341
 10
168.3773292042315
 20
-266.6362428219581
 10
168.276892753318
 20
-266.4262391027587
 10
168.1947171296924
 20
-266.1979741925315
 10
168.1034113308415
 20
-265.9788398759556
 10
168.0303665958345
 20
-265.7597055631049
 10
167.948190972209
 20
-265.5314406510151
 10
167.8203628063202
 20
-265.0749108286982
 10
167.7655793745071
 20
-264.8375153210945
 10
167.7107954667881
 20
-264.6092504108675
 10
167.6651426870376
 20
-264.3718549014302
 10
167.6194896679372
 20
-264.143589991203
 10
167.5829673008993
 20
-263.9061944817076
 10
167.5555755849928
 20
-263.6687989759957
 10
167.5007919147611
 20
-262.9566124531848
 10
167.5007919147611
 20
-262.7192169455811
 10
167.5007919147611
 20
-205.7260339055792
  0
ARC
  5
1C3
330
165
100
AcDbEntity
  8
I-LK FURNITURE
100
AcDbCircle
 10
-140.3767430530861
 20
-164.0809483822668
 30
0.0
 40
98.37909659551364
100
AcDbArc
 50
253.9957013946063
 51
271.6770160365166
  0
LWPOLYLINE
  5
1C4
330
165
100
AcDbEntity
  8
I-LK FURNITURE
100
AcDbPolyline
 90
48
 70
0
 10
-187.4967980645596
 20
-262.7192169455811
 10
-187.4785370007156
 20
-263.1940079589258
 10
-187.4420143952593
 20
-263.6687989759957
 10
-187.3689696602523
 20
-264.143589991203
 10
-187.3324475325644
 20
-264.3718549014302
 10
-187.286794513464
 20
-264.6092504108675
 10
-187.2320106048137
 20
-264.8375153210945
 10
-187.1772271730006
 20
-265.0749108286982
 10
-187.1133128516376
 20
-265.303175740788
 10
-186.9672233834863
 20
-265.7597055631049
 10
-186.8941786494105
 20
-265.9788398759556
 10
-186.8028728505595
 20
-266.1979741925315
 10
-186.7115668132901
 20
-266.4262391027587
 10
-186.6202607769519
 20
-266.6362428219581
 10
-186.5198243260384
 20
-266.8553771385341
 10
-186.3006898853928
 20
-267.2753845732077
 10
-186.0632943790406
 20
-267.6953920097149
 10
-185.9354659747332
 20
-267.8962651334004
 10
-185.8076378088444
 20
-268.0880076578469
 10
-185.6706787534058
 20
-268.2888807796699
 10
-185.5245892852545
 20
-268.4806233040872
 10
-185.3876304682344
 20
-268.6723658303963
 10
-185.077189989388
 20
-269.0375896882615
 10
-184.921969869174
 20
-269.2110710198176
 10
-184.5932683255523
 20
-269.5580336847634
 10
-184.246305719018
 20
-269.8867351586814
 10
-183.881082046777
 20
-270.1971754378756
 10
-183.6984699731693
 20
-270.3432649809984
 10
-183.5067274859175
 20
-270.4893545241503
 10
-183.1232422739267
 20
-270.7632724175346
 10
-182.7214962346479
 20
-271.0189291180286
 10
-182.5114924442023
 20
-271.1376268708846
 10
-181.8814810747281
 20
-271.4663283429691
 10
-181.6623468715698
 20
-271.5667649047973
 10
-181.2240782268345
 20
-271.7493768337299
 10
-181.0049440246075
 20
-271.8315522008052
 10
-180.7766791693866
 20
-271.9137275697722
 10
-180.5484143160284
 20
-271.9867723413336
 10
-180.0918843690306
 20
-272.114600691595
 10
-179.863619275391
 20
-272.1693842702662
 10
-179.6262240083888
 20
-272.2241678507999
 10
-179.3979589156806
 20
-272.2606902347179
 10
-179.160563647747
 20
-272.3063432178751
 10
-178.9231681432575
 20
-272.3428656017932
 10
-178.6857723984867
 20
-272.37025739206
 10
-178.210981387645
 20
-272.4067797797325
 10
-177.7361903749406
 20
-272.4250409707602
 10
-177.4987948704511
 20
-272.4159103752463
  0
LWPOLYLINE
  5
1C5
330
165
100
AcDbEntity
  8
I-LK FURNITURE
100
AcDbPolyline
 90
50
 70
0
 10
-177.4987948704511
 20
-272.4159103752463
 10
-177.2613993640988
 20
-272.4250409707602
 10
-176.7866083532572
 20
-272.4067797797325
 10
-176.3118173405528
 20
-272.37025739206
 10
-176.0744220735505
 20
-272.3428656017932
 10
-175.837026329711
 20
-272.3063432178751
 10
-175.5996308233589
 20
-272.2606902347179
 10
-175.3713659700006
 20
-272.2241678507999
 10
-175.1339704636484
 20
-272.1693842702662
 10
-174.9057056093588
 20
-272.114600691595
 10
-174.4491759007797
 20
-271.9867723413336
 10
-174.2209108080715
 20
-271.9137275697722
 10
-173.9926459537819
 20
-271.8315522008052
 10
-173.773511512205
 20
-271.7493768337299
 10
-173.3352428674698
 20
-271.5667649047973
 10
-173.1161086652428
 20
-271.4663283429691
 10
-172.4860975332558
 20
-271.1376268708846
 10
-172.2760937437415
 20
-271.0189291180286
 10
-171.8743474669755
 20
-270.7632724175346
 10
-171.4908624924719
 20
-270.4893545241503
 10
-171.1073772795498
 20
-270.1971754378756
 10
-170.9247654434294
 20
-270.0419552973472
 10
-170.7512842584401
 20
-269.8867351586814
 10
-170.4043214134872
 20
-269.5580336847634
 10
-170.0756201092154
 20
-269.2110710198176
 10
-169.9203999890015
 20
-269.0375896882615
 10
-169.6099597495049
 20
-268.6723658303963
 10
-169.4638700420037
 20
-268.4806233040872
 10
-169.3269109856337
 20
-268.2888807796699
 10
-169.1899524070323
 20
-268.0880076578469
 10
-169.0621237643063
 20
-267.8962651334004
 10
-168.9342953599989
 20
-267.6953920097149
 10
-168.6968998545781
 20
-267.2753845732077
 10
-168.4777656514198
 20
-266.8553771385341
 10
-168.377328963019
 20
-266.6362428219581
 10
-168.2860229257494
 20
-266.4262391027587
 10
-168.1947173662484
 20
-266.1979741925315
 10
-168.1034113280475
 20
-265.9788398759556
 10
-168.0303663555533
 20
-265.7597055631049
 10
-167.8842768874019
 20
-265.303175740788
 10
-167.820362566039
 20
-265.0749108286982
 10
-167.7655791342258
 20
-264.8375153210945
 10
-167.7107957024126
 20
-264.6092504108675
 10
-167.6651426842436
 20
-264.3718549014302
 10
-167.6194896660745
 20
-264.143589991203
 10
-167.592097950168
 20
-263.9061944817076
 10
-167.5555753447115
 20
-263.6687989759957
 10
-167.5007919128984
 20
-262.9566124531848
 10
-167.5007919128984
 20
-262.7192169455811
 10
-167.5007919128984
 20
-205.7260339055792
  0
LWPOLYLINE
  5
1C6
330
165
100
AcDbEntity
  8
I-LK FURNITURE
100
AcDbPolyline
 90
50
 70
0
 10
177.4987951107323
 20
-272.4159103752463
 10
177.7361906161532
 20
-272.4250409707602
 10
178.2109813895077
 20
-272.4067797797325
 10
178.685772638768
 20
-272.37025739206
 10
178.9231679067016
 20
-272.3428656017932
 10
179.1605634121224
 20
-272.3063432178751
 10
179.3888285048306
 20
-272.2606902347179
 10
179.6262240111828
 20
-272.2241678507999
 10
179.8544888645411
 20
-272.1693842702662
 10
180.0918843708932
 20
-272.114600691595
 10
180.5484140794724
 20
-271.9867723413336
 10
180.7766791721806
 20
-271.9137275697722
 10
180.9958136137575
 20
-271.8315522008052
 10
181.2240784680471
 20
-271.7493768337299
 10
181.6623468734324
 20
-271.5667649047973
 10
181.8814813150093
 20
-271.4663283429691
 10
182.5114924460649
 20
-271.1376268708846
 10
182.7123655853793
 20
-271.0189291180286
 10
182.9223693758249
 20
-270.8911007677671
 10
183.1141118621454
 20
-270.7632724175346
 10
183.3149850014597
 20
-270.6263134698966
 10
183.5067274887115
 20
-270.4893545241503
 10
183.6984699759631
 20
-270.3432649809984
 10
183.8810818111524
 20
-270.1971754378756
 10
184.2463057208805
 20
-269.8867351586814
 10
184.5932685667649
 20
-269.5580336847634
 10
184.9219698710367
 20
-269.2110710198176
 10
185.0771899912506
 20
-269.0375896882615
 10
185.2324103489518
 20
-268.8549777593289
 10
185.3784998189658
 20
-268.6723658303963
 10
185.6706787552685
 20
-268.2888807796699
 10
185.8076375722885
 20
-268.0880076578469
 10
185.9354662150145
 20
-267.8962651334004
 10
186.0632943809032
 20
-267.6953920097149
 10
186.300690125674
 20
-267.2753845732077
 10
186.519824327901
 20
-266.8553771385341
 10
186.6202607788146
 20
-266.6362428219581
 10
186.7115668151528
 20
-266.4262391027587
 10
186.802872614935
 20
-266.1979741925315
 10
186.9672233853489
 20
-265.7597055631049
 10
187.11331309285
 20
-265.303175740788
 10
187.1772274142131
 20
-265.0749108286982
 10
187.2320108450949
 20
-264.8375153210945
 10
187.286794276908
 20
-264.6092504108675
 10
187.3324472960085
 20
-264.3718549014302
 10
187.3689699014649
 20
-264.143589991203
 10
187.405492030084
 20
-263.9061944817076
 10
187.4602757003158
 20
-263.431403468363
 10
187.4785370025784
 20
-263.1940079589258
 10
187.4967980673537
 20
-262.7192169455811
  0
ARC
  5
1C7
330
165
100
AcDbEntity
  8
I-LK FURNITURE
100
AcDbCircle
 10
-247.3072351841256
 20
203.6344618745788
 30
0.0
 40
414.6255135707222
100
AcDbArc
 50
358.9237746430342
 51
17.90773847784086
  0
ARC
  5
1C8
330
165
100
AcDbEntity
  8
I-LK FURNITURE
100
AcDbCircle
 10
247.3437575539574
 20
203.6344618745788
 30
0.0
 40
414.6255135707222
100
AcDbArc
 50
162.0922615221592
 51
181.0762253569659
  0
ARC
  5
1C9
330
165
100
AcDbEntity
  8
I-LK FURNITURE
100
AcDbCircle
 10
4674.921226616947
 20
-167.4734586097475
 30
0.0
 40
4755.890170314926
100
AcDbArc
 50
173.9821536600702
 51
175.5168892674016
  0
ARC
  5
1CA
330
165
100
AcDbEntity
  8
I-LK FURNITURE
100
AcDbCircle
 10
-4674.884704247117
 20
-167.4734586097475
 30
0.0
 40
4755.890170314926
100
AcDbArc
 50
4.48311073259838
 51
6.017846339929847
  0
LWPOLYLINE
  5
1CB
330
165
100
AcDbEntity
  8
I-LK FURNITURE
100
AcDbPolyline
 90
2
 70
0
 10
54.79712917841972
 20
331.1256455461554
 10
54.79712917841972
 20
380.5769559177861
  0
LWPOLYLINE
  5
1CC
330
165
100
AcDbEntity
  8
I-LK FURNITURE
100
AcDbPolyline
 90
2
 70
0
 10
-54.7606068085879
 20
331.1256455461554
 10
-54.7606068085879
 20
380.5769559177861
  0
LINE
  5
1CD
330
165
100
AcDbEntity
  8
Defpoints
  6
HIDDEN
100
AcDbLine
 10
0.0
 20
205.7260339055501
 30
0.0
 11
0.0
 21
-205.7260339055792
 31
0.0
  0
LINE
  5
1CE
330
165
100
AcDbEntity
  8
Defpoints
  6
HIDDEN
100
AcDbLine
 10
-249.0004958324134
 20
-2.91038e-11
 30
0.0
 11
249.0004958324134
 21
-2.91038e-11
 31
0.0
  0
ENDBLK
  5
167
330
165
100
AcDbEntity
  8
0
100
AcDbBlockEnd
  0
BLOCK
  5
1D0
330
1CF
100
AcDbEntity
  8
0
100
AcDbBlockBegin
  2
it keyboard
 70
0
 10
0.0
 20
0.0
 30
0.0
  3
it keyboard
  1

  0
LWPOLYLINE
  5
1D2
330
1CF
100
AcDbEntity
  8
0
 48
12.0
100
AcDbPolyline
 90
4
 70
1
 10
8.040144996717572
 20
2.91038e-11
 10
8.040144996717572
 20
129.0940371821052
 10
448.0401449967176
 20
129.0940371821052
 10
448.0401449967176
 20
2.91038e-11
  0
INSERT
  5
1D3
330
1CF
100
AcDbEntity
  8
0
100
AcDbBlockReference
  2
*U13
 10
35.16895717114949
 20
101.6202952143818
 30
0.0
  0
INSERT
  5
1D5
330
1CF
100
AcDbEntity
  8
0
100
AcDbBlockReference
  2
*U11
 10
386.6121428576973
 20
101.6202952143818
 30
0.0
  0
ENDBLK
  5
1D1
330
1CF
100
AcDbEntity
  8
0
100
AcDbBlockEnd
  0
BLOCK
  5
1D8
330
1D7
100
AcDbEntity
  8
0
100
AcDbBlockBegin
  2
it mic
 70
0
 10
0.0
 20
0.0
 30
0.0
  3
it mic
  1

  0
MTEXT
  5
1DA
330
1D7
100
AcDbEntity
  8
I-LK EQPMT
 48
12.0
100
AcDbMText
 10
233.2398255821317
 20
64.46170233917655
 30
0.0
 40
50.0
 41
466.4796511627907
 46
0.0
 71
1
 72
5
  1
MIC
1001
ACAD
1000
ACAD_MTEXT_COLUMN_INFO_BEGIN
1070
75
1070
2
1070
79
1070
0
1070
76
1070
1
1070
78
1070
0
1070
48
1040
466.4796511627907
1070
49
1040
12.5
1070
50
1070
1
1040
0.0
1000
ACAD_MTEXT_COLUMN_INFO_END
1000
ACAD_MTEXT_COLUMNS_BEGIN
1070
47
1070
1
1000
ACAD_MTEXT_COLUMNS_END
  0
CIRCLE
  5
1DB
330
1D7
100
AcDbEntity
  8
I-LK EQPMT
 48
12.0
100
AcDbCircle
 10
234.5401449967176
 20
64.54701859102352
 30
0.0
 40
64.54701859105262
  0
CIRCLE
  5
1DC
330
1D7
100
AcDbEntity
  8
I-LK EQPMT
 48
12.0
100
AcDbCircle
 10
234.5401449967176
 20
64.54701859102352
 30
0.0
 40
47.40596281792385
  0
ENDBLK
  5
1D9
330
1D7
100
AcDbEntity
  8
0
100
AcDbBlockEnd
  0
BLOCK
  5
1DE
330
1DD
100
AcDbEntity
  8
0
100
AcDbBlockBegin
  2
a$c18799085
 70
0
 10
0.0
 20
0.0
 30
0.0
  3
a$c18799085
  1

  0
LWPOLYLINE
  5
1E0
330
1DD
100
AcDbEntity
  8
I-LK EQPMT
100
AcDbPolyline
 90
4
 70
1
 10
655.045485470444
 20
125.2269999025448
 10
624.6674821041522
 20
125.2269999025448
 10
624.6674821041522
 20
155.6050032694184
 10
655.045485470444
 20
155.6050032694184
  0
LWPOLYLINE
  5
1E1
330
1DD
100
AcDbEntity
  8
I-LK EQPMT
100
AcDbPolyline
 90
4
 70
1
 10
652.0076851341872
 20
128.2648002392671
 10
627.7052824404091
 20
128.2648002392671
 10
627.7052824404091
 20
152.5672029328125
 10
652.0076851341872
 20
152.5672029328125
  0
LWPOLYLINE
  5
1E2
330
1DD
100
AcDbEntity
  8
I-LK EQPMT
100
AcDbPolyline
 90
4
 70
1
 10
89.55076848529278
 20
125.2269999025448
 10
119.928771853447
 20
125.2269999025448
 10
119.928771853447
 20
155.6050032694184
 10
89.55076848529278
 20
155.6050032694184
  0
LWPOLYLINE
  5
1E3
330
1DD
100
AcDbEntity
  8
I-LK EQPMT
100
AcDbPolyline
 90
4
 70
1
 10
92.58856882341206
 20
128.2648002392671
 10
116.8909715171903
 20
128.2648002392671
 10
116.8909715171903
 20
152.5672029328125
 10
92.58856882341206
 20
152.5672029328125
  0
LINE
  5
1E4
330
1DD
100
AcDbEntity
  8
I-LK EQPMT
100
AcDbLine
 10
627.7052824404091
 20
152.5672029328125
 30
0.0
 11
652.0076851341872
 21
128.2648002392671
 31
0.0
  0
LINE
  5
1E5
330
1DD
100
AcDbEntity
  8
I-LK EQPMT
100
AcDbLine
 10
116.8909715171903
 20
152.5672029328125
 30
0.0
 11
92.58856882341206
 21
128.2648002392671
 31
0.0
  0
LINE
  5
1E6
330
1DD
100
AcDbEntity
  8
I-LK EQPMT
100
AcDbLine
 10
92.58856882341206
 20
152.5672029328125
 30
0.0
 11
116.8909715171903
 21
128.2648002392671
 31
0.0
  0
LINE
  5
1E7
330
1DD
100
AcDbEntity
  8
I-LK EQPMT
 48
12.0
100
AcDbLine
 10
616.9889203161001
 20
125.2269902919943
 30
0.0
 11
616.9889203161001
 21
109.7127832833503
 31
0.0
  0
LINE
  5
1E8
330
1DD
100
AcDbEntity
  8
I-LK EQPMT
 48
12.0
100
AcDbLine
 10
616.9889203161001
 20
125.2269902919943
 30
0.0
 11
663.5315413419156
 21
125.2269902919943
 31
0.0
  0
LINE
  5
1E9
330
1DD
100
AcDbEntity
  8
I-LK EQPMT
 48
12.0
100
AcDbLine
 10
81.46845865808427
 20
109.7127832833503
 30
0.0
 11
81.46845865808427
 21
125.2269902919943
 31
0.0
  0
LINE
  5
1EA
330
1DD
100
AcDbEntity
  8
I-LK EQPMT
 48
12.0
100
AcDbLine
 10
128.0110796838999
 20
125.2269902919943
 30
0.0
 11
128.0110796838999
 21
109.7127832833503
 31
0.0
  0
LINE
  5
1EB
330
1DD
100
AcDbEntity
  8
I-LK EQPMT
 48
12.0
100
AcDbLine
 10
725.5883693769574
 20
109.7127832833503
 30
0.0
 11
19.41163062304258
 21
109.7127832833503
 31
0.0
  0
LWPOLYLINE
  5
1EC
330
1DD
100
AcDbEntity
  8
I-LK EQPMT
 48
12.0
100
AcDbPolyline
 90
4
 70
1
 10
0.0
 20
58.0000000000291
 10
0.0
 20
70.88952203796363
 10
745.0
 20
70.88952203796363
 10
745.0
 20
58.0000000000291
  0
LINE
  5
1ED
330
1DD
100
AcDbEntity
  8
I-LK EQPMT
 48
12.0
100
AcDbLine
 10
0.0
 20
70.88952203796363
 30
0.0
 11
0.0
 21
90.30115266077335
 31
0.0
  0
LINE
  5
1EE
330
1DD
100
AcDbEntity
  8
I-LK EQPMT
 48
12.0
100
AcDbLine
 10
745.0
 20
70.88952203796363
 30
0.0
 11
745.0
 21
90.30115266077335
 31
0.0
  0
LINE
  5
1EF
330
1DD
100
AcDbEntity
  8
I-LK EQPMT
 48
12.0
100
AcDbLine
 10
0.0
 20
90.30115266077335
 30
0.0
 11
19.41163062304258
 21
109.7127832833503
 31
0.0
  0
LINE
  5
1F0
330
1DD
100
AcDbEntity
  8
I-LK EQPMT
 48
12.0
100
AcDbLine
 10
745.0
 20
90.30115266077335
 30
0.0
 11
725.5883693769574
 21
109.7127832833503
 31
0.0
  0
LINE
  5
1F1
330
1DD
100
AcDbEntity
  8
I-LK EQPMT
 48
12.0
100
AcDbLine
 10
663.5315413419156
 20
109.7127832833503
 30
0.0
 11
663.5315413419156
 21
125.2269902919943
 31
0.0
  0
LINE
  5
1F2
330
1DD
100
AcDbEntity
  8
I-LK EQPMT
 48
12.0
100
AcDbLine
 10
81.46845865808427
 20
125.2269902919943
 30
0.0
 11
128.0110796838999
 21
125.2269902919943
 31
0.0
  0
MTEXT
  5
1F3
330
1DD
100
AcDbEntity
  8
I-LK TEXT
 62
0
 48
2.0
100
AcDbMText
 10
391.1996805854142
 20
25.6359011628374
 30
0.0
 40
50.0
 41
466.4796511627907
 46
0.0
 71
1
 72
5
  1
32" TV SCREEN -VC
1001
ACAD
1000
ACAD_MTEXT_COLUMN_INFO_BEGIN
1070
75
1070
2
1070
79
1070
0
1070
76
1070
1
1070
78
1070
0
1070
48
1040
466.4796511627907
1070
49
1040
12.5
1070
50
1070
1
1040
0.0
1000
ACAD_MTEXT_COLUMN_INFO_END
1000
ACAD_MTEXT_COLUMNS_BEGIN
1070
47
1070
1
1000
ACAD_MTEXT_COLUMNS_END
  0
ENDBLK
  5
1DF
330
1DD
100
AcDbEntity
  8
0
100
AcDbBlockEnd
  0
BLOCK
  5
1F5
330
1F4
100
AcDbEntity
  8
0
100
AcDbBlockBegin
  2
clinic pc50s
 70
0
 10
0.0
 20
0.0
 30
0.0
  3
clinic pc50s
  1

  0
LWPOLYLINE
  5
1F7
330
1F4
100
AcDbEntity
  8
I-LK EQPMT
100
AcDbPolyline
 90
4
 70
1
 10
358.0856304671615
 20
141.5586952792073
 10
327.70762710087
 20
141.5586952792073
 10
327.70762710087
 20
171.9366986460809
 10
358.0856304671615
 20
171.9366986460809
  0
LWPOLYLINE
  5
1F8
330
1F4
100
AcDbEntity
  8
I-LK EQPMT
100
AcDbPolyline
 90
4
 70
1
 10
355.0478301309049
 20
144.5964956159296
 10
330.7454274371266
 20
144.5964956159296
 10
330.7454274371266
 20
168.898898309475
 10
355.0478301309049
 20
168.898898309475
  0
LWPOLYLINE
  5
1F9
330
1F4
100
AcDbEntity
  8
I-LK EQPMT
100
AcDbPolyline
 90
4
 70
1
 10
97.59091348201036
 20
141.5586952792073
 10
127.9689168501645
 20
141.5586952792073
 10
127.9689168501645
 20
171.9366986460809
 10
97.59091348201036
 20
171.9366986460809
  0
LWPOLYLINE
  5
1FA
330
1F4
100
AcDbEntity
  8
I-LK EQPMT
100
AcDbPolyline
 90
4
 70
1
 10
100.6287138201296
 20
144.5964956159296
 10
124.9311165139079
 20
144.5964956159296
 10
124.9311165139079
 20
168.898898309475
 10
100.6287138201296
 20
168.898898309475
  0
LINE
  5
1FB
330
1F4
100
AcDbEntity
  8
I-LK EQPMT
100
AcDbLine
 10
330.7454274371266
 20
168.898898309475
 30
0.0
 11
355.0478301309049
 21
144.5964956159296
 31
0.0
  0
LINE
  5
1FC
330
1F4
100
AcDbEntity
  8
I-LK EQPMT
100
AcDbLine
 10
124.9311165139079
 20
168.898898309475
 30
0.0
 11
100.6287138201296
 21
144.5964956159296
 31
0.0
  0
LINE
  5
1FD
330
1F4
100
AcDbEntity
  8
I-LK EQPMT
100
AcDbLine
 10
100.6287138201296
 20
168.898898309475
 30
0.0
 11
124.9311165139079
 21
144.5964956159296
 31
0.0
  0
LINE
  5
1FE
330
1F4
100
AcDbEntity
  8
I-LK EQPMT
 48
12.0
100
AcDbLine
 10
320.0290653128177
 20
141.5586856686568
 30
0.0
 11
320.0290653128177
 21
126.0444786600128
 31
0.0
  0
LINE
  5
1FF
330
1F4
100
AcDbEntity
  8
I-LK EQPMT
 48
12.0
100
AcDbLine
 10
320.0290653128177
 20
141.5586856686568
 30
0.0
 11
366.5716863386334
 21
141.5586856686568
 31
0.0
  0
LINE
  5
200
330
1F4
100
AcDbEntity
  8
I-LK EQPMT
 48
12.0
100
AcDbLine
 10
89.50860365480185
 20
126.0444786600128
 30
0.0
 11
89.50860365480185
 21
141.5586856686568
 31
0.0
  0
LINE
  5
201
330
1F4
100
AcDbEntity
  8
I-LK EQPMT
 48
12.0
100
AcDbLine
 10
136.0512246806175
 20
141.5586856686568
 30
0.0
 11
136.0512246806175
 21
126.0444786600128
 31
0.0
  0
LINE
  5
202
330
1F4
100
AcDbEntity
  8
I-LK EQPMT
 48
12.0
100
AcDbLine
 10
428.6285143736749
 20
126.0444786600128
 30
0.0
 11
27.45177561976016
 21
126.0444786600128
 31
0.0
  0
LWPOLYLINE
  5
203
330
1F4
100
AcDbEntity
  8
I-LK EQPMT
 48
12.0
100
AcDbPolyline
 90
4
 70
1
 10
8.040144996717572
 20
74.33169537669164
 10
8.040144996717572
 20
87.22121741462615
 10
448.0401449967176
 20
87.22121741462615
 10
448.0401449967176
 20
74.33169537669164
  0
LINE
  5
204
330
1F4
100
AcDbEntity
  8
I-LK EQPMT
 48
12.0
100
AcDbLine
 10
8.040144996717572
 20
87.22121741462615
 30
0.0
 11
8.040144996717572
 21
106.6328480374359
 31
0.0
  0
LINE
  5
205
330
1F4
100
AcDbEntity
  8
I-LK EQPMT
 48
12.0
100
AcDbLine
 10
448.0401449967176
 20
87.22121741462615
 30
0.0
 11
448.0401449967176
 21
106.6328480374359
 31
0.0
  0
LINE
  5
206
330
1F4
100
AcDbEntity
  8
I-LK EQPMT
 48
12.0
100
AcDbLine
 10
8.040144996717572
 20
106.6328480374359
 30
0.0
 11
27.45177561976016
 21
126.0444786600128
 31
0.0
  0
LINE
  5
207
330
1F4
100
AcDbEntity
  8
I-LK EQPMT
 48
12.0
100
AcDbLine
 10
448.0401449967176
 20
106.6328480374359
 30
0.0
 11
428.6285143736749
 21
126.0444786600128
 31
0.0
  0
LINE
  5
208
330
1F4
100
AcDbEntity
  8
I-LK EQPMT
 48
12.0
100
AcDbLine
 10
366.5716863386334
 20
126.0444786600128
 30
0.0
 11
366.5716863386334
 21
141.5586856686568
 31
0.0
  0
LINE
  5
209
330
1F4
100
AcDbEntity
  8
I-LK EQPMT
 48
12.0
100
AcDbLine
 10
89.50860365480185
 20
141.5586856686568
 30
0.0
 11
136.0512246806175
 21
141.5586856686568
 31
0.0
  0
MTEXT
  5
20A
330
1F4
100
AcDbEntity
  8
I-LK EQPMT
 48
12.0
100
AcDbMText
 10
233.2398255821317
 20
25.63590116277919
 30
0.0
 40
50.0
 41
466.4796511627907
 46
0.0
 71
1
 72
5
  1
PC 50S
1001
ACAD
1000
ACAD_MTEXT_COLUMN_INFO_BEGIN
1070
75
1070
2
1070
79
1070
0
1070
76
1070
1
1070
78
1070
0
1070
48
1040
466.4796511627907
1070
49
1040
12.5
1070
50
1070
1
1040
0.0
1000
ACAD_MTEXT_COLUMN_INFO_END
1000
ACAD_MTEXT_COLUMNS_BEGIN
1070
47
1070
1
1000
ACAD_MTEXT_COLUMNS_END
  0
ENDBLK
  5
1F6
330
1F4
100
AcDbEntity
  8
0
100
AcDbBlockEnd
  0
BLOCK
  5
20C
330
20B
100
AcDbEntity
  8
0
100
AcDbBlockBegin
  2
clinic chair trial set
 70
0
 10
0.0
 20
0.0
 30
0.0
  3
clinic chair trial set
  1

  0
LWPOLYLINE
  5
20E
330
20B
100
AcDbEntity
  8
I-LK FURNITURE
100
AcDbPolyline
 90
4
 70
1
 10
500.0000000004948
 20
633.0000000011931
 10
500.0000000004948
 20
1.193257e-09
 10
4.947651e-10
 20
1.193257e-09
 10
4.947651e-10
 20
633.0000000011931
  0
LWPOLYLINE
  5
20F
330
20B
100
AcDbEntity
  8
I-LK FURNITURE
 62
146
370
0
420
1070729
440
33554536
100
AcDbPolyline
 90
4
 70
1
 10
98.00000000049477
 20
603.0000000011931
 10
98.00000000049477
 20
591.0000000011931
 10
500.0000000004948
 20
591.0000000011931
 10
500.0000000004948
 20
603.0000000011931
  0
LWPOLYLINE
  5
210
330
20B
100
AcDbEntity
  8
I-LK FURNITURE
 62
146
370
0
420
1070729
440
33554536
100
AcDbPolyline
 90
4
 70
1
 10
98.00000000049477
 20
30.00000000119326
 10
98.00000000049477
 20
42.00000000119326
 10
500.0000000004948
 20
42.00000000119326
 10
500.0000000004948
 20
30.00000000119326
  0
LWPOLYLINE
  5
211
330
20B
100
AcDbEntity
  8
I-LK FURNITURE
 62
146
370
0
420
1070729
440
33554536
100
AcDbPolyline
 90
4
 70
1
 10
98.00000000049477
 20
591.0000000011931
 10
98.00000000049477
 20
42.00000000119326
 10
110.0000000004948
 20
42.00000000119326
 10
110.0000000004948
 20
591.0000000011931
  0
LWPOLYLINE
  5
212
330
20B
100
AcDbEntity
  8
I-LK FURNITURE
 62
146
420
1070729
100
AcDbPolyline
 90
4
 70
1
 10
500.0000000004948
 20
633.0000000011931
 10
500.0000000004948
 20
1.193257e-09
 10
518.0000000004948
 20
1.193257e-09
 10
518.0000000004948
 20
633.0000000011931
  0
INSERT
  5
213
330
20B
100
AcDbEntity
  8
I-LK PARTITION
100
AcDbBlockReference
  2
CLINIC CHAIR
 10
380.5769559177861
 20
985.4817388172087
 30
0.0
 50
90.00000000000006
  0
LWPOLYLINE
  5
215
330
20B
100
AcDbEntity
  8
LN-ELEVATION-2
100
AcDbPolyline
 90
4
 70
1
 10
4.947651e-10
 20
1.1933707e-09
 10
4.947651e-10
 20
18.00000000119337
 10
498.0000000004948
 20
18.00000000119331
 10
498.0000000004948
 20
1.1933139e-09
  0
LWPOLYLINE
  5
216
330
20B
100
AcDbEntity
  8
LN-ELEVATION-2
100
AcDbPolyline
 90
4
 70
1
 10
4.947651e-10
 20
633.0000000011931
 10
4.947651e-10
 20
615.0000000011933
 10
498.0000000004948
 20
615.0000000011933
 10
498.0000000004948
 20
633.0000000011931
  0
LWPOLYLINE
  5
217
330
20B
100
AcDbEntity
  8
LN-ELEVATION-2
100
AcDbPolyline
 90
4
 70
1
 10
4.947651e-10
 20
18.00000000119326
 10
4.947651e-10
 20
615.0000000011933
 10
18.00000000049477
 20
615.0000000011933
 10
18.00000000049477
 20
18.00000000119326
  0
LWPOLYLINE
  5
218
330
20B
100
AcDbEntity
  8
LN-ELEVATION-2
100
AcDbPolyline
 90
4
 70
1
 10
500.0000000004948
 20
318.0000000011933
 10
500.0000000004948
 20
633.0000000011931
 10
518.0000000004948
 20
633.0000000011931
 10
518.0000000004948
 20
318.0000000011933
  0
LWPOLYLINE
  5
219
330
20B
100
AcDbEntity
  8
LN-ELEVATION-2
100
AcDbPolyline
 90
4
 70
1
 10
518.0000000004948
 20
1.1933139e-09
 10
518.0000000004948
 20
315.0000000011933
 10
500.0000000004948
 20
315.0000000011933
 10
500.0000000004948
 20
1.1933139e-09
  0
LWPOLYLINE
  5
21A
330
20B
100
AcDbEntity
  8
LN-ELEVATION-2
100
AcDbPolyline
 90
4
 70
1
 10
18.00000000049477
 20
307.5000000011933
 10
18.00000000049477
 20
325.5000000011933
 10
500.0000000004948
 20
325.5000000011933
 10
500.0000000004948
 20
307.5000000011933
  0
LWPOLYLINE
  5
21B
330
20B
100
AcDbEntity
  8
LN-ELEVATION-3
  6
ACAD_ISO03W100
 62
20
 48
0.05
420
16720932
100
AcDbPolyline
 90
4
 70
1
 10
617.2337672342837
 20
333.4976470221591
 10
501.264255785878
 20
626.3731707756233
 10
518.0000000004948
 20
633.0000000011931
 10
633.9695114489002
 20
340.124476247729
  0
LWPOLYLINE
  5
21C
330
20B
100
AcDbEntity
  8
LN-ELEVATION-3
  6
ACAD_ISO03W100
 62
20
 48
0.05
420
16720932
100
AcDbPolyline
 90
4
 70
1
 10
617.2337672342837
 20
299.5023529802273
 10
501.264255785878
 20
6.626829226763277
 10
518.0000000004948
 20
1.1933139e-09
 10
633.9695114489002
 20
292.8755237546575
  0
ARC
  5
21D
330
20B
100
AcDbEntity
  8
LN-ELEVATION-3
  6
ACAD_ISO03W100
 62
20
 48
0.05
420
16720932
100
AcDbCircle
 10
516.2795804065536
 20
654.4693054270756
 30
0.0
 40
336.4737037828586
100
AcDbArc
 50
270.2929596276738
 51
287.4597587178951
  0
ARC
  5
21E
330
20B
100
AcDbEntity
  8
LN-ELEVATION-3
  6
ACAD_ISO03W100
 62
20
 48
0.05
420
16720932
100
AcDbCircle
 10
518.0000000004948
 20
1.1933139e-09
 30
0.0
 40
314.9999999991236
100
AcDbArc
 50
71.67381838442049
 51
90.0
  0
LWPOLYLINE
  5
21F
330
20B
100
AcDbEntity
  8
LN-ELEVATION-4
  6
ACAD_ISO03W100
 62
20
 48
0.001
420
16720932
100
AcDbPolyline
 90
4
 70
1
 10
264.808818476653
 20
277.5000000011934
 10
264.808818476653
 20
37.50000000119332
 10
419.8088184766529
 20
37.50000000119332
 10
419.8088184766529
 20
277.5000000011933
  0
LWPOLYLINE
  5
220
330
20B
100
AcDbEntity
  8
LN-ELEVATION-4
  6
ACAD_ISO03W100
 62
20
 48
0.001
420
16720932
100
AcDbPolyline
 90
4
 70
1
 10
171.2247772531118
 20
398.0000000011934
 10
471.2247772531118
 20
398.0000000011933
 10
471.2247772531118
 20
553.0000000011931
 10
171.2247772531118
 20
553.0000000011931
  0
ENDBLK
  5
20D
330
20B
100
AcDbEntity
  8
0
100
AcDbBlockEnd
  0
BLOCK
  5
222
330
221
100
AcDbEntity
  8
0
100
AcDbBlockBegin
  2
a$c4fdbbfdd
 70
0
 10
0.0
 20
0.0
 30
0.0
  3
a$c4fdbbfdd
  1

  0
INSERT
  5
224
330
221
100
AcDbEntity
  8
I-LK IT
100
AcDbBlockReference
  2
CLINIC SCREEN
 10
2454.107780016959
 20
489.7506437236443
 30
0.0
 50
270.0
  0
INSERT
  5
226
330
221
100
AcDbEntity
  8
I-LK IT
100
AcDbBlockReference
  2
A$C18799085
 10
255.6050032675266
 20
780.5895919215401
 30
0.0
 50
90.0
  0
INSERT
  5
228
330
221
100
AcDbEntity
  8
I-LK IT
100
AcDbBlockReference
  2
CLINIC PC50S
 10
271.9366986453533
 20
925.0494469248224
 30
0.0
 50
90.0
  0
LWPOLYLINE
  5
22A
330
221
100
AcDbEntity
  8
I-LK EQPMT
100
AcDbPolyline
 90
4
 70
1
 10
1425.692691065371
 20
1506.068627073662
 10
1561.990023858845
 20
1506.068627073662
 10
1561.990023858845
 20
1378.104704173515
 10
1425.692691065371
 20
1378.104704173515
  0
CIRCLE
  5
22B
330
221
100
AcDbEntity
  8
I-LK EQPMT
100
AcDbCircle
 10
1494.950297571719
 20
1440.041832098039
 30
0.0
 40
22.00969815952703
  0
CIRCLE
  5
22C
330
221
100
AcDbEntity
  8
I-LK EQPMT
100
AcDbCircle
 10
1494.950297571719
 20
1440.041832098039
 30
0.0
 40
24.94501443160698
  0
INSERT
  5
22D
330
221
100
AcDbEntity
  8
I-LK IT
100
AcDbBlockReference
  2
IT KEYBOARD
 10
1888.057289466262
 20
628.6930494818371
 30
0.0
 50
270.0
  0
INSERT
  5
22F
330
221
100
AcDbEntity
  8
I-LK IT
100
AcDbBlockReference
  2
IT MIC
 10
1902.384787004441
 20
956.6032974517439
 30
0.0
 50
270.0
  0
INSERT
  5
231
330
221
100
AcDbEntity
  8
I-LK FF&E
100
AcDbBlockReference
  2
CLINIC CHAIR TRIAL SET
 10
2378.181959189475
 20
167.6078531043604
 30
0.0
 41
-1.0
  0
LWPOLYLINE
  5
233
330
221
100
AcDbEntity
  8
0
  6
ACAD_ISO03W100
 62
13
 48
0.01
420
16729927
100
AcDbPolyline
 90
4
 70
0
 43
12.0
 10
2107.373140715063
 20
407.2913461665156
 10
2433.72799449414
 20
407.2913461665156
 10
2433.72799449414
 20
1505.843844732037
 10
1503.556618742645
 20
1505.843844732037
  0
LWPOLYLINE
  5
234
330
221
100
AcDbEntity
  8
0
  6
ACAD_ISO03W100
 62
13
 48
0.01
420
16729927
100
AcDbPolyline
 90
4
 70
0
 10
1900.957181937993
 20
630.8507429095916
 40
12.0
 41
12.0
 10
388.2820764556527
 20
630.8507429095916
 40
12.0
 41
12.0
 10
388.2820764556527
 20
1042.090570891276
 40
12.0
 41
12.0
 10
100.0
 20
1042.090570891276
  0
CIRCLE
  5
235
330
221
100
AcDbEntity
  8
0
  6
ACAD_ISO03W100
 62
13
 48
0.01
420
16729927
100
AcDbCircle
 10
83.037800334394
 20
1042.090570891276
 30
0.0
 40
20.0
  0
LWPOLYLINE
  5
236
330
221
100
AcDbEntity
  8
0
  6
ACAD_ISO03W100
 62
13
 48
0.01
420
16729927
100
AcDbPolyline
 90
4
 70
0
 43
12.0
 10
2200.957181937993
 20
643.1078531055246
 10
2500.0
 20
643.1078531045932
 10
2500.0
 20
489.7506437236443
 10
2454.107780016959
 20
489.7506437236443
  0
LWPOLYLINE
  5
237
330
221
100
AcDbEntity
  8
0
  6
ACAD_ISO03W100
 62
13
 48
0.01
420
16729927
100
AcDbPolyline
 90
4
 70
0
 43
15.0
 10
1900.957181937993
 20
697.4039080580696
 10
457.2361191213131
 20
697.4039080580696
 10
457.2361191213131
 20
1181.942219393794
 10
197.6050032675266
 20
1181.942219393794
  0
LWPOLYLINE
  5
238
330
221
100
AcDbEntity
  8
0
  6
ACAD_ISO03W100
 62
13
 48
0.01
420
16729927
100
AcDbPolyline
 90
4
 70
0
 43
15.0
 10
1900.957181937993
 20
768.0176244729663
 10
482.2361191213131
 20
768.0176244729663
 10
482.2361191213131
 20
1206.942219393794
 10
197.6050032675266
 20
1206.942219393794
  0
DIMENSION
  5
239
330
221
100
AcDbEntity
  8
I-LK DIM
100
AcDbDimension
280
0
  3
LK-MM 75
 10
1494.950297571719
 20
1435.130220191553
 30
0.0
 11
1682.470160715282
 21
1435.130220191553
 31
0.0
 70
0
 71
5
 42
375.0397262871265
 73
0
 74
0
 75
0
 51
180.0
100
AcDbAlignedDimension
 13
1869.990023858845
 23
1442.086665623589
 33
0.0
 14
1494.950297571719
 24
1440.041832098039
 34
0.0
 50
180.0
100
AcDbRotatedDimension
  0
INSERT
  5
23A
330
221
100
AcDbEntity
  8
I-LK FF&E
100
AcDbBlockReference
  2
DOCTORS STOOL
 10
1816.643187589358
 20
136.8439229665619
 30
-1.237e-13
 50
90.0
  0
ENDBLK
  5
223
330
221
100
AcDbEntity
  8
0
100
AcDbBlockEnd
  0
BLOCK
  5
23D
330
23C
100
AcDbEntity
  8
0
100
AcDbBlockBegin
  2
doctors stool
 70
0
 10
0.0
 20
0.0
 30
0.0
  3
doctors stool
  1

  0
CIRCLE
  5
23F
330
23C
100
AcDbEntity
  8
0
 48
100.0
100
AcDbCircle
 10
228.0
 20
227.8099174629897
 30
0.0
 40
190.0
 39
0.1900000000019063
  0
LWPOLYLINE
  5
240
330
23C
100
AcDbEntity
  8
0
 48
100.0
100
AcDbPolyline
 90
6
 70
0
 39
0.1900000000019063
 10
228.0
 20
37.80991746066138
 10
228.0
 20
9.119999997317793
 42
-0.4264743413925903
 10
218.5
 20
0.0079201031476259
 42
-0.959166304662544
 10
218.5
 20
455.611914822366
 42
-0.4264743413925903
 10
228.0
 20
446.4998349279631
 10
228.0
 20
417.8099174646193
  0
ENDBLK
  5
23E
330
23C
100
AcDbEntity
  8
0
100
AcDbBlockEnd
  0
BLOCK
  5
242
330
241
100
AcDbEntity
  8
0
100
AcDbBlockBegin
  2
*u10
 70
1
 10
0.0
 20
0.0
 30
0.0
  3
*u10
  1

  0
LWPOLYLINE
  5
244
330
241
100
AcDbEntity
  8
I-LK EQPMT
 48
12.0
100
AcDbPolyline
 90
4
 70
1
 10
5.986879315214992
 20
4.914598100478997
 10
-5.986879315214992
 20
4.914598100478997
 10
-5.986879315214992
 20
-4.914598100478997
 10
5.986879315214992
 20
-4.914598100478997
  0
ENDBLK
  5
243
330
241
100
AcDbEntity
  8
0
100
AcDbBlockEnd
  0
BLOCK
  5
246
330
245
100
AcDbEntity
  8
0
100
AcDbBlockBegin
  2
*u11
 70
1
 10
0.0
 20
0.0
 30
0.0
  3
*u11
  1

  0
INSERT
  5
248
330
245
100
AcDbEntity
  8
0
  6
ByBlock
 62
0
370
-2
440
16777216
100
AcDbBlockReference
  2
*U10
 10
0.0
 20
0.0
 30
0.0
  0
INSERT
  5
24A
330
245
100
AcDbEntity
  8
0
  6
ByBlock
 62
0
370
-2
440
16777216
100
AcDbBlockReference
  2
*U10
 10
-9e-16
 20
-14.74379430143699
 30
0.0
  0
INSERT
  5
24C
330
245
100
AcDbEntity
  8
0
  6
ByBlock
 62
0
370
-2
440
16777216
100
AcDbBlockReference
  2
*U10
 10
-1.8e-15
 20
-29.48758860287398
 30
0.0
  0
INSERT
  5
24E
330
245
100
AcDbEntity
  8
0
  6
ByBlock
 62
0
370
-2
440
16777216
100
AcDbBlockReference
  2
*U10
 10
17.96063794564498
 20
0.0
 30
0.0
  0
INSERT
  5
250
330
245
100
AcDbEntity
  8
0
  6
ByBlock
 62
0
370
-2
440
16777216
100
AcDbBlockReference
  2
*U10
 10
17.96063794564498
 20
-14.74379430143699
 30
0.0
  0
INSERT
  5
252
330
245
100
AcDbEntity
  8
0
  6
ByBlock
 62
0
370
-2
440
16777216
100
AcDbBlockReference
  2
*U10
 10
17.96063794564497
 20
-29.48758860287398
 30
0.0
  0
INSERT
  5
254
330
245
100
AcDbEntity
  8
0
  6
ByBlock
 62
0
370
-2
440
16777216
100
AcDbBlockReference
  2
*U10
 10
35.92127589128995
 20
0.0
 30
0.0
  0
INSERT
  5
256
330
245
100
AcDbEntity
  8
0
  6
ByBlock
 62
0
370
-2
440
16777216
100
AcDbBlockReference
  2
*U10
 10
35.92127589128995
 20
-14.74379430143699
 30
0.0
  0
INSERT
  5
258
330
245
100
AcDbEntity
  8
0
  6
ByBlock
 62
0
370
-2
440
16777216
100
AcDbBlockReference
  2
*U10
 10
35.92127589128995
 20
-29.48758860287398
 30
0.0
  0
INSERT
  5
25A
330
245
100
AcDbEntity
  8
0
  6
ByBlock
 62
0
370
-2
440
16777216
100
AcDbBlockReference
  2
*U10
 10
-2.7e-15
 20
-44.23138290431096
 30
0.0
  0
INSERT
  5
25C
330
245
100
AcDbEntity
  8
0
  6
ByBlock
 62
0
370
-2
440
16777216
100
AcDbBlockReference
  2
*U10
 10
-3.6e-15
 20
-58.97517720574795
 30
0.0
  0
INSERT
  5
25E
330
245
100
AcDbEntity
  8
0
  6
ByBlock
 62
0
370
-2
440
16777216
100
AcDbBlockReference
  2
*U10
 10
17.96063794564497
 20
-44.23138290431096
 30
0.0
  0
INSERT
  5
260
330
245
100
AcDbEntity
  8
0
  6
ByBlock
 62
0
370
-2
440
16777216
100
AcDbBlockReference
  2
*U10
 10
17.96063794564497
 20
-58.97517720574795
 30
0.0
  0
INSERT
  5
262
330
245
100
AcDbEntity
  8
0
  6
ByBlock
 62
0
370
-2
440
16777216
100
AcDbBlockReference
  2
*U10
 10
35.92127589128995
 20
-44.23138290431096
 30
0.0
  0
INSERT
  5
264
330
245
100
AcDbEntity
  8
0
  6
ByBlock
 62
0
370
-2
440
16777216
100
AcDbBlockReference
  2
*U10
 10
35.92127589128994
 20
-58.97517720574795
 30
0.0
  0
ENDBLK
  5
247
330
245
100
AcDbEntity
  8
0
100
AcDbBlockEnd
  0
BLOCK
  5
267
330
266
100
AcDbEntity
  8
0
100
AcDbBlockBegin
  2
*u12
 70
1
 10
0.0
 20
0.0
 30
0.0
  3
*u12
  1

  0
LWPOLYLINE
  5
269
330
266
100
AcDbEntity
  8
I-LK EQPMT
 48
12.0
100
AcDbPolyline
 90
4
 70
1
 10
5.986879315214992
 20
4.914598100478997
 10
-5.986879315214992
 20
4.914598100478997
 10
-5.986879315214992
 20
-4.914598100478997
 10
5.986879315214992
 20
-4.914598100478997
  0
ENDBLK
  5
268
330
266
100
AcDbEntity
  8
0
100
AcDbBlockEnd
  0
BLOCK
  5
26B
330
26A
100
AcDbEntity
  8
0
100
AcDbBlockBegin
  2
*u13
 70
1
 10
0.0
 20
0.0
 30
0.0
  3
*u13
  1

  0
INSERT
  5
26D
330
26A
100
AcDbEntity
  8
0
  6
ByBlock
 62
0
370
-2
440
16777216
100
AcDbBlockReference
  2
*U12
 10
0.0
 20
0.0
 30
0.0
  0
INSERT
  5
26F
330
26A
100
AcDbEntity
  8
0
  6
ByBlock
 62
0
370
-2
440
16777216
100
AcDbBlockReference
  2
*U12
 10
-9e-16
 20
-14.74379430143699
 30
0.0
  0
INSERT
  5
271
330
26A
100
AcDbEntity
  8
0
  6
ByBlock
 62
0
370
-2
440
16777216
100
AcDbBlockReference
  2
*U12
 10
-1.8e-15
 20
-29.48758860287398
 30
0.0
  0
INSERT
  5
273
330
26A
100
AcDbEntity
  8
0
  6
ByBlock
 62
0
370
-2
440
16777216
100
AcDbBlockReference
  2
*U12
 10
17.96063794564498
 20
0.0
 30
0.0
  0
INSERT
  5
275
330
26A
100
AcDbEntity
  8
0
  6
ByBlock
 62
0
370
-2
440
16777216
100
AcDbBlockReference
  2
*U12
 10
17.96063794564498
 20
-14.74379430143699
 30
0.0
  0
INSERT
  5
277
330
26A
100
AcDbEntity
  8
0
  6
ByBlock
 62
0
370
-2
440
16777216
100
AcDbBlockReference
  2
*U12
 10
17.96063794564497
 20
-29.48758860287398
 30
0.0
  0
INSERT
  5
279
330
26A
100
AcDbEntity
  8
0
  6
ByBlock
 62
0
370
-2
440
16777216
100
AcDbBlockReference
  2
*U12
 10
35.92127589128995
 20
0.0
 30
0.0
  0
INSERT
  5
27B
330
26A
100
AcDbEntity
  8
0
  6
ByBlock
 62
0
370
-2
440
16777216
100
AcDbBlockReference
  2
*U12
 10
35.92127589128995
 20
-14.74379430143699
 30
0.0
  0
INSERT
  5
27D
330
26A
100
AcDbEntity
  8
0
  6
ByBlock
 62
0
370
-2
440
16777216
100
AcDbBlockReference
  2
*U12
 10
35.92127589128995
 20
-29.48758860287398
 30
0.0
  0
INSERT
  5
27F
330
26A
100
AcDbEntity
  8
0
  6
ByBlock
 62
0
370
-2
440
16777216
100
AcDbBlockReference
  2
*U12
 10
53.88191383693492
 20
0.0
 30
0.0
  0
INSERT
  5
281
330
26A
100
AcDbEntity
  8
0
  6
ByBlock
 62
0
370
-2
440
16777216
100
AcDbBlockReference
  2
*U12
 10
53.88191383693492
 20
-14.74379430143699
 30
0.0
  0
INSERT
  5
283
330
26A
100
AcDbEntity
  8
0
  6
ByBlock
 62
0
370
-2
440
16777216
100
AcDbBlockReference
  2
*U12
 10
53.88191383693492
 20
-29.48758860287398
 30
0.0
  0
INSERT
  5
285
330
26A
100
AcDbEntity
  8
0
  6
ByBlock
 62
0
370
-2
440
16777216
100
AcDbBlockReference
  2
*U12
 10
-2.7e-15
 20
-44.23138290431096
 30
0.0
  0
INSERT
  5
287
330
26A
100
AcDbEntity
  8
0
  6
ByBlock
 62
0
370
-2
440
16777216
100
AcDbBlockReference
  2
*U12
 10
-3.6e-15
 20
-58.97517720574795
 30
0.0
  0
INSERT
  5
289
330
26A
100
AcDbEntity
  8
0
  6
ByBlock
 62
0
370
-2
440
16777216
100
AcDbBlockReference
  2
*U12
 10
17.96063794564497
 20
-44.23138290431096
 30
0.0
  0
INSERT
  5
28B
330
26A
100
AcDbEntity
  8
0
  6
ByBlock
 62
0
370
-2
440
16777216
100
AcDbBlockReference
  2
*U12
 10
17.96063794564497
 20
-58.97517720574795
 30
0.0
  0
INSERT
  5
28D
330
26A
100
AcDbEntity
  8
0
  6
ByBlock
 62
0
370
-2
440
16777216
100
AcDbBlockReference
  2
*U12
 10
35.92127589128995
 20
-44.23138290431096
 30
0.0
  0
INSERT
  5
28F
330
26A
100
AcDbEntity
  8
0
  6
ByBlock
 62
0
370
-2
440
16777216
100
AcDbBlockReference
  2
*U12
 10
35.92127589128994
 20
-58.97517720574795
 30
0.0
  0
INSERT
  5
291
330
26A
100
AcDbEntity
  8
0
  6
ByBlock
 62
0
370
-2
440
16777216
100
AcDbBlockReference
  2
*U12
 10
53.88191383693492
 20
-44.23138290431096
 30
0.0
  0
INSERT
  5
293
330
26A
100
AcDbEntity
  8
0
  6
ByBlock
 62
0
370
-2
440
16777216
100
AcDbBlockReference
  2
*U12
 10
53.88191383693492
 20
-58.97517720574795
 30
0.0
  0
INSERT
  5
295
330
26A
100
AcDbEntity
  8
0
  6
ByBlock
 62
0
370
-2
440
16777216
100
AcDbBlockReference
  2
*U12
 10
71.8425517825799
 20
0.0
 30
0.0
  0
INSERT
  5
297
330
26A
100
AcDbEntity
  8
0
  6
ByBlock
 62
0
370
-2
440
16777216
100
AcDbBlockReference
  2
*U12
 10
71.8425517825799
 20
-14.74379430143699
 30
0.0
  0
INSERT
  5
299
330
26A
100
AcDbEntity
  8
0
  6
ByBlock
 62
0
370
-2
440
16777216
100
AcDbBlockReference
  2
*U12
 10
71.8425517825799
 20
-29.48758860287398
 30
0.0
  0
INSERT
  5
29B
330
26A
100
AcDbEntity
  8
0
  6
ByBlock
 62
0
370
-2
440
16777216
100
AcDbBlockReference
  2
*U12
 10
71.8425517825799
 20
-44.23138290431096
 30
0.0
  0
INSERT
  5
29D
330
26A
100
AcDbEntity
  8
0
  6
ByBlock
 62
0
370
-2
440
16777216
100
AcDbBlockReference
  2
*U12
 10
71.8425517825799
 20
-58.97517720574795
 30
0.0
  0
INSERT
  5
29F
330
26A
100
AcDbEntity
  8
0
  6
ByBlock
 62
0
370
-2
440
16777216
100
AcDbBlockReference
  2
*U12
 10
89.80318972822487
 20
0.0
 30
0.0
  0
INSERT
  5
2A1
330
26A
100
AcDbEntity
  8
0
  6
ByBlock
 62
0
370
-2
440
16777216
100
AcDbBlockReference
  2
*U12
 10
89.80318972822487
 20
-14.74379430143699
 30
0.0
  0
INSERT
  5
2A3
330
26A
100
AcDbEntity
  8
0
  6
ByBlock
 62
0
370
-2
440
16777216
100
AcDbBlockReference
  2
*U12
 10
89.80318972822487
 20
-29.48758860287398
 30
0.0
  0
INSERT
  5
2A5
330
26A
100
AcDbEntity
  8
0
  6
ByBlock
 62
0
370
-2
440
16777216
100
AcDbBlockReference
  2
*U12
 10
89.80318972822487
 20
-44.23138290431096
 30
0.0
  0
INSERT
  5
2A7
330
26A
100
AcDbEntity
  8
0
  6
ByBlock
 62
0
370
-2
440
16777216
100
AcDbBlockReference
  2
*U12
 10
89.80318972822487
 20
-58.97517720574795
 30
0.0
  0
INSERT
  5
2A9
330
26A
100
AcDbEntity
  8
0
  6
ByBlock
 62
0
370
-2
440
16777216
100
AcDbBlockReference
  2
*U12
 10
107.7638276738699
 20
0.0
 30
0.0
  0
INSERT
  5
2AB
330
26A
100
AcDbEntity
  8
0
  6
ByBlock
 62
0
370
-2
440
16777216
100
AcDbBlockReference
  2
*U12
 10
107.7638276738699
 20
-14.74379430143699
 30
0.0
  0
INSERT
  5
2AD
330
26A
100
AcDbEntity
  8
0
  6
ByBlock
 62
0
370
-2
440
16777216
100
AcDbBlockReference
  2
*U12
 10
107.7638276738699
 20
-29.48758860287398
 30
0.0
  0
INSERT
  5
2AF
330
26A
100
AcDbEntity
  8
0
  6
ByBlock
 62
0
370
-2
440
16777216
100
AcDbBlockReference
  2
*U12
 10
107.7638276738699
 20
-44.23138290431096
 30
0.0
  0
INSERT
  5
2B1
330
26A
100
AcDbEntity
  8
0
  6
ByBlock
 62
0
370
-2
440
16777216
100
AcDbBlockReference
  2
*U12
 10
107.7638276738699
 20
-58.97517720574795
 30
0.0
  0
INSERT
  5
2B3
330
26A
100
AcDbEntity
  8
0
  6
ByBlock
 62
0
370
-2
440
16777216
100
AcDbBlockReference
  2
*U12
 10
125.7244656195148
 20
0.0
 30
0.0
  0
INSERT
  5
2B5
330
26A
100
AcDbEntity
  8
0
  6
ByBlock
 62
0
370
-2
440
16777216
100
AcDbBlockReference
  2
*U12
 10
125.7244656195148
 20
-14.74379430143699
 30
0.0
  0
INSERT
  5
2B7
330
26A
100
AcDbEntity
  8
0
  6
ByBlock
 62
0
370
-2
440
16777216
100
AcDbBlockReference
  2
*U12
 10
125.7244656195148
 20
-29.48758860287398
 30
0.0
  0
INSERT
  5
2B9
330
26A
100
AcDbEntity
  8
0
  6
ByBlock
 62
0
370
-2
440
16777216
100
AcDbBlockReference
  2
*U12
 10
125.7244656195148
 20
-44.23138290431096
 30
0.0
  0
INSERT
  5
2BB
330
26A
100
AcDbEntity
  8
0
  6
ByBlock
 62
0
370
-2
440
16777216
100
AcDbBlockReference
  2
*U12
 10
125.7244656195148
 20
-58.97517720574795
 30
0.0
  0
INSERT
  5
2BD
330
26A
100
AcDbEntity
  8
0
  6
ByBlock
 62
0
370
-2
440
16777216
100
AcDbBlockReference
  2
*U12
 10
143.6851035651598
 20
0.0
 30
0.0
  0
INSERT
  5
2BF
330
26A
100
AcDbEntity
  8
0
  6
ByBlock
 62
0
370
-2
440
16777216
100
AcDbBlockReference
  2
*U12
 10
143.6851035651598
 20
-14.74379430143699
 30
0.0
  0
INSERT
  5
2C1
330
26A
100
AcDbEntity
  8
0
  6
ByBlock
 62
0
370
-2
440
16777216
100
AcDbBlockReference
  2
*U12
 10
143.6851035651598
 20
-29.48758860287398
 30
0.0
  0
INSERT
  5
2C3
330
26A
100
AcDbEntity
  8
0
  6
ByBlock
 62
0
370
-2
440
16777216
100
AcDbBlockReference
  2
*U12
 10
143.6851035651598
 20
-44.23138290431096
 30
0.0
  0
INSERT
  5
2C5
330
26A
100
AcDbEntity
  8
0
  6
ByBlock
 62
0
370
-2
440
16777216
100
AcDbBlockReference
  2
*U12
 10
143.6851035651598
 20
-58.97517720574795
 30
0.0
  0
INSERT
  5
2C7
330
26A
100
AcDbEntity
  8
0
  6
ByBlock
 62
0
370
-2
440
16777216
100
AcDbBlockReference
  2
*U12
 10
161.6457415108048
 20
0.0
 30
0.0
  0
INSERT
  5
2C9
330
26A
100
AcDbEntity
  8
0
  6
ByBlock
 62
0
370
-2
440
16777216
100
AcDbBlockReference
  2
*U12
 10
161.6457415108048
 20
-14.74379430143699
 30
0.0
  0
INSERT
  5
2CB
330
26A
100
AcDbEntity
  8
0
  6
ByBlock
 62
0
370
-2
440
16777216
100
AcDbBlockReference
  2
*U12
 10
161.6457415108048
 20
-29.48758860287398
 30
0.0
  0
INSERT
  5
2CD
330
26A
100
AcDbEntity
  8
0
  6
ByBlock
 62
0
370
-2
440
16777216
100
AcDbBlockReference
  2
*U12
 10
161.6457415108048
 20
-44.23138290431096
 30
0.0
  0
INSERT
  5
2CF
330
26A
100
AcDbEntity
  8
0
  6
ByBlock
 62
0
370
-2
440
16777216
100
AcDbBlockReference
  2
*U12
 10
161.6457415108048
 20
-58.97517720574795
 30
0.0
  0
INSERT
  5
2D1
330
26A
100
AcDbEntity
  8
0
  6
ByBlock
 62
0
370
-2
440
16777216
100
AcDbBlockReference
  2
*U12
 10
179.6063794564498
 20
0.0
 30
0.0
  0
INSERT
  5
2D3
330
26A
100
AcDbEntity
  8
0
  6
ByBlock
 62
0
370
-2
440
16777216
100
AcDbBlockReference
  2
*U12
 10
179.6063794564498
 20
-14.74379430143699
 30
0.0
  0
INSERT
  5
2D5
330
26A
100
AcDbEntity
  8
0
  6
ByBlock
 62
0
370
-2
440
16777216
100
AcDbBlockReference
  2
*U12
 10
179.6063794564498
 20
-29.48758860287398
 30
0.0
  0
INSERT
  5
2D7
330
26A
100
AcDbEntity
  8
0
  6
ByBlock
 62
0
370
-2
440
16777216
100
AcDbBlockReference
  2
*U12
 10
179.6063794564498
 20
-44.23138290431096
 30
0.0
  0
INSERT
  5
2D9
330
26A
100
AcDbEntity
  8
0
  6
ByBlock
 62
0
370
-2
440
16777216
100
AcDbBlockReference
  2
*U12
 10
179.6063794564498
 20
-58.97517720574795
 30
0.0
  0
INSERT
  5
2DB
330
26A
100
AcDbEntity
  8
0
  6
ByBlock
 62
0
370
-2
440
16777216
100
AcDbBlockReference
  2
*U12
 10
197.5670174020947
 20
0.0
 30
0.0
  0
INSERT
  5
2DD
330
26A
100
AcDbEntity
  8
0
  6
ByBlock
 62
0
370
-2
440
16777216
100
AcDbBlockReference
  2
*U12
 10
197.5670174020947
 20
-14.74379430143699
 30
0.0
  0
INSERT
  5
2DF
330
26A
100
AcDbEntity
  8
0
  6
ByBlock
 62
0
370
-2
440
16777216
100
AcDbBlockReference
  2
*U12
 10
197.5670174020947
 20
-29.48758860287398
 30
0.0
  0
INSERT
  5
2E1
330
26A
100
AcDbEntity
  8
0
  6
ByBlock
 62
0
370
-2
440
16777216
100
AcDbBlockReference
  2
*U12
 10
197.5670174020947
 20
-44.23138290431096
 30
0.0
  0
INSERT
  5
2E3
330
26A
100
AcDbEntity
  8
0
  6
ByBlock
 62
0
370
-2
440
16777216
100
AcDbBlockReference
  2
*U12
 10
197.5670174020947
 20
-58.97517720574795
 30
0.0
  0
INSERT
  5
2E5
330
26A
100
AcDbEntity
  8
0
  6
ByBlock
 62
0
370
-2
440
16777216
100
AcDbBlockReference
  2
*U12
 10
215.5276553477397
 20
0.0
 30
0.0
  0
INSERT
  5
2E7
330
26A
100
AcDbEntity
  8
0
  6
ByBlock
 62
0
370
-2
440
16777216
100
AcDbBlockReference
  2
*U12
 10
215.5276553477397
 20
-14.74379430143699
 30
0.0
  0
INSERT
  5
2E9
330
26A
100
AcDbEntity
  8
0
  6
ByBlock
 62
0
370
-2
440
16777216
100
AcDbBlockReference
  2
*U12
 10
215.5276553477397
 20
-29.48758860287398
 30
0.0
  0
INSERT
  5
2EB
330
26A
100
AcDbEntity
  8
0
  6
ByBlock
 62
0
370
-2
440
16777216
100
AcDbBlockReference
  2
*U12
 10
215.5276553477397
 20
-44.23138290431096
 30
0.0
  0
INSERT
  5
2ED
330
26A
100
AcDbEntity
  8
0
  6
ByBlock
 62
0
370
-2
440
16777216
100
AcDbBlockReference
  2
*U12
 10
215.5276553477397
 20
-58.97517720574795
 30
0.0
  0
INSERT
  5
2EF
330
26A
100
AcDbEntity
  8
0
  6
ByBlock
 62
0
370
-2
440
16777216
100
AcDbBlockReference
  2
*U12
 10
233.4882932933847
 20
0.0
 30
0.0
  0
INSERT
  5
2F1
330
26A
100
AcDbEntity
  8
0
  6
ByBlock
 62
0
370
-2
440
16777216
100
AcDbBlockReference
  2
*U12
 10
233.4882932933847
 20
-14.74379430143699
 30
0.0
  0
INSERT
  5
2F3
330
26A
100
AcDbEntity
  8
0
  6
ByBlock
 62
0
370
-2
440
16777216
100
AcDbBlockReference
  2
*U12
 10
233.4882932933847
 20
-29.48758860287398
 30
0.0
  0
INSERT
  5
2F5
330
26A
100
AcDbEntity
  8
0
  6
ByBlock
 62
0
370
-2
440
16777216
100
AcDbBlockReference
  2
*U12
 10
233.4882932933847
 20
-44.23138290431096
 30
0.0
  0
INSERT
  5
2F7
330
26A
100
AcDbEntity
  8
0
  6
ByBlock
 62
0
370
-2
440
16777216
100
AcDbBlockReference
  2
*U12
 10
233.4882932933847
 20
-58.97517720574795
 30
0.0
  0
INSERT
  5
2F9
330
26A
100
AcDbEntity
  8
0
  6
ByBlock
 62
0
370
-2
440
16777216
100
AcDbBlockReference
  2
*U12
 10
251.4489312390297
 20
0.0
 30
0.0
  0
INSERT
  5
2FB
330
26A
100
AcDbEntity
  8
0
  6
ByBlock
 62
0
370
-2
440
16777216
100
AcDbBlockReference
  2
*U12
 10
251.4489312390297
 20
-14.74379430143699
 30
0.0
  0
INSERT
  5
2FD
330
26A
100
AcDbEntity
  8
0
  6
ByBlock
 62
0
370
-2
440
16777216
100
AcDbBlockReference
  2
*U12
 10
251.4489312390297
 20
-29.48758860287398
 30
0.0
  0
INSERT
  5
2FF
330
26A
100
AcDbEntity
  8
0
  6
ByBlock
 62
0
370
-2
440
16777216
100
AcDbBlockReference
  2
*U12
 10
251.4489312390297
 20
-44.23138290431096
 30
0.0
  0
INSERT
  5
301
330
26A
100
AcDbEntity
  8
0
  6
ByBlock
 62
0
370
-2
440
16777216
100
AcDbBlockReference
  2
*U12
 10
251.4489312390297
 20
-58.97517720574795
 30
0.0
  0
INSERT
  5
303
330
26A
100
AcDbEntity
  8
0
  6
ByBlock
 62
0
370
-2
440
16777216
100
AcDbBlockReference
  2
*U12
 10
269.4095691846746
 20
0.0
 30
0.0
  0
INSERT
  5
305
330
26A
100
AcDbEntity
  8
0
  6
ByBlock
 62
0
370
-2
440
16777216
100
AcDbBlockReference
  2
*U12
 10
269.4095691846746
 20
-14.74379430143699
 30
0.0
  0
INSERT
  5
307
330
26A
100
AcDbEntity
  8
0
  6
ByBlock
 62
0
370
-2
440
16777216
100
AcDbBlockReference
  2
*U12
 10
269.4095691846746
 20
-29.48758860287398
 30
0.0
  0
INSERT
  5
309
330
26A
100
AcDbEntity
  8
0
  6
ByBlock
 62
0
370
-2
440
16777216
100
AcDbBlockReference
  2
*U12
 10
269.4095691846746
 20
-44.23138290431096
 30
0.0
  0
INSERT
  5
30B
330
26A
100
AcDbEntity
  8
0
  6
ByBlock
 62
0
370
-2
440
16777216
100
AcDbBlockReference
  2
*U12
 10
269.4095691846746
 20
-58.97517720574795
 30
0.0
  0
INSERT
  5
30D
330
26A
100
AcDbEntity
  8
0
  6
ByBlock
 62
0
370
-2
440
16777216
100
AcDbBlockReference
  2
*U12
 10
287.3702071303196
 20
0.0
 30
0.0
  0
INSERT
  5
30F
330
26A
100
AcDbEntity
  8
0
  6
ByBlock
 62
0
370
-2
440
16777216
100
AcDbBlockReference
  2
*U12
 10
287.3702071303196
 20
-14.74379430143699
 30
0.0
  0
INSERT
  5
311
330
26A
100
AcDbEntity
  8
0
  6
ByBlock
 62
0
370
-2
440
16777216
100
AcDbBlockReference
  2
*U12
 10
287.3702071303196
 20
-29.48758860287398
 30
0.0
  0
INSERT
  5
313
330
26A
100
AcDbEntity
  8
0
  6
ByBlock
 62
0
370
-2
440
16777216
100
AcDbBlockReference
  2
*U12
 10
287.3702071303196
 20
-44.23138290431096
 30
0.0
  0
INSERT
  5
315
330
26A
100
AcDbEntity
  8
0
  6
ByBlock
 62
0
370
-2
440
16777216
100
AcDbBlockReference
  2
*U12
 10
287.3702071303196
 20
-58.97517720574795
 30
0.0
  0
INSERT
  5
317
330
26A
100
AcDbEntity
  8
0
  6
ByBlock
 62
0
370
-2
440
16777216
100
AcDbBlockReference
  2
*U12
 10
305.3308450759646
 20
0.0
 30
0.0
  0
INSERT
  5
319
330
26A
100
AcDbEntity
  8
0
  6
ByBlock
 62
0
370
-2
440
16777216
100
AcDbBlockReference
  2
*U12
 10
305.3308450759646
 20
-14.74379430143699
 30
0.0
  0
INSERT
  5
31B
330
26A
100
AcDbEntity
  8
0
  6
ByBlock
 62
0
370
-2
440
16777216
100
AcDbBlockReference
  2
*U12
 10
305.3308450759646
 20
-29.48758860287398
 30
0.0
  0
INSERT
  5
31D
330
26A
100
AcDbEntity
  8
0
  6
ByBlock
 62
0
370
-2
440
16777216
100
AcDbBlockReference
  2
*U12
 10
305.3308450759646
 20
-44.23138290431096
 30
0.0
  0
INSERT
  5
31F
330
26A
100
AcDbEntity
  8
0
  6
ByBlock
 62
0
370
-2
440
16777216
100
AcDbBlockReference
  2
*U12
 10
305.3308450759646
 20
-58.97517720574795
 30
0.0
  0
INSERT
  5
321
330
26A
100
AcDbEntity
  8
0
  6
ByBlock
 62
0
370
-2
440
16777216
100
AcDbBlockReference
  2
*U12
 10
323.2914830216096
 20
0.0
 30
0.0
  0
INSERT
  5
323
330
26A
100
AcDbEntity
  8
0
  6
ByBlock
 62
0
370
-2
440
16777216
100
AcDbBlockReference
  2
*U12
 10
323.2914830216096
 20
-14.74379430143699
 30
0.0
  0
INSERT
  5
325
330
26A
100
AcDbEntity
  8
0
  6
ByBlock
 62
0
370
-2
440
16777216
100
AcDbBlockReference
  2
*U12
 10
323.2914830216096
 20
-29.48758860287398
 30
0.0
  0
INSERT
  5
327
330
26A
100
AcDbEntity
  8
0
  6
ByBlock
 62
0
370
-2
440
16777216
100
AcDbBlockReference
  2
*U12
 10
323.2914830216096
 20
-44.23138290431096
 30
0.0
  0
INSERT
  5
329
330
26A
100
AcDbEntity
  8
0
  6
ByBlock
 62
0
370
-2
440
16777216
100
AcDbBlockReference
  2
*U12
 10
323.2914830216096
 20
-58.97517720574795
 30
0.0
  0
ENDBLK
  5
26C
330
26A
100
AcDbEntity
  8
0
100
AcDbBlockEnd
  0
BLOCK
  5
32C
330
32B
100
AcDbEntity
  8
0
100
AcDbBlockBegin
  2
*d14
 70
1
 10
0.0
 20
0.0
 30
0.0
  3
*d14
  1

  0
LINE
  5
32E
330
32B
100
AcDbEntity
  8
I-LK DIM
  6
HIDDEN
 62
8
370
0
440
16777216
100
AcDbLine
 10
1869.990023858845
 20
1416.486665623589
 30
0.0
 11
1869.990023858845
 21
1409.530220191553
 31
0.0
  0
LINE
  5
32F
330
32B
100
AcDbEntity
  8
I-LK DIM
  6
HIDDEN
 62
8
370
0
440
16777216
100
AcDbLine
 10
1494.950297571719
 20
1414.441832098039
 30
0.0
 11
1494.950297571719
 21
1409.530220191553
 31
0.0
  0
LINE
  5
330
330
32B
100
AcDbEntity
  8
I-LK DIM
 62
8
370
5
440
16777216
100
AcDbLine
 10
1895.590023858845
 20
1435.130220191553
 30
0.0
 11
1768.95720027872
 21
1435.130220191553
 31
0.0
  0
LINE
  5
331
330
32B
100
AcDbEntity
  8
I-LK DIM
 62
8
370
5
440
16777216
100
AcDbLine
 10
1469.350297571719
 20
1435.130220191553
 30
0.0
 11
1595.983121151844
 21
1435.130220191553
 31
0.0
  0
INSERT
  5
332
330
32B
100
AcDbEntity
  8
I-LK DIM
 62
8
370
5
440
16777216
100
AcDbBlockReference
  2
_ArchTick
 10
1869.990023858845
 20
1435.130220191553
 30
0.0
 41
26.0
 42
26.0
 43
26.0
  0
INSERT
  5
334
330
32B
100
AcDbEntity
  8
I-LK DIM
 62
8
370
5
440
16777216
100
AcDbBlockReference
  2
_ArchTick
 10
1494.950297571719
 20
1435.130220191553
 30
0.0
 41
26.0
 42
26.0
 43
26.0
 50
180.0
  0
MTEXT
  5
336
330
32B
100
AcDbEntity
  8
I-LK DIM
440
16777216
100
AcDbMText
 10
1682.470160715282
 20
1435.130220191553
 30
0.0
 40
60.0
 41
0.0
 46
0.0
 71
5
  1
\A1;375
 11
-1.0
 21
-1e-16
 31
0.0
  0
POINT
  5
337
330
32B
100
AcDbEntity
  8
Defpoints
 62
0
440
16777216
100
AcDbPoint
 10
1869.990023858845
 20
1442.086665623589
 30
0.0
  0
POINT
  5
338
330
32B
100
AcDbEntity
  8
Defpoints
 62
0
440
16777216
100
AcDbPoint
 10
1494.950297571719
 20
1440.041832098039
 30
0.0
  0
POINT
  5
339
330
32B
100
AcDbEntity
  8
Defpoints
 62
0
440
16777216
100
AcDbPoint
 10
1494.950297571719
 20
1435.130220191553
 30
0.0
  0
ENDBLK
  5
32D
330
32B
100
AcDbEntity
  8
0
100
AcDbBlockEnd
  0
BLOCK
  5
33B
330
33A
100
AcDbEntity
  8
0
100
AcDbBlockBegin
  2
roc_clinic
 70
0
 10
0.0
 20
0.0
 30
0.0
  3
roc_clinic
  1

  0
LWPOLYLINE
  5
33D
330
33A
100
AcDbEntity
  8
I-LK CURTAIN
 48
5.0
100
AcDbPolyline
 90
4
 70
1
 10
100.0
 20
0.0
 10
850.0000000000072
 20
0.0
 10
850.0000000000072
 20
100.0
 10
100.0
 20
100.0
  0
LWPOLYLINE
  5
33E
330
33A
100
AcDbEntity
  8
I-LK PARTITION
100
AcDbPolyline
 90
4
 70
1
 10
850.0000000000072
 20
100.0
 10
2500.000000000007
 20
100.0
 10
2500.000000000007
 20
0.0
 10
850.0000000000072
 20
0.0
  0
LWPOLYLINE
  5
33F
330
33A
100
AcDbEntity
  8
I-LK PARTITION
100
AcDbPolyline
 90
4
 70
1
 10
2500.000000014905
 20
1599.999999999069
 10
0.0
 20
1600.000000000007
 10
0.0
 20
1700.000000000003
 10
2500.000000014905
 20
1699.999999999069
  0
LWPOLYLINE
  5
340
330
33A
100
AcDbEntity
  8
I-LK PARTITION
100
AcDbPolyline
 90
4
 70
1
 10
0.0
 20
1600.000000000007
 10
100.0
 20
1600.000000000007
 10
100.0
 20
0.0
 10
0.0
 20
0.0
  0
LWPOLYLINE
  5
341
330
33A
100
AcDbEntity
  8
I-LK PARTITION
100
AcDbPolyline
 90
4
 70
1
 10
2500.000000000007
 20
0.0
 10
2500.000000014905
 20
1700.000000000003
 10
2600.000000014905
 20
1700.000000000003
 10
2600.000000000008
 20
0.0
  0
INSERT
  5
342
330
33A
100
AcDbEntity
  8
0
100
AcDbBlockReference
  2
A$C4fdbbfdd
 10
7.4505806e-09
 20
0.0
 30
0.0
  0
ENDBLK
  5
33C
330
33A
100
AcDbEntity
  8
0
100
AcDbBlockEnd
  0
BLOCK
  5
347
330
346
100
AcDbEntity
  8
0
100
AcDbBlockBegin
  2
SOFA_1
 70
0
 10
0.0
 20
0.0
 30
0.0
  3
SOFA_1
  1

  0
INSERT
  5
349
330
346
100
AcDbEntity
  8
I-LK FF&E
100
AcDbBlockReference
  2
NESTING TABLES
 10
674.9999999999999
 20
487.5
 30
0.0
 50
180.0
  0
ENDBLK
  5
348
330
346
100
AcDbEntity
  8
0
100
AcDbBlockEnd
  0
BLOCK
  5
34C
330
34B
100
AcDbEntity
  8
0
100
AcDbBlockBegin
  2
nesting tables
 70
0
 10
0.0
 20
0.0
 30
0.0
  3
nesting tables
  1

  0
LWPOLYLINE
  5
34E
330
34B
100
AcDbEntity
  8
LN-ELEVATION-1
100
AcDbPolyline
 90
16
 70
1
 10
315.0
 20
487.4999999999998
 10
635.0
 20
487.4999999999998
 42
-0.4142135623730951
 10
675.0
 20
447.4999999999998
 10
674.9999999999998
 20
-447.5000000000001
 42
-0.4142135623730951
 10
634.9999999999997
 20
-487.5000000000001
 10
-635.0000000000002
 20
-487.4999999999998
 42
-0.4142135623730951
 10
-675.0000000000002
 20
-447.4999999999998
 10
-675.0
 20
447.5000000000001
 42
-0.4142135623730951
 10
-635.0
 20
487.5000000000001
 10
-315.0
 20
487.5000000000001
 42
-0.4142135623730951
 10
-275.0
 20
447.5
 10
-275.0
 20
-47.5
 42
0.4142135623730951
 10
-235.0000000000001
 20
-87.5
 10
234.9999999999998
 20
-87.5
 42
0.4142135623730951
 10
274.9999999999998
 20
-47.5
 10
275.0
 20
447.5
 42
-0.4142135623730951
  0
LWPOLYLINE
  5
34F
330
34B
100
AcDbEntity
  8
LN-ELEVATION-3
100
AcDbPolyline
 90
8
 70
1
 10
325.0
 20
437.5
 10
625.0
 20
437.4999999999998
 10
624.9999999999998
 20
-437.5000000000001
 10
-625.0
 20
-437.4999999999998
 10
-625.0
 20
437.5000000000001
 10
-325.0
 20
437.5
 10
-325.0000000000001
 20
-137.4999999999999
 10
324.9999999999998
 20
-137.5000000000001
  0
LWPOLYLINE
  5
350
330
34B
100
AcDbEntity
  8
LN-ELEVATION-3
100
AcDbPolyline
 90
8
 70
1
 10
345.0
 20
417.4999999999998
 10
605.0
 20
417.4999999999998
 10
604.9999999999998
 20
-417.5000000000001
 10
-605.0000000000001
 20
-417.4999999999998
 10
-605.0
 20
417.5000000000001
 10
-345.0
 20
417.4999999999998
 10
-345.0000000000002
 20
-157.4999999999999
 10
344.9999999999998
 20
-157.5000000000001
  0
LWPOLYLINE
  5
351
330
34B
100
AcDbEntity
  8
LN-ELEVATION-2
  6
ByBlock
 62
0
370
-2
100
AcDbPolyline
 90
8
 70
1
 10
-300.0
 20
447.5
 10
-300.0000000000001
 20
-72.5
 42
0.4142135623730951
 10
-260.0
 20
-112.5
 10
259.9999999999998
 20
-112.5
 42
0.4142135623730951
 10
299.9999999999998
 20
-72.5
 10
300.0
 20
447.5
 42
0.4142135623730951
 10
260.0
 20
487.5
 10
-260.0
 20
487.5
 42
0.4142135623730951
  0
LWPOLYLINE
  5
352
330
34B
100
AcDbEntity
  8
LN-ELEVATION-3
100
AcDbPolyline
 90
4
 70
1
 10
-250.0
 20
437.5
 10
-250.0000000000001
 20
-62.5
 10
249.9999999999998
 20
-62.5
 10
250.0
 20
437.5
  0
LWPOLYLINE
  5
353
330
34B
100
AcDbEntity
  8
LN-ELEVATION-3
100
AcDbPolyline
 90
4
 70
1
 10
-230.0
 20
417.4999999999998
 10
-230.0000000000001
 20
-42.5
 10
230.0
 20
-42.5
 10
230.0
 20
417.4999999999998
  0
LWPOLYLINE
  5
354
330
34B
100
AcDbEntity
  8
LN-ELEVATION-3
100
AcDbPolyline
 90
4
 70
1
 10
230.0
 20
417.4999999999998
 10
230.0
 20
437.5
 10
250.0
 20
437.5
 10
250.0
 20
417.4999999999998
  0
LWPOLYLINE
  5
355
330
34B
100
AcDbEntity
  8
LN-ELEVATION-3
100
AcDbPolyline
 90
4
 70
1
 10
230.0
 20
-42.5
 10
229.9999999999998
 20
-62.5
 10
249.9999999999998
 20
-62.5
 10
250.0
 20
-42.5
  0
LWPOLYLINE
  5
356
330
34B
100
AcDbEntity
  8
LN-ELEVATION-3
100
AcDbPolyline
 90
4
 70
1
 10
-230.0
 20
417.4999999999998
 10
-230.0
 20
437.5
 10
-250.0
 20
437.5
 10
-250.0
 20
417.4999999999998
  0
LWPOLYLINE
  5
357
330
34B
100
AcDbEntity
  8
LN-ELEVATION-3
100
AcDbPolyline
 90
4
 70
1
 10
-230.0000000000001
 20
-42.5
 10
-230.0000000000001
 20
-62.5
 10
-250.0000000000001
 20
-62.5
 10
-250.0000000000001
 20
-42.5
  0
LWPOLYLINE
  5
358
330
34B
100
AcDbEntity
  8
LN-ELEVATION-3
100
AcDbPolyline
 90
4
 70
1
 10
605.0
 20
417.4999999999998
 10
605.0
 20
437.4999999999998
 10
625.0
 20
437.4999999999998
 10
625.0
 20
417.4999999999998
  0
LWPOLYLINE
  5
359
330
34B
100
AcDbEntity
  8
LN-ELEVATION-3
100
AcDbPolyline
 90
4
 70
1
 10
345.0
 20
417.4999999999998
 10
345.0
 20
437.4999999999998
 10
325.0
 20
437.5
 10
325.0
 20
417.4999999999998
  0
LWPOLYLINE
  5
35A
330
34B
100
AcDbEntity
  8
LN-ELEVATION-3
100
AcDbPolyline
 90
4
 70
1
 10
604.9999999999998
 20
-417.5000000000001
 10
604.9999999999998
 20
-437.5000000000001
 10
624.9999999999998
 20
-437.5000000000001
 10
624.9999999999998
 20
-417.5000000000001
  0
LWPOLYLINE
  5
35B
330
34B
100
AcDbEntity
  8
LN-ELEVATION-3
100
AcDbPolyline
 90
4
 70
1
 10
324.9999999999998
 20
-137.5000000000001
 10
324.9999999999998
 20
-157.5000000000001
 10
344.9999999999998
 20
-157.5000000000001
 10
344.9999999999998
 20
-137.5000000000001
  0
LWPOLYLINE
  5
35C
330
34B
100
AcDbEntity
  8
LN-ELEVATION-3
100
AcDbPolyline
 90
4
 70
1
 10
-325.0000000000001
 20
-137.4999999999999
 10
-325.0000000000001
 20
-157.4999999999999
 10
-345.0000000000002
 20
-157.4999999999999
 10
-345.0000000000002
 20
-137.4999999999999
  0
LWPOLYLINE
  5
35D
330
34B
100
AcDbEntity
  8
LN-ELEVATION-3
100
AcDbPolyline
 90
4
 70
1
 10
-325.0
 20
437.5
 10
-325.0
 20
417.4999999999998
 10
-345.0
 20
417.4999999999998
 10
-345.0
 20
437.5000000000001
  0
LWPOLYLINE
  5
35E
330
34B
100
AcDbEntity
  8
LN-ELEVATION-3
100
AcDbPolyline
 90
4
 70
1
 10
-605.0
 20
417.5000000000001
 10
-605.0
 20
437.5000000000001
 10
-625.0
 20
437.5000000000001
 10
-625.0
 20
417.5000000000001
  0
LWPOLYLINE
  5
35F
330
34B
100
AcDbEntity
  8
LN-ELEVATION-3
100
AcDbPolyline
 90
4
 70
1
 10
-605.0000000000001
 20
-417.4999999999998
 10
-605.0000000000001
 20
-437.4999999999998
 10
-625.0
 20
-437.4999999999998
 10
-625.0
 20
-417.4999999999998
  0
ENDBLK
  5
34D
330
34B
100
AcDbEntity
  8
0
100
AcDbBlockEnd
  0
BLOCK
  5
365
330
364
100
AcDbEntity
  8
0
100
AcDbBlockBegin
  2
STAFF_RACK_4
 70
0
 10
0.0
 20
0.0
 30
0.0
  3
STAFF_RACK_4
  1

  0
LWPOLYLINE
  5
367
330
364
100
AcDbEntity
  8
I-LK FF&E
100
AcDbPolyline
 90
4
 70
1
 10
900.0
 20
468.1304884285964
 10
0.0
 20
468.1304884285964
 10
0.0
 20
18.13048842859643
 10
900.0
 20
18.13048842859643
  0
MTEXT
  5
368
102
{ACAD_XDICTIONARY
360
369
102
}
330
364
100
AcDbEntity
  8
I-LK TEXT
  6
Continuous
 62
0
 48
3.0
100
AcDbMText
 10
-97.90831983360341
 20
361.4909222841868
 30
0.0
 40
100.0
 41
1099.486866972409
 46
0.0
 71
1
 72
5
  1
\pxqc;STAFF\P RACK
  7
LK TXT
 11
1.0
 21
-1.1e-15
 31
0.0
1001
ACAD
1000
ACAD_MTEXT_COLUMN_INFO_BEGIN
1070
75
1070
2
1070
79
1070
0
1070
76
1070
1
1070
78
1070
0
1070
48
1040
1099.486866972409
1070
49
1040
0.9999999999999992
1070
50
1070
1
1040
0.0
1000
ACAD_MTEXT_COLUMN_INFO_END
1000
ACAD_MTEXT_COLUMNS_BEGIN
1070
47
1070
1
1000
ACAD_MTEXT_COLUMNS_END
  0
ENDBLK
  5
366
330
364
100
AcDbEntity
  8
0
100
AcDbBlockEnd
  0
BLOCK
  5
36D
330
36C
100
AcDbEntity
  8
0
100
AcDbBlockBegin
  2
VC_FIXTURE_MEDIUM_5
 70
0
 10
0.0
 20
0.0
 30
0.0
  3
VC_FIXTURE_MEDIUM_5
  1

  0
INSERT
  5
36F
330
36C
100
AcDbEntity
  8
I-LK FF&E
100
AcDbBlockReference
  2
1010MM VC PLAN
 10
511.833333333022
 20
226.0
 30
0.0
 41
-1.0
  0
ENDBLK
  5
36E
330
36C
100
AcDbEntity
  8
0
100
AcDbBlockEnd
  0
BLOCK
  5
374
330
373
100
AcDbEntity
  8
0
100
AcDbBlockBegin
  2
STAFF_RACK_5
 70
0
 10
0.0
 20
0.0
 30
0.0
  3
STAFF_RACK_5
  1

  0
LWPOLYLINE
  5
376
330
373
100
AcDbEntity
  8
I-LK FF&E
100
AcDbPolyline
 90
4
 70
1
 10
900.0
 20
468.1304884285964
 10
0.0
 20
468.1304884285964
 10
0.0
 20
18.13048842859643
 10
900.0
 20
18.13048842859643
  0
MTEXT
  5
377
102
{ACAD_XDICTIONARY
360
378
102
}
330
373
100
AcDbEntity
  8
I-LK TEXT
  6
Continuous
 62
0
 48
3.0
100
AcDbMText
 10
-97.90831983360341
 20
361.4909222841868
 30
0.0
 40
100.0
 41
1099.486866972409
 46
0.0
 71
1
 72
5
  1
\pxqc;STAFF\P RACK
  7
LK TXT
 11
1.0
 21
-1.1e-15
 31
0.0
1001
ACAD
1000
ACAD_MTEXT_COLUMN_INFO_BEGIN
1070
75
1070
2
1070
79
1070
0
1070
76
1070
1
1070
78
1070
0
1070
48
1040
1099.486866972409
1070
49
1040
0.9999999999999992
1070
50
1070
1
1040
0.0
1000
ACAD_MTEXT_COLUMN_INFO_END
1000
ACAD_MTEXT_COLUMNS_BEGIN
1070
47
1070
1
1000
ACAD_MTEXT_COLUMNS_END
  0
ENDBLK
  5
375
330
373
100
AcDbEntity
  8
0
100
AcDbBlockEnd
  0
BLOCK
  5
380
330
37F
100
AcDbEntity
  8
0
100
AcDbBlockBegin
  2
VC_FIXTURE_MEDIUM_6
 70
0
 10
0.0
 20
0.0
 30
0.0
  3
VC_FIXTURE_MEDIUM_6
  1

  0
INSERT
  5
382
330
37F
100
AcDbEntity
  8
I-LK FF&E
100
AcDbBlockReference
  2
1010MM VC PLAN
 10
511.833333333022
 20
226.0
 30
0.0
 41
-1.0
  0
ENDBLK
  5
381
330
37F
100
AcDbEntity
  8
0
100
AcDbBlockEnd
  0
BLOCK
  5
38B
330
38A
100
AcDbEntity
  8
0
100
AcDbBlockBegin
  2
VC_FIXTURE_LARGE_4
 70
0
 10
0.0
 20
0.0
 30
0.0
  3
VC_FIXTURE_LARGE_4
  1

  0
INSERT
  5
38D
330
38A
100
AcDbEntity
  8
I-LK FF&E
100
AcDbBlockReference
  2
12MM VC PLAN
 10
-4.547e-13
 20
0.0
 30
0.0
 41
-1.0
  0
ENDBLK
  5
38C
330
38A
100
AcDbEntity
  8
0
100
AcDbBlockEnd
  0
BLOCK
  5
392
330
391
100
AcDbEntity
  8
0
100
AcDbBlockBegin
  2
VC_FIXTURE_MEDIUM_7
 70
0
 10
0.0
 20
0.0
 30
0.0
  3
VC_FIXTURE_MEDIUM_7
  1

  0
INSERT
  5
394
330
391
100
AcDbEntity
  8
I-LK FF&E
100
AcDbBlockReference
  2
1010MM VC PLAN
 10
511.833333333022
 20
226.0
 30
0.0
 41
-1.0
  0
ENDBLK
  5
393
330
391
100
AcDbEntity
  8
0
100
AcDbBlockEnd
  0
BLOCK
  5
399
330
398
100
AcDbEntity
  8
0
100
AcDbBlockBegin
  2
VC_FIXTURE_MEDIUM_8
 70
0
 10
0.0
 20
0.0
 30
0.0
  3
VC_FIXTURE_MEDIUM_8
  1

  0
INSERT
  5
39B
330
398
100
AcDbEntity
  8
I-LK FF&E
100
AcDbBlockReference
  2
1010MM VC PLAN
 10
511.833333333022
 20
226.0
 30
0.0
 41
-1.0
  0
ENDBLK
  5
39A
330
398
100
AcDbEntity
  8
0
100
AcDbBlockEnd
  0
BLOCK
  5
3A0
330
39F
100
AcDbEntity
  8
0
100
AcDbBlockBegin
  2
VC_FIXTURE_MEDIUM_9
 70
0
 10
0.0
 20
0.0
 30
0.0
  3
VC_FIXTURE_MEDIUM_9
  1

  0
INSERT
  5
3A2
330
39F
100
AcDbEntity
  8
I-LK FF&E
100
AcDbBlockReference
  2
1010MM VC PLAN
 10
511.833333333022
 20
226.0
 30
0.0
 41
-1.0
  0
ENDBLK
  5
3A1
330
39F
100
AcDbEntity
  8
0
100
AcDbBlockEnd
  0
BLOCK
  5
3A7
330
3A6
100
AcDbEntity
  8
0
100
AcDbBlockBegin
  2
VC_FIXTURE_MEDIUM_10
 70
0
 10
0.0
 20
0.0
 30
0.0
  3
VC_FIXTURE_MEDIUM_10
  1

  0
INSERT
  5
3A9
330
3A6
100
AcDbEntity
  8
I-LK FF&E
100
AcDbBlockReference
  2
1010MM VC PLAN
 10
511.833333333022
 20
226.0
 30
0.0
 41
-1.0
  0
ENDBLK
  5
3A8
330
3A6
100
AcDbEntity
  8
0
100
AcDbBlockEnd
  0
BLOCK
  5
3B2
330
3B1
100
AcDbEntity
  8
0
100
AcDbBlockBegin
  2
EURO_CENTRE_1
 70
0
 10
0.0
 20
0.0
 30
0.0
  3
EURO_CENTRE_1
  1

  0
INSERT
  5
3B4
330
3B1
100
AcDbEntity
  8
I-LK FF&E
100
AcDbBlockReference
  2
EUROCENTER 1040
 10
520.0000000000001
 20
517.434990927577
 30
0.0
  0
ENDBLK
  5
3B3
330
3B1
100
AcDbEntity
  8
0
100
AcDbBlockEnd
  0
BLOCK
  5
3B8
330
3B7
100
AcDbEntity
  8
0
100
AcDbBlockBegin
  2
euro mirror
 70
0
 10
0.0
 20
0.0
 30
0.0
  3
euro mirror
  1

  0
LWPOLYLINE
  5
3BA
330
3B7
100
AcDbEntity
  8
LN-ELEVATION-5
  6
ACAD_ISO03W100
 48
0.1
100
AcDbPolyline
 90
4
 70
1
 10
140.0
 20
-41.46233547315932
 10
140.0
 20
-67.14025533781387
 10
-160.0
 20
-67.14025533781387
 10
-160.0
 20
-41.46233547315932
  0
LWPOLYLINE
  5
3BB
330
3B7
100
AcDbEntity
  8
LN-ELEVATION-5
  6
ACAD_ISO03W100
 48
0.1
100
AcDbPolyline
 90
4
 70
0
 10
140.0
 20
-67.14025533781387
 10
140.0
 20
-241.0752462653909
 10
-160.0
 20
-241.0752462653909
 10
-160.0
 20
-67.14025533781387
  0
LWPOLYLINE
  5
3BC
330
3B7
100
AcDbEntity
  8
LN-ELEVATION-5
  6
ACAD_ISO03W100
 48
0.1
100
AcDbPolyline
 90
4
 70
1
 10
140.0
 20
72.9897628070321
 10
140.0
 20
47.31184294237753
 10
-160.0
 20
47.31184294237753
 10
-160.0
 20
72.9897628070321
  0
LWPOLYLINE
  5
3BD
330
3B7
100
AcDbEntity
  8
LN-ELEVATION-5
  6
ACAD_ISO03W100
 48
0.1
100
AcDbPolyline
 90
4
 70
0
 10
140.0
 20
72.9897628070321
 10
140.0
 20
246.9247537346091
 10
-160.0
 20
246.9247537346091
 10
-160.0
 20
72.9897628070321
  0
LWPOLYLINE
  5
3BE
330
3B7
100
AcDbEntity
  8
LN-ELEVATION-4
  6
ACAD_ISO03W100
 48
0.1
100
AcDbPolyline
 90
4
 70
1
 10
0.0
 20
47.31184294237753
 10
0.0
 20
-41.46233547315932
 10
-20.0
 20
-41.46233547315932
 10
-20.0
 20
47.31184294237753
  0
LINE
  5
3BF
330
3B7
100
AcDbEntity
  8
LN-ELEVATION-5
  6
ACAD_ISO03W100
 48
0.1
100
AcDbLine
 10
139.8999999999069
 20
246.9247537346091
 30
0.0
 11
139.8999999999069
 21
47.31184294237753
 31
0.0
  0
LINE
  5
3C0
330
3B7
100
AcDbEntity
  8
LN-ELEVATION-5
  6
ACAD_ISO03W100
 48
0.1
100
AcDbLine
 10
139.8999999999069
 20
-41.46233547315932
 30
0.0
 11
139.8999999999069
 21
-241.0752462653909
 31
0.0
  0
LINE
  5
3C1
330
3B7
100
AcDbEntity
  8
LN-ELEVATION-5
  6
ACAD_ISO03W100
 48
0.1
100
AcDbLine
 10
139.6999999997206
 20
246.9247537346091
 30
0.0
 11
139.6999999997206
 21
47.31184294237753
 31
0.0
  0
LINE
  5
3C2
330
3B7
100
AcDbEntity
  8
LN-ELEVATION-5
  6
ACAD_ISO03W100
 48
0.1
100
AcDbLine
 10
139.6999999997206
 20
-41.46233547315932
 30
0.0
 11
139.6999999997206
 21
-241.0752462653909
 31
0.0
  0
LINE
  5
3C3
330
3B7
100
AcDbEntity
  8
LN-ELEVATION-5
  6
ACAD_ISO03W100
 48
0.1
100
AcDbLine
 10
139.3999999999069
 20
246.9247537346091
 30
0.0
 11
139.3999999999069
 21
47.31184294237753
 31
0.0
  0
LINE
  5
3C4
330
3B7
100
AcDbEntity
  8
LN-ELEVATION-5
  6
ACAD_ISO03W100
 48
0.1
100
AcDbLine
 10
139.3999999999069
 20
-41.46233547315932
 30
0.0
 11
139.3999999999069
 21
-241.0752462653909
 31
0.0
  0
LINE
  5
3C5
330
3B7
100
AcDbEntity
  8
LN-ELEVATION-5
  6
ACAD_ISO03W100
 48
0.1
100
AcDbLine
 10
139.0
 20
246.9247537346091
 30
0.0
 11
139.0
 21
47.31184294237753
 31
0.0
  0
LINE
  5
3C6
330
3B7
100
AcDbEntity
  8
LN-ELEVATION-5
  6
ACAD_ISO03W100
 48
0.1
100
AcDbLine
 10
139.0
 20
-41.46233547315932
 30
0.0
 11
139.0
 21
-241.0752462653909
 31
0.0
  0
LINE
  5
3C7
330
3B7
100
AcDbEntity
  8
LN-ELEVATION-5
  6
ACAD_ISO03W100
 48
0.1
100
AcDbLine
 10
138.5
 20
246.9247537346091
 30
0.0
 11
138.5
 21
47.31184294237753
 31
0.0
  0
LINE
  5
3C8
330
3B7
100
AcDbEntity
  8
LN-ELEVATION-5
  6
ACAD_ISO03W100
 48
0.1
100
AcDbLine
 10
138.5
 20
-41.46233547315932
 30
0.0
 11
138.5
 21
-241.0752462653909
 31
0.0
  0
LINE
  5
3C9
330
3B7
100
AcDbEntity
  8
LN-ELEVATION-5
  6
ACAD_ISO03W100
 48
0.1
100
AcDbLine
 10
137.8999999999069
 20
246.9247537346091
 30
0.0
 11
137.8999999999069
 21
47.31184294237753
 31
0.0
  0
LINE
  5
3CA
330
3B7
100
AcDbEntity
  8
LN-ELEVATION-5
  6
ACAD_ISO03W100
 48
0.1
100
AcDbLine
 10
137.8999999999069
 20
-41.46233547315932
 30
0.0
 11
137.8999999999069
 21
-241.0752462653909
 31
0.0
  0
LINE
  5
3CB
330
3B7
100
AcDbEntity
  8
LN-ELEVATION-5
  6
ACAD_ISO03W100
 48
0.1
100
AcDbLine
 10
137.1000000000931
 20
246.9247537346091
 30
0.0
 11
137.1000000000931
 21
47.31184294237753
 31
0.0
  0
LINE
  5
3CC
330
3B7
100
AcDbEntity
  8
LN-ELEVATION-5
  6
ACAD_ISO03W100
 48
0.1
100
AcDbLine
 10
137.1000000000931
 20
-41.46233547315932
 30
0.0
 11
137.1000000000931
 21
-241.0752462653909
 31
0.0
  0
LINE
  5
3CD
330
3B7
100
AcDbEntity
  8
LN-ELEVATION-5
  6
ACAD_ISO03W100
 48
0.1
100
AcDbLine
 10
136.1000000000931
 20
246.9247537346091
 30
0.0
 11
136.1000000000931
 21
47.31184294237753
 31
0.0
  0
LINE
  5
3CE
330
3B7
100
AcDbEntity
  8
LN-ELEVATION-5
  6
ACAD_ISO03W100
 48
0.1
100
AcDbLine
 10
136.1000000000931
 20
-41.46233547315932
 30
0.0
 11
136.1000000000931
 21
-241.0752462653909
 31
0.0
  0
LINE
  5
3CF
330
3B7
100
AcDbEntity
  8
LN-ELEVATION-5
  6
ACAD_ISO03W100
 48
0.1
100
AcDbLine
 10
134.1000000000931
 20
246.9247537346091
 30
0.0
 11
134.1000000000931
 21
47.31184294237753
 31
0.0
  0
LINE
  5
3D0
330
3B7
100
AcDbEntity
  8
LN-ELEVATION-5
  6
ACAD_ISO03W100
 48
0.1
100
AcDbLine
 10
134.1000000000931
 20
-41.46233547315932
 30
0.0
 11
134.1000000000931
 21
-241.0752462653909
 31
0.0
  0
LINE
  5
3D1
330
3B7
100
AcDbEntity
  8
LN-ELEVATION-5
  6
ACAD_ISO03W100
 48
0.1
100
AcDbLine
 10
131.1000000000931
 20
246.9247537346091
 30
0.0
 11
131.1000000000931
 21
47.31184294237753
 31
0.0
  0
LINE
  5
3D2
330
3B7
100
AcDbEntity
  8
LN-ELEVATION-5
  6
ACAD_ISO03W100
 48
0.1
100
AcDbLine
 10
131.1000000000931
 20
-41.46233547315932
 30
0.0
 11
131.1000000000931
 21
-241.0752462653909
 31
0.0
  0
LINE
  5
3D3
330
3B7
100
AcDbEntity
  8
LN-ELEVATION-5
  6
ACAD_ISO03W100
 48
0.1
100
AcDbLine
 10
126.1000000000931
 20
246.9247537346091
 30
0.0
 11
126.1000000000931
 21
47.31184294237753
 31
0.0
  0
LINE
  5
3D4
330
3B7
100
AcDbEntity
  8
LN-ELEVATION-5
  6
ACAD_ISO03W100
 48
0.1
100
AcDbLine
 10
126.1000000000931
 20
-41.46233547315932
 30
0.0
 11
126.1000000000931
 21
-241.0752462653909
 31
0.0
  0
LINE
  5
3D5
330
3B7
100
AcDbEntity
  8
LN-ELEVATION-5
  6
ACAD_ISO03W100
 48
0.1
100
AcDbLine
 10
121.1000000000931
 20
246.9247537346091
 30
0.0
 11
121.1000000000931
 21
47.31184294237753
 31
0.0
  0
LINE
  5
3D6
330
3B7
100
AcDbEntity
  8
LN-ELEVATION-5
  6
ACAD_ISO03W100
 48
0.1
100
AcDbLine
 10
121.1000000000931
 20
-41.46233547315932
 30
0.0
 11
121.1000000000931
 21
-241.0752462653909
 31
0.0
  0
LINE
  5
3D7
330
3B7
100
AcDbEntity
  8
LN-ELEVATION-5
  6
ACAD_ISO03W100
 48
0.1
100
AcDbLine
 10
115.1000000000931
 20
246.9247537346091
 30
0.0
 11
115.1000000000931
 21
47.31184294237753
 31
0.0
  0
LINE
  5
3D8
330
3B7
100
AcDbEntity
  8
LN-ELEVATION-5
  6
ACAD_ISO03W100
 48
0.1
100
AcDbLine
 10
115.1000000000931
 20
-41.46233547315932
 30
0.0
 11
115.1000000000931
 21
-241.0752462653909
 31
0.0
  0
LINE
  5
3D9
330
3B7
100
AcDbEntity
  8
LN-ELEVATION-5
  6
ACAD_ISO03W100
 48
0.1
100
AcDbLine
 10
108.1000000000931
 20
246.9247537346091
 30
0.0
 11
108.1000000000931
 21
47.31184294237753
 31
0.0
  0
LINE
  5
3DA
330
3B7
100
AcDbEntity
  8
LN-ELEVATION-5
  6
ACAD_ISO03W100
 48
0.1
100
AcDbLine
 10
108.1000000000931
 20
-41.46233547315932
 30
0.0
 11
108.1000000000931
 21
-241.0752462653909
 31
0.0
  0
LINE
  5
3DB
330
3B7
100
AcDbEntity
  8
LN-ELEVATION-5
  6
ACAD_ISO03W100
 48
0.1
100
AcDbLine
 10
100.1000000000931
 20
246.9247537346091
 30
0.0
 11
100.1000000000931
 21
47.31184294237753
 31
0.0
  0
LINE
  5
3DC
330
3B7
100
AcDbEntity
  8
LN-ELEVATION-5
  6
ACAD_ISO03W100
 48
0.1
100
AcDbLine
 10
100.1000000000931
 20
-41.46233547315932
 30
0.0
 11
100.1000000000931
 21
-241.0752462653909
 31
0.0
  0
LINE
  5
3DD
330
3B7
100
AcDbEntity
  8
LN-ELEVATION-5
  6
ACAD_ISO03W100
 48
0.1
100
AcDbLine
 10
91.10000000009312
 20
246.9247537346091
 30
0.0
 11
91.10000000009312
 21
47.31184294237753
 31
0.0
  0
LINE
  5
3DE
330
3B7
100
AcDbEntity
  8
LN-ELEVATION-5
  6
ACAD_ISO03W100
 48
0.1
100
AcDbLine
 10
91.10000000009312
 20
-41.46233547315932
 30
0.0
 11
91.10000000009312
 21
-241.0752462653909
 31
0.0
  0
LINE
  5
3DF
330
3B7
100
AcDbEntity
  8
LN-ELEVATION-5
  6
ACAD_ISO03W100
 48
0.1
100
AcDbLine
 10
82.10000000009315
 20
246.9247537346091
 30
0.0
 11
82.10000000009315
 21
47.31184294237753
 31
0.0
  0
LINE
  5
3E0
330
3B7
100
AcDbEntity
  8
LN-ELEVATION-5
  6
ACAD_ISO03W100
 48
0.1
100
AcDbLine
 10
82.10000000009315
 20
-41.46233547315932
 30
0.0
 11
82.10000000009315
 21
-241.0752462653909
 31
0.0
  0
LINE
  5
3E1
330
3B7
100
AcDbEntity
  8
LN-ELEVATION-5
  6
ACAD_ISO03W100
 48
0.1
100
AcDbLine
 10
65.0
 20
246.9247537346091
 30
0.0
 11
65.0
 21
47.31184294237753
 31
0.0
  0
LINE
  5
3E2
330
3B7
100
AcDbEntity
  8
LN-ELEVATION-5
  6
ACAD_ISO03W100
 48
0.1
100
AcDbLine
 10
65.0
 20
-41.46233547315932
 30
0.0
 11
65.0
 21
-241.0752462653909
 31
0.0
  0
LINE
  5
3E3
330
3B7
100
AcDbEntity
  8
LN-ELEVATION-5
  6
ACAD_ISO03W100
 48
0.1
100
AcDbLine
 10
-159.8999999999069
 20
246.9247537346091
 30
0.0
 11
-159.8999999999069
 21
47.31184294237753
 31
0.0
  0
LINE
  5
3E4
330
3B7
100
AcDbEntity
  8
LN-ELEVATION-5
  6
ACAD_ISO03W100
 48
0.1
100
AcDbLine
 10
-159.8999999999069
 20
-41.46233547315932
 30
0.0
 11
-159.8999999999069
 21
-241.0752462653909
 31
0.0
  0
LINE
  5
3E5
330
3B7
100
AcDbEntity
  8
LN-ELEVATION-5
  6
ACAD_ISO03W100
 48
0.1
100
AcDbLine
 10
-159.6999999997206
 20
246.9247537346091
 30
0.0
 11
-159.6999999997206
 21
47.31184294237753
 31
0.0
  0
LINE
  5
3E6
330
3B7
100
AcDbEntity
  8
LN-ELEVATION-5
  6
ACAD_ISO03W100
 48
0.1
100
AcDbLine
 10
-159.6999999997206
 20
-41.46233547315932
 30
0.0
 11
-159.6999999997206
 21
-241.0752462653909
 31
0.0
  0
LINE
  5
3E7
330
3B7
100
AcDbEntity
  8
LN-ELEVATION-5
  6
ACAD_ISO03W100
 48
0.1
100
AcDbLine
 10
-159.3999999999069
 20
246.9247537346091
 30
0.0
 11
-159.3999999999069
 21
47.31184294237753
 31
0.0
  0
LINE
  5
3E8
330
3B7
100
AcDbEntity
  8
LN-ELEVATION-5
  6
ACAD_ISO03W100
 48
0.1
100
AcDbLine
 10
-159.3999999999069
 20
-41.46233547315932
 30
0.0
 11
-159.3999999999069
 21
-241.0752462653909
 31
0.0
  0
LINE
  5
3E9
330
3B7
100
AcDbEntity
  8
LN-ELEVATION-5
  6
ACAD_ISO03W100
 48
0.1
100
AcDbLine
 10
-159.0
 20
246.9247537346091
 30
0.0
 11
-159.0
 21
47.31184294237753
 31
0.0
  0
LINE
  5
3EA
330
3B7
100
AcDbEntity
  8
LN-ELEVATION-5
  6
ACAD_ISO03W100
 48
0.1
100
AcDbLine
 10
-159.0
 20
-41.46233547315932
 30
0.0
 11
-159.0
 21
-241.0752462653909
 31
0.0
  0
LINE
  5
3EB
330
3B7
100
AcDbEntity
  8
LN-ELEVATION-5
  6
ACAD_ISO03W100
 48
0.1
100
AcDbLine
 10
-158.5
 20
246.9247537346091
 30
0.0
 11
-158.5
 21
47.31184294237753
 31
0.0
  0
LINE
  5
3EC
330
3B7
100
AcDbEntity
  8
LN-ELEVATION-5
  6
ACAD_ISO03W100
 48
0.1
100
AcDbLine
 10
-158.5
 20
-41.46233547315932
 30
0.0
 11
-158.5
 21
-241.0752462653909
 31
0.0
  0
LINE
  5
3ED
330
3B7
100
AcDbEntity
  8
LN-ELEVATION-5
  6
ACAD_ISO03W100
 48
0.1
100
AcDbLine
 10
-157.8999999999069
 20
246.9247537346091
 30
0.0
 11
-157.8999999999069
 21
47.31184294237753
 31
0.0
  0
LINE
  5
3EE
330
3B7
100
AcDbEntity
  8
LN-ELEVATION-5
  6
ACAD_ISO03W100
 48
0.1
100
AcDbLine
 10
-157.8999999999069
 20
-41.46233547315932
 30
0.0
 11
-157.8999999999069
 21
-241.0752462653909
 31
0.0
  0
LINE
  5
3EF
330
3B7
100
AcDbEntity
  8
LN-ELEVATION-5
  6
ACAD_ISO03W100
 48
0.1
100
AcDbLine
 10
-157.1000000000931
 20
246.9247537346091
 30
0.0
 11
-157.1000000000931
 21
47.31184294237753
 31
0.0
  0
LINE
  5
3F0
330
3B7
100
AcDbEntity
  8
LN-ELEVATION-5
  6
ACAD_ISO03W100
 48
0.1
100
AcDbLine
 10
-157.1000000000931
 20
-41.46233547315932
 30
0.0
 11
-157.1000000000931
 21
-241.0752462653909
 31
0.0
  0
LINE
  5
3F1
330
3B7
100
AcDbEntity
  8
LN-ELEVATION-5
  6
ACAD_ISO03W100
 48
0.1
100
AcDbLine
 10
-156.1000000000931
 20
246.9247537346091
 30
0.0
 11
-156.1000000000931
 21
47.31184294237753
 31
0.0
  0
LINE
  5
3F2
330
3B7
100
AcDbEntity
  8
LN-ELEVATION-5
  6
ACAD_ISO03W100
 48
0.1
100
AcDbLine
 10
-156.1000000000931
 20
-41.46233547315932
 30
0.0
 11
-156.1000000000931
 21
-241.0752462653909
 31
0.0
  0
LINE
  5
3F3
330
3B7
100
AcDbEntity
  8
LN-ELEVATION-5
  6
ACAD_ISO03W100
 48
0.1
100
AcDbLine
 10
-154.1000000000931
 20
246.9247537346091
 30
0.0
 11
-154.1000000000931
 21
47.31184294237753
 31
0.0
  0
LINE
  5
3F4
330
3B7
100
AcDbEntity
  8
LN-ELEVATION-5
  6
ACAD_ISO03W100
 48
0.1
100
AcDbLine
 10
-154.1000000000931
 20
-41.46233547315932
 30
0.0
 11
-154.1000000000931
 21
-241.0752462653909
 31
0.0
  0
LINE
  5
3F5
330
3B7
100
AcDbEntity
  8
LN-ELEVATION-5
  6
ACAD_ISO03W100
 48
0.1
100
AcDbLine
 10
-151.1000000000931
 20
246.9247537346091
 30
0.0
 11
-151.1000000000931
 21
47.31184294237753
 31
0.0
  0
LINE
  5
3F6
330
3B7
100
AcDbEntity
  8
LN-ELEVATION-5
  6
ACAD_ISO03W100
 48
0.1
100
AcDbLine
 10
-151.1000000000931
 20
-41.46233547315932
 30
0.0
 11
-151.1000000000931
 21
-241.0752462653909
 31
0.0
  0
LINE
  5
3F7
330
3B7
100
AcDbEntity
  8
LN-ELEVATION-5
  6
ACAD_ISO03W100
 48
0.1
100
AcDbLine
 10
-146.1000000000931
 20
246.9247537346091
 30
0.0
 11
-146.1000000000931
 21
47.31184294237753
 31
0.0
  0
LINE
  5
3F8
330
3B7
100
AcDbEntity
  8
LN-ELEVATION-5
  6
ACAD_ISO03W100
 48
0.1
100
AcDbLine
 10
-146.1000000000931
 20
-41.46233547315932
 30
0.0
 11
-146.1000000000931
 21
-241.0752462653909
 31
0.0
  0
LINE
  5
3F9
330
3B7
100
AcDbEntity
  8
LN-ELEVATION-5
  6
ACAD_ISO03W100
 48
0.1
100
AcDbLine
 10
-141.1000000000931
 20
246.9247537346091
 30
0.0
 11
-141.1000000000931
 21
47.31184294237753
 31
0.0
  0
LINE
  5
3FA
330
3B7
100
AcDbEntity
  8
LN-ELEVATION-5
  6
ACAD_ISO03W100
 48
0.1
100
AcDbLine
 10
-141.1000000000931
 20
-41.46233547315932
 30
0.0
 11
-141.1000000000931
 21
-241.0752462653909
 31
0.0
  0
LINE
  5
3FB
330
3B7
100
AcDbEntity
  8
LN-ELEVATION-5
  6
ACAD_ISO03W100
 48
0.1
100
AcDbLine
 10
-135.1000000000931
 20
246.9247537346091
 30
0.0
 11
-135.1000000000931
 21
47.31184294237753
 31
0.0
  0
LINE
  5
3FC
330
3B7
100
AcDbEntity
  8
LN-ELEVATION-5
  6
ACAD_ISO03W100
 48
0.1
100
AcDbLine
 10
-135.1000000000931
 20
-41.46233547315932
 30
0.0
 11
-135.1000000000931
 21
-241.0752462653909
 31
0.0
  0
LINE
  5
3FD
330
3B7
100
AcDbEntity
  8
LN-ELEVATION-5
  6
ACAD_ISO03W100
 48
0.1
100
AcDbLine
 10
-128.1000000000931
 20
246.9247537346091
 30
0.0
 11
-128.1000000000931
 21
47.31184294237753
 31
0.0
  0
LINE
  5
3FE
330
3B7
100
AcDbEntity
  8
LN-ELEVATION-5
  6
ACAD_ISO03W100
 48
0.1
100
AcDbLine
 10
-128.1000000000931
 20
-41.46233547315932
 30
0.0
 11
-128.1000000000931
 21
-241.0752462653909
 31
0.0
  0
LINE
  5
3FF
330
3B7
100
AcDbEntity
  8
LN-ELEVATION-5
  6
ACAD_ISO03W100
 48
0.1
100
AcDbLine
 10
-120.1000000000931
 20
246.9247537346091
 30
0.0
 11
-120.1000000000931
 21
47.31184294237753
 31
0.0
  0
LINE
  5
400
330
3B7
100
AcDbEntity
  8
LN-ELEVATION-5
  6
ACAD_ISO03W100
 48
0.1
100
AcDbLine
 10
-120.1000000000931
 20
-41.46233547315932
 30
0.0
 11
-120.1000000000931
 21
-241.0752462653909
 31
0.0
  0
LINE
  5
401
330
3B7
100
AcDbEntity
  8
LN-ELEVATION-5
  6
ACAD_ISO03W100
 48
0.1
100
AcDbLine
 10
-111.1000000000931
 20
246.9247537346091
 30
0.0
 11
-111.1000000000931
 21
47.31184294237753
 31
0.0
  0
LINE
  5
402
330
3B7
100
AcDbEntity
  8
LN-ELEVATION-5
  6
ACAD_ISO03W100
 48
0.1
100
AcDbLine
 10
-111.1000000000931
 20
-41.46233547315932
 30
0.0
 11
-111.1000000000931
 21
-241.0752462653909
 31
0.0
  0
LINE
  5
403
330
3B7
100
AcDbEntity
  8
LN-ELEVATION-5
  6
ACAD_ISO03W100
 48
0.1
100
AcDbLine
 10
-102.1000000000931
 20
246.9247537346091
 30
0.0
 11
-102.1000000000931
 21
47.31184294237753
 31
0.0
  0
LINE
  5
404
330
3B7
100
AcDbEntity
  8
LN-ELEVATION-5
  6
ACAD_ISO03W100
 48
0.1
100
AcDbLine
 10
-102.1000000000931
 20
-41.46233547315932
 30
0.0
 11
-102.1000000000931
 21
-241.0752462653909
 31
0.0
  0
LINE
  5
405
330
3B7
100
AcDbEntity
  8
LN-ELEVATION-5
  6
ACAD_ISO03W100
 48
0.1
100
AcDbLine
 10
-85.0
 20
246.9247537346091
 30
0.0
 11
-85.0
 21
47.31184294237753
 31
0.0
  0
LINE
  5
406
330
3B7
100
AcDbEntity
  8
LN-ELEVATION-5
  6
ACAD_ISO03W100
 48
0.1
100
AcDbLine
 10
-85.0
 20
-41.46233547315932
 30
0.0
 11
-85.0
 21
-241.0752462653909
 31
0.0
  0
ENDBLK
  5
3B9
330
3B7
100
AcDbEntity
  8
0
100
AcDbBlockEnd
  0
BLOCK
  5
408
330
407
100
AcDbEntity
  8
0
100
AcDbBlockBegin
  2
eurocenter 1040
 70
0
 10
0.0
 20
0.0
 30
0.0
  3
eurocenter 1040
  1

  0
LWPOLYLINE
  5
40A
330
407
100
AcDbEntity
  8
LN-ELEVATION-2
100
AcDbPolyline
 90
4
 70
1
 10
-520.0
 20
-357.434990927577
 10
520.0
 20
-357.434990927577
 10
520.0
 20
497.565009072423
 10
-520.0
 20
497.565009072423
  0
LWPOLYLINE
  5
40B
330
407
100
AcDbEntity
  8
LN-ELEVATION-1
100
AcDbPolyline
 90
4
 70
1
 10
-470.0
 20
-327.434990927577
 10
470.0
 20
-327.434990927577
 10
470.0
 20
467.565009072423
 10
-470.0
 20
467.565009072423
  0
LWPOLYLINE
  5
40C
330
407
100
AcDbEntity
  8
LN-ELEVATION-1
100
AcDbPolyline
 90
4
 70
1
 10
-470.0
 20
85.06500907242298
 10
470.0
 20
85.06500907242298
 10
470.0
 20
55.06500907242298
 10
-470.0
 20
55.06500907242298
  0
LWPOLYLINE
  5
40D
330
407
100
AcDbEntity
  8
LN-ELEVATION-1
100
AcDbPolyline
 90
4
 70
1
 10
-470.0
 20
55.06500907242298
 10
470.0
 20
55.06500907242298
 10
470.0
 20
-327.434990927577
 10
-470.0
 20
-327.434990927577
  0
LWPOLYLINE
  5
40E
330
407
100
AcDbEntity
  8
LN-ELEVATION-1
100
AcDbPolyline
 90
2
 70
0
 10
-464.0
 20
-171.059990927577
 10
-464.0
 20
-101.684990927577
  0
LWPOLYLINE
  5
40F
330
407
100
AcDbEntity
  8
LN-ELEVATION-1
100
AcDbPolyline
 90
2
 70
0
 10
-464.0
 20
-95.68499092757702
 10
-464.0
 20
-26.30999092757702
  0
LWPOLYLINE
  5
410
330
407
100
AcDbEntity
  8
LN-ELEVATION-1
100
AcDbPolyline
 90
3
 70
0
 10
-464.0
 20
-20.30999092757702
 10
-464.0
 20
49.06500907242298
 10
-283.2000000029802
 20
49.06500907242298
  0
LWPOLYLINE
  5
411
330
407
100
AcDbEntity
  8
LN-ELEVATION-1
100
AcDbPolyline
 90
2
 70
0
 10
-277.2000000029802
 20
49.06500907242298
 10
-96.40000000596046
 20
49.06500907242298
  0
LWPOLYLINE
  5
412
330
407
100
AcDbEntity
  8
LN-ELEVATION-1
100
AcDbPolyline
 90
2
 70
0
 10
-90.40000000596045
 20
49.06500907242298
 10
90.3999999910593
 20
49.06500907242298
  0
LWPOLYLINE
  5
413
330
407
100
AcDbEntity
  8
LN-ELEVATION-1
100
AcDbPolyline
 90
2
 70
0
 10
96.3999999910593
 20
49.06500907242298
 10
277.1999999880791
 20
49.06500907242298
  0
LWPOLYLINE
  5
414
330
407
100
AcDbEntity
  8
LN-ELEVATION-1
100
AcDbPolyline
 90
3
 70
0
 10
283.1999999880791
 20
49.06500907242298
 10
464.0
 20
49.06500907242298
 10
464.0
 20
-20.30999092757702
  0
LWPOLYLINE
  5
415
330
407
100
AcDbEntity
  8
LN-ELEVATION-1
100
AcDbPolyline
 90
2
 70
0
 10
464.0
 20
-26.30999092757702
 10
464.0
 20
-95.68499092757702
  0
LWPOLYLINE
  5
416
330
407
100
AcDbEntity
  8
LN-ELEVATION-1
100
AcDbPolyline
 90
2
 70
0
 10
464.0
 20
-101.684990927577
 10
464.0
 20
-171.059990927577
  0
LWPOLYLINE
  5
417
330
407
100
AcDbEntity
  8
LN-ELEVATION-1
100
AcDbPolyline
 90
3
 70
0
 10
464.0
 20
-177.059990927577
 10
464.0
 20
-321.434990927577
 10
283.1999999880791
 20
-321.434990927577
  0
LWPOLYLINE
  5
418
330
407
100
AcDbEntity
  8
LN-ELEVATION-1
100
AcDbPolyline
 90
2
 70
0
 10
277.1999999880791
 20
-321.434990927577
 10
96.3999999910593
 20
-321.434990927577
  0
LWPOLYLINE
  5
419
330
407
100
AcDbEntity
  8
LN-ELEVATION-1
100
AcDbPolyline
 90
2
 70
0
 10
90.3999999910593
 20
-321.434990927577
 10
-90.40000000596045
 20
-321.434990927577
  0
LWPOLYLINE
  5
41A
330
407
100
AcDbEntity
  8
LN-ELEVATION-1
100
AcDbPolyline
 90
2
 70
0
 10
-96.40000000596046
 20
-321.434990927577
 10
-277.2000000029802
 20
-321.434990927577
  0
LWPOLYLINE
  5
41B
330
407
100
AcDbEntity
  8
LN-ELEVATION-1
100
AcDbPolyline
 90
3
 70
0
 10
-283.2000000029802
 20
-321.434990927577
 10
-464.0
 20
-321.434990927577
 10
-464.0
 20
-177.059990927577
  0
LWPOLYLINE
  5
41C
330
407
100
AcDbEntity
  8
LN-ELEVATION-1
100
AcDbPolyline
 90
4
 70
1
 10
-283.2000000029802
 20
55.06500907242298
 10
-277.2000000029802
 20
55.06500907242298
 10
-277.2000000029802
 20
-327.434990927577
 10
-283.2000000029802
 20
-327.434990927577
  0
LWPOLYLINE
  5
41D
330
407
100
AcDbEntity
  8
LN-ELEVATION-1
100
AcDbPolyline
 90
4
 70
1
 10
-96.40000000596046
 20
55.06500907242298
 10
-90.40000000596045
 20
55.06500907242298
 10
-90.40000000596045
 20
-327.434990927577
 10
-96.40000000596046
 20
-327.434990927577
  0
LWPOLYLINE
  5
41E
330
407
100
AcDbEntity
  8
LN-ELEVATION-1
100
AcDbPolyline
 90
4
 70
1
 10
90.3999999910593
 20
55.06500907242298
 10
96.3999999910593
 20
55.06500907242298
 10
96.3999999910593
 20
-327.434990927577
 10
90.3999999910593
 20
-327.434990927577
  0
LWPOLYLINE
  5
41F
330
407
100
AcDbEntity
  8
LN-ELEVATION-1
100
AcDbPolyline
 90
4
 70
1
 10
277.1999999880791
 20
55.06500907242298
 10
283.1999999880791
 20
55.06500907242298
 10
283.1999999880791
 20
-327.434990927577
 10
277.1999999880791
 20
-327.434990927577
  0
LWPOLYLINE
  5
420
330
407
100
AcDbEntity
  8
LN-ELEVATION-1
100
AcDbPolyline
 90
4
 70
1
 10
283.1999999880791
 20
-20.30999092757702
 10
470.0
 20
-20.30999092757702
 10
470.0
 20
-26.30999092757702
 10
283.1999999880791
 20
-26.30999092757702
  0
LWPOLYLINE
  5
421
330
407
100
AcDbEntity
  8
LN-ELEVATION-1
100
AcDbPolyline
 90
4
 70
1
 10
283.1999999880791
 20
-95.68499092757702
 10
470.0
 20
-95.68499092757702
 10
470.0
 20
-101.684990927577
 10
283.1999999880791
 20
-101.684990927577
  0
LWPOLYLINE
  5
422
330
407
100
AcDbEntity
  8
LN-ELEVATION-1
100
AcDbPolyline
 90
4
 70
1
 10
283.1999999880791
 20
-171.059990927577
 10
470.0
 20
-171.059990927577
 10
470.0
 20
-177.059990927577
 10
283.1999999880791
 20
-177.059990927577
  0
LWPOLYLINE
  5
423
330
407
100
AcDbEntity
  8
LN-ELEVATION-1
100
AcDbPolyline
 90
4
 70
1
 10
96.39999997615817
 20
-20.30999092757702
 10
277.1999999880791
 20
-20.30999092757702
 10
277.1999999880791
 20
-26.30999092757702
 10
96.39999997615817
 20
-26.30999092757702
  0
LWPOLYLINE
  5
424
330
407
100
AcDbEntity
  8
LN-ELEVATION-1
100
AcDbPolyline
 90
4
 70
1
 10
96.39999997615817
 20
-95.68499092757702
 10
277.1999999880791
 20
-95.68499092757702
 10
277.1999999880791
 20
-101.684990927577
 10
96.39999997615817
 20
-101.684990927577
  0
LWPOLYLINE
  5
425
330
407
100
AcDbEntity
  8
LN-ELEVATION-1
100
AcDbPolyline
 90
4
 70
1
 10
96.39999997615817
 20
-171.059990927577
 10
277.1999999880791
 20
-171.059990927577
 10
277.1999999880791
 20
-177.059990927577
 10
96.39999997615817
 20
-177.059990927577
  0
LWPOLYLINE
  5
426
330
407
100
AcDbEntity
  8
LN-ELEVATION-1
100
AcDbPolyline
 90
4
 70
1
 10
-90.40000002086165
 20
-20.30999092757702
 10
90.3999999910593
 20
-20.30999092757702
 10
90.3999999910593
 20
-26.30999092757702
 10
-90.40000002086165
 20
-26.30999092757702
  0
LWPOLYLINE
  5
427
330
407
100
AcDbEntity
  8
LN-ELEVATION-1
100
AcDbPolyline
 90
4
 70
1
 10
-90.40000002086165
 20
-95.68499092757702
 10
90.3999999910593
 20
-95.68499092757702
 10
90.3999999910593
 20
-101.684990927577
 10
-90.40000002086165
 20
-101.684990927577
  0
LWPOLYLINE
  5
428
330
407
100
AcDbEntity
  8
LN-ELEVATION-1
100
AcDbPolyline
 90
4
 70
1
 10
-90.40000002086165
 20
-171.059990927577
 10
90.3999999910593
 20
-171.059990927577
 10
90.3999999910593
 20
-177.059990927577
 10
-90.40000002086165
 20
-177.059990927577
  0
LWPOLYLINE
  5
429
330
407
100
AcDbEntity
  8
LN-ELEVATION-1
100
AcDbPolyline
 90
4
 70
1
 10
-277.2000000178814
 20
-20.30999092757702
 10
-96.40000000596046
 20
-20.30999092757702
 10
-96.40000000596046
 20
-26.30999092757702
 10
-277.2000000178814
 20
-26.30999092757702
  0
LWPOLYLINE
  5
42A
330
407
100
AcDbEntity
  8
LN-ELEVATION-1
100
AcDbPolyline
 90
4
 70
1
 10
-277.2000000178814
 20
-95.68499092757702
 10
-96.40000000596046
 20
-95.68499092757702
 10
-96.40000000596046
 20
-101.684990927577
 10
-277.2000000178814
 20
-101.684990927577
  0
LWPOLYLINE
  5
42B
330
407
100
AcDbEntity
  8
LN-ELEVATION-1
100
AcDbPolyline
 90
4
 70
1
 10
-277.2000000178814
 20
-171.059990927577
 10
-96.40000000596046
 20
-171.059990927577
 10
-96.40000000596046
 20
-177.059990927577
 10
-277.2000000178814
 20
-177.059990927577
  0
LWPOLYLINE
  5
42C
330
407
100
AcDbEntity
  8
LN-ELEVATION-1
100
AcDbPolyline
 90
4
 70
1
 10
-470.0000000149012
 20
-20.30999092757702
 10
-283.2000000029802
 20
-20.30999092757702
 10
-283.2000000029802
 20
-26.30999092757702
 10
-470.0000000149012
 20
-26.30999092757702
  0
LWPOLYLINE
  5
42D
330
407
100
AcDbEntity
  8
LN-ELEVATION-1
100
AcDbPolyline
 90
4
 70
1
 10
-470.0000000149012
 20
-95.68499092757702
 10
-283.2000000029802
 20
-95.68499092757702
 10
-283.2000000029802
 20
-101.684990927577
 10
-470.0000000149012
 20
-101.684990927577
  0
LWPOLYLINE
  5
42E
330
407
100
AcDbEntity
  8
LN-ELEVATION-1
100
AcDbPolyline
 90
4
 70
1
 10
-470.0000000149012
 20
-171.059990927577
 10
-283.2000000029802
 20
-171.059990927577
 10
-283.2000000029802
 20
-177.059990927577
 10
-470.0000000149012
 20
-177.059990927577
  0
LWPOLYLINE
  5
42F
330
407
100
AcDbEntity
  8
LN-ELEVATION-2
100
AcDbPolyline
 90
2
 70
0
 10
470.0
 20
467.565009072423
 10
520.0
 20
497.565009072423
  0
LWPOLYLINE
  5
430
330
407
100
AcDbEntity
  8
LN-ELEVATION-2
100
AcDbPolyline
 90
2
 70
0
 10
470.0
 20
-327.434990927577
 10
520.0
 20
-357.434990927577
  0
LWPOLYLINE
  5
431
330
407
100
AcDbEntity
  8
LN-ELEVATION-2
100
AcDbPolyline
 90
2
 70
0
 10
-470.0
 20
467.565009072423
 10
-520.0
 20
497.565009072423
  0
LWPOLYLINE
  5
432
330
407
100
AcDbEntity
  8
LN-ELEVATION-2
100
AcDbPolyline
 90
2
 70
0
 10
-470.0
 20
-327.434990927577
 10
-520.0
 20
-357.434990927577
  0
LWPOLYLINE
  5
433
330
407
100
AcDbEntity
  8
LN-ELEVATION-3
100
AcDbPolyline
 90
4
 70
1
 10
-500.0
 20
-419.434990927577
 10
500.0
 20
-419.434990927577
 10
500.0
 20
-437.4349909275768
 10
-500.0
 20
-437.4349909275768
  0
LWPOLYLINE
  5
434
330
407
100
AcDbEntity
  8
LN-ELEVATION-3
100
AcDbPolyline
 90
4
 70
1
 10
470.0
 20
-357.434990927577
 10
500.0
 20
-357.434990927577
 10
500.0
 20
-419.434990927577
 10
470.0
 20
-419.434990927577
  0
LWPOLYLINE
  5
435
330
407
100
AcDbEntity
  8
LN-ELEVATION-3
100
AcDbPolyline
 90
4
 70
1
 10
-500.0
 20
-357.434990927577
 10
-470.0
 20
-357.434990927577
 10
-470.0
 20
-419.434990927577
 10
-500.0
 20
-419.434990927577
  0
LWPOLYLINE
  5
436
330
407
100
AcDbEntity
  8
LN-ELEVATION-4
100
AcDbPolyline
 90
4
 70
1
 10
-500.0
 20
-499.4349909275769
 10
500.0
 20
-499.4349909275769
 10
500.0
 20
-517.434990927577
 10
-500.0
 20
-517.434990927577
  0
LWPOLYLINE
  5
437
330
407
100
AcDbEntity
  8
LN-ELEVATION-4
100
AcDbPolyline
 90
4
 70
1
 10
470.0
 20
-437.4349909275768
 10
500.0
 20
-437.4349909275768
 10
500.0
 20
-499.4349909275769
 10
470.0
 20
-499.4349909275769
  0
LWPOLYLINE
  5
438
330
407
100
AcDbEntity
  8
LN-ELEVATION-4
100
AcDbPolyline
 90
4
 70
1
 10
-500.0
 20
-437.4349909275768
 10
-470.0
 20
-437.4349909275768
 10
-470.0
 20
-499.4349909275769
 10
-500.0
 20
-499.4349909275769
  0
LWPOLYLINE
  5
439
330
407
100
AcDbEntity
  8
LN-ELEVATION-1
100
AcDbPolyline
 90
4
 70
1
 10
-470.0
 20
85.06500907242298
 10
470.0
 20
85.06500907242298
 10
470.0
 20
467.565009072423
 10
-470.0
 20
467.565009072423
  0
LWPOLYLINE
  5
43A
330
407
100
AcDbEntity
  8
LN-ELEVATION-1
100
AcDbPolyline
 90
2
 70
0
 10
-464.0
 20
311.190009072423
 10
-464.0
 20
241.815009072423
  0
LWPOLYLINE
  5
43B
330
407
100
AcDbEntity
  8
LN-ELEVATION-1
100
AcDbPolyline
 90
2
 70
0
 10
-464.0
 20
235.815009072423
 10
-464.0
 20
166.440009072423
  0
LWPOLYLINE
  5
43C
330
407
100
AcDbEntity
  8
LN-ELEVATION-1
100
AcDbPolyline
 90
3
 70
0
 10
-464.0
 20
160.440009072423
 10
-464.0
 20
91.06500907242297
 10
-283.2000000029802
 20
91.06500907242297
  0
LWPOLYLINE
  5
43D
330
407
100
AcDbEntity
  8
LN-ELEVATION-1
100
AcDbPolyline
 90
2
 70
0
 10
-277.2000000029802
 20
91.06500907242297
 10
-96.40000000596046
 20
91.06500907242297
  0
LWPOLYLINE
  5
43E
330
407
100
AcDbEntity
  8
LN-ELEVATION-1
100
AcDbPolyline
 90
2
 70
0
 10
-90.40000000596045
 20
91.06500907242297
 10
90.3999999910593
 20
91.06500907242297
  0
LWPOLYLINE
  5
43F
330
407
100
AcDbEntity
  8
LN-ELEVATION-1
100
AcDbPolyline
 90
2
 70
0
 10
96.3999999910593
 20
91.06500907242297
 10
277.1999999880791
 20
91.06500907242297
  0
LWPOLYLINE
  5
440
330
407
100
AcDbEntity
  8
LN-ELEVATION-1
100
AcDbPolyline
 90
3
 70
0
 10
283.1999999880791
 20
91.06500907242297
 10
464.0
 20
91.06500907242297
 10
464.0
 20
160.440009072423
  0
LWPOLYLINE
  5
441
330
407
100
AcDbEntity
  8
LN-ELEVATION-1
100
AcDbPolyline
 90
2
 70
0
 10
464.0
 20
166.440009072423
 10
464.0
 20
235.815009072423
  0
LWPOLYLINE
  5
442
330
407
100
AcDbEntity
  8
LN-ELEVATION-1
100
AcDbPolyline
 90
2
 70
0
 10
464.0
 20
241.815009072423
 10
464.0
 20
311.190009072423
  0
LWPOLYLINE
  5
443
330
407
100
AcDbEntity
  8
LN-ELEVATION-1
100
AcDbPolyline
 90
3
 70
0
 10
464.0
 20
317.190009072423
 10
464.0
 20
461.565009072423
 10
283.1999999880791
 20
461.565009072423
  0
LWPOLYLINE
  5
444
330
407
100
AcDbEntity
  8
LN-ELEVATION-1
100
AcDbPolyline
 90
2
 70
0
 10
277.1999999880791
 20
461.565009072423
 10
96.3999999910593
 20
461.565009072423
  0
LWPOLYLINE
  5
445
330
407
100
AcDbEntity
  8
LN-ELEVATION-1
100
AcDbPolyline
 90
2
 70
0
 10
90.3999999910593
 20
461.565009072423
 10
-90.40000000596045
 20
461.565009072423
  0
LWPOLYLINE
  5
446
330
407
100
AcDbEntity
  8
LN-ELEVATION-1
100
AcDbPolyline
 90
2
 70
0
 10
-96.40000000596046
 20
461.565009072423
 10
-277.2000000029802
 20
461.565009072423
  0
LWPOLYLINE
  5
447
330
407
100
AcDbEntity
  8
LN-ELEVATION-1
100
AcDbPolyline
 90
3
 70
0
 10
-283.2000000029802
 20
461.565009072423
 10
-464.0
 20
461.565009072423
 10
-464.0
 20
317.190009072423
  0
LWPOLYLINE
  5
448
330
407
100
AcDbEntity
  8
LN-ELEVATION-1
100
AcDbPolyline
 90
4
 70
1
 10
-283.2000000029802
 20
85.06500907242298
 10
-277.2000000029802
 20
85.06500907242298
 10
-277.2000000029802
 20
467.565009072423
 10
-283.2000000029802
 20
467.565009072423
  0
LWPOLYLINE
  5
449
330
407
100
AcDbEntity
  8
LN-ELEVATION-1
100
AcDbPolyline
 90
4
 70
1
 10
-96.40000000596046
 20
85.06500907242298
 10
-90.40000000596045
 20
85.06500907242298
 10
-90.40000000596045
 20
467.565009072423
 10
-96.40000000596046
 20
467.565009072423
  0
LWPOLYLINE
  5
44A
330
407
100
AcDbEntity
  8
LN-ELEVATION-1
100
AcDbPolyline
 90
4
 70
1
 10
90.3999999910593
 20
85.06500907242298
 10
96.3999999910593
 20
85.06500907242298
 10
96.3999999910593
 20
467.565009072423
 10
90.3999999910593
 20
467.565009072423
  0
LWPOLYLINE
  5
44B
330
407
100
AcDbEntity
  8
LN-ELEVATION-1
100
AcDbPolyline
 90
4
 70
1
 10
277.1999999880791
 20
85.06500907242298
 10
283.1999999880791
 20
85.06500907242298
 10
283.1999999880791
 20
467.565009072423
 10
277.1999999880791
 20
467.565009072423
  0
LWPOLYLINE
  5
44C
330
407
100
AcDbEntity
  8
LN-ELEVATION-1
100
AcDbPolyline
 90
4
 70
1
 10
283.1999999880791
 20
160.440009072423
 10
470.0
 20
160.440009072423
 10
470.0
 20
166.440009072423
 10
283.1999999880791
 20
166.440009072423
  0
LWPOLYLINE
  5
44D
330
407
100
AcDbEntity
  8
LN-ELEVATION-1
100
AcDbPolyline
 90
4
 70
1
 10
283.1999999880791
 20
235.815009072423
 10
470.0
 20
235.815009072423
 10
470.0
 20
241.815009072423
 10
283.1999999880791
 20
241.815009072423
  0
LWPOLYLINE
  5
44E
330
407
100
AcDbEntity
  8
LN-ELEVATION-1
100
AcDbPolyline
 90
4
 70
1
 10
283.1999999880791
 20
311.190009072423
 10
470.0
 20
311.190009072423
 10
470.0
 20
317.190009072423
 10
283.1999999880791
 20
317.190009072423
  0
LWPOLYLINE
  5
44F
330
407
100
AcDbEntity
  8
LN-ELEVATION-1
100
AcDbPolyline
 90
4
 70
1
 10
96.39999997615817
 20
160.440009072423
 10
277.1999999880791
 20
160.440009072423
 10
277.1999999880791
 20
166.440009072423
 10
96.39999997615817
 20
166.440009072423
  0
LWPOLYLINE
  5
450
330
407
100
AcDbEntity
  8
LN-ELEVATION-1
100
AcDbPolyline
 90
4
 70
1
 10
96.39999997615817
 20
235.815009072423
 10
277.1999999880791
 20
235.815009072423
 10
277.1999999880791
 20
241.815009072423
 10
96.39999997615817
 20
241.815009072423
  0
LWPOLYLINE
  5
451
330
407
100
AcDbEntity
  8
LN-ELEVATION-1
100
AcDbPolyline
 90
4
 70
1
 10
96.39999997615817
 20
311.190009072423
 10
277.1999999880791
 20
311.190009072423
 10
277.1999999880791
 20
317.190009072423
 10
96.39999997615817
 20
317.190009072423
  0
LWPOLYLINE
  5
452
330
407
100
AcDbEntity
  8
LN-ELEVATION-1
100
AcDbPolyline
 90
4
 70
1
 10
-90.40000002086165
 20
160.440009072423
 10
90.3999999910593
 20
160.440009072423
 10
90.3999999910593
 20
166.440009072423
 10
-90.40000002086165
 20
166.440009072423
  0
LWPOLYLINE
  5
453
330
407
100
AcDbEntity
  8
LN-ELEVATION-1
100
AcDbPolyline
 90
4
 70
1
 10
-90.40000002086165
 20
235.815009072423
 10
90.3999999910593
 20
235.815009072423
 10
90.3999999910593
 20
241.815009072423
 10
-90.40000002086165
 20
241.815009072423
  0
LWPOLYLINE
  5
454
330
407
100
AcDbEntity
  8
LN-ELEVATION-1
100
AcDbPolyline
 90
4
 70
1
 10
-90.40000002086165
 20
311.190009072423
 10
90.3999999910593
 20
311.190009072423
 10
90.3999999910593
 20
317.190009072423
 10
-90.40000002086165
 20
317.190009072423
  0
LWPOLYLINE
  5
455
330
407
100
AcDbEntity
  8
LN-ELEVATION-1
100
AcDbPolyline
 90
4
 70
1
 10
-277.2000000178814
 20
160.440009072423
 10
-96.40000000596046
 20
160.440009072423
 10
-96.40000000596046
 20
166.440009072423
 10
-277.2000000178814
 20
166.440009072423
  0
LWPOLYLINE
  5
456
330
407
100
AcDbEntity
  8
LN-ELEVATION-1
100
AcDbPolyline
 90
4
 70
1
 10
-277.2000000178814
 20
235.815009072423
 10
-96.40000000596046
 20
235.815009072423
 10
-96.40000000596046
 20
241.815009072423
 10
-277.2000000178814
 20
241.815009072423
  0
LWPOLYLINE
  5
457
330
407
100
AcDbEntity
  8
LN-ELEVATION-1
100
AcDbPolyline
 90
4
 70
1
 10
-277.2000000178814
 20
311.190009072423
 10
-96.40000000596046
 20
311.190009072423
 10
-96.40000000596046
 20
317.190009072423
 10
-277.2000000178814
 20
317.190009072423
  0
LWPOLYLINE
  5
458
330
407
100
AcDbEntity
  8
LN-ELEVATION-1
100
AcDbPolyline
 90
4
 70
1
 10
-470.0000000149012
 20
160.440009072423
 10
-283.2000000029802
 20
160.440009072423
 10
-283.2000000029802
 20
166.440009072423
 10
-470.0000000149012
 20
166.440009072423
  0
LWPOLYLINE
  5
459
330
407
100
AcDbEntity
  8
LN-ELEVATION-1
100
AcDbPolyline
 90
4
 70
1
 10
-470.0000000149012
 20
235.815009072423
 10
-283.2000000029802
 20
235.815009072423
 10
-283.2000000029802
 20
241.815009072423
 10
-470.0000000149012
 20
241.815009072423
  0
LWPOLYLINE
  5
45A
330
407
100
AcDbEntity
  8
LN-ELEVATION-1
100
AcDbPolyline
 90
4
 70
1
 10
-470.0000000149012
 20
311.190009072423
 10
-283.2000000029802
 20
311.190009072423
 10
-283.2000000029802
 20
317.190009072423
 10
-470.0000000149012
 20
317.190009072423
  0
LWPOLYLINE
  5
45B
330
407
100
AcDbEntity
  8
LN-ELEVATION-4
100
AcDbPolyline
 90
4
 70
1
 10
-470.0
 20
-357.434990927577
 10
-464.0
 20
-357.434990927577
 10
-464.0
 20
-419.434990927577
 10
-470.0
 20
-419.434990927577
  0
LWPOLYLINE
  5
45C
330
407
100
AcDbEntity
  8
LN-ELEVATION-4
100
AcDbPolyline
 90
4
 70
1
 10
-464.0
 20
-413.4349909275768
 10
-283.2000000029802
 20
-413.4349909275768
 10
-283.2000000029802
 20
-419.434990927577
 10
-464.0
 20
-419.434990927577
  0
LWPOLYLINE
  5
45D
330
407
100
AcDbEntity
  8
LN-ELEVATION-4
100
AcDbPolyline
 90
4
 70
1
 10
-283.2000000029802
 20
-357.434990927577
 10
-277.2000000029802
 20
-357.434990927577
 10
-277.2000000029802
 20
-419.434990927577
 10
-283.2000000029802
 20
-419.434990927577
  0
LWPOLYLINE
  5
45E
330
407
100
AcDbEntity
  8
LN-ELEVATION-4
100
AcDbPolyline
 90
4
 70
1
 10
-96.40000000596046
 20
-357.434990927577
 10
-90.40000000596045
 20
-357.434990927577
 10
-90.40000000596045
 20
-419.434990927577
 10
-96.40000000596046
 20
-419.434990927577
  0
LWPOLYLINE
  5
45F
330
407
100
AcDbEntity
  8
LN-ELEVATION-4
100
AcDbPolyline
 90
4
 70
1
 10
90.3999999910593
 20
-357.434990927577
 10
96.3999999910593
 20
-357.434990927577
 10
96.3999999910593
 20
-419.434990927577
 10
90.3999999910593
 20
-419.434990927577
  0
LWPOLYLINE
  5
460
330
407
100
AcDbEntity
  8
LN-ELEVATION-4
100
AcDbPolyline
 90
4
 70
1
 10
277.1999999880791
 20
-357.434990927577
 10
283.1999999880791
 20
-357.434990927577
 10
283.1999999880791
 20
-419.434990927577
 10
277.1999999880791
 20
-419.434990927577
  0
LWPOLYLINE
  5
461
330
407
100
AcDbEntity
  8
LN-ELEVATION-4
100
AcDbPolyline
 90
4
 70
1
 10
464.0
 20
-357.434990927577
 10
470.0
 20
-357.434990927577
 10
470.0
 20
-419.434990927577
 10
464.0
 20
-419.434990927577
  0
LWPOLYLINE
  5
462
330
407
100
AcDbEntity
  8
LN-ELEVATION-4
100
AcDbPolyline
 90
4
 70
1
 10
-277.2000000029802
 20
-413.4349909275768
 10
-96.40000000596046
 20
-413.4349909275768
 10
-96.40000000596046
 20
-419.434990927577
 10
-277.2000000029802
 20
-419.434990927577
  0
LWPOLYLINE
  5
463
330
407
100
AcDbEntity
  8
LN-ELEVATION-4
100
AcDbPolyline
 90
4
 70
1
 10
-90.40000000596045
 20
-413.4349909275768
 10
90.3999999910593
 20
-413.4349909275768
 10
90.3999999910593
 20
-419.434990927577
 10
-90.40000000596045
 20
-419.434990927577
  0
LWPOLYLINE
  5
464
330
407
100
AcDbEntity
  8
LN-ELEVATION-4
100
AcDbPolyline
 90
4
 70
1
 10
96.3999999910593
 20
-413.4349909275768
 10
277.1999999880791
 20
-413.4349909275768
 10
277.1999999880791
 20
-419.434990927577
 10
96.3999999910593
 20
-419.434990927577
  0
LWPOLYLINE
  5
465
330
407
100
AcDbEntity
  8
LN-ELEVATION-4
100
AcDbPolyline
 90
4
 70
1
 10
283.1999999880791
 20
-413.4349909275768
 10
463.9999999850988
 20
-413.4349909275768
 10
463.9999999850988
 20
-419.434990927577
 10
283.1999999880791
 20
-419.434990927577
  0
LWPOLYLINE
  5
466
330
407
100
AcDbEntity
  8
LN-ELEVATION-5
100
AcDbPolyline
 90
4
 70
1
 10
-470.0
 20
-437.4349909275768
 10
-464.0
 20
-437.4349909275768
 10
-464.0
 20
-499.4349909275769
 10
-470.0
 20
-499.4349909275769
  0
LWPOLYLINE
  5
467
330
407
100
AcDbEntity
  8
LN-ELEVATION-5
100
AcDbPolyline
 90
4
 70
1
 10
-464.0
 20
-493.4349909275769
 10
-283.2000000029802
 20
-493.4349909275769
 10
-283.2000000029802
 20
-499.4349909275769
 10
-464.0
 20
-499.4349909275769
  0
LWPOLYLINE
  5
468
330
407
100
AcDbEntity
  8
LN-ELEVATION-5
100
AcDbPolyline
 90
4
 70
1
 10
-283.2000000029802
 20
-437.4349909275768
 10
-277.2000000029802
 20
-437.4349909275768
 10
-277.2000000029802
 20
-499.4349909275769
 10
-283.2000000029802
 20
-499.4349909275769
  0
LWPOLYLINE
  5
469
330
407
100
AcDbEntity
  8
LN-ELEVATION-5
100
AcDbPolyline
 90
4
 70
1
 10
-96.40000000596046
 20
-437.4349909275768
 10
-90.40000000596045
 20
-437.4349909275768
 10
-90.40000000596045
 20
-499.4349909275769
 10
-96.40000000596046
 20
-499.4349909275769
  0
LWPOLYLINE
  5
46A
330
407
100
AcDbEntity
  8
LN-ELEVATION-5
100
AcDbPolyline
 90
4
 70
1
 10
90.3999999910593
 20
-437.4349909275768
 10
96.3999999910593
 20
-437.4349909275768
 10
96.3999999910593
 20
-499.4349909275769
 10
90.3999999910593
 20
-499.4349909275769
  0
LWPOLYLINE
  5
46B
330
407
100
AcDbEntity
  8
LN-ELEVATION-5
100
AcDbPolyline
 90
4
 70
1
 10
277.1999999880791
 20
-437.4349909275768
 10
283.1999999880791
 20
-437.4349909275768
 10
283.1999999880791
 20
-499.4349909275769
 10
277.1999999880791
 20
-499.4349909275769
  0
LWPOLYLINE
  5
46C
330
407
100
AcDbEntity
  8
LN-ELEVATION-5
100
AcDbPolyline
 90
4
 70
1
 10
464.0
 20
-437.4349909275768
 10
470.0
 20
-437.4349909275768
 10
470.0
 20
-499.4349909275769
 10
464.0
 20
-499.4349909275769
  0
LWPOLYLINE
  5
46D
330
407
100
AcDbEntity
  8
LN-ELEVATION-5
100
AcDbPolyline
 90
4
 70
1
 10
-277.2000000029802
 20
-493.4349909275769
 10
-96.40000000596046
 20
-493.4349909275769
 10
-96.40000000596046
 20
-499.4349909275769
 10
-277.2000000029802
 20
-499.4349909275769
  0
LWPOLYLINE
  5
46E
330
407
100
AcDbEntity
  8
LN-ELEVATION-5
100
AcDbPolyline
 90
4
 70
1
 10
-90.40000000596045
 20
-493.4349909275769
 10
90.3999999910593
 20
-493.4349909275769
 10
90.3999999910593
 20
-499.4349909275769
 10
-90.40000000596045
 20
-499.4349909275769
  0
LWPOLYLINE
  5
46F
330
407
100
AcDbEntity
  8
LN-ELEVATION-5
100
AcDbPolyline
 90
4
 70
1
 10
96.3999999910593
 20
-493.4349909275769
 10
277.1999999880791
 20
-493.4349909275769
 10
277.1999999880791
 20
-499.4349909275769
 10
96.3999999910593
 20
-499.4349909275769
  0
LWPOLYLINE
  5
470
330
407
100
AcDbEntity
  8
LN-ELEVATION-5
100
AcDbPolyline
 90
4
 70
1
 10
283.1999999880791
 20
-493.4349909275769
 10
463.9999999850988
 20
-493.4349909275769
 10
463.9999999850988
 20
-499.4349909275769
 10
283.1999999880791
 20
-499.4349909275769
  0
LWPOLYLINE
  5
471
330
407
100
AcDbEntity
  8
LN-ELEVATION-3
100
AcDbPolyline
 90
4
 70
1
 10
-500.0
 20
559.5650090724229
 10
500.0
 20
559.5650090724229
 10
500.0
 20
577.5650090724228
 10
-500.0
 20
577.5650090724228
  0
LWPOLYLINE
  5
472
330
407
100
AcDbEntity
  8
LN-ELEVATION-3
100
AcDbPolyline
 90
4
 70
1
 10
470.0
 20
497.565009072423
 10
500.0
 20
497.565009072423
 10
500.0
 20
559.5650090724229
 10
470.0
 20
559.5650090724229
  0
LWPOLYLINE
  5
473
330
407
100
AcDbEntity
  8
LN-ELEVATION-3
100
AcDbPolyline
 90
4
 70
1
 10
-500.0
 20
497.565009072423
 10
-470.0
 20
497.565009072423
 10
-470.0
 20
559.5650090724229
 10
-500.0
 20
559.5650090724229
  0
LWPOLYLINE
  5
474
330
407
100
AcDbEntity
  8
LN-ELEVATION-4
100
AcDbPolyline
 90
4
 70
1
 10
-500.0
 20
639.5650090724228
 10
500.0
 20
639.5650090724228
 10
500.0
 20
657.565009072423
 10
-500.0
 20
657.565009072423
  0
LWPOLYLINE
  5
475
330
407
100
AcDbEntity
  8
LN-ELEVATION-4
100
AcDbPolyline
 90
4
 70
1
 10
470.0
 20
577.5650090724228
 10
500.0
 20
577.5650090724228
 10
500.0
 20
639.5650090724228
 10
470.0
 20
639.5650090724228
  0
LWPOLYLINE
  5
476
330
407
100
AcDbEntity
  8
LN-ELEVATION-4
100
AcDbPolyline
 90
4
 70
1
 10
-500.0
 20
577.5650090724228
 10
-470.0
 20
577.5650090724228
 10
-470.0
 20
639.5650090724228
 10
-500.0
 20
639.5650090724228
  0
LWPOLYLINE
  5
477
330
407
100
AcDbEntity
  8
LN-ELEVATION-4
100
AcDbPolyline
 90
4
 70
1
 10
-470.0
 20
497.565009072423
 10
-464.0
 20
497.565009072423
 10
-464.0
 20
559.5650090724229
 10
-470.0
 20
559.5650090724229
  0
LWPOLYLINE
  5
478
330
407
100
AcDbEntity
  8
LN-ELEVATION-4
100
AcDbPolyline
 90
4
 70
1
 10
-464.0
 20
553.565009072423
 10
-283.2000000029802
 20
553.565009072423
 10
-283.2000000029802
 20
559.5650090724229
 10
-464.0
 20
559.5650090724229
  0
LWPOLYLINE
  5
479
330
407
100
AcDbEntity
  8
LN-ELEVATION-4
100
AcDbPolyline
 90
4
 70
1
 10
-283.2000000029802
 20
497.565009072423
 10
-277.2000000029802
 20
497.565009072423
 10
-277.2000000029802
 20
559.5650090724229
 10
-283.2000000029802
 20
559.5650090724229
  0
LWPOLYLINE
  5
47A
330
407
100
AcDbEntity
  8
LN-ELEVATION-4
100
AcDbPolyline
 90
4
 70
1
 10
-96.40000000596046
 20
497.565009072423
 10
-90.40000000596045
 20
497.565009072423
 10
-90.40000000596045
 20
559.5650090724229
 10
-96.40000000596046
 20
559.5650090724229
  0
LWPOLYLINE
  5
47B
330
407
100
AcDbEntity
  8
LN-ELEVATION-4
100
AcDbPolyline
 90
4
 70
1
 10
90.3999999910593
 20
497.565009072423
 10
96.3999999910593
 20
497.565009072423
 10
96.3999999910593
 20
559.5650090724229
 10
90.3999999910593
 20
559.5650090724229
  0
LWPOLYLINE
  5
47C
330
407
100
AcDbEntity
  8
LN-ELEVATION-4
100
AcDbPolyline
 90
4
 70
1
 10
277.1999999880791
 20
497.565009072423
 10
283.1999999880791
 20
497.565009072423
 10
283.1999999880791
 20
559.5650090724229
 10
277.1999999880791
 20
559.5650090724229
  0
LWPOLYLINE
  5
47D
330
407
100
AcDbEntity
  8
LN-ELEVATION-4
100
AcDbPolyline
 90
4
 70
1
 10
464.0
 20
497.565009072423
 10
470.0
 20
497.565009072423
 10
470.0
 20
559.5650090724229
 10
464.0
 20
559.5650090724229
  0
LWPOLYLINE
  5
47E
330
407
100
AcDbEntity
  8
LN-ELEVATION-4
100
AcDbPolyline
 90
4
 70
1
 10
-277.2000000029802
 20
553.565009072423
 10
-96.40000000596046
 20
553.565009072423
 10
-96.40000000596046
 20
559.5650090724229
 10
-277.2000000029802
 20
559.5650090724229
  0
LWPOLYLINE
  5
47F
330
407
100
AcDbEntity
  8
LN-ELEVATION-4
100
AcDbPolyline
 90
4
 70
1
 10
-90.40000000596045
 20
553.565009072423
 10
90.3999999910593
 20
553.565009072423
 10
90.3999999910593
 20
559.5650090724229
 10
-90.40000000596045
 20
559.5650090724229
  0
LWPOLYLINE
  5
480
330
407
100
AcDbEntity
  8
LN-ELEVATION-4
100
AcDbPolyline
 90
4
 70
1
 10
96.3999999910593
 20
553.565009072423
 10
277.1999999880791
 20
553.565009072423
 10
277.1999999880791
 20
559.5650090724229
 10
96.3999999910593
 20
559.5650090724229
  0
LWPOLYLINE
  5
481
330
407
100
AcDbEntity
  8
LN-ELEVATION-4
100
AcDbPolyline
 90
4
 70
1
 10
283.1999999880791
 20
553.565009072423
 10
463.9999999850988
 20
553.565009072423
 10
463.9999999850988
 20
559.5650090724229
 10
283.1999999880791
 20
559.5650090724229
  0
LWPOLYLINE
  5
482
330
407
100
AcDbEntity
  8
LN-ELEVATION-5
100
AcDbPolyline
 90
4
 70
1
 10
-470.0
 20
577.5650090724228
 10
-464.0
 20
577.5650090724228
 10
-464.0
 20
639.5650090724228
 10
-470.0
 20
639.5650090724228
  0
LWPOLYLINE
  5
483
330
407
100
AcDbEntity
  8
LN-ELEVATION-5
100
AcDbPolyline
 90
4
 70
1
 10
-464.0
 20
633.565009072423
 10
-283.2000000029802
 20
633.565009072423
 10
-283.2000000029802
 20
639.5650090724228
 10
-464.0
 20
639.5650090724228
  0
LWPOLYLINE
  5
484
330
407
100
AcDbEntity
  8
LN-ELEVATION-5
100
AcDbPolyline
 90
4
 70
1
 10
-283.2000000029802
 20
577.5650090724228
 10
-277.2000000029802
 20
577.5650090724228
 10
-277.2000000029802
 20
639.5650090724228
 10
-283.2000000029802
 20
639.5650090724228
  0
LWPOLYLINE
  5
485
330
407
100
AcDbEntity
  8
LN-ELEVATION-5
100
AcDbPolyline
 90
4
 70
1
 10
-96.40000000596046
 20
577.5650090724228
 10
-90.40000000596045
 20
577.5650090724228
 10
-90.40000000596045
 20
639.5650090724228
 10
-96.40000000596046
 20
639.5650090724228
  0
LWPOLYLINE
  5
486
330
407
100
AcDbEntity
  8
LN-ELEVATION-5
100
AcDbPolyline
 90
4
 70
1
 10
90.3999999910593
 20
577.5650090724228
 10
96.3999999910593
 20
577.5650090724228
 10
96.3999999910593
 20
639.5650090724228
 10
90.3999999910593
 20
639.5650090724228
  0
LWPOLYLINE
  5
487
330
407
100
AcDbEntity
  8
LN-ELEVATION-5
100
AcDbPolyline
 90
4
 70
1
 10
277.1999999880791
 20
577.5650090724228
 10
283.1999999880791
 20
577.5650090724228
 10
283.1999999880791
 20
639.5650090724228
 10
277.1999999880791
 20
639.5650090724228
  0
LWPOLYLINE
  5
488
330
407
100
AcDbEntity
  8
LN-ELEVATION-5
100
AcDbPolyline
 90
4
 70
1
 10
464.0
 20
577.5650090724228
 10
470.0
 20
577.5650090724228
 10
470.0
 20
639.5650090724228
 10
464.0
 20
639.5650090724228
  0
LWPOLYLINE
  5
489
330
407
100
AcDbEntity
  8
LN-ELEVATION-5
100
AcDbPolyline
 90
4
 70
1
 10
-277.2000000029802
 20
633.565009072423
 10
-96.40000000596046
 20
633.565009072423
 10
-96.40000000596046
 20
639.5650090724228
 10
-277.2000000029802
 20
639.5650090724228
  0
LWPOLYLINE
  5
48A
330
407
100
AcDbEntity
  8
LN-ELEVATION-5
100
AcDbPolyline
 90
4
 70
1
 10
-90.40000000596045
 20
633.565009072423
 10
90.3999999910593
 20
633.565009072423
 10
90.3999999910593
 20
639.5650090724228
 10
-90.40000000596045
 20
639.5650090724228
  0
LWPOLYLINE
  5
48B
330
407
100
AcDbEntity
  8
LN-ELEVATION-5
100
AcDbPolyline
 90
4
 70
1
 10
96.3999999910593
 20
633.565009072423
 10
277.1999999880791
 20
633.565009072423
 10
277.1999999880791
 20
639.5650090724228
 10
96.3999999910593
 20
639.5650090724228
  0
LWPOLYLINE
  5
48C
330
407
100
AcDbEntity
  8
LN-ELEVATION-5
100
AcDbPolyline
 90
4
 70
1
 10
283.1999999880791
 20
633.565009072423
 10
463.9999999850988
 20
633.565009072423
 10
463.9999999850988
 20
639.5650090724228
 10
283.1999999880791
 20
639.5650090724228
  0
INSERT
  5
48D
330
407
100
AcDbEntity
  8
I-LK DIM
100
AcDbBlockReference
  2
EURO MIRROR
 10
10.0
 20
67.14025533781387
 30
0.0
  0
LWPOLYLINE
  5
48F
330
407
100
AcDbEntity
  8
LN-ELEVATION-1
100
AcDbPolyline
 90
4
 70
1
 10
283.1999999880791
 20
-246.434990927577
 10
470.0
 20
-246.434990927577
 10
470.0
 20
-252.434990927577
 10
283.1999999880791
 20
-252.434990927577
  0
LWPOLYLINE
  5
490
330
407
100
AcDbEntity
  8
LN-ELEVATION-1
100
AcDbPolyline
 90
4
 70
1
 10
96.39999997615817
 20
-246.434990927577
 10
277.1999999880791
 20
-246.434990927577
 10
277.1999999880791
 20
-252.434990927577
 10
96.39999997615817
 20
-252.434990927577
  0
LWPOLYLINE
  5
491
330
407
100
AcDbEntity
  8
LN-ELEVATION-1
100
AcDbPolyline
 90
4
 70
1
 10
-90.40000002086165
 20
-246.434990927577
 10
90.3999999910593
 20
-246.434990927577
 10
90.3999999910593
 20
-252.434990927577
 10
-90.40000002086165
 20
-252.434990927577
  0
LWPOLYLINE
  5
492
330
407
100
AcDbEntity
  8
LN-ELEVATION-1
100
AcDbPolyline
 90
4
 70
1
 10
-277.2000000178814
 20
-246.434990927577
 10
-96.40000000596046
 20
-246.434990927577
 10
-96.40000000596046
 20
-252.434990927577
 10
-277.2000000178814
 20
-252.434990927577
  0
LWPOLYLINE
  5
493
330
407
100
AcDbEntity
  8
LN-ELEVATION-1
100
AcDbPolyline
 90
4
 70
1
 10
-470.0000000149012
 20
-246.434990927577
 10
-283.2000000029802
 20
-246.434990927577
 10
-283.2000000029802
 20
-252.434990927577
 10
-470.0000000149012
 20
-252.434990927577
  0
LWPOLYLINE
  5
494
330
407
100
AcDbEntity
  8
LN-ELEVATION-1
100
AcDbPolyline
 90
4
 70
1
 10
283.1999999880791
 20
386.565009072423
 10
470.0
 20
386.565009072423
 10
470.0
 20
392.565009072423
 10
283.1999999880791
 20
392.565009072423
  0
LWPOLYLINE
  5
495
330
407
100
AcDbEntity
  8
LN-ELEVATION-1
100
AcDbPolyline
 90
4
 70
1
 10
96.39999997615817
 20
386.565009072423
 10
277.1999999880791
 20
386.565009072423
 10
277.1999999880791
 20
392.565009072423
 10
96.39999997615817
 20
392.565009072423
  0
LWPOLYLINE
  5
496
330
407
100
AcDbEntity
  8
LN-ELEVATION-1
100
AcDbPolyline
 90
4
 70
1
 10
-90.40000002086165
 20
386.565009072423
 10
90.3999999910593
 20
386.565009072423
 10
90.3999999910593
 20
392.565009072423
 10
-90.40000002086165
 20
392.565009072423
  0
LWPOLYLINE
  5
497
330
407
100
AcDbEntity
  8
LN-ELEVATION-1
100
AcDbPolyline
 90
4
 70
1
 10
-277.2000000178814
 20
386.565009072423
 10
-96.40000000596046
 20
386.565009072423
 10
-96.40000000596046
 20
392.565009072423
 10
-277.2000000178814
 20
392.565009072423
  0
LWPOLYLINE
  5
498
330
407
100
AcDbEntity
  8
LN-ELEVATION-1
100
AcDbPolyline
 90
4
 70
1
 10
-470.0000000149012
 20
386.565009072423
 10
-283.2000000029802
 20
386.565009072423
 10
-283.2000000029802
 20
392.565009072423
 10
-470.0000000149012
 20
392.565009072423
  0
ENDBLK
  5
409
330
407
100
AcDbEntity
  8
0
100
AcDbBlockEnd
  0
BLOCK
  5
49C
330
49B
100
AcDbEntity
  8
0
100
AcDbBlockBegin
  2
VC_FIXTURE_MEDIUM_11
 70
0
 10
0.0
 20
0.0
 30
0.0
  3
VC_FIXTURE_MEDIUM_11
  1

  0
INSERT
  5
49E
330
49B
100
AcDbEntity
  8
I-LK FF&E
100
AcDbBlockReference
  2
1010MM VC PLAN
 10
511.833333333022
 20
226.0
 30
0.0
 41
-1.0
  0
ENDBLK
  5
49D
330
49B
100
AcDbEntity
  8
0
100
AcDbBlockEnd
  0
BLOCK
  5
4A3
330
4A2
100
AcDbEntity
  8
0
100
AcDbBlockBegin
  2
VC_FIXTURE_MEDIUM_12
 70
0
 10
0.0
 20
0.0
 30
0.0
  3
VC_FIXTURE_MEDIUM_12
  1

  0
INSERT
  5
4A5
330
4A2
100
AcDbEntity
  8
I-LK FF&E
100
AcDbBlockReference
  2
1010MM VC PLAN
 10
511.833333333022
 20
226.0
 30
0.0
 41
-1.0
  0
ENDBLK
  5
4A4
330
4A2
100
AcDbEntity
  8
0
100
AcDbBlockEnd
  0
BLOCK
  5
4AA
330
4A9
100
AcDbEntity
  8
0
100
AcDbBlockBegin
  2
VC_FIXTURE_MEDIUM_13
 70
0
 10
0.0
 20
0.0
 30
0.0
  3
VC_FIXTURE_MEDIUM_13
  1

  0
INSERT
  5
4AC
330
4A9
100
AcDbEntity
  8
I-LK FF&E
100
AcDbBlockReference
  2
1010MM VC PLAN
 10
511.833333333022
 20
226.0
 30
0.0
 41
-1.0
  0
ENDBLK
  5
4AB
330
4A9
100
AcDbEntity
  8
0
100
AcDbBlockEnd
  0
BLOCK
  5
4B1
330
4B0
100
AcDbEntity
  8
0
100
AcDbBlockBegin
  2
VC_FIXTURE_MEDIUM_14
 70
0
 10
0.0
 20
0.0
 30
0.0
  3
VC_FIXTURE_MEDIUM_14
  1

  0
INSERT
  5
4B3
330
4B0
100
AcDbEntity
  8
I-LK FF&E
100
AcDbBlockReference
  2
1010MM VC PLAN
 10
511.833333333022
 20
226.0
 30
0.0
 41
-1.0
  0
ENDBLK
  5
4B2
330
4B0
100
AcDbEntity
  8
0
100
AcDbBlockEnd
  0
BLOCK
  5
4B8
330
4B7
100
AcDbEntity
  8
0
100
AcDbBlockBegin
  2
VC_FIXTURE_MEDIUM_15
 70
0
 10
0.0
 20
0.0
 30
0.0
  3
VC_FIXTURE_MEDIUM_15
  1

  0
INSERT
  5
4BA
330
4B7
100
AcDbEntity
  8
I-LK FF&E
100
AcDbBlockReference
  2
1010MM VC PLAN
 10
511.833333333022
 20
226.0
 30
0.0
 41
-1.0
  0
ENDBLK
  5
4B9
330
4B7
100
AcDbEntity
  8
0
100
AcDbBlockEnd
  0
BLOCK
  5
4BF
330
4BE
100
AcDbEntity
  8
0
100
AcDbBlockBegin
  2
JJ_FIXTURE_LARGE_5
 70
0
 10
0.0
 20
0.0
 30
0.0
  3
JJ_FIXTURE_LARGE_5
  1

  0
INSERT
  5
4C1
330
4BE
100
AcDbEntity
  8
I-LK FF&E
100
AcDbBlockReference
  2
JJ 1200
 10
792.0591651862491
 20
30.0
 30
0.0
 41
-1.0
  0
ENDBLK
  5
4C0
330
4BE
100
AcDbEntity
  8
0
100
AcDbBlockEnd
  0
BLOCK
  5
4C6
330
4C5
100
AcDbEntity
  8
0
100
AcDbBlockBegin
  2
VC_FIXTURE_MEDIUM_16
 70
0
 10
0.0
 20
0.0
 30
0.0
  3
VC_FIXTURE_MEDIUM_16
  1

  0
INSERT
  5
4C8
330
4C5
100
AcDbEntity
  8
I-LK FF&E
100
AcDbBlockReference
  2
1010MM VC PLAN
 10
511.833333333022
 20
226.0
 30
0.0
 41
-1.0
  0
ENDBLK
  5
4C7
330
4C5
100
AcDbEntity
  8
0
100
AcDbBlockEnd
  0
BLOCK
  5
4CD
330
4CC
100
AcDbEntity
  8
0
100
AcDbBlockBegin
  2
VC_FIXTURE_LARGE_5
 70
0
 10
0.0
 20
0.0
 30
0.0
  3
VC_FIXTURE_LARGE_5
  1

  0
INSERT
  5
4CF
330
4CC
100
AcDbEntity
  8
I-LK FF&E
100
AcDbBlockReference
  2
12MM VC PLAN
 10
-4.547e-13
 20
0.0
 30
0.0
 41
-1.0
  0
ENDBLK
  5
4CE
330
4CC
100
AcDbEntity
  8
0
100
AcDbBlockEnd
  0
BLOCK
  5
4D4
330
4D3
100
AcDbEntity
  8
0
100
AcDbBlockBegin
  2
JJ_FIXTURE_MEDIUM_1
 70
0
 10
0.0
 20
0.0
 30
0.0
  3
JJ_FIXTURE_MEDIUM_1
  1

  0
INSERT
  5
4D6
330
4D3
100
AcDbEntity
  8
I-LK FF&E
100
AcDbBlockReference
  2
JJ 900
 10
911.7948143622633
 20
249.9999999999854
 30
0.0
  0
ENDBLK
  5
4D5
330
4D3
100
AcDbEntity
  8
0
100
AcDbBlockEnd
  0
BLOCK
  5
4D9
330
4D8
100
AcDbEntity
  8
0
100
AcDbBlockBegin
  2
jj 900
 70
0
 10
0.0
 20
0.0
 30
0.0
  3
jj 900
  1

  0
HATCH
  5
4DB
330
4D8
100
AcDbEntity
  8
LN-HATCH
 48
0.5
100
AcDbHatch
 10
0.0
 20
0.0
 30
0.0
210
0.0
220
0.0
230
1.0
  2
ANSI31
 70
0
 71
0
 91
1
 92
1
 93
8
 72
1
 10
-911.7948143622632
 20
1.45519e-11
 11
-911.7948143622632
 21
-189.9999999999854
 72
1
 10
-911.7948143622632
 20
-189.9999999999854
 11
-905.7948143622637
 21
-189.9999999999854
 72
1
 10
-905.7948143622637
 20
-189.9999999999854
 11
-905.7948143622637
 21
-199.9999999999854
 72
1
 10
-905.7948143622637
 20
-199.9999999999854
 11
-911.7948143622632
 21
-199.9999999999854
 72
1
 10
-911.7948143622632
 20
-199.9999999999854
 11
-911.7948143622632
 21
-243.9999999999855
 72
1
 10
-911.7948143622632
 20
-243.9999999999855
 11
-886.7948143622632
 21
-243.9999999999855
 72
1
 10
-886.7948143622632
 20
-243.9999999999855
 11
-886.7948143622632
 21
1.45519e-11
 72
1
 10
-886.7948143622632
 20
1.45519e-11
 11
-911.7948143622632
 21
1.45519e-11
 97
0
 75
1
 76
1
 52
0.0
 41
50.0
 77
0
 78
1
 53
45.0
 43
0.0
 44
0.0
 45
-4.419417382415921
 46
4.419417382415921
 79
0
 98
1
 10
-4097307.066417053
 20
1708580.267299229
  0
HATCH
  5
4DC
330
4D8
100
AcDbEntity
  8
LN-HATCH
 48
0.5
100
AcDbHatch
 10
0.0
 20
0.0
 30
0.0
210
0.0
220
0.0
230
1.0
  2
ANSI31
 70
0
 71
0
 91
1
 92
1
 93
4
 72
1
 10
-46.79481436226342
 20
-243.9999999999855
 11
-46.79481436226342
 21
-249.9999999999854
 72
1
 10
-46.79481436226342
 20
-249.9999999999854
 11
-11.79481436226342
 21
-249.9999999999854
 72
1
 10
-11.79481436226342
 20
-249.9999999999854
 11
-11.79481436226342
 21
-243.9999999999855
 72
1
 10
-11.79481436226342
 20
-243.9999999999855
 11
-46.79481436226342
 21
-243.9999999999855
 97
0
 75
1
 76
1
 52
0.0
 41
2.0
 77
0
 78
1
 53
45.0
 43
4208834.246730669
 44
1706614.740126447
 45
-4.490128060534575
 46
4.490128060534575
 79
0
 98
1
 10
-4097607.066417054
 20
1708580.267299229
  0
HATCH
  5
4DD
330
4D8
100
AcDbEntity
  8
LN-HATCH
 48
0.5
100
AcDbHatch
 10
0.0
 20
0.0
 30
0.0
210
0.0
220
0.0
230
1.0
  2
ANSI31
 70
0
 71
0
 91
1
 92
1
 93
8
 72
1
 10
-11.79481436226342
 20
1.45519e-11
 11
-11.79481436226342
 21
-189.9999999999854
 72
1
 10
-11.79481436226342
 20
-189.9999999999854
 11
-17.79481436226342
 21
-189.9999999999854
 72
1
 10
-17.79481436226342
 20
-189.9999999999854
 11
-17.79481436226342
 21
-199.9999999999854
 72
1
 10
-17.79481436226342
 20
-199.9999999999854
 11
-11.79481436226342
 21
-199.9999999999854
 72
1
 10
-11.79481436226342
 20
-199.9999999999854
 11
-11.79481436226342
 21
-243.9999999999855
 72
1
 10
-11.79481436226342
 20
-243.9999999999855
 11
-36.79481436226343
 21
-243.9999999999855
 72
1
 10
-36.79481436226343
 20
-243.9999999999855
 11
-36.79481436226343
 21
1.45519e-11
 72
1
 10
-36.79481436226343
 20
1.45519e-11
 11
-11.79481436226342
 21
1.45519e-11
 97
0
 75
1
 76
1
 52
0.0
 41
2.0
 77
0
 78
1
 53
45.0
 43
4208834.246730669
 44
1706614.740126447
 45
-4.490128060534575
 46
4.490128060534575
 79
0
 98
1
 10
-4097607.066417054
 20
1708580.267299229
  0
HATCH
  5
4DE
330
4D8
100
AcDbEntity
  8
LN-HATCH
 48
0.5
100
AcDbHatch
 10
0.0
 20
0.0
 30
0.0
210
0.0
220
0.0
230
1.0
  2
ANSI31
 70
0
 71
0
 91
1
 92
1
 93
4
 72
1
 10
-876.7948143622632
 20
-243.9999999999855
 11
-876.7948143622632
 21
-249.9999999999854
 72
1
 10
-876.7948143622632
 20
-249.9999999999854
 11
-911.7948143622632
 21
-249.9999999999854
 72
1
 10
-911.7948143622632
 20
-249.9999999999854
 11
-911.7948143622632
 21
-243.9999999999855
 72
1
 10
-911.7948143622632
 20
-243.9999999999855
 11
-876.7948143622632
 21
-243.9999999999855
 97
0
 75
1
 76
1
 52
0.0
 41
2.0
 77
0
 78
1
 53
45.0
 43
4209134.246730668
 44
1706614.740126447
 45
-4.490128060534575
 46
4.490128060534575
 79
0
 98
1
 10
-4097307.066417053
 20
1708580.267299229
  0
HATCH
  5
4DF
330
4D8
100
AcDbEntity
  8
LN-HATCH
 48
0.5
100
AcDbHatch
 10
0.0
 20
0.0
 30
0.0
210
0.0
220
0.0
230
1.0
  2
ANSI31
 70
0
 71
0
 91
1
 92
1
 93
4
 72
1
 10
-36.79481436224887
 20
-40.0
 11
-886.7948143622632
 21
-39.99999999998546
 72
1
 10
-886.7948143622632
 20
-39.99999999998546
 11
-886.7948143622632
 21
-33.99999999998545
 72
1
 10
-886.7948143622632
 20
-33.99999999998545
 11
-36.79481436224887
 21
-34.0
 72
1
 10
-36.79481436224887
 20
-34.0
 11
-36.79481436224887
 21
-40.0
 97
0
 75
1
 76
1
 52
0.0
 41
2.0
 77
0
 78
1
 53
45.0
 43
4209134.246730668
 44
1706614.740126447
 45
-4.490128060534575
 46
4.490128060534575
 79
0
 98
1
 10
-4097307.066417053
 20
1708580.267299229
  0
LWPOLYLINE
  5
4E0
330
4D8
100
AcDbEntity
  8
LN-ELEVATION-1
 48
0.5
100
AcDbPolyline
 90
8
 70
1
 10
-911.7948143622632
 20
1.45519e-11
 10
-911.7948143622632
 20
-189.9999999999854
 10
-905.7948143622637
 20
-189.9999999999854
 10
-905.7948143622637
 20
-199.9999999999854
 10
-911.7948143622632
 20
-199.9999999999854
 10
-911.7948143622632
 20
-243.9999999999855
 10
-886.7948143622632
 20
-243.9999999999855
 10
-886.7948143622632
 20
1.45519e-11
  0
LWPOLYLINE
  5
4E1
330
4D8
100
AcDbEntity
  8
LN-ELEVATION-1
 48
0.5
100
AcDbPolyline
 90
8
 70
1
 10
-11.79481436226342
 20
1.45519e-11
 10
-11.79481436226342
 20
-189.9999999999854
 10
-17.79481436226342
 20
-189.9999999999854
 10
-17.79481436226342
 20
-199.9999999999854
 10
-11.79481436226342
 20
-199.9999999999854
 10
-11.79481436226342
 20
-243.9999999999855
 10
-36.79481436226343
 20
-243.9999999999855
 10
-36.79481436226343
 20
1.45519e-11
  0
LWPOLYLINE
  5
4E2
330
4D8
100
AcDbEntity
  8
LN-ELEVATION-1
 48
0.5
100
AcDbPolyline
 90
4
 70
1
 10
-36.79481436226343
 20
-39.99999999998546
 10
-886.7948143622632
 20
-39.99999999998546
 10
-886.7948143622632
 20
-33.99999999998545
 10
-36.79481436226343
 20
-33.99999999998545
  0
LWPOLYLINE
  5
4E3
330
4D8
100
AcDbEntity
  8
LN-ELEVATION-1
 48
0.5
100
AcDbPolyline
 90
4
 70
1
 10
-876.7948143622632
 20
-243.9999999999855
 10
-876.7948143622632
 20
-249.9999999999854
 10
-911.7948143622632
 20
-249.9999999999854
 10
-911.7948143622632
 20
-243.9999999999855
  0
LWPOLYLINE
  5
4E4
330
4D8
100
AcDbEntity
  8
LN-ELEVATION-1
 48
0.5
100
AcDbPolyline
 90
4
 70
1
 10
-46.79481436226342
 20
-243.9999999999855
 10
-46.79481436226342
 20
-249.9999999999854
 10
-11.79481436226342
 20
-249.9999999999854
 10
-11.79481436226342
 20
-243.9999999999855
  0
LINE
  5
4E5
330
4D8
100
AcDbEntity
  8
LN-ELEVATION-3
 48
0.5
100
AcDbLine
 10
-46.79481436226342
 20
-249.9999999999854
 30
0.0
 11
-876.7948143622632
 21
-249.9999999999854
 31
0.0
  0
LINE
  5
4E6
330
4D8
100
AcDbEntity
  8
LN-ELEVATION-3
 48
0.5
100
AcDbLine
 10
-876.7948143622632
 20
-243.9999999999855
 30
0.0
 11
-46.79481436226342
 21
-243.9999999999855
 31
0.0
  0
LWPOLYLINE
  5
4E7
330
4D8
100
AcDbEntity
  8
LN-ELEVATION-4
  6
ACAD_ISO03W100
 48
0.05
100
AcDbPolyline
 90
4
 70
1
 10
-886.7948143622632
 20
-219.9999999999854
 10
-36.79481436226343
 20
-219.9999999999854
 10
-36.79481436226343
 20
-231.9999999999855
 10
-886.7948143622632
 20
-231.9999999999855
  0
LINE
  5
4E8
330
4D8
100
AcDbEntity
  8
LN-ELEVATION-3
 48
0.5
100
AcDbLine
 10
-886.7948143622632
 20
1.45519e-11
 30
0.0
 11
-36.79481436226343
 21
1.45519e-11
 31
0.0
  0
ENDBLK
  5
4DA
330
4D8
100
AcDbEntity
  8
0
100
AcDbBlockEnd
  0
BLOCK
  5
4EE
330
4ED
100
AcDbEntity
  8
0
100
AcDbBlockBegin
  2
EURO_CENTRE_2
 70
0
 10
0.0
 20
0.0
 30
0.0
  3
EURO_CENTRE_2
  1

  0
INSERT
  5
4F0
330
4ED
100
AcDbEntity
  8
I-LK FF&E
100
AcDbBlockReference
  2
EUROCENTER 1040
 10
520.0000000000001
 20
517.434990927577
 30
0.0
  0
ENDBLK
  5
4EF
330
4ED
100
AcDbEntity
  8
0
100
AcDbBlockEnd
  0
BLOCK
  5
507
330
506
100
AcDbEntity
  8
0
100
AcDbBlockBegin
  2
VC_FIXTURE_MEDIUM_17
 70
0
 10
0.0
 20
0.0
 30
0.0
  3
VC_FIXTURE_MEDIUM_17
  1

  0
INSERT
  5
509
330
506
100
AcDbEntity
  8
I-LK FF&E
100
AcDbBlockReference
  2
1010MM VC PLAN
 10
511.833333333022
 20
226.0
 30
0.0
 41
-1.0
  0
ENDBLK
  5
508
330
506
100
AcDbEntity
  8
0
100
AcDbBlockEnd
  0
ENDSEC
  0
SECTION
  2
ENTITIES
  0
LWPOLYLINE
  5
32
330
17
100
AcDbEntity
  8
FloorPlan
100
AcDbPolyline
 90
334
 70
1
 10
12961.64631922603
 20
8461.393587500494
 10
13822.886767726239
 20
8516.622002138713
 10
13822.984892106117
 20
8516.62346935686
 10
13823.082687802813
 20
8516.61531163884
 10
13823.179212990308
 20
8516.597607547936
 10
13823.27353807828
 20
8516.570527584217
 10
13823.364754664566
 20
8516.534332542544
 10
13823.451984283576
 20
8516.489371000951
 10
13823.534386866402
 20
8516.436075963662
 10
13823.611168831118
 20
8516.374960691019
 10
13823.681590725428
 20
8516.30661375651
 10
13823.744974348003
 20
8516.231693378473
 10
13823.800709279902
 20
8516.150921081105
 10
13823.80148434487
 20
8516.149521770694
 10
13823.801762959785
 20
8516.149117995506
 10
13823.849312415205
 20
8516.063271644709
 10
13823.888218493184
 20
8515.973178005914
 10
13823.918106506932
 20
8515.879704730107
 10
13823.938688618528
 20
8515.783752016036
 10
13823.949766610993
 20
8515.686243940787
 10
13924.417180608692
 20
6948.973850192198
 10
14263.892324920082
 20
6970.742445685139
 10
14263.907053879304
 20
6970.744119064759
 10
14264.005178258925
 20
6970.745586299994
 10
14264.102973957044
 20
6970.737428599001
 10
14264.19949914762
 20
6970.719724524903
 10
14264.293824240307
 20
6970.69264457761
 10
14264.385040832894
 20
6970.656449551819
 10
14264.472270459737
 20
6970.611488025415
 10
14264.55467305184
 20
6970.558193002473
 10
14264.631455027196
 20
6970.497077743201
 10
14264.632027993997
 20
6970.496521658888
 10
14264.632188248634
 20
6970.49639410221
 10
14264.702609984848
 20
6970.428047004802
 10
14264.765993434117
 20
6970.353126480148
 10
14264.821728179177
 20
6970.272354053857
 10
14264.86927746396
 20
6970.186507608548
 10
14264.908183362862
 20
6970.096413892419
 10
14264.938071190812
 20
6970.002940557205
 10
14264.958653111687
 20
6969.906987802222
 10
14264.96973091034
 20
6969.809479704956
 10
14264.969939956178
 20
6969.795497007322
 10
14314.224915768256
 20
6201.707872579465
 10
14314.225257848502
 20
6201.684995258164
 10
14471.839682604677
 20
3743.8106761444205
 10
14471.841149795859
 20
3743.71255176414
 10
14471.83299205096
 20
3743.6147560696845
 10
14471.815287933527
 20
3743.5182308870562
 10
14471.788207943886
 20
3743.423905806528
 10
14471.752012877143
 20
3743.3326892301875
 10
14471.707051311576
 20
3743.245459623532
 10
14471.65375625164
 20
3743.1630570553557
 10
14471.592640957897
 20
3743.0862751074374
 10
14471.59241877557
 20
3743.086046179955
 10
14471.59236797793
 20
3743.085982360583
 10
14471.524021004807
 20
3743.0155605037453
 10
14471.449100592014
 20
3742.952176922254
 10
14471.368328264085
 20
3742.8964420346447
 10
14471.282481902696
 20
3742.8488925983556
 10
14471.19238825523
 20
3742.80998654045
 10
14471.098914972761
 20
3742.7800985475333
 10
14471.002962254104
 20
3742.7595164573167
 10
14470.905454176387
 20
3742.7484384865797
 10
6883.072095856151
 20
3256.17072422219
 10
6883.067676920962
 20
3256.170222184218
 10
6882.969552540021
 20
3256.1687550372035
 10
6882.871756849238
 20
3256.17691282612
 10
6882.775231674579
 20
3256.194616987
 10
6882.680906606239
 20
3256.221697019096
 10
6882.58969004619
 20
3256.257892126895
 10
6882.502460459772
 20
3256.302853731724
 10
6882.420057915585
 20
3256.3561488287514
 10
6882.343275995174
 20
3256.417264157054
 10
6882.3431044375575
 20
3256.4174306600194
 10
6882.343056721675
 20
3256.4174686399338
 10
6882.2726348648375
 20
3256.4858156130585
 10
6882.209251283345
 20
3256.56073602585
 10
6882.153516395737
 20
3256.6415083537786
 10
6882.105966959448
 20
3256.7273547151685
 10
6882.067060901542
 20
3256.817448362636
 10
6882.0371729086255
 20
3256.9109216451025
 10
6882.016590818409
 20
3257.006874363761
 10
6882.0055128476715
 20
3257.104382441477
 10
6882.005450123055
 20
3257.1085774821295
 10
6833.344722499647
 20
4015.9401114863676
 10
1352.9640133065086
 20
3664.505243931887
 10
1352.8658889257595
 20
3664.503776772027
 10
1352.768093233909
 20
3664.51193454814
 10
1352.6715680569296
 20
3664.5296386963823
 10
1352.5772429850467
 20
3664.5567187161305
 10
1352.4860264202598
 20
3664.5929138119873
 10
1352.3987968279553
 20
3664.6378754053985
 10
1352.3163942767897
 20
3664.6911704916342
 10
1352.2396123483777
 20
3664.7522858098864
 10
1352.239383423066
 20
3664.752507990248
 10
1352.2393196039466
 20
3664.7525587877203
 10
1352.1688977687045
 20
3664.8209057830954
 10
1352.1055142108835
 20
3664.895826215914
 10
1352.0497793487957
 20
3664.976598561452
 10
1352.0022299396305
 20
3665.0624449378665
 10
1351.9633239101886
 20
3665.1525385976265
 10
1351.9334359468066
 20
3665.246011889536
 10
1351.9128538869063
 20
3665.3419646146976
 10
1351.901775946978
 20
3665.4394726959135
 10
1351.8984020174794
 20
3665.4920869869325
 10
822.3540419420833
 20
11027.611001923613
 10
823.9906277985147
 20
11002.089675665098
 10
823.9920949790867
 20
11001.991551284656
 10
823.9839372236156
 20
11001.893755591083
 10
823.9662330957444
 20
11001.79723041037
 10
823.9391530959083
 20
11001.70290533277
 10
823.9029580193028
 20
11001.611688760342
 10
823.8579964443061
 20
11001.524459158547
 10
823.8047013754613
 20
11001.442056596134
 10
823.7435860734149
 20
11001.365274654823
 10
823.675239111938
 20
11001.294852786683
 10
823.6003187096276
 20
11001.231469192799
 10
823.5195463909176
 20
11001.175734291832
 10
823.4337000373916
 20
11001.128184841346
 10
823.3436063963591
 20
11001.089278768539
 10
823.2501331188369
 20
11001.059390760163
 10
823.1541804035814
 20
11001.038808654077
 10
823.0566723276979
 20
11001.027730667214
 10
822.9585479472571
 20
11001.026263486641
 10
822.860752253685
 20
11001.034421242113
 10
822.7642270729702
 20
11001.052125369983
 10
822.6699019953703
 20
11001.07920536982
 10
822.5786854229436
 20
11001.115400446426
 10
822.4914558211485
 20
11001.160362021423
 10
822.4090532587352
 20
11001.21365709027
 10
822.332271317423
 20
11001.274772392313
 10
822.2618494492826
 20
11001.34311935379
 10
822.1984658553993
 20
11001.4180397561
 10
822.1427309544333
 20
11001.49881207481
 10
822.0951815039452
 20
11001.584658428337
 10
822.0562754311395
 20
11001.67475206937
 10
822.0263874227612
 20
11001.768225346892
 10
822.0058053166767
 20
11001.864178062147
 10
821.9947273298139
 20
11001.961686138031
 10
803.877866615263
 20
11284.480511080335
 10
803.8770028283325
 20
11284.492520087657
 10
803.8769514131236
 20
11284.494782969761
 10
803.876591691339
 20
11284.500392560589
 10
803.8761446640265
 20
11284.53028954737
 10
803.8747736589421
 20
11284.59063011497
 10
803.8751650315944
 20
11284.59580692632
 10
803.8751245107687
 20
11284.598516941029
 10
803.8777438210718
 20
11284.62991740023
 10
803.8821716879265
 20
11284.688486212497
 10
803.8830445158883
 20
11284.69346246821
 10
803.8832822662398
 20
11284.696312634602
 10
803.8892808201781
 20
11284.729017521695
 10
803.899125668223
 20
11284.785145972519
 10
803.9004416239795
 20
11284.789867658546
 10
803.9009863941073
 20
11284.792837815316
 10
803.9106738325181
 20
11284.826581108711
 10
803.9254723237309
 20
11284.87967850871
 10
803.9271867646639
 20
11284.884098967479
 10
803.9280663939462
 20
11284.887162892916
 10
803.9417349320947
 20
11284.921609489438
 10
803.9609579217595
 20
11284.971173421074
 10
803.9630213163082
 20
11284.975254106037
 10
803.9642614705517
 20
11284.978379465341
 10
803.982171210002
 20
11285.01312601149
 10
804.0052407165977
 20
11285.058749563585
 10
804.0076001579082
 20
11285.062460515453
 10
804.0092230455484
 20
11285.065609067136
 10
804.0315873559857
 20
11285.100187810094
 10
804.0578942407255
 20
11285.141563530116
 10
804.0604949933722
 20
11285.144883566114
 10
804.0625181143942
 20
11285.148011629553
 10
804.0894896917198
 20
11285.181897252265
 10
804.1184114119205
 20
11285.218817776899
 10
804.1211984369365
 20
11285.221734395058
 10
804.1236334164405
 20
11285.224793570862
 10
804.1236723845996
 20
11285.224833722035
 10
804.1236813514151
 20
11285.224844987446
 10
804.155415958604
 20
11285.25754298826
 10
804.1862094167445
 20
11285.289768303306
 10
804.1891172002579
 20
11285.292267326282
 10
804.1920283336958
 20
11285.295266835397
 10
804.2291260000866
 20
11285.326651904608
 10
804.2606353233459
 20
11285.353731816984
 10
804.2635610058096
 20
11285.355784331068
 10
804.2669487547291
 20
11285.358650407148
 10
804.309408487673
 20
11285.387948656264
 10
804.3409723695622
 20
11285.410092314329
 10
804.3438611031152
 20
11285.411721799426
 10
804.3477210899046
 20
11285.414385284254
 10
804.3954134392179
 20
11285.440801588833
 10
804.4264468657202
 20
11285.458307012941
 10
804.4292510828491
 20
11285.459543913617
 10
804.4335674574777
 20
11285.461934709381
 10
804.4862291745176
 20
11285.484676147187
 10
804.516235645694
 20
11285.497911578917
 10
804.5189159482115
 20
11285.498791604732
 10
804.5236611100026
 20
11285.500840755572
 10
804.5808943004249
 20
11285.51914100542
 10
804.6094739944547
 20
11285.528524598638
 10
804.6119996811476
 20
11285.52908691678
 10
804.617134396356
 20
11285.530728736336
 10
804.6784103048267
 20
11285.543872558566
 10
804.7052639757285
 20
11285.549851251983
 10
804.7076131978993
 20
11285.550136645787
 10
804.7130871176896
 20
11285.551310814077
 10
804.7777545098625
 20
11285.558657719734
 10
804.8026830796343
 20
11285.561686151628
 10
804.8048426283995
 20
11285.56173521899
 10
804.8105951968464
 20
11285.562388772136
 10
4048.587882676723
 20
11493.572561133253
 10
4048.6860070575954
 20
11493.574028284838
 10
4048.7838027487587
 20
11493.565870500475
 10
4048.880327924243
 20
11493.548166344091
 10
4048.974652993845
 20
11493.52108631639
 10
4049.0658695555785
 20
11493.484891212838
 10
4049.1530991440914
 20
11493.439929612072
 10
4049.2355016907613
 20
11493.386634518885
 10
4049.312283614019
 20
11493.325519194157
 10
4049.3827054619687
 20
11493.257172211877
 10
4049.4460890337195
 20
11493.182251790844
 10
4049.501823910826
 20
11493.101479455669
 10
4049.5493733359535
 20
11493.015633088095
 10
4049.5882793821447
 20
11492.92553943557
 10
4049.618167362908
 20
11492.832066149218
 10
4049.6387494406486
 20
11492.736113427884
 10
4049.6498273987077
 20
11492.638605348726
 10
4049.6498570890676
 20
11492.636619631445
 10
4145.148159448658
 20
10003.411357190724
 10
5609.003698921674
 20
10097.282657363376
 10
5609.006394673439
 20
10097.282963627566
 10
5609.1045190553705
 20
10097.284430708356
 10
5609.202314740647
 20
10097.27627285344
 10
5609.298839903359
 20
10097.258568627416
 10
5609.3931649534225
 20
10097.231488531661
 10
5609.484381489043
 20
10097.1952933623
 10
5609.571611045118
 20
10097.1503316986
 10
5609.654013553336
 20
10097.097036545962
 10
5609.730795432501
 20
10097.035921165838
 10
5609.801217231141
 20
10096.96757413275
 10
5609.864600748839
 20
10096.892653665987
 10
5609.92033556767
 20
10096.811881290603
 10
5609.967884930862
 20
10096.726034888723
 10
5610.006790912054
 20
10096.635941208127
 10
5610.036678825378
 20
10096.542467900214
 10
5610.057260833892
 20
10096.446515164029
 10
5610.068338721601
 20
10096.349007076878
 10
5622.648353640152
 20
9900.170006747318
 10
11992.113366815025
 20
10308.617416514162
 10
11904.156780225734
 20
11680.228183846932
 10
11904.156780224119
 20
11680.228183954987
 10
11904.156780211917
 20
11680.228184062376
 10
11904.156046625998
 20
11680.277245739038
 10
11904.155313017356
 20
11680.326308226955
 10
11904.155313026338
 20
11680.326308334663
 10
11904.155313024723
 20
11680.326308442718
 10
11904.15939185371
 20
11680.375205744933
 10
11904.163470745112
 20
11680.42410392284
 10
11904.16347076461
 20
11680.424104029134
 10
11904.163470773594
 20
11680.42410413684
 10
11904.172322956489
 20
11680.472367394135
 10
11904.181174845628
 20
11680.52062910857
 10
11904.181174875452
 20
11680.52062921245
 10
11904.181174894948
 20
11680.520629318751
 10
11904.19471454651
 20
11680.567790656145
 10
11904.208254818739
 20
11680.614954193847
 10
11904.2082548586
 20
11680.614954294306
 10
11904.208254888421
 20
11680.61495439818
 10
11904.22635202171
 20
11680.660561672677
 10
11904.244449869493
 20
11680.706170776528
 10
11904.24444991901
 20
11680.706170872592
 10
11904.244449958871
 20
11680.706170973048
 10
11904.26693098555
 20
11680.749786245211
 10
11904.289411419773
 20
11680.793400391065
 10
11904.289411478465
 20
11680.793400481813
 10
11904.289411527981
 20
11680.793400577877
 10
11904.31605846958
 20
11680.834600948583
 10
11904.342706465264
 20
11680.875802968581
 10
11904.342706532574
 20
11680.875803053144
 10
11904.342706591264
 20
11680.875803143888
 10
11904.373263086723
 20
11680.914192668075
 10
11904.403821745553
 20
11680.952584927212
 10
11904.403821820822
 20
11680.952585004768
 10
11904.403821888127
 20
11680.952585089326
 10
11904.437994779015
 20
11680.987795420395
 10
11904.472168687073
 20
11681.023006814721
 10
11904.472168769582
 20
11681.023006884523
 10
11904.472168844852
 20
11681.023006962077
 10
11904.50962909451
 20
11681.054698804393
 10
11904.54708907142
 20
11681.086390429835
 10
11904.547089160373
 20
11681.086390491213
 10
11904.547089242882
 20
11681.086390561017
 10
11904.587475463555
 20
11681.114258057834
 10
11904.627861374338
 20
11681.14212535369
 10
11904.627861468878
 20
11681.142125406055
 10
11904.627861557832
 20
11681.142125467435
 10
11904.670784360562
 20
11681.165899989293
 10
11904.713707714389
 20
11681.189674828505
 10
11904.713707813611
 20
11681.189674871352
 10
11904.71370790815
 20
11681.189674923717
 10
11904.7587548321
 20
11681.209128008395
 10
11904.803801344397
 20
11681.228580926841
 10
11904.803801447335
 20
11681.228580959756
 10
11904.803801546557
 20
11681.228581002604
 10
11904.850539152842
 20
11681.243525319635
 10
11904.89727461345
 20
11681.258468961707
 10
11904.897274719118
 20
11681.258468984372
 10
11904.897274822062
 20
11681.258469017288
 10
11904.945251851856
 20
11681.2687602179
 10
11904.993227322871
 20
11681.279051094984
 10
11904.993227430256
 20
11681.279051107183
 10
11904.993227535926
 20
11681.27905112985
 10
11905.041982725463
 20
11681.284590257448
 10
11905.090735395617
 20
11681.290129109479
 10
11905.090735503672
 20
11681.290129111094
 10
11905.090735611062
 20
11681.290129123294
 10
12750.68854322938
 20
11735.515166672245
 10
12750.786667609722
 20
11735.516633859439
 10
12750.884463303846
 20
11735.508476110566
 10
12750.980988485753
 20
11735.49077198921
 10
12751.075313565183
 20
11735.46369199574
 10
12751.166530140052
 20
11735.427496925291
 10
12751.25375974488
 20
11735.38253535618
 10
12751.336162310892
 20
11735.329240292898
 10
12751.412944256328
 20
11735.268124996033
 10
12751.48336612908
 20
11735.19977803931
 10
12751.546749728022
 20
11735.124857641278
 10
12751.602484634439
 20
11735.04408532633
 10
12751.650034090719
 20
11734.95823897601
 10
12751.688940169606
 20
11734.868145337605
 10
12751.71882818429
 20
11734.7746720621
 10
12751.739410296852
 20
11734.678719348234
 10
12751.750488290298
 20
11734.581211273096
 10
12751.750709927066
 20
11734.56638837199
 10
12961.64631922603
 20
8461.393587500494
  0
INSERT
  5
66
330
17
100
AcDbEntity
  8
0
100
AcDbBlockReference
  2
SCREEN_55_1
 10
2033.9917475112645
 20
3764.9296277665376
 30
0.0
  0
LWPOLYLINE
  5
68
330
17
100
AcDbEntity
  8
Fixtures
100
AcDbPolyline
 90
4
 70
1
 10
1418.9332605851032
 20
4358.483979284094
 10
1828.9722518692106
 20
4358.483979284094
 10
1828.9722518692106
 20
5206.418767166317
 10
1418.9332605851032
 20
5206.418767166317
  0
TEXT
  5
69
330
17
100
AcDbEntity
  8
FixtureLabels
100
AcDbText
 10
1623.952756227157
 20
4782.451373225205
 30
0.0
 40
82.0077982568215
  1
regular_clinic
 72
1
 11
1623.952756227157
 21
4782.451373225205
 31
0.0
100
AcDbText
 73
2
  0
INSERT
  5
96
330
17
100
AcDbEntity
  8
0
100
AcDbBlockReference
  2
VC_FIXTURE_LARGE_1
 10
1623.952756227157
 20
5630.38616110743
 30
0.0
  0
INSERT
  5
9D
330
17
100
AcDbEntity
  8
0
100
AcDbBlockReference
  2
VC_FIXTURE_LARGE_2
 10
1623.952756227157
 20
6393.52747020143
 30
0.0
  0
INSERT
  5
C4
330
17
100
AcDbEntity
  8
0
100
AcDbBlockReference
  2
VC_FIXTURE_MEDIUM_1
 10
1623.952756227157
 20
7071.8753005072085
 30
0.0
  0
INSERT
  5
DA
330
17
100
AcDbEntity
  8
0
100
AcDbBlockReference
  2
JJ_FIXTURE_LARGE_1
 10
1623.952756227157
 20
7665.429652024765
 30
0.0
  0
INSERT
  5
E1
330
17
100
AcDbEntity
  8
0
100
AcDbBlockReference
  2
JJ_FIXTURE_LARGE_2
 10
1623.952756227157
 20
8428.570961118767
 30
0.0
  0
INSERT
  5
E8
330
17
100
AcDbEntity
  8
0
100
AcDbBlockReference
  2
JJ_FIXTURE_LARGE_3
 10
1623.952756227157
 20
9191.712270212767
 30
0.0
  0
INSERT
  5
EF
330
17
100
AcDbEntity
  8
0
100
AcDbBlockReference
  2
VC_FIXTURE_MEDIUM_2
 10
1623.952756227157
 20
9870.060100518545
 30
0.0
  0
LWPOLYLINE
  5
F1
330
17
100
AcDbEntity
  8
Fixtures
100
AcDbPolyline
 90
4
 70
1
 10
1418.9332605851032
 20
10294.027494459659
 10
1828.9722518692106
 20
10294.027494459659
 10
1828.9722518692106
 20
10633.201409612548
 10
1418.9332605851032
 20
10633.201409612548
  0
TEXT
  5
F2
330
17
100
AcDbEntity
  8
FixtureLabels
100
AcDbText
 10
1623.952756227157
 20
10463.614452036103
 30
0.0
 40
67.83478303057788
  1
vc_fixture_small
 72
1
 11
1623.952756227157
 21
10463.614452036103
 31
0.0
100
AcDbText
 73
2
  0
LWPOLYLINE
  5
F3
330
17
100
AcDbEntity
  8
Fixtures
100
AcDbPolyline
 90
4
 70
1
 10
2717.3900663181103
 20
3934.5165853429826
 10
4084.186703931802
 20
3934.5165853429826
 10
4084.186703931802
 20
4443.277458072316
 10
2717.3900663181103
 20
4443.277458072316
  0
TEXT
  5
F4
330
17
100
AcDbEntity
  8
FixtureLabels
100
AcDbText
 10
3400.788385124956
 20
4188.897021707649
 30
0.0
 40
101.75217454586681
  1
regular_clinic
 72
1
 11
3400.788385124956
 21
4188.897021707649
 31
0.0
100
AcDbText
 73
2
  0
LWPOLYLINE
  5
F5
330
17
100
AcDbEntity
  8
Fixtures
100
AcDbPolyline
 90
4
 70
1
 10
4015.8468720511173
 20
4485.674197466427
 10
4425.885863335225
 20
4485.674197466427
 10
4425.885863335225
 20
4740.054633831094
 10
4015.8468720511173
 20
4740.054633831094
  0
TEXT
  5
F6
330
17
100
AcDbEntity
  8
FixtureLabels
100
AcDbText
 10
4220.866367693171
 20
4612.864415648761
 30
0.0
 40
50.876087272933404
  1
pos_ar
 72
1
 11
4220.866367693171
 21
4612.864415648761
 31
0.0
100
AcDbText
 73
2
  0
LWPOLYLINE
  5
F7
330
17
100
AcDbEntity
  8
Fixtures
100
AcDbPolyline
 90
4
 70
1
 10
4015.8468720511173
 20
4824.848112619316
 10
4425.885863335225
 20
4824.848112619316
 10
4425.885863335225
 20
5927.163336866208
 10
4015.8468720511173
 20
5927.163336866208
  0
TEXT
  5
F8
330
17
100
AcDbEntity
  8
FixtureLabels
100
AcDbText
 10
4220.866367693171
 20
5376.005724742762
 30
0.0
 40
82.0077982568215
  1
discussion_table
 72
1
 11
4220.866367693171
 21
5376.005724742762
 31
0.0
100
AcDbText
 73
2
  0
INSERT
  5
FF
330
17
100
AcDbEntity
  8
0
100
AcDbBlockReference
  2
STAFF_RACK_1
 10
4220.866367693171
 20
6478.320948989653
 30
0.0
  0
INSERT
  5
107
330
17
100
AcDbEntity
  8
0
100
AcDbBlockReference
  2
STAFF_RACK_2
 10
4220.866367693171
 20
7665.429652024765
 30
0.0
  0
INSERT
  5
10E
330
17
100
AcDbEntity
  8
0
100
AcDbBlockReference
  2
JJ_FIXTURE_LARGE_4
 10
4220.866367693171
 20
8513.364439906989
 30
0.0
  0
INSERT
  5
116
330
17
100
AcDbEntity
  8
0
100
AcDbBlockReference
  2
STAFF_RACK_3
 10
4220.866367693171
 20
9276.50574900099
 30
0.0
  0
INSERT
  5
11D
330
17
100
AcDbEntity
  8
0
100
AcDbBlockReference
  2
VC_FIXTURE_MEDIUM_3
 10
4220.866367693171
 20
10124.440536883214
 30
0.0
  0
INSERT
  5
124
330
17
100
AcDbEntity
  8
0
100
AcDbBlockReference
  2
VC_FIXTURE_MEDIUM_4
 10
2444.0307387953717
 20
10209.234015671434
 30
0.0
  0
INSERT
  5
139
330
17
100
AcDbEntity
  8
0
100
AcDbBlockReference
  2
MIRROR_1
 10
3264.108721363587
 20
11057.16880355366
 30
0.0
  0
INSERT
  5
140
330
17
100
AcDbEntity
  8
0
100
AcDbBlockReference
  2
VC_FIXTURE_LARGE_3
 10
5724.342669068232
 20
3680.1361489783153
 30
0.0
  0
LWPOLYLINE
  5
142
330
17
100
AcDbEntity
  8
Fixtures
100
AcDbPolyline
 90
4
 70
1
 10
6134.38166035234
 20
4358.483979284094
 10
6407.740987875078
 20
4358.483979284094
 10
6407.740987875078
 20
4697.657894436983
 10
6134.38166035234
 20
4697.657894436983
  0
TEXT
  5
143
330
17
100
AcDbEntity
  8
FixtureLabels
100
AcDbText
 10
6271.061324113709
 20
4528.0709368605385
 30
0.0
 40
54.67186550454767
  1
pos_ar
 72
1
 11
6271.061324113709
 21
4528.0709368605385
 31
0.0
100
AcDbText
 73
2
  0
INSERT
  5
344
330
17
100
AcDbEntity
  8
0
100
AcDbBlockReference
  2
ROC_CLINIC_1
 10
8321.256280534246
 20
4104.103542919427
 30
0.0
  0
INSERT
  5
360
330
17
100
AcDbEntity
  8
0
100
AcDbBlockReference
  2
SOFA_1
 10
8867.974935579721
 20
4867.244852013428
 30
0.0
  0
LWPOLYLINE
  5
362
330
17
100
AcDbEntity
  8
Fixtures
100
AcDbPolyline
 90
4
 70
1
 10
10576.470732596837
 20
4782.451373225205
 10
11259.869051403683
 20
4782.451373225205
 10
11259.869051403683
 20
4952.03833080165
 10
10576.470732596837
 20
4952.03833080165
  0
TEXT
  5
363
330
17
100
AcDbEntity
  8
FixtureLabels
100
AcDbText
 10
10918.16989200026
 20
4867.244852013428
 30
0.0
 40
33.91739151528894
  1
vc_fixture_small
 72
1
 11
10918.16989200026
 21
4867.244852013428
 31
0.0
100
AcDbText
 73
2
  0
INSERT
  5
36A
330
17
100
AcDbEntity
  8
0
100
AcDbBlockReference
  2
STAFF_RACK_4
 10
12284.96652961395
 20
4867.244852013428
 30
0.0
  0
INSERT
  5
371
330
17
100
AcDbEntity
  8
0
100
AcDbBlockReference
  2
VC_FIXTURE_MEDIUM_5
 10
11328.208883284366
 20
5121.625288378095
 30
0.0
  0
INSERT
  5
379
330
17
100
AcDbEntity
  8
0
100
AcDbBlockReference
  2
STAFF_RACK_5
 10
12421.64619337532
 20
5376.005724742762
 30
0.0
  0
LWPOLYLINE
  5
37B
330
17
100
AcDbEntity
  8
Fixtures
100
AcDbPolyline
 90
4
 70
1
 10
8116.236784892193
 20
5503.1959429250965
 10
8799.635103699038
 20
5503.1959429250965
 10
8799.635103699038
 20
5757.576379289763
 10
8116.236784892193
 20
5757.576379289763
  0
TEXT
  5
37C
330
17
100
AcDbEntity
  8
FixtureLabels
100
AcDbText
 10
8457.935944295616
 20
5630.38616110743
 30
0.0
 40
50.876087272933404
  1
vc_fixture_small
 72
1
 11
8457.935944295616
 21
5630.38616110743
 31
0.0
100
AcDbText
 73
2
  0
LWPOLYLINE
  5
37D
330
17
100
AcDbEntity
  8
Fixtures
100
AcDbPolyline
 90
4
 70
1
 10
9072.994431221778
 20
5503.1959429250965
 10
9756.392750028623
 20
5503.1959429250965
 10
9756.392750028623
 20
5757.576379289763
 10
9072.994431221778
 20
5757.576379289763
  0
TEXT
  5
37E
330
17
100
AcDbEntity
  8
FixtureLabels
100
AcDbText
 10
9414.6935906252
 20
5630.38616110743
 30
0.0
 40
50.876087272933404
  1
vc_fixture_small
 72
1
 11
9414.6935906252
 21
5630.38616110743
 31
0.0
100
AcDbText
 73
2
  0
INSERT
  5
384
330
17
100
AcDbEntity
  8
0
100
AcDbBlockReference
  2
VC_FIXTURE_MEDIUM_6
 10
8867.974935579721
 20
6054.353555048541
 30
0.0
  0
LWPOLYLINE
  5
386
330
17
100
AcDbEntity
  8
Fixtures
100
AcDbPolyline
 90
4
 70
1
 10
5997.701996590969
 20
6054.353555048541
 10
7364.498634204661
 20
6054.353555048541
 10
7364.498634204661
 20
6563.114427777875
 10
5997.701996590969
 20
6563.114427777875
  0
TEXT
  5
387
330
17
100
AcDbEntity
  8
FixtureLabels
100
AcDbText
 10
6681.100315397815
 20
6308.733991413208
 30
0.0
 40
101.75217454586681
  1
pos_ar
 72
1
 11
6681.100315397815
 21
6308.733991413208
 31
0.0
100
AcDbText
 73
2
  0
LWPOLYLINE
  5
388
330
17
100
AcDbEntity
  8
Fixtures
100
AcDbPolyline
 90
4
 70
1
 10
8457.935944295614
 20
6563.114427777875
 10
9551.373254386568
 20
6563.114427777875
 10
9551.373254386568
 20
6732.701385354319
 10
8457.935944295614
 20
6732.701385354319
  0
TEXT
  5
389
330
17
100
AcDbEntity
  8
FixtureLabels
100
AcDbText
 10
9004.654599341091
 20
6647.907906566097
 30
0.0
 40
33.91739151528894
  1
bench
 72
1
 11
9004.654599341091
 21
6647.907906566097
 31
0.0
100
AcDbText
 73
2
  0
INSERT
  5
38F
330
17
100
AcDbEntity
  8
0
100
AcDbBlockReference
  2
VC_FIXTURE_LARGE_4
 10
10644.81056447752
 20
6054.353555048541
 30
0.0
  0
INSERT
  5
396
330
17
100
AcDbEntity
  8
0
100
AcDbBlockReference
  2
VC_FIXTURE_MEDIUM_7
 10
5724.342669068232
 20
6987.081821718986
 30
0.0
  0
INSERT
  5
39D
330
17
100
AcDbEntity
  8
0
100
AcDbBlockReference
  2
VC_FIXTURE_MEDIUM_8
 10
5724.342669068232
 20
7411.0492156600985
 30
0.0
  0
INSERT
  5
3A4
330
17
100
AcDbEntity
  8
0
100
AcDbBlockReference
  2
VC_FIXTURE_MEDIUM_9
 10
5724.342669068232
 20
7835.016609601211
 30
0.0
  0
INSERT
  5
3AB
330
17
100
AcDbEntity
  8
0
100
AcDbBlockReference
  2
VC_FIXTURE_MEDIUM_10
 10
5724.342669068232
 20
8258.984003542322
 30
0.0
  0
LWPOLYLINE
  5
3AD
330
17
100
AcDbEntity
  8
Fixtures
100
AcDbPolyline
 90
4
 70
1
 10
5314.303677784124
 20
8555.7611793011
 10
6134.381660352339
 20
8555.7611793011
 10
6134.381660352339
 20
8810.141615665767
 10
5314.303677784124
 20
8810.141615665767
  0
TEXT
  5
3AE
330
17
100
AcDbEntity
  8
FixtureLabels
100
AcDbText
 10
5724.342669068232
 20
8682.951397483434
 30
0.0
 40
50.876087272933404
  1
vc_fixture_small
 72
1
 11
5724.342669068232
 21
8682.951397483434
 31
0.0
100
AcDbText
 73
2
  0
LWPOLYLINE
  5
3AF
330
17
100
AcDbEntity
  8
Fixtures
100
AcDbPolyline
 90
4
 70
1
 10
5314.303677784124
 20
8979.728573242211
 10
6134.381660352339
 20
8979.728573242211
 10
6134.381660352339
 20
9234.109009606878
 10
5314.303677784124
 20
9234.109009606878
  0
TEXT
  5
3B0
330
17
100
AcDbEntity
  8
FixtureLabels
100
AcDbText
 10
5724.342669068232
 20
9106.918791424545
 30
0.0
 40
50.876087272933404
  1
vc_fixture_small
 72
1
 11
5724.342669068232
 21
9106.918791424545
 31
0.0
100
AcDbText
 73
2
  0
INSERT
  5
499
330
17
100
AcDbEntity
  8
0
100
AcDbBlockReference
  2
EURO_CENTRE_1
 10
6817.779979159185
 20
7580.636173236543
 30
0.0
  0
INSERT
  5
4A0
330
17
100
AcDbEntity
  8
0
100
AcDbBlockReference
  2
VC_FIXTURE_MEDIUM_11
 10
8047.896953011507
 20
6987.081821718986
 30
0.0
  0
INSERT
  5
4A7
330
17
100
AcDbEntity
  8
0
100
AcDbBlockReference
  2
VC_FIXTURE_MEDIUM_12
 10
8047.896953011507
 20
7411.0492156600985
 30
0.0
  0
INSERT
  5
4AE
330
17
100
AcDbEntity
  8
0
100
AcDbBlockReference
  2
VC_FIXTURE_MEDIUM_13
 10
8047.896953011507
 20
7835.016609601211
 30
0.0
  0
INSERT
  5
4B5
330
17
100
AcDbEntity
  8
0
100
AcDbBlockReference
  2
VC_FIXTURE_MEDIUM_14
 10
8047.896953011507
 20
8258.984003542322
 30
0.0
  0
INSERT
  5
4BC
330
17
100
AcDbEntity
  8
0
100
AcDbBlockReference
  2
VC_FIXTURE_MEDIUM_15
 10
8047.896953011507
 20
8682.951397483434
 30
0.0
  0
INSERT
  5
4C3
330
17
100
AcDbEntity
  8
0
100
AcDbBlockReference
  2
JJ_FIXTURE_LARGE_5
 10
11464.888547045735
 20
6817.494864142542
 30
0.0
  0
INSERT
  5
4CA
330
17
100
AcDbEntity
  8
0
100
AcDbBlockReference
  2
VC_FIXTURE_MEDIUM_16
 10
11464.888547045735
 20
7411.0492156600985
 30
0.0
  0
INSERT
  5
4D1
330
17
100
AcDbEntity
  8
0
100
AcDbBlockReference
  2
VC_FIXTURE_LARGE_5
 10
11464.888547045735
 20
8089.397045965877
 30
0.0
  0
INSERT
  5
4E9
330
17
100
AcDbEntity
  8
0
100
AcDbBlockReference
  2
JJ_FIXTURE_MEDIUM_1
 10
11464.888547045735
 20
8682.951397483434
 30
0.0
  0
LWPOLYLINE
  5
4EB
330
17
100
AcDbEntity
  8
Fixtures
100
AcDbPolyline
 90
4
 70
1
 10
11328.208883284366
 20
8894.93509445399
 10
11601.568210807105
 20
8894.93509445399
 10
11601.568210807105
 20
9149.315530818656
 10
11328.208883284366
 20
9149.315530818656
  0
TEXT
  5
4EC
330
17
100
AcDbEntity
  8
FixtureLabels
100
AcDbText
 10
11464.888547045735
 20
9022.125312636323
 30
0.0
 40
50.876087272933404
  1
vc_fixture_small
 72
1
 11
11464.888547045735
 21
9022.125312636323
 31
0.0
100
AcDbText
 73
2
  0
INSERT
  5
4F2
330
17
100
AcDbEntity
  8
0
100
AcDbBlockReference
  2
EURO_CENTRE_2
 10
6817.779979159185
 20
9361.299227789212
 30
0.0
  0
LWPOLYLINE
  5
4F4
330
17
100
AcDbEntity
  8
Fixtures
100
AcDbPolyline
 90
4
 70
1
 10
6954.459642920554
 20
9318.9024883951
 10
7774.537625488769
 20
9318.9024883951
 10
7774.537625488769
 20
9742.869882336212
 10
6954.459642920554
 20
9742.869882336212
  0
TEXT
  5
4F5
330
17
100
AcDbEntity
  8
FixtureLabels
100
AcDbText
 10
7364.498634204661
 20
9530.886185365656
 30
0.0
 40
84.79347878822236
  1
discussion_table
 72
1
 11
7364.498634204661
 21
9530.886185365656
 31
0.0
100
AcDbText
 73
2
  0
LWPOLYLINE
  5
4F6
330
17
100
AcDbEntity
  8
Fixtures
100
AcDbPolyline
 90
4
 70
1
 10
6954.459642920554
 20
9954.85357930677
 10
7774.537625488769
 20
9954.85357930677
 10
7774.537625488769
 20
10294.027494459659
 10
6954.459642920554
 20
10294.027494459659
  0
TEXT
  5
4F7
330
17
100
AcDbEntity
  8
FixtureLabels
100
AcDbText
 10
7364.498634204661
 20
10124.440536883214
 30
0.0
 40
67.83478303057788
  1
discussion_table
 72
1
 11
7364.498634204661
 21
10124.440536883214
 31
0.0
100
AcDbText
 73
2
  0
LWPOLYLINE
  5
4F8
330
17
100
AcDbEntity
  8
Fixtures
100
AcDbPolyline
 90
4
 70
1
 10
6749.4401472785
 20
10675.598149006659
 10
7979.557121130822
 20
10675.598149006659
 10
7979.557121130822
 20
10929.978585371326
 10
6749.4401472785
 20
10929.978585371326
  0
TEXT
  5
4F9
330
17
100
AcDbEntity
  8
FixtureLabels
100
AcDbText
 10
7364.498634204661
 20
10802.788367188992
 30
0.0
 40
50.876087272933404
  1
discussion_table
 72
1
 11
7364.498634204661
 21
10802.788367188992
 31
0.0
100
AcDbText
 73
2
  0
LWPOLYLINE
  5
4FA
330
17
100
AcDbEntity
  8
Fixtures
100
AcDbPolyline
 90
4
 70
1
 10
9004.654599341093
 20
8937.3318338481
 10
9824.732581909308
 20
8937.3318338481
 10
9824.732581909308
 20
9276.50574900099
 10
9004.654599341093
 20
9276.50574900099
  0
TEXT
  5
4FB
330
17
100
AcDbEntity
  8
FixtureLabels
100
AcDbText
 10
9414.6935906252
 20
9106.918791424545
 30
0.0
 40
67.83478303057788
  1
discussion_table
 72
1
 11
9414.6935906252
 21
9106.918791424545
 31
0.0
100
AcDbText
 73
2
  0
LWPOLYLINE
  5
4FC
330
17
100
AcDbEntity
  8
Fixtures
100
AcDbPolyline
 90
4
 70
1
 10
9004.654599341093
 20
9573.282924759767
 10
9824.732581909308
 20
9573.282924759767
 10
9824.732581909308
 20
9997.250318700879
 10
9004.654599341093
 20
9997.250318700879
  0
TEXT
  5
4FD
330
17
100
AcDbEntity
  8
FixtureLabels
100
AcDbText
 10
9414.6935906252
 20
9785.266621730323
 30
0.0
 40
84.79347878822236
  1
discussion_table
 72
1
 11
9414.6935906252
 21
9785.266621730323
 31
0.0
100
AcDbText
 73
2
  0
LWPOLYLINE
  5
4FE
330
17
100
AcDbEntity
  8
Fixtures
100
AcDbPolyline
 90
4
 70
1
 10
9004.654599341093
 20
9954.85357930677
 10
9824.732581909308
 20
9954.85357930677
 10
9824.732581909308
 20
10294.027494459659
 10
9004.654599341093
 20
10294.027494459659
  0
TEXT
  5
4FF
330
17
100
AcDbEntity
  8
FixtureLabels
100
AcDbText
 10
9414.6935906252
 20
10124.440536883214
 30
0.0
 40
67.83478303057788
  1
discussion_table
 72
1
 11
9414.6935906252
 21
10124.440536883214
 31
0.0
100
AcDbText
 73
2
  0
LWPOLYLINE
  5
500
330
17
100
AcDbEntity
  8
Fixtures
100
AcDbPolyline
 90
4
 70
1
 10
9209.674094983146
 20
10251.630755065547
 10
9619.713086267255
 20
10251.630755065547
 10
9619.713086267255
 20
11014.772064159548
 10
9209.674094983146
 20
11014.772064159548
  0
TEXT
  5
501
330
17
100
AcDbEntity
  8
FixtureLabels
100
AcDbText
 10
9414.6935906252
 20
10633.201409612548
 30
0.0
 40
82.0077982568215
  1
discussion_table
 72
1
 11
9414.6935906252
 21
10633.201409612548
 31
0.0
100
AcDbText
 73
2
  0
LWPOLYLINE
  5
502
330
17
100
AcDbEntity
  8
Fixtures
100
AcDbPolyline
 90
4
 70
1
 10
9414.693590625198
 20
10802.788367188994
 10
10234.771573193413
 20
10802.788367188994
 10
10234.771573193413
 20
11141.962282341883
 10
9414.693590625198
 20
11141.962282341883
  0
TEXT
  5
503
330
17
100
AcDbEntity
  8
FixtureLabels
100
AcDbText
 10
9824.732581909306
 20
10972.375324765439
 30
0.0
 40
67.83478303057788
  1
discussion_table
 72
1
 11
9824.732581909306
 21
10972.375324765439
 31
0.0
100
AcDbText
 73
2
  0
LWPOLYLINE
  5
504
330
17
100
AcDbEntity
  8
Fixtures
100
AcDbPolyline
 90
4
 70
1
 10
12558.325857136691
 20
9742.869882336212
 10
13378.403839704906
 20
9742.869882336212
 10
13378.403839704906
 20
9997.250318700879
 10
12558.325857136691
 20
9997.250318700879
  0
TEXT
  5
505
330
17
100
AcDbEntity
  8
FixtureLabels
100
AcDbText
 10
12968.364848420799
 20
9870.060100518545
 30
0.0
 40
50.876087272933404
  1
bench
 72
1
 11
12968.364848420799
 21
9870.060100518545
 31
0.0
100
AcDbText
 73
2
  0
INSERT
  5
50B
330
17
100
AcDbEntity
  8
0
100
AcDbBlockReference
  2
VC_FIXTURE_MEDIUM_17
 10
13105.044512182165
 20
10463.614452036103
 30
0.0
  0
LWPOLYLINE
  5
50D
330
17
100
AcDbEntity
  8
Fixtures
100
AcDbPolyline
 90
4
 70
1
 10
12763.345352778742
 20
11141.962282341881
 10
13446.743671585587
 20
11141.962282341881
 10
13446.743671585587
 20
11311.549239918326
 10
12763.345352778742
 20
11311.549239918326
  0
TEXT
  5
50E
330
17
100
AcDbEntity
  8
FixtureLabels
100
AcDbText
 10
13105.044512182165
 20
11226.755761130104
 30
0.0
 40
33.91739151528894
  1
vc_fixture_small
 72
1
 11
13105.044512182165
 21
11226.755761130104
 31
0.0
100
AcDbText
 73
2
  0
ENDSEC
  0
SECTION
  2
OBJECTS
  0
DICTIONARY
  5
A
330
0
100
AcDbDictionary
281
1
  3
ACAD_COLOR
350
B
  3
ACAD_GROUP
350
C
  3
ACAD_LAYOUT
350
D
  3
ACAD_MATERIAL
350
E
  3
ACAD_MLEADERSTYLE
350
F
  3
ACAD_MLINESTYLE
350
10
  3
ACAD_PLOTSETTINGS
350
11
  3
ACAD_PLOTSTYLENAME
350
12
  3
ACAD_SCALELIST
350
14
  3
ACAD_TABLESTYLE
350
15
  3
ACAD_VISUALSTYLE
350
16
  3
EZDXF_META
350
2D
  0
DICTIONARY
  5
B
330
A
100
AcDbDictionary
281
1
  0
DICTIONARY
  5
C
330
A
100
AcDbDictionary
281
1
  0
DICTIONARY
  5
D
330
A
100
AcDbDictionary
281
1
  3
Model
350
1A
  3
Layout1
350
1E
  0
DICTIONARY
  5
E
330
A
100
AcDbDictionary
281
1
  3
ByBlock
350
1F
  3
ByLayer
350
20
  3
Global
350
21
  0
DICTIONARY
  5
F
330
A
100
AcDbDictionary
281
1
  3
Standard
350
2C
  0
DICTIONARY
  5
10
330
A
100
AcDbDictionary
281
1
  3
Standard
350
22
  0
DICTIONARY
  5
11
330
A
100
AcDbDictionary
281
1
  0
ACDBDICTIONARYWDFLT
  5
12
330
A
100
AcDbDictionary
281
1
  3
Normal
350
13
100
AcDbDictionaryWithDefault
340
13
  0
ACDBPLACEHOLDER
  5
13
330
12
  0
DICTIONARY
  5
14
330
A
100
AcDbDictionary
281
1
  0
DICTIONARY
  5
15
330
A
100
AcDbDictionary
281
1
  0
DICTIONARY
  5
16
330
A
100
AcDbDictionary
281
1
  0
LAYOUT
  5
1A
330
D
100
AcDbPlotSettings
  1

  4
A3
  6

 40
7.5
 41
20.0
 42
7.5
 43
20.0
 44
420.0
 45
297.0
 46
0.0
 47
0.0
 48
0.0
 49
0.0
140
0.0
141
0.0
142
1.0
143
1.0
 70
1024
 72
1
 73
0
 74
5
  7

 75
16
 76
0
 77
2
 78
300
147
1.0
148
0.0
149
0.0
100
AcDbLayout
  1
Model
 70
1
 71
0
 10
0.0
 20
0.0
 11
420.0
 21
297.0
 12
0.0
 22
0.0
 32
0.0
 14
1e+20
 24
1e+20
 34
1e+20
 15
-1e+20
 25
-1e+20
 35
-1e+20
146
0.0
 13
0.0
 23
0.0
 33
0.0
 16
1.0
 26
0.0
 36
0.0
 17
0.0
 27
1.0
 37
0.0
 76
1
330
17
  0
LAYOUT
  5
1E
330
D
100
AcDbPlotSettings
  1

  4
A3
  6

 40
7.5
 41
20.0
 42
7.5
 43
20.0
 44
420.0
 45
297.0
 46
0.0
 47
0.0
 48
0.0
 49
0.0
140
0.0
141
0.0
142
1.0
143
1.0
 70
0
 72
1
 73
0
 74
5
  7

 75
16
 76
0
 77
2
 78
300
147
1.0
148
0.0
149
0.0
100
AcDbLayout
  1
Layout1
 70
1
 71
1
 10
0.0
 20
0.0
 11
420.0
 21
297.0
 12
0.0
 22
0.0
 32
0.0
 14
1e+20
 24
1e+20
 34
1e+20
 15
-1e+20
 25
-1e+20
 35
-1e+20
146
0.0
 13
0.0
 23
0.0
 33
0.0
 16
1.0
 26
0.0
 36
0.0
 17
0.0
 27
1.0
 37
0.0
 76
1
330
1B
  0
MATERIAL
  5
1F
102
{ACAD_REACTORS
330
E
102
}
330
E
100
AcDbMaterial
  1
ByBlock
  2

 70
0
 40
1.0
 71
1
 41
1.0
 91
-1023410177
 42
1.0
 72
1
  3

 73
1
 74
1
 75
1
 44
0.5
 73
0
 45
1.0
 46
1.0
 77
1
  4

 78
1
 79
1
170
1
 48
1.0
171
1
  6

172
1
173
1
174
1
140
1.0
141
1.0
175
1
  7

176
1
177
1
178
1
143
1.0
179
1
  8

270
1
271
1
272
1
145
1.0
146
1.0
273
1
  9

274
1
275
1
276
1
 42
1.0
 72
1
  3

 73
1
 74
1
 75
1
 94
63
  0
MATERIAL
  5
20
102
{ACAD_REACTORS
330
E
102
}
330
E
100
AcDbMaterial
  1
ByLayer
  2

 70
0
 40
1.0
 71
1
 41
1.0
 91
-1023410177
 42
1.0
 72
1
  3

 73
1
 74
1
 75
1
 44
0.5
 73
0
 45
1.0
 46
1.0
 77
1
  4

 78
1
 79
1
170
1
 48
1.0
171
1
  6

172
1
173
1
174
1
140
1.0
141
1.0
175
1
  7

176
1
177
1
178
1
143
1.0
179
1
  8

270
1
271
1
272
1
145
1.0
146
1.0
273
1
  9

274
1
275
1
276
1
 42
1.0
 72
1
  3

 73
1
 74
1
 75
1
 94
63
  0
MATERIAL
  5
21
102
{ACAD_REACTORS
330
E
102
}
330
E
100
AcDbMaterial
  1
Global
  2

 70
0
 40
1.0
 71
1
 41
1.0
 91
-1023410177
 42
1.0
 72
1
  3

 73
1
 74
1
 75
1
 44
0.5
 73
0
 45
1.0
 46
1.0
 77
1
  4

 78
1
 79
1
170
1
 48
1.0
171
1
  6

172
1
173
1
174
1
140
1.0
141
1.0
175
1
  7

176
1
177
1
178
1
143
1.0
179
1
  8

270
1
271
1
272
1
145
1.0
146
1.0
273
1
  9

274
1
275
1
276
1
 42
1.0
 72
1
  3

 73
1
 74
1
 75
1
 94
63
  0
MLINESTYLE
  5
22
102
{ACAD_REACTORS
330
10
102
}
330
10
100
AcDbMlineStyle
  2
Standard
 70
0
  3

 62
256
 51
90.0
 52
90.0
 71
2
 49
0.5
 62
256
  6
BYLAYER
 49
-0.5
 62
256
  6
BYLAYER
  0
MLEADERSTYLE
  5
2C
102
{ACAD_REACTORS
330
F
102
}
330
F
100
AcDbMLeaderStyle
179
2
170
2
171
1
172
0
 90
2
 40
0.0
 41
0.0
173
1
 91
-1056964608
 92
-2
290
1
 42
2.0
291
1
 43
8.0
  3
Standard
 44
4.0
300

342
29
174
1
175
1
176
0
178
1
 93
-1056964608
 45
4.0
292
0
297
0
 46
4.0
 94
-1056964608
 47
1.0
 49
1.0
140
1.0
294
1
141
0.0
177
0
142
1.0
295
0
296
0
143
3.75
271
0
272
9
273
9
  0
DICTIONARY
  5
2D
330
A
100
AcDbDictionary
280
1
281
1
  3
CREATED_BY_EZDXF
350
2E
  3
WRITTEN_BY_EZDXF
350
511
  0
DICTIONARYVAR
  5
2E
330
2D
100
DictionaryVariables
280
0
  1
1.4.2 @ 2025-09-29T10:01:27.182959+00:00
  0
DICTIONARY
  5
38
330
37
100
AcDbDictionary
280
1
281
1
  0
DICTIONARY
  5
43
330
42
100
AcDbDictionary
280
1
281
1
  0
DICTIONARY
  5
FE
330
FD
100
AcDbDictionary
280
1
281
1
  0
DICTIONARY
  5
106
330
105
100
AcDbDictionary
280
1
281
1
  0
DICTIONARY
  5
115
330
114
100
AcDbDictionary
280
1
281
1
  0
DICTIONARY
  5
369
330
368
100
AcDbDictionary
280
1
281
1
  0
DICTIONARY
  5
378
330
377
100
AcDbDictionary
280
1
281
1
  0
DICTIONARYVAR
  5
511
330
2D
100
DictionaryVariables
280
0
  1
1.4.2 @ 2025-09-29T10:01:28.086294+00:00
  0
ENDSEC
  0
EOF
